[0.006s][info][gc,init] CardTable entry size: 512
[0.007s][info][gc     ] Using G1
[0.013s][info][gc,init] Version: 25.0.4.1+1-LTS (release)
[0.013s][info][gc,init] CPUs: 12 total, 4 available
[0.013s][info][gc,init] Memory: 4096M
[0.013s][info][gc,init] Large Page Support: Disabled
[0.013s][info][gc,init] NUMA Support: Disabled
[0.013s][info][gc,init] Compressed Oops: Enabled (Zero based)
[0.013s][info][gc,init] Heap Region Size: 2M
[0.013s][info][gc,init] Heap Min Capacity: 8M
[0.013s][info][gc,init] Heap Initial Capacity: 2868M
[0.013s][info][gc,init] Heap Max Capacity: 2868M
[0.013s][info][gc,init] Pre-touch: Disabled
[0.013s][info][gc,init] Parallel Workers: 4
[0.013s][info][gc,init] Concurrent Workers: 1
[0.013s][info][gc,init] Concurrent Refinement Workers: 4
[0.013s][info][gc,init] Periodic GC: Disabled
[0.016s][info][gc,metaspace] CDS archive(s) mapped at: [0x0000070000000000-0x0000070000e70000-0x0000070000e70000), size 15138816, SharedBaseAddress: 0x0000070000000000, ArchiveRelocationMode: 1.
[0.016s][info][gc,metaspace] Compressed class space mapped at: 0x0000070001000000-0x0000070041000000, reserved size: 1073741824
[0.016s][info][gc,metaspace] UseCompressedClassPointers 1, UseCompactObjectHeaders 1
[0.016s][info][gc,metaspace] Narrow klass pointer bits 22, Max shift 10
[0.016s][info][gc,metaspace] Narrow klass base: 0x0000070000000000, Narrow klass shift: 10
[0.016s][info][gc,metaspace] Encoding Range: [0x0000070000000000 - 0x0000070100000000), (4294967296 bytes)
[0.016s][info][gc,metaspace] Klass Range:    [0x0000070000010000 - 0x0000070041000000), (1090453504 bytes)
[0.016s][info][gc,metaspace] Klass ID Range:  [64 - 1064960) (1064896)
[0.016s][info][gc,metaspace] Protection zone: [0x0000070000000000 - 0x0000070000010000), (65536 bytes)
[1.093s][info][gc,start    ] GC(0) Pause Young (Normal) (G1 Evacuation Pause)
[1.093s][info][gc,task     ] GC(0) Using 4 workers of 4 for evacuation
[1.099s][info][gc,phases   ] GC(0)   Pre Evacuate Collection Set: 0.22ms
[1.099s][info][gc,phases   ] GC(0)   Merge Heap Roots: 0.04ms
[1.099s][info][gc,phases   ] GC(0)   Evacuate Collection Set: 4.69ms
[1.099s][info][gc,phases   ] GC(0)   Post Evacuate Collection Set: 0.90ms
[1.099s][info][gc,phases   ] GC(0)   Other: 0.35ms
[1.099s][info][gc,heap     ] GC(0) Eden regions: 71->0(183)
[1.099s][info][gc,heap     ] GC(0) Survivor regions: 0->5(9)
[1.099s][info][gc,heap     ] GC(0) Old regions: 1->1
[1.099s][info][gc,heap     ] GC(0) Humongous regions: 2->2
[1.099s][info][gc,metaspace] GC(0) Metaspace: 17119K(17344K)->17119K(17344K) NonClass: 13522K(13632K)->13522K(13632K) Class: 3597K(3712K)->3597K(3712K)
[1.099s][info][gc          ] GC(0) Pause Young (Normal) (G1 Evacuation Pause) 147M->13M(2868M) 6.329ms
[1.099s][info][gc,cpu      ] GC(0) User=0.03s Sys=0.01s Real=0.01s
[1.683s][info][gc,start    ] GC(1) Pause Young (Concurrent Start) (Metadata GC Threshold)
[1.683s][info][gc,task     ] GC(1) Using 4 workers of 4 for evacuation
[1.693s][info][gc,phases   ] GC(1)   Pre Evacuate Collection Set: 0.32ms
[1.693s][info][gc,phases   ] GC(1)   Merge Heap Roots: 0.07ms
[1.693s][info][gc,phases   ] GC(1)   Evacuate Collection Set: 6.12ms
[1.693s][info][gc,phases   ] GC(1)   Post Evacuate Collection Set: 2.61ms
[1.693s][info][gc,phases   ] GC(1)   Other: 0.14ms
[1.693s][info][gc,heap     ] GC(1) Eden regions: 128->0(466)
[1.693s][info][gc,heap     ] GC(1) Survivor regions: 5->6(24)
[1.693s][info][gc,heap     ] GC(1) Old regions: 1->1
[1.693s][info][gc,heap     ] GC(1) Humongous regions: 2->2
[1.693s][info][gc,metaspace] GC(1) Metaspace: 21219K(21504K)->21219K(21504K) NonClass: 16581K(16704K)->16581K(16704K) Class: 4637K(4800K)->4637K(4800K)
[1.693s][info][gc          ] GC(1) Pause Young (Concurrent Start) (Metadata GC Threshold) 269M->16M(2868M) 9.513ms
[1.693s][info][gc,cpu      ] GC(1) User=0.03s Sys=0.00s Real=0.01s
[1.693s][info][gc          ] GC(2) Concurrent Mark Cycle
[1.693s][info][gc,marking  ] GC(2) Concurrent Scan Root Regions
[1.697s][info][gc,marking  ] GC(2) Concurrent Scan Root Regions 4.057ms
[1.697s][info][gc,marking  ] GC(2) Concurrent Mark
[1.697s][info][gc,marking  ] GC(2) Concurrent Mark From Roots
[1.697s][info][gc,task     ] GC(2) Using 1 workers of 1 for marking
[1.699s][info][gc,marking  ] GC(2) Concurrent Mark From Roots 2.470ms
[1.699s][info][gc,marking  ] GC(2) Concurrent Preclean
[1.699s][info][gc,marking  ] GC(2) Concurrent Preclean 0.007ms
[1.700s][info][gc,start    ] GC(2) Pause Remark
[1.706s][info][gc          ] GC(2) Pause Remark 19M->19M(60M) 5.999ms
[1.706s][info][gc,cpu      ] GC(2) User=0.01s Sys=0.00s Real=0.00s
[1.707s][info][gc,marking  ] GC(2) Concurrent Mark 10.251ms
[1.707s][info][gc,marking  ] GC(2) Concurrent Rebuild Remembered Sets and Scrub Regions
[1.709s][info][gc,marking  ] GC(2) Concurrent Rebuild Remembered Sets and Scrub Regions 1.979ms
[1.710s][info][gc,start    ] GC(2) Pause Cleanup
[1.710s][info][gc          ] GC(2) Pause Cleanup 19M->19M(60M) 0.041ms
[1.710s][info][gc,cpu      ] GC(2) User=0.00s Sys=0.00s Real=0.00s
[1.710s][info][gc,marking  ] GC(2) Concurrent Clear Claimed Marks
[1.710s][info][gc,marking  ] GC(2) Concurrent Clear Claimed Marks 0.034ms
[1.710s][info][gc,marking  ] GC(2) Concurrent Cleanup for Next Mark
[1.712s][info][gc,marking  ] GC(2) Concurrent Cleanup for Next Mark 1.951ms
[1.712s][info][gc          ] GC(2) Concurrent Mark Cycle 19.290ms
[1.850s][info][gc,start    ] GC(3) Pause Young (Prepare Mixed) (G1 Evacuation Pause)
[1.850s][info][gc,task     ] GC(3) Using 3 workers of 4 for evacuation
[1.859s][info][gc,phases   ] GC(3)   Pre Evacuate Collection Set: 0.10ms
[1.859s][info][gc,phases   ] GC(3)   Merge Heap Roots: 0.04ms
[1.859s][info][gc,phases   ] GC(3)   Evacuate Collection Set: 7.17ms
[1.859s][info][gc,phases   ] GC(3)   Post Evacuate Collection Set: 0.97ms
[1.859s][info][gc,phases   ] GC(3)   Other: 0.03ms
[1.859s][info][gc,heap     ] GC(3) Eden regions: 21->0(14)
[1.859s][info][gc,heap     ] GC(3) Survivor regions: 6->8(59)
[1.859s][info][gc,heap     ] GC(3) Old regions: 1->1
[1.859s][info][gc,heap     ] GC(3) Humongous regions: 2->2
[1.859s][info][gc,metaspace] GC(3) Metaspace: 22317K(22656K)->22317K(22656K) NonClass: 17519K(17728K)->17519K(17728K) Class: 4798K(4928K)->4798K(4928K)
[1.859s][info][gc          ] GC(3) Pause Young (Prepare Mixed) (G1 Evacuation Pause) 58M->19M(76M) 8.406ms
[1.859s][info][gc,cpu      ] GC(3) User=0.02s Sys=0.01s Real=0.01s
[1.895s][info][gc,start    ] GC(4) Pause Young (Mixed) (G1 Evacuation Pause)
[1.895s][info][gc,task     ] GC(4) Using 2 workers of 4 for evacuation
[1.904s][info][gc,phases   ] GC(4)   Pre Evacuate Collection Set: 0.11ms
[1.904s][info][gc,phases   ] GC(4)   Merge Heap Roots: 0.04ms
[1.904s][info][gc,phases   ] GC(4)   Evacuate Collection Set: 7.89ms
[1.904s][info][gc,phases   ] GC(4)   Post Evacuate Collection Set: 0.56ms
[1.904s][info][gc,phases   ] GC(4)   Other: 0.03ms
[1.904s][info][gc,heap     ] GC(4) Eden regions: 14->0(18)
[1.904s][info][gc,heap     ] GC(4) Survivor regions: 8->2(3)
[1.904s][info][gc,heap     ] GC(4) Old regions: 1->6
[1.904s][info][gc,heap     ] GC(4) Humongous regions: 2->2
[1.904s][info][gc,metaspace] GC(4) Metaspace: 22407K(22784K)->22407K(22784K) NonClass: 17578K(17792K)->17578K(17792K) Class: 4829K(4992K)->4829K(4992K)
[1.904s][info][gc          ] GC(4) Pause Young (Mixed) (G1 Evacuation Pause) 47M->20M(76M) 8.731ms
[1.904s][info][gc,cpu      ] GC(4) User=0.02s Sys=0.00s Real=0.01s
[2.034s][info][gc,start    ] GC(5) Pause Young (Normal) (G1 Evacuation Pause)
[2.034s][info][gc,task     ] GC(5) Using 2 workers of 4 for evacuation
[2.037s][info][gc,phases   ] GC(5)   Pre Evacuate Collection Set: 0.12ms
[2.037s][info][gc,phases   ] GC(5)   Merge Heap Roots: 0.09ms
[2.037s][info][gc,phases   ] GC(5)   Evacuate Collection Set: 1.92ms
[2.037s][info][gc,phases   ] GC(5)   Post Evacuate Collection Set: 0.32ms
[2.037s][info][gc,phases   ] GC(5)   Other: 0.04ms
[2.037s][info][gc,heap     ] GC(5) Eden regions: 18->0(19)
[2.037s][info][gc,heap     ] GC(5) Survivor regions: 2->1(3)
[2.037s][info][gc,heap     ] GC(5) Old regions: 6->8
[2.037s][info][gc,heap     ] GC(5) Humongous regions: 2->2
[2.037s][info][gc,metaspace] GC(5) Metaspace: 24285K(24704K)->24285K(24704K) NonClass: 19032K(19264K)->19032K(19264K) Class: 5252K(5440K)->5252K(5440K)
[2.037s][info][gc          ] GC(5) Pause Young (Normal) (G1 Evacuation Pause) 56M->20M(76M) 2.635ms
[2.037s][info][gc,cpu      ] GC(5) User=0.01s Sys=0.00s Real=0.00s
[2.125s][info][gc,start    ] GC(6) Pause Young (Normal) (G1 Evacuation Pause)
[2.125s][info][gc,task     ] GC(6) Using 2 workers of 4 for evacuation
[2.127s][info][gc,phases   ] GC(6)   Pre Evacuate Collection Set: 0.11ms
[2.127s][info][gc,phases   ] GC(6)   Merge Heap Roots: 0.04ms
[2.127s][info][gc,phases   ] GC(6)   Evacuate Collection Set: 1.21ms
[2.127s][info][gc,phases   ] GC(6)   Post Evacuate Collection Set: 0.37ms
[2.127s][info][gc,phases   ] GC(6)   Other: 0.04ms
[2.127s][info][gc,heap     ] GC(6) Eden regions: 19->0(19)
[2.127s][info][gc,heap     ] GC(6) Survivor regions: 1->2(3)
[2.127s][info][gc,heap     ] GC(6) Old regions: 8->8
[2.127s][info][gc,heap     ] GC(6) Humongous regions: 2->2
[2.127s][info][gc,metaspace] GC(6) Metaspace: 25985K(26368K)->25985K(26368K) NonClass: 20361K(20544K)->20361K(20544K) Class: 5624K(5824K)->5624K(5824K)
[2.127s][info][gc          ] GC(6) Pause Young (Normal) (G1 Evacuation Pause) 58M->21M(76M) 1.873ms
[2.127s][info][gc,cpu      ] GC(6) User=0.00s Sys=0.00s Real=0.00s
[2.298s][info][gc,start    ] GC(7) Pause Young (Normal) (G1 Evacuation Pause)
[2.298s][info][gc,task     ] GC(7) Using 2 workers of 4 for evacuation
[2.303s][info][gc,phases   ] GC(7)   Pre Evacuate Collection Set: 0.13ms
[2.303s][info][gc,phases   ] GC(7)   Merge Heap Roots: 0.05ms
[2.303s][info][gc,phases   ] GC(7)   Evacuate Collection Set: 1.99ms
[2.303s][info][gc,phases   ] GC(7)   Post Evacuate Collection Set: 1.93ms
[2.303s][info][gc,phases   ] GC(7)   Other: 0.04ms
[2.303s][info][gc,heap     ] GC(7) Eden regions: 19->0(439)
[2.303s][info][gc,heap     ] GC(7) Survivor regions: 2->2(3)
[2.303s][info][gc,heap     ] GC(7) Old regions: 8->8
[2.303s][info][gc,heap     ] GC(7) Humongous regions: 2->2
[2.303s][info][gc,metaspace] GC(7) Metaspace: 28870K(29312K)->28870K(29312K) NonClass: 22533K(22784K)->22533K(22784K) Class: 6336K(6528K)->6336K(6528K)
[2.303s][info][gc          ] GC(7) Pause Young (Normal) (G1 Evacuation Pause) 59M->22M(1472M) 4.238ms
[2.303s][info][gc,cpu      ] GC(7) User=0.01s Sys=0.00s Real=0.00s
[2.514s][info][gc,start    ] GC(8) Pause Young (Concurrent Start) (Metadata GC Threshold)
[2.514s][info][gc,task     ] GC(8) Using 4 workers of 4 for evacuation
[2.517s][info][gc,phases   ] GC(8)   Pre Evacuate Collection Set: 0.22ms
[2.517s][info][gc,phases   ] GC(8)   Merge Heap Roots: 0.17ms
[2.517s][info][gc,phases   ] GC(8)   Evacuate Collection Set: 2.34ms
[2.517s][info][gc,phases   ] GC(8)   Post Evacuate Collection Set: 0.73ms
[2.517s][info][gc,phases   ] GC(8)   Other: 0.05ms
[2.518s][info][gc,heap     ] GC(8) Eden regions: 39->0(438)
[2.518s][info][gc,heap     ] GC(8) Survivor regions: 2->3(56)
[2.518s][info][gc,heap     ] GC(8) Old regions: 8->8
[2.518s][info][gc,heap     ] GC(8) Humongous regions: 2->2
[2.518s][info][gc,metaspace] GC(8) Metaspace: 35913K(36288K)->35913K(36288K) NonClass: 28021K(28224K)->28021K(28224K) Class: 7891K(8064K)->7891K(8064K)
[2.518s][info][gc          ] GC(8) Pause Young (Concurrent Start) (Metadata GC Threshold) 99M->24M(1472M) 3.626ms
[2.518s][info][gc,cpu      ] GC(8) User=0.01s Sys=0.00s Real=0.01s
[2.518s][info][gc          ] GC(9) Concurrent Mark Cycle
[2.518s][info][gc,marking  ] GC(9) Concurrent Scan Root Regions
[2.521s][info][gc,marking  ] GC(9) Concurrent Scan Root Regions 3.900ms
[2.522s][info][gc,marking  ] GC(9) Concurrent Mark
[2.522s][info][gc,marking  ] GC(9) Concurrent Mark From Roots
[2.522s][info][gc,task     ] GC(9) Using 1 workers of 1 for marking
[2.539s][info][gc,marking  ] GC(9) Concurrent Mark From Roots 17.646ms
[2.539s][info][gc,marking  ] GC(9) Concurrent Preclean
[2.539s][info][gc,marking  ] GC(9) Concurrent Preclean 0.086ms
[2.540s][info][gc,start    ] GC(9) Pause Remark
[2.545s][info][gc          ] GC(9) Pause Remark 31M->31M(88M) 4.633ms
[2.545s][info][gc,cpu      ] GC(9) User=0.02s Sys=0.00s Real=0.00s
[2.545s][info][gc,marking  ] GC(9) Concurrent Mark 23.309ms
[2.545s][info][gc,marking  ] GC(9) Concurrent Rebuild Remembered Sets and Scrub Regions
[2.551s][info][gc,marking  ] GC(9) Concurrent Rebuild Remembered Sets and Scrub Regions 6.426ms
[2.552s][info][gc,start    ] GC(9) Pause Cleanup
[2.552s][info][gc          ] GC(9) Pause Cleanup 34M->34M(88M) 0.039ms
[2.552s][info][gc,cpu      ] GC(9) User=0.00s Sys=0.00s Real=0.00s
[2.552s][info][gc,marking  ] GC(9) Concurrent Clear Claimed Marks
[2.552s][info][gc,marking  ] GC(9) Concurrent Clear Claimed Marks 0.066ms
[2.552s][info][gc,marking  ] GC(9) Concurrent Cleanup for Next Mark
[2.552s][info][gc,marking  ] GC(9) Concurrent Cleanup for Next Mark 0.416ms
[2.553s][info][gc          ] GC(9) Concurrent Mark Cycle 34.954ms
[2.698s][info][gc,start    ] GC(10) Pause Young (Prepare Mixed) (G1 Evacuation Pause)
[2.698s][info][gc,task     ] GC(10) Using 4 workers of 4 for evacuation
[2.701s][info][gc,phases   ] GC(10)   Pre Evacuate Collection Set: 0.11ms
[2.701s][info][gc,phases   ] GC(10)   Merge Heap Roots: 0.04ms
[2.701s][info][gc,phases   ] GC(10)   Evacuate Collection Set: 2.51ms
[2.701s][info][gc,phases   ] GC(10)   Post Evacuate Collection Set: 0.38ms
[2.701s][info][gc,phases   ] GC(10)   Other: 0.04ms
[2.701s][info][gc,heap     ] GC(10) Eden regions: 31->0(24)
[2.701s][info][gc,heap     ] GC(10) Survivor regions: 3->4(56)
[2.701s][info][gc,heap     ] GC(10) Old regions: 8->8
[2.701s][info][gc,heap     ] GC(10) Humongous regions: 2->2
[2.701s][info][gc,metaspace] GC(10) Metaspace: 40007K(40512K)->40007K(40512K) NonClass: 31219K(31488K)->31219K(31488K) Class: 8788K(9024K)->8788K(9024K)
[2.701s][info][gc          ] GC(10) Pause Young (Prepare Mixed) (G1 Evacuation Pause) 86M->25M(96M) 3.214ms
[2.701s][info][gc,cpu      ] GC(10) User=0.01s Sys=0.00s Real=0.00s
[2.807s][info][gc,start    ] GC(11) Pause Young (Mixed) (G1 Evacuation Pause)
[2.807s][info][gc,task     ] GC(11) Using 4 workers of 4 for evacuation
[2.810s][info][gc,phases   ] GC(11)   Pre Evacuate Collection Set: 0.10ms
[2.810s][info][gc,phases   ] GC(11)   Merge Heap Roots: 0.05ms
[2.810s][info][gc,phases   ] GC(11)   Evacuate Collection Set: 2.62ms
[2.810s][info][gc,phases   ] GC(11)   Post Evacuate Collection Set: 0.43ms
[2.810s][info][gc,phases   ] GC(11)   Other: 0.05ms
[2.810s][info][gc,heap     ] GC(11) Eden regions: 24->0(24)
[2.810s][info][gc,heap     ] GC(11) Survivor regions: 4->4(4)
[2.810s][info][gc,heap     ] GC(11) Old regions: 8->9
[2.810s][info][gc,heap     ] GC(11) Humongous regions: 2->2
[2.810s][info][gc,metaspace] GC(11) Metaspace: 42199K(42688K)->42199K(42688K) NonClass: 32707K(32960K)->32707K(32960K) Class: 9492K(9728K)->9492K(9728K)
[2.810s][info][gc          ] GC(11) Pause Young (Mixed) (G1 Evacuation Pause) 73M->27M(96M) 3.356ms
[2.810s][info][gc,cpu      ] GC(11) User=0.02s Sys=0.00s Real=0.01s
[2.975s][info][gc,start    ] GC(12) Pause Young (Normal) (G1 Evacuation Pause)
[2.975s][info][gc,task     ] GC(12) Using 3 workers of 4 for evacuation
[2.978s][info][gc,phases   ] GC(12)   Pre Evacuate Collection Set: 0.15ms
[2.978s][info][gc,phases   ] GC(12)   Merge Heap Roots: 0.07ms
[2.978s][info][gc,phases   ] GC(12)   Evacuate Collection Set: 2.90ms
[2.978s][info][gc,phases   ] GC(12)   Post Evacuate Collection Set: 0.39ms
[2.978s][info][gc,phases   ] GC(12)   Other: 0.05ms
[2.978s][info][gc,heap     ] GC(12) Eden regions: 24->0(25)
[2.978s][info][gc,heap     ] GC(12) Survivor regions: 4->3(4)
[2.978s][info][gc,heap     ] GC(12) Old regions: 9->11
[2.978s][info][gc,heap     ] GC(12) Humongous regions: 2->2
[2.978s][info][gc,metaspace] GC(12) Metaspace: 43915K(44416K)->43915K(44416K) NonClass: 34079K(34368K)->34079K(34368K) Class: 9836K(10048K)->9836K(10048K)
[2.978s][info][gc          ] GC(12) Pause Young (Normal) (G1 Evacuation Pause) 75M->29M(96M) 3.681ms
[2.978s][info][gc,cpu      ] GC(12) User=0.02s Sys=0.00s Real=0.01s
[3.137s][info][gc,start    ] GC(13) Pause Young (Normal) (G1 Evacuation Pause)
[3.137s][info][gc,task     ] GC(13) Using 2 workers of 4 for evacuation
[3.142s][info][gc,phases   ] GC(13)   Pre Evacuate Collection Set: 0.09ms
[3.142s][info][gc,phases   ] GC(13)   Merge Heap Roots: 0.07ms
[3.142s][info][gc,phases   ] GC(13)   Evacuate Collection Set: 4.30ms
[3.142s][info][gc,phases   ] GC(13)   Post Evacuate Collection Set: 0.36ms
[3.142s][info][gc,phases   ] GC(13)   Other: 0.06ms
[3.142s][info][gc,heap     ] GC(13) Eden regions: 25->0(25)
[3.142s][info][gc,heap     ] GC(13) Survivor regions: 3->3(4)
[3.142s][info][gc,heap     ] GC(13) Old regions: 11->13
[3.142s][info][gc,heap     ] GC(13) Humongous regions: 2->2
[3.142s][info][gc,metaspace] GC(13) Metaspace: 45025K(45504K)->45025K(45504K) NonClass: 34978K(35264K)->34978K(35264K) Class: 10046K(10240K)->10046K(10240K)
[3.142s][info][gc          ] GC(13) Pause Young (Normal) (G1 Evacuation Pause) 79M->32M(96M) 4.992ms
[3.142s][info][gc,cpu      ] GC(13) User=0.01s Sys=0.00s Real=0.00s
[3.341s][info][gc,start    ] GC(14) Pause Young (Normal) (G1 Evacuation Pause)
[3.341s][info][gc,task     ] GC(14) Using 2 workers of 4 for evacuation
[3.348s][info][gc,phases   ] GC(14)   Pre Evacuate Collection Set: 0.11ms
[3.348s][info][gc,phases   ] GC(14)   Merge Heap Roots: 0.05ms
[3.348s][info][gc,phases   ] GC(14)   Evacuate Collection Set: 3.84ms
[3.348s][info][gc,phases   ] GC(14)   Post Evacuate Collection Set: 2.30ms
[3.348s][info][gc,phases   ] GC(14)   Other: 0.07ms
[3.348s][info][gc,heap     ] GC(14) Eden regions: 25->0(441)
[3.348s][info][gc,heap     ] GC(14) Survivor regions: 3->3(4)
[3.348s][info][gc,heap     ] GC(14) Old regions: 13->14
[3.348s][info][gc,heap     ] GC(14) Humongous regions: 2->2
[3.348s][info][gc,metaspace] GC(14) Metaspace: 47068K(47552K)->47068K(47552K) NonClass: 36569K(36864K)->36569K(36864K) Class: 10499K(10688K)->10499K(10688K)
[3.348s][info][gc          ] GC(14) Pause Young (Normal) (G1 Evacuation Pause) 82M->34M(1482M) 6.511ms
[3.348s][info][gc,cpu      ] GC(14) User=0.01s Sys=0.00s Real=0.01s
[4.961s][info][gc,start    ] GC(15) Pause Young (Concurrent Start) (Metadata GC Threshold)
[4.961s][info][gc,task     ] GC(15) Using 4 workers of 4 for evacuation
[4.971s][info][gc,phases   ] GC(15)   Pre Evacuate Collection Set: 0.23ms
[4.971s][info][gc,phases   ] GC(15)   Merge Heap Roots: 0.10ms
[4.971s][info][gc,phases   ] GC(15)   Evacuate Collection Set: 8.26ms
[4.971s][info][gc,phases   ] GC(15)   Post Evacuate Collection Set: 1.45ms
[4.971s][info][gc,phases   ] GC(15)   Other: 0.08ms
[4.971s][info][gc,heap     ] GC(15) Eden regions: 147->0(437)
[4.971s][info][gc,heap     ] GC(15) Survivor regions: 3->7(56)
[4.971s][info][gc,heap     ] GC(15) Old regions: 14->14
[4.971s][info][gc,heap     ] GC(15) Humongous regions: 2->2
[4.971s][info][gc,metaspace] GC(15) Metaspace: 61225K(61760K)->61225K(61760K) NonClass: 47405K(47680K)->47405K(47680K) Class: 13820K(14080K)->13820K(14080K)
[4.971s][info][gc          ] GC(15) Pause Young (Concurrent Start) (Metadata GC Threshold) 328M->41M(1482M) 10.305ms
[4.971s][info][gc,cpu      ] GC(15) User=0.03s Sys=0.01s Real=0.01s
[4.972s][info][gc          ] GC(16) Concurrent Mark Cycle
[4.972s][info][gc,marking  ] GC(16) Concurrent Scan Root Regions
[4.981s][info][gc,marking  ] GC(16) Concurrent Scan Root Regions 8.730ms
[4.981s][info][gc,marking  ] GC(16) Concurrent Mark
[4.981s][info][gc,marking  ] GC(16) Concurrent Mark From Roots
[4.981s][info][gc,task     ] GC(16) Using 1 workers of 1 for marking
[5.010s][info][gc,marking  ] GC(16) Concurrent Mark From Roots 29.241ms
[5.010s][info][gc,marking  ] GC(16) Concurrent Preclean
[5.010s][info][gc,marking  ] GC(16) Concurrent Preclean 0.184ms
[5.011s][info][gc,start    ] GC(16) Pause Remark
[5.020s][info][gc          ] GC(16) Pause Remark 52M->52M(154M) 9.279ms
[5.020s][info][gc,cpu      ] GC(16) User=0.03s Sys=0.00s Real=0.01s
[5.020s][info][gc,marking  ] GC(16) Concurrent Mark 39.523ms
[5.020s][info][gc,marking  ] GC(16) Concurrent Rebuild Remembered Sets and Scrub Regions
[5.030s][info][gc,marking  ] GC(16) Concurrent Rebuild Remembered Sets and Scrub Regions 10.189ms
[5.031s][info][gc,start    ] GC(16) Pause Cleanup
[5.031s][info][gc          ] GC(16) Pause Cleanup 55M->55M(154M) 0.081ms
[5.031s][info][gc,cpu      ] GC(16) User=0.00s Sys=0.00s Real=0.00s
[5.032s][info][gc,marking  ] GC(16) Concurrent Clear Claimed Marks
[5.032s][info][gc,marking  ] GC(16) Concurrent Clear Claimed Marks 0.115ms
[5.032s][info][gc,marking  ] GC(16) Concurrent Cleanup for Next Mark
[5.033s][info][gc,marking  ] GC(16) Concurrent Cleanup for Next Mark 1.172ms
[5.033s][info][gc          ] GC(16) Concurrent Mark Cycle 61.487ms
[5.278s][info][gc,start    ] GC(17) Pause Young (Prepare Mixed) (G1 Evacuation Pause)
[5.278s][info][gc,task     ] GC(17) Using 4 workers of 4 for evacuation
[5.284s][info][gc,phases   ] GC(17)   Pre Evacuate Collection Set: 0.19ms
[5.284s][info][gc,phases   ] GC(17)   Merge Heap Roots: 0.11ms
[5.284s][info][gc,phases   ] GC(17)   Evacuate Collection Set: 4.97ms
[5.284s][info][gc,phases   ] GC(17)   Post Evacuate Collection Set: 0.81ms
[5.284s][info][gc,phases   ] GC(17)   Other: 0.06ms
[5.284s][info][gc,heap     ] GC(17) Eden regions: 39->0(44)
[5.284s][info][gc,heap     ] GC(17) Survivor regions: 7->2(6)
[5.284s][info][gc,heap     ] GC(17) Old regions: 14->20
[5.284s][info][gc,heap     ] GC(17) Humongous regions: 2->2
[5.284s][info][gc,metaspace] GC(17) Metaspace: 66022K(66688K)->66022K(66688K) NonClass: 50965K(51328K)->50965K(51328K) Class: 15056K(15360K)->15056K(15360K)
[5.284s][info][gc          ] GC(17) Pause Young (Prepare Mixed) (G1 Evacuation Pause) 119M->42M(154M) 6.274ms
[5.284s][info][gc,cpu      ] GC(17) User=0.02s Sys=0.00s Real=0.00s
[5.500s][info][gc,start    ] GC(18) Pause Young (Mixed) (G1 Evacuation Pause)
[5.500s][info][gc,task     ] GC(18) Using 4 workers of 4 for evacuation
[5.502s][info][gc,phases   ] GC(18)   Pre Evacuate Collection Set: 0.10ms
[5.502s][info][gc,phases   ] GC(18)   Merge Heap Roots: 0.06ms
[5.502s][info][gc,phases   ] GC(18)   Evacuate Collection Set: 1.68ms
[5.502s][info][gc,phases   ] GC(18)   Post Evacuate Collection Set: 0.38ms
[5.502s][info][gc,phases   ] GC(18)   Other: 0.04ms
[5.502s][info][gc,heap     ] GC(18) Eden regions: 44->0(43)
[5.502s][info][gc,heap     ] GC(18) Survivor regions: 2->3(6)
[5.502s][info][gc,heap     ] GC(18) Old regions: 20->20
[5.502s][info][gc,heap     ] GC(18) Humongous regions: 2->2
[5.502s][info][gc,metaspace] GC(18) Metaspace: 70842K(71488K)->70842K(71488K) NonClass: 54936K(55296K)->54936K(55296K) Class: 15906K(16192K)->15906K(16192K)
[5.502s][info][gc          ] GC(18) Pause Young (Mixed) (G1 Evacuation Pause) 130M->45M(154M) 2.368ms
[5.502s][info][gc,cpu      ] GC(18) User=0.01s Sys=0.00s Real=0.00s
[5.830s][info][gc,start    ] GC(19) Pause Young (Normal) (G1 Evacuation Pause)
[5.830s][info][gc,task     ] GC(19) Using 4 workers of 4 for evacuation
[5.834s][info][gc,phases   ] GC(19)   Pre Evacuate Collection Set: 0.09ms
[5.834s][info][gc,phases   ] GC(19)   Merge Heap Roots: 0.08ms
[5.834s][info][gc,phases   ] GC(19)   Evacuate Collection Set: 2.89ms
[5.834s][info][gc,phases   ] GC(19)   Post Evacuate Collection Set: 0.68ms
[5.834s][info][gc,phases   ] GC(19)   Other: 0.05ms
[5.834s][info][gc,heap     ] GC(19) Eden regions: 43->0(42)
[5.834s][info][gc,heap     ] GC(19) Survivor regions: 3->4(6)
[5.834s][info][gc,heap     ] GC(19) Old regions: 20->20
[5.834s][info][gc,heap     ] GC(19) Humongous regions: 2->2
[5.834s][info][gc,metaspace] GC(19) Metaspace: 75815K(76480K)->75815K(76480K) NonClass: 58959K(59328K)->58959K(59328K) Class: 16855K(17152K)->16855K(17152K)
[5.834s][info][gc          ] GC(19) Pause Young (Normal) (G1 Evacuation Pause) 131M->47M(154M) 3.916ms
[5.834s][info][gc,cpu      ] GC(19) User=0.02s Sys=0.00s Real=0.00s
[6.355s][info][gc,start    ] GC(20) Pause Young (Normal) (G1 Evacuation Pause)
[6.355s][info][gc,task     ] GC(20) Using 4 workers of 4 for evacuation
[6.360s][info][gc,phases   ] GC(20)   Pre Evacuate Collection Set: 0.11ms
[6.360s][info][gc,phases   ] GC(20)   Merge Heap Roots: 0.06ms
[6.360s][info][gc,phases   ] GC(20)   Evacuate Collection Set: 4.05ms
[6.360s][info][gc,phases   ] GC(20)   Post Evacuate Collection Set: 0.67ms
[6.360s][info][gc,phases   ] GC(20)   Other: 0.05ms
[6.360s][info][gc,heap     ] GC(20) Eden regions: 42->0(42)
[6.360s][info][gc,heap     ] GC(20) Survivor regions: 4->4(6)
[6.360s][info][gc,heap     ] GC(20) Old regions: 20->21
[6.360s][info][gc,heap     ] GC(20) Humongous regions: 2->2
[6.360s][info][gc,metaspace] GC(20) Metaspace: 80474K(81344K)->80474K(81344K) NonClass: 62418K(62912K)->62418K(62912K) Class: 18056K(18432K)->18056K(18432K)
[6.360s][info][gc          ] GC(20) Pause Young (Normal) (G1 Evacuation Pause) 131M->50M(154M) 5.076ms
[6.360s][info][gc,cpu      ] GC(20) User=0.03s Sys=0.00s Real=0.01s
[16.462s][info][gc,start    ] GC(21) Pause Young (Normal) (G1 Evacuation Pause)
[16.462s][info][gc,task     ] GC(21) Using 4 workers of 4 for evacuation
[16.467s][info][gc,phases   ] GC(21)   Pre Evacuate Collection Set: 0.20ms
[16.467s][info][gc,phases   ] GC(21)   Merge Heap Roots: 0.09ms
[16.467s][info][gc,phases   ] GC(21)   Evacuate Collection Set: 4.01ms
[16.467s][info][gc,phases   ] GC(21)   Post Evacuate Collection Set: 0.52ms
[16.467s][info][gc,phases   ] GC(21)   Other: 0.09ms
[16.467s][info][gc,heap     ] GC(21) Eden regions: 42->0(42)
[16.467s][info][gc,heap     ] GC(21) Survivor regions: 4->4(6)
[16.467s][info][gc,heap     ] GC(21) Old regions: 21->21
[16.467s][info][gc,heap     ] GC(21) Humongous regions: 2->2
[16.467s][info][gc,metaspace] GC(21) Metaspace: 86545K(87360K)->86545K(87360K) NonClass: 67076K(67520K)->67076K(67520K) Class: 19469K(19840K)->19469K(19840K)
[16.467s][info][gc          ] GC(21) Pause Young (Normal) (G1 Evacuation Pause) 134M->51M(154M) 5.035ms
[16.467s][info][gc,cpu      ] GC(21) User=0.02s Sys=0.00s Real=0.01s
[16.645s][info][gc,start    ] GC(22) Pause Young (Normal) (G1 Evacuation Pause)
[16.645s][info][gc,task     ] GC(22) Using 4 workers of 4 for evacuation
[16.650s][info][gc,phases   ] GC(22)   Pre Evacuate Collection Set: 0.12ms
[16.650s][info][gc,phases   ] GC(22)   Merge Heap Roots: 0.07ms
[16.650s][info][gc,phases   ] GC(22)   Evacuate Collection Set: 3.91ms
[16.650s][info][gc,phases   ] GC(22)   Post Evacuate Collection Set: 0.58ms
[16.650s][info][gc,phases   ] GC(22)   Other: 0.05ms
[16.650s][info][gc,heap     ] GC(22) Eden regions: 42->0(42)
[16.650s][info][gc,heap     ] GC(22) Survivor regions: 4->4(6)
[16.650s][info][gc,heap     ] GC(22) Old regions: 21->22
[16.650s][info][gc,heap     ] GC(22) Humongous regions: 2->2
[16.650s][info][gc,metaspace] GC(22) Metaspace: 88228K(89152K)->88228K(89152K) NonClass: 68373K(68864K)->68373K(68864K) Class: 19854K(20288K)->19854K(20288K)
[16.650s][info][gc          ] GC(22) Pause Young (Normal) (G1 Evacuation Pause) 135M->53M(154M) 4.857ms
[16.650s][info][gc,cpu      ] GC(22) User=0.02s Sys=0.00s Real=0.01s
[16.890s][info][gc,start    ] GC(23) Pause Young (Normal) (G1 Evacuation Pause)
[16.890s][info][gc,task     ] GC(23) Using 4 workers of 4 for evacuation
[16.895s][info][gc,phases   ] GC(23)   Pre Evacuate Collection Set: 0.12ms
[16.895s][info][gc,phases   ] GC(23)   Merge Heap Roots: 0.07ms
[16.895s][info][gc,phases   ] GC(23)   Evacuate Collection Set: 3.17ms
[16.895s][info][gc,phases   ] GC(23)   Post Evacuate Collection Set: 1.28ms
[16.895s][info][gc,phases   ] GC(23)   Other: 0.05ms
[16.895s][info][gc,heap     ] GC(23) Eden regions: 42->0(450)
[16.895s][info][gc,heap     ] GC(23) Survivor regions: 4->3(6)
[16.895s][info][gc,heap     ] GC(23) Old regions: 22->24
[16.895s][info][gc,heap     ] GC(23) Humongous regions: 2->2
[16.895s][info][gc,metaspace] GC(23) Metaspace: 90677K(91584K)->90677K(91584K) NonClass: 70262K(70784K)->70262K(70784K) Class: 20415K(20800K)->20415K(20800K)
[16.895s][info][gc          ] GC(23) Pause Young (Normal) (G1 Evacuation Pause) 137M->53M(1512M) 4.783ms
[16.895s][info][gc,cpu      ] GC(23) User=0.02s Sys=0.00s Real=0.00s
[107.875s][info][gc,start    ] GC(24) Pause Young (Concurrent Start) (G1 Humongous Allocation)
[107.875s][info][gc,task     ] GC(24) Using 4 workers of 4 for evacuation
[107.889s][info][gc,phases   ] GC(24)   Pre Evacuate Collection Set: 0.29ms
[107.889s][info][gc,phases   ] GC(24)   Merge Heap Roots: 0.07ms
[107.889s][info][gc,phases   ] GC(24)   Evacuate Collection Set: 12.17ms
[107.889s][info][gc,phases   ] GC(24)   Post Evacuate Collection Set: 0.95ms
[107.889s][info][gc,phases   ] GC(24)   Other: 0.11ms
[107.889s][info][gc,heap     ] GC(24) Eden regions: 104->0(448)
[107.889s][info][gc,heap     ] GC(24) Survivor regions: 3->5(57)
[107.889s][info][gc,heap     ] GC(24) Old regions: 24->24
[107.889s][info][gc,heap     ] GC(24) Humongous regions: 238->224
[107.889s][info][gc,metaspace] GC(24) Metaspace: 98491K(99584K)->98491K(99584K) NonClass: 76489K(77120K)->76489K(77120K) Class: 22001K(22464K)->22001K(22464K)
[107.889s][info][gc          ] GC(24) Pause Young (Concurrent Start) (G1 Humongous Allocation) 733M->501M(1512M) 13.751ms
[107.889s][info][gc,cpu      ] GC(24) User=0.06s Sys=0.01s Real=0.02s
[107.889s][info][gc          ] GC(25) Concurrent Undo Cycle
[107.889s][info][gc,marking  ] GC(25) Concurrent Clear Claimed Marks
[107.889s][info][gc,marking  ] GC(25) Concurrent Clear Claimed Marks 0.142ms
[107.889s][info][gc,marking  ] GC(25) Concurrent Cleanup for Next Mark
[107.889s][info][gc,marking  ] GC(25) Concurrent Cleanup for Next Mark 0.217ms
[107.889s][info][gc          ] GC(25) Concurrent Undo Cycle 0.389ms
[107.895s][info][gc,start    ] GC(26) Pause Young (Concurrent Start) (G1 Humongous Allocation)
[107.895s][info][gc,task     ] GC(26) Using 4 workers of 4 for evacuation
[107.900s][info][gc,phases   ] GC(26)   Pre Evacuate Collection Set: 0.22ms
[107.900s][info][gc,phases   ] GC(26)   Merge Heap Roots: 0.06ms
[107.900s][info][gc,phases   ] GC(26)   Evacuate Collection Set: 3.83ms
[107.900s][info][gc,phases   ] GC(26)   Post Evacuate Collection Set: 0.57ms
[107.900s][info][gc,phases   ] GC(26)   Other: 0.05ms
[107.900s][info][gc,heap     ] GC(26) Eden regions: 6->0(448)
[107.900s][info][gc,heap     ] GC(26) Survivor regions: 5->5(57)
[107.900s][info][gc,heap     ] GC(26) Old regions: 24->24
[107.900s][info][gc,heap     ] GC(26) Humongous regions: 239->229
[107.900s][info][gc,metaspace] GC(26) Metaspace: 98510K(99584K)->98510K(99584K) NonClass: 76507K(77120K)->76507K(77120K) Class: 22002K(22464K)->22002K(22464K)
[107.900s][info][gc          ] GC(26) Pause Young (Concurrent Start) (G1 Humongous Allocation) 541M->512M(1512M) 4.826ms
[107.900s][info][gc,cpu      ] GC(26) User=0.02s Sys=0.00s Real=0.01s
[107.900s][info][gc          ] GC(27) Concurrent Undo Cycle
[107.900s][info][gc,marking  ] GC(27) Concurrent Clear Claimed Marks
[107.900s][info][gc,marking  ] GC(27) Concurrent Clear Claimed Marks 0.147ms
[107.900s][info][gc,marking  ] GC(27) Concurrent Cleanup for Next Mark
[107.900s][info][gc,marking  ] GC(27) Concurrent Cleanup for Next Mark 0.117ms
[107.900s][info][gc          ] GC(27) Concurrent Undo Cycle 0.294ms
[107.901s][info][gc,start    ] GC(28) Pause Young (Concurrent Start) (G1 Humongous Allocation)
[107.901s][info][gc,task     ] GC(28) Using 4 workers of 4 for evacuation
[107.906s][info][gc,phases   ] GC(28)   Pre Evacuate Collection Set: 0.29ms
[107.906s][info][gc,phases   ] GC(28)   Merge Heap Roots: 0.09ms
[107.906s][info][gc,phases   ] GC(28)   Evacuate Collection Set: 4.36ms
[107.906s][info][gc,phases   ] GC(28)   Post Evacuate Collection Set: 0.92ms
[107.906s][info][gc,phases   ] GC(28)   Other: 0.06ms
[107.906s][info][gc,heap     ] GC(28) Eden regions: 2->0(448)
[107.906s][info][gc,heap     ] GC(28) Survivor regions: 5->5(57)
[107.906s][info][gc,heap     ] GC(28) Old regions: 24->24
[107.906s][info][gc,heap     ] GC(28) Humongous regions: 230->230
[107.906s][info][gc,metaspace] GC(28) Metaspace: 98510K(99584K)->98510K(99584K) NonClass: 76507K(77120K)->76507K(77120K) Class: 22002K(22464K)->22002K(22464K)
[107.906s][info][gc          ] GC(28) Pause Young (Concurrent Start) (G1 Humongous Allocation) 516M->515M(1512M) 5.863ms
[107.906s][info][gc          ] GC(29) Concurrent Mark Cycle
[107.906s][info][gc,marking  ] GC(29) Concurrent Scan Root Regions
[107.906s][info][gc,cpu      ] GC(28) User=0.02s Sys=0.00s Real=0.00s
[107.916s][info][gc,marking  ] GC(29) Concurrent Scan Root Regions 9.978ms
[107.917s][info][gc,marking  ] GC(29) Concurrent Mark
[107.917s][info][gc,marking  ] GC(29) Concurrent Mark From Roots
[107.917s][info][gc,task     ] GC(29) Using 1 workers of 1 for marking
[107.990s][info][gc,marking  ] GC(29) Concurrent Mark From Roots 73.153ms
[107.990s][info][gc,marking  ] GC(29) Concurrent Preclean
[107.990s][info][gc,marking  ] GC(29) Concurrent Preclean 0.176ms
[107.991s][info][gc,start    ] GC(29) Pause Remark
[108.002s][info][gc          ] GC(29) Pause Remark 718M->717M(1512M) 10.879ms
[108.002s][info][gc,cpu      ] GC(29) User=0.03s Sys=0.00s Real=0.01s
[108.002s][info][gc,marking  ] GC(29) Concurrent Mark 85.604ms
[108.002s][info][gc,marking  ] GC(29) Concurrent Rebuild Remembered Sets and Scrub Regions
[108.020s][info][gc,marking  ] GC(29) Concurrent Rebuild Remembered Sets and Scrub Regions 18.226ms
[108.021s][info][gc,start    ] GC(29) Pause Cleanup
[108.022s][info][gc          ] GC(29) Pause Cleanup 776M->776M(1512M) 0.082ms
[108.022s][info][gc,cpu      ] GC(29) User=0.00s Sys=0.00s Real=0.00s
[108.022s][info][gc,marking  ] GC(29) Concurrent Clear Claimed Marks
[108.022s][info][gc,marking  ] GC(29) Concurrent Clear Claimed Marks 0.270ms
[108.022s][info][gc,marking  ] GC(29) Concurrent Cleanup for Next Mark
[108.028s][info][gc,marking  ] GC(29) Concurrent Cleanup for Next Mark 6.329ms
[108.028s][info][gc          ] GC(29) Concurrent Mark Cycle 121.788ms
[108.266s][info][gc,start    ] GC(30) Pause Young (Prepare Mixed) (G1 Evacuation Pause)
[108.266s][info][gc,task     ] GC(30) Using 4 workers of 4 for evacuation
[108.275s][info][gc,phases   ] GC(30)   Pre Evacuate Collection Set: 0.24ms
[108.275s][info][gc,phases   ] GC(30)   Merge Heap Roots: 0.13ms
[108.275s][info][gc,phases   ] GC(30)   Evacuate Collection Set: 7.62ms
[108.275s][info][gc,phases   ] GC(30)   Post Evacuate Collection Set: 0.63ms
[108.275s][info][gc,phases   ] GC(30)   Other: 0.07ms
[108.275s][info][gc,heap     ] GC(30) Eden regions: 124->0(339)
[108.275s][info][gc,heap     ] GC(30) Survivor regions: 5->5(57)
[108.275s][info][gc,heap     ] GC(30) Old regions: 23->23
[108.275s][info][gc,heap     ] GC(30) Humongous regions: 645->394
[108.275s][info][gc,metaspace] GC(30) Metaspace: 98571K(99648K)->98571K(99648K) NonClass: 76567K(77184K)->76567K(77184K) Class: 22003K(22464K)->22003K(22464K)
[108.275s][info][gc          ] GC(30) Pause Young (Prepare Mixed) (G1 Evacuation Pause) 1592M->841M(1604M) 8.795ms
[108.275s][info][gc,cpu      ] GC(30) User=0.02s Sys=0.01s Real=0.01s
[109.110s][info][gc,start    ] GC(31) Pause Young (Mixed) (G1 Evacuation Pause)
[109.110s][info][gc,task     ] GC(31) Using 4 workers of 4 for evacuation
[109.120s][info][gc,phases   ] GC(31)   Pre Evacuate Collection Set: 0.17ms
[109.120s][info][gc,phases   ] GC(31)   Merge Heap Roots: 0.08ms
[109.120s][info][gc,phases   ] GC(31)   Evacuate Collection Set: 8.15ms
[109.120s][info][gc,phases   ] GC(31)   Post Evacuate Collection Set: 1.05ms
[109.120s][info][gc,phases   ] GC(31)   Other: 0.07ms
[109.120s][info][gc,heap     ] GC(31) Eden regions: 58->0(424)
[109.120s][info][gc,heap     ] GC(31) Survivor regions: 5->8(43)
[109.120s][info][gc,heap     ] GC(31) Old regions: 23->21
[109.120s][info][gc,heap     ] GC(31) Humongous regions: 807->402
[109.120s][info][gc,metaspace] GC(31) Metaspace: 98617K(99648K)->98617K(99648K) NonClass: 76597K(77184K)->76597K(77184K) Class: 22019K(22464K)->22019K(22464K)
[109.120s][info][gc          ] GC(31) Pause Young (Mixed) (G1 Evacuation Pause) 1783M->861M(1802M) 9.737ms
[109.120s][info][gc,cpu      ] GC(31) User=0.02s Sys=0.00s Real=0.01s
[109.121s][info][gc,start    ] GC(32) Pause Young (Concurrent Start) (G1 Humongous Allocation)
[109.121s][info][gc,task     ] GC(32) Using 4 workers of 4 for evacuation
[109.126s][info][gc,phases   ] GC(32)   Pre Evacuate Collection Set: 0.37ms
[109.126s][info][gc,phases   ] GC(32)   Merge Heap Roots: 0.08ms
[109.126s][info][gc,phases   ] GC(32)   Evacuate Collection Set: 4.04ms
[109.126s][info][gc,phases   ] GC(32)   Post Evacuate Collection Set: 0.57ms
[109.126s][info][gc,phases   ] GC(32)   Other: 0.08ms
[109.126s][info][gc,heap     ] GC(32) Eden regions: 1->0(356)
[109.126s][info][gc,heap     ] GC(32) Survivor regions: 8->9(54)
[109.126s][info][gc,heap     ] GC(32) Old regions: 21->21
[109.126s][info][gc,heap     ] GC(32) Humongous regions: 402->402
[109.126s][info][gc,metaspace] GC(32) Metaspace: 98617K(99648K)->98617K(99648K) NonClass: 76597K(77184K)->76597K(77184K) Class: 22019K(22464K)->22019K(22464K)
[109.126s][info][gc          ] GC(32) Pause Young (Concurrent Start) (G1 Humongous Allocation) 862M->863M(1802M) 5.322ms
[109.127s][info][gc,cpu      ] GC(32) User=0.02s Sys=0.00s Real=0.00s
[109.127s][info][gc          ] GC(33) Concurrent Mark Cycle
[109.127s][info][gc,marking  ] GC(33) Concurrent Scan Root Regions
[109.133s][info][gc,marking  ] GC(33) Concurrent Scan Root Regions 6.583ms
[109.133s][info][gc,marking  ] GC(33) Concurrent Mark
[109.133s][info][gc,marking  ] GC(33) Concurrent Mark From Roots
[109.133s][info][gc,task     ] GC(33) Using 1 workers of 1 for marking
[109.169s][info][gc,marking  ] GC(33) Concurrent Mark From Roots 35.833ms
[109.169s][info][gc,marking  ] GC(33) Concurrent Preclean
[109.169s][info][gc,marking  ] GC(33) Concurrent Preclean 0.116ms
[109.169s][info][gc,start    ] GC(33) Pause Remark
[109.177s][info][gc          ] GC(33) Pause Remark 900M->900M(1802M) 7.375ms
[109.177s][info][gc,cpu      ] GC(33) User=0.02s Sys=0.00s Real=0.00s
[109.177s][info][gc,marking  ] GC(33) Concurrent Mark 43.489ms
[109.177s][info][gc,marking  ] GC(33) Concurrent Rebuild Remembered Sets and Scrub Regions
[109.193s][info][gc,marking  ] GC(33) Concurrent Rebuild Remembered Sets and Scrub Regions 16.738ms
[109.193s][info][gc,start    ] GC(33) Pause Cleanup
[109.194s][info][gc          ] GC(33) Pause Cleanup 901M->901M(1802M) 0.080ms
[109.194s][info][gc,cpu      ] GC(33) User=0.01s Sys=0.00s Real=0.00s
[109.194s][info][gc,marking  ] GC(33) Concurrent Clear Claimed Marks
[109.194s][info][gc,marking  ] GC(33) Concurrent Clear Claimed Marks 0.163ms
[109.194s][info][gc,marking  ] GC(33) Concurrent Cleanup for Next Mark
[109.196s][info][gc,marking  ] GC(33) Concurrent Cleanup for Next Mark 2.118ms
[109.196s][info][gc          ] GC(33) Concurrent Mark Cycle 69.368ms
[109.888s][info][gc,start    ] GC(34) Pause Young (Prepare Mixed) (G1 Evacuation Pause)
[109.888s][info][gc,task     ] GC(34) Using 4 workers of 4 for evacuation
[110.045s][info][gc,phases   ] GC(34)   Pre Evacuate Collection Set: 0.15ms
[110.045s][info][gc,phases   ] GC(34)   Merge Heap Roots: 0.11ms
[110.045s][info][gc,phases   ] GC(34)   Evacuate Collection Set: 155.20ms
[110.045s][info][gc,phases   ] GC(34)   Post Evacuate Collection Set: 1.14ms
[110.045s][info][gc,phases   ] GC(34)   Other: 0.14ms
[110.045s][info][gc,heap     ] GC(34) Eden regions: 294->0(270)
[110.045s][info][gc,heap     ] GC(34) Survivor regions: 9->46(46)
[110.045s][info][gc,heap     ] GC(34) Old regions: 21->81
[110.045s][info][gc,heap     ] GC(34) Humongous regions: 596->412
[110.045s][info][gc,metaspace] GC(34) Metaspace: 98802K(99840K)->98802K(99840K) NonClass: 76780K(77376K)->76780K(77376K) Class: 22022K(22464K)->22022K(22464K)
[110.045s][info][gc          ] GC(34) Pause Young (Prepare Mixed) (G1 Evacuation Pause) 1839M->1078M(2052M) 156.847ms
[110.045s][info][gc,cpu      ] GC(34) User=0.05s Sys=0.22s Real=0.15s
[110.221s][info][gc,start    ] GC(35) Pause Young (Mixed) (G1 Evacuation Pause)
[110.221s][info][gc,task     ] GC(35) Using 4 workers of 4 for evacuation
[110.238s][info][gc,phases   ] GC(35)   Pre Evacuate Collection Set: 0.18ms
[110.238s][info][gc,phases   ] GC(35)   Merge Heap Roots: 0.06ms
[110.238s][info][gc,phases   ] GC(35)   Evacuate Collection Set: 16.45ms
[110.238s][info][gc,phases   ] GC(35)   Post Evacuate Collection Set: 0.82ms
[110.238s][info][gc,phases   ] GC(35)   Other: 0.05ms
[110.238s][info][gc,heap     ] GC(35) Eden regions: 52->0(274)
[110.238s][info][gc,heap     ] GC(35) Survivor regions: 46->18(40)
[110.238s][info][gc,heap     ] GC(35) Old regions: 81->93
[110.238s][info][gc,heap     ] GC(35) Humongous regions: 847->447
[110.238s][info][gc,metaspace] GC(35) Metaspace: 98907K(99968K)->98907K(99968K) NonClass: 76884K(77504K)->76884K(77504K) Class: 22022K(22464K)->22022K(22464K)
[110.238s][info][gc          ] GC(35) Pause Young (Mixed) (G1 Evacuation Pause) 2052M->1116M(2116M) 17.664ms
[110.238s][info][gc,cpu      ] GC(35) User=0.03s Sys=0.02s Real=0.02s
[110.250s][info][gc,start    ] GC(36) Pause Young (Concurrent Start) (G1 Humongous Allocation)
[110.250s][info][gc,task     ] GC(36) Using 4 workers of 4 for evacuation
[110.253s][info][gc,phases   ] GC(36)   Pre Evacuate Collection Set: 0.29ms
[110.253s][info][gc,phases   ] GC(36)   Merge Heap Roots: 0.09ms
[110.253s][info][gc,phases   ] GC(36)   Evacuate Collection Set: 2.31ms
[110.253s][info][gc,phases   ] GC(36)   Post Evacuate Collection Set: 0.42ms
[110.253s][info][gc,phases   ] GC(36)   Other: 0.06ms
[110.253s][info][gc,heap     ] GC(36) Eden regions: 5->0(251)
[110.253s][info][gc,heap     ] GC(36) Survivor regions: 18->19(37)
[110.253s][info][gc,heap     ] GC(36) Old regions: 93->93
[110.253s][info][gc,heap     ] GC(36) Humongous regions: 487->460
[110.253s][info][gc,metaspace] GC(36) Metaspace: 98913K(99968K)->98913K(99968K) NonClass: 76890K(77504K)->76890K(77504K) Class: 22022K(22464K)->22022K(22464K)
[110.253s][info][gc          ] GC(36) Pause Young (Concurrent Start) (G1 Humongous Allocation) 1205M->1143M(2116M) 3.304ms
[110.253s][info][gc,cpu      ] GC(36) User=0.01s Sys=0.00s Real=0.00s
[110.253s][info][gc          ] GC(37) Concurrent Undo Cycle
[110.253s][info][gc,marking  ] GC(37) Concurrent Clear Claimed Marks
[110.253s][info][gc,marking  ] GC(37) Concurrent Clear Claimed Marks 0.155ms
[110.253s][info][gc,marking  ] GC(37) Concurrent Cleanup for Next Mark
[110.253s][info][gc,marking  ] GC(37) Concurrent Cleanup for Next Mark 0.216ms
[110.253s][info][gc          ] GC(37) Concurrent Undo Cycle 0.416ms
[110.669s][info][gc,start    ] GC(38) Pause Young (Concurrent Start) (G1 Humongous Allocation)
[110.669s][info][gc,task     ] GC(38) Using 4 workers of 4 for evacuation
[110.677s][info][gc,phases   ] GC(38)   Pre Evacuate Collection Set: 0.85ms
[110.677s][info][gc,phases   ] GC(38)   Merge Heap Roots: 0.22ms
[110.677s][info][gc,phases   ] GC(38)   Evacuate Collection Set: 6.02ms
[110.677s][info][gc,phases   ] GC(38)   Post Evacuate Collection Set: 1.39ms
[110.677s][info][gc,phases   ] GC(38)   Other: 0.10ms
[110.677s][info][gc,heap     ] GC(38) Eden regions: 49->0(313)
[110.677s][info][gc,heap     ] GC(38) Survivor regions: 19->21(34)
[110.677s][info][gc,heap     ] GC(38) Old regions: 93->110
[110.677s][info][gc,heap     ] GC(38) Humongous regions: 494->470
[110.677s][info][gc,metaspace] GC(38) Metaspace: 98924K(99968K)->98924K(99968K) NonClass: 76902K(77504K)->76902K(77504K) Class: 22022K(22464K)->22022K(22464K)
[110.678s][info][gc          ] GC(38) Pause Young (Concurrent Start) (G1 Humongous Allocation) 1307M->1200M(2306M) 8.826ms
[110.678s][info][gc,cpu      ] GC(38) User=0.03s Sys=0.01s Real=0.01s
[110.678s][info][gc          ] GC(39) Concurrent Undo Cycle
[110.678s][info][gc,marking  ] GC(39) Concurrent Clear Claimed Marks
[110.678s][info][gc,marking  ] GC(39) Concurrent Clear Claimed Marks 0.160ms
[110.678s][info][gc,marking  ] GC(39) Concurrent Cleanup for Next Mark
[110.678s][info][gc,marking  ] GC(39) Concurrent Cleanup for Next Mark 0.279ms
[110.678s][info][gc          ] GC(39) Concurrent Undo Cycle 0.486ms
[110.793s][info][gc,start    ] GC(40) Pause Young (Concurrent Start) (G1 Humongous Allocation)
[110.793s][info][gc,task     ] GC(40) Using 4 workers of 4 for evacuation
[110.798s][info][gc,phases   ] GC(40)   Pre Evacuate Collection Set: 0.16ms
[110.798s][info][gc,phases   ] GC(40)   Merge Heap Roots: 0.05ms
[110.798s][info][gc,phases   ] GC(40)   Evacuate Collection Set: 5.01ms
[110.798s][info][gc,phases   ] GC(40)   Post Evacuate Collection Set: 0.42ms
[110.798s][info][gc,phases   ] GC(40)   Other: 0.05ms
[110.798s][info][gc,heap     ] GC(40) Eden regions: 8->0(322)
[110.798s][info][gc,heap     ] GC(40) Survivor regions: 21->21(42)
[110.798s][info][gc,heap     ] GC(40) Old regions: 110->110
[110.798s][info][gc,heap     ] GC(40) Humongous regions: 509->482
[110.798s][info][gc,metaspace] GC(40) Metaspace: 98926K(99968K)->98926K(99968K) NonClass: 76904K(77504K)->76904K(77504K) Class: 22022K(22464K)->22022K(22464K)
[110.798s][info][gc          ] GC(40) Pause Young (Concurrent Start) (G1 Humongous Allocation) 1293M->1223M(2306M) 5.793ms
[110.798s][info][gc,cpu      ] GC(40) User=0.01s Sys=0.01s Real=0.01s
[110.798s][info][gc          ] GC(41) Concurrent Undo Cycle
[110.798s][info][gc,marking  ] GC(41) Concurrent Clear Claimed Marks
[110.799s][info][gc,marking  ] GC(41) Concurrent Clear Claimed Marks 0.156ms
[110.799s][info][gc,marking  ] GC(41) Concurrent Cleanup for Next Mark
[110.799s][info][gc,marking  ] GC(41) Concurrent Cleanup for Next Mark 0.175ms
[110.799s][info][gc          ] GC(41) Concurrent Undo Cycle 0.367ms
[110.867s][info][gc,start    ] GC(42) Pause Young (Concurrent Start) (G1 Humongous Allocation)
[110.867s][info][gc,task     ] GC(42) Using 4 workers of 4 for evacuation
[110.871s][info][gc,phases   ] GC(42)   Pre Evacuate Collection Set: 0.16ms
[110.871s][info][gc,phases   ] GC(42)   Merge Heap Roots: 0.03ms
[110.871s][info][gc,phases   ] GC(42)   Evacuate Collection Set: 3.43ms
[110.871s][info][gc,phases   ] GC(42)   Post Evacuate Collection Set: 0.35ms
[110.871s][info][gc,phases   ] GC(42)   Other: 0.05ms
[110.871s][info][gc,heap     ] GC(42) Eden regions: 5->0(333)
[110.871s][info][gc,heap     ] GC(42) Survivor regions: 21->18(43)
[110.871s][info][gc,heap     ] GC(42) Old regions: 110->110
[110.871s][info][gc,heap     ] GC(42) Humongous regions: 502->490
[110.871s][info][gc,metaspace] GC(42) Metaspace: 98933K(99968K)->98933K(99968K) NonClass: 76910K(77504K)->76910K(77504K) Class: 22022K(22464K)->22022K(22464K)
[110.871s][info][gc          ] GC(42) Pause Young (Concurrent Start) (G1 Humongous Allocation) 1272M->1233M(2306M) 4.104ms
[110.871s][info][gc,cpu      ] GC(42) User=0.01s Sys=0.00s Real=0.00s
[110.871s][info][gc          ] GC(43) Concurrent Undo Cycle
[110.871s][info][gc,marking  ] GC(43) Concurrent Clear Claimed Marks
[110.871s][info][gc,marking  ] GC(43) Concurrent Clear Claimed Marks 0.158ms
[110.871s][info][gc,marking  ] GC(43) Concurrent Cleanup for Next Mark
[110.872s][info][gc,marking  ] GC(43) Concurrent Cleanup for Next Mark 0.113ms
[110.872s][info][gc          ] GC(43) Concurrent Undo Cycle 0.302ms
[110.877s][info][gc,start    ] GC(44) Pause Young (Concurrent Start) (G1 Humongous Allocation)
[110.877s][info][gc,task     ] GC(44) Using 4 workers of 4 for evacuation
[110.879s][info][gc,phases   ] GC(44)   Pre Evacuate Collection Set: 0.19ms
[110.879s][info][gc,phases   ] GC(44)   Merge Heap Roots: 0.04ms
[110.879s][info][gc,phases   ] GC(44)   Evacuate Collection Set: 1.23ms
[110.879s][info][gc,phases   ] GC(44)   Post Evacuate Collection Set: 0.34ms
[110.879s][info][gc,phases   ] GC(44)   Other: 0.05ms
[110.879s][info][gc,heap     ] GC(44) Eden regions: 2->0(359)
[110.879s][info][gc,heap     ] GC(44) Survivor regions: 18->17(44)
[110.879s][info][gc,heap     ] GC(44) Old regions: 110->110
[110.879s][info][gc,heap     ] GC(44) Humongous regions: 496->489
[110.879s][info][gc,metaspace] GC(44) Metaspace: 98935K(99968K)->98935K(99968K) NonClass: 76912K(77504K)->76912K(77504K) Class: 22022K(22464K)->22022K(22464K)
[110.879s][info][gc          ] GC(44) Pause Young (Concurrent Start) (G1 Humongous Allocation) 1249M->1230M(2306M) 1.960ms
[110.879s][info][gc,cpu      ] GC(44) User=0.01s Sys=0.00s Real=0.00s
[110.879s][info][gc          ] GC(45) Concurrent Undo Cycle
[110.879s][info][gc,marking  ] GC(45) Concurrent Clear Claimed Marks
[110.879s][info][gc,marking  ] GC(45) Concurrent Clear Claimed Marks 0.103ms
[110.879s][info][gc,marking  ] GC(45) Concurrent Cleanup for Next Mark
[110.879s][info][gc,marking  ] GC(45) Concurrent Cleanup for Next Mark 0.089ms
[110.879s][info][gc          ] GC(45) Concurrent Undo Cycle 0.219ms
[110.880s][info][gc,start    ] GC(46) Pause Young (Concurrent Start) (G1 Humongous Allocation)
[110.880s][info][gc,task     ] GC(46) Using 4 workers of 4 for evacuation
[110.882s][info][gc,phases   ] GC(46)   Pre Evacuate Collection Set: 0.18ms
[110.882s][info][gc,phases   ] GC(46)   Merge Heap Roots: 0.04ms
[110.882s][info][gc,phases   ] GC(46)   Evacuate Collection Set: 1.15ms
[110.882s][info][gc,phases   ] GC(46)   Post Evacuate Collection Set: 0.37ms
[110.882s][info][gc,phases   ] GC(46)   Other: 0.04ms
[110.882s][info][gc,heap     ] GC(46) Eden regions: 1->0(385)
[110.882s][info][gc,heap     ] GC(46) Survivor regions: 17->17(47)
[110.882s][info][gc,heap     ] GC(46) Old regions: 110->110
[110.882s][info][gc,heap     ] GC(46) Humongous regions: 492->490
[110.882s][info][gc,metaspace] GC(46) Metaspace: 98935K(99968K)->98935K(99968K) NonClass: 76912K(77504K)->76912K(77504K) Class: 22022K(22464K)->22022K(22464K)
[110.882s][info][gc          ] GC(46) Pause Young (Concurrent Start) (G1 Humongous Allocation) 1238M->1231M(2306M) 1.860ms
[110.882s][info][gc,cpu      ] GC(46) User=0.00s Sys=0.00s Real=0.00s
[110.882s][info][gc          ] GC(47) Concurrent Mark Cycle
[110.882s][info][gc,marking  ] GC(47) Concurrent Scan Root Regions
[110.884s][info][gc,marking  ] GC(47) Concurrent Scan Root Regions 1.956ms
[110.884s][info][gc,marking  ] GC(47) Concurrent Mark
[110.884s][info][gc,marking  ] GC(47) Concurrent Mark From Roots
[110.884s][info][gc,task     ] GC(47) Using 1 workers of 1 for marking
[110.927s][info][gc,marking  ] GC(47) Concurrent Mark From Roots 42.740ms
[110.927s][info][gc,marking  ] GC(47) Concurrent Preclean
[110.927s][info][gc,marking  ] GC(47) Concurrent Preclean 0.070ms
[110.927s][info][gc,start    ] GC(47) Pause Remark
[110.937s][info][gc          ] GC(47) Pause Remark 1293M->1059M(2306M) 10.438ms
[110.937s][info][gc,cpu      ] GC(47) User=0.04s Sys=0.00s Real=0.02s
[110.937s][info][gc,marking  ] GC(47) Concurrent Mark 53.396ms
[110.937s][info][gc,marking  ] GC(47) Concurrent Rebuild Remembered Sets and Scrub Regions
[110.956s][info][gc,marking  ] GC(47) Concurrent Rebuild Remembered Sets and Scrub Regions 18.315ms
[110.956s][info][gc,start    ] GC(47) Pause Cleanup
[110.956s][info][gc          ] GC(47) Pause Cleanup 1061M->1061M(2306M) 0.061ms
[110.956s][info][gc,cpu      ] GC(47) User=0.00s Sys=0.00s Real=0.00s
[110.956s][info][gc,marking  ] GC(47) Concurrent Clear Claimed Marks
[110.956s][info][gc,marking  ] GC(47) Concurrent Clear Claimed Marks 0.129ms
[110.956s][info][gc,marking  ] GC(47) Concurrent Cleanup for Next Mark
[110.959s][info][gc,marking  ] GC(47) Concurrent Cleanup for Next Mark 3.309ms
[110.959s][info][gc          ] GC(47) Concurrent Mark Cycle 77.588ms
[111.637s][info][gc,start    ] GC(48) Pause Young (Prepare Mixed) (G1 Evacuation Pause)
[111.637s][info][gc,task     ] GC(48) Using 4 workers of 4 for evacuation
[111.666s][info][gc,phases   ] GC(48)   Pre Evacuate Collection Set: 0.13ms
[111.666s][info][gc,phases   ] GC(48)   Merge Heap Roots: 0.09ms
[111.666s][info][gc,phases   ] GC(48)   Evacuate Collection Set: 28.49ms
[111.666s][info][gc,phases   ] GC(48)   Post Evacuate Collection Set: 0.65ms
[111.666s][info][gc,phases   ] GC(48)   Other: 0.05ms
[111.666s][info][gc,heap     ] GC(48) Eden regions: 270->0(408)
[111.666s][info][gc,heap     ] GC(48) Survivor regions: 17->51(51)
[111.666s][info][gc,heap     ] GC(48) Old regions: 78->80
[111.666s][info][gc,heap     ] GC(48) Humongous regions: 799->523
[111.666s][info][gc,metaspace] GC(48) Metaspace: 99016K(100096K)->99016K(100096K) NonClass: 77007K(77632K)->77007K(77632K) Class: 22009K(22464K)->22009K(22464K)
[111.666s][info][gc          ] GC(48) Pause Young (Prepare Mixed) (G1 Evacuation Pause) 2325M->1307M(2434M) 29.530ms
[111.666s][info][gc,cpu      ] GC(48) User=0.01s Sys=0.03s Real=0.02s
[113.131s][info][gc,start    ] GC(49) Pause Young (Mixed) (G1 Evacuation Pause)
[113.131s][info][gc,task     ] GC(49) Using 4 workers of 4 for evacuation
[113.156s][info][gc,phases   ] GC(49)   Pre Evacuate Collection Set: 0.16ms
[113.156s][info][gc,phases   ] GC(49)   Merge Heap Roots: 0.12ms
[113.156s][info][gc,phases   ] GC(49)   Evacuate Collection Set: 24.30ms
[113.156s][info][gc,phases   ] GC(49)   Post Evacuate Collection Set: 0.65ms
[113.156s][info][gc,phases   ] GC(49)   Other: 0.07ms
[113.156s][info][gc,heap     ] GC(49) Eden regions: 200->0(415)
[113.156s][info][gc,heap     ] GC(49) Survivor regions: 51->47(58)
[113.156s][info][gc,heap     ] GC(49) Old regions: 80->85
[113.156s][info][gc,heap     ] GC(49) Humongous regions: 891->562
[113.156s][info][gc,metaspace] GC(49) Metaspace: 99219K(100288K)->99219K(100288K) NonClass: 77210K(77824K)->77210K(77824K) Class: 22009K(22464K)->22009K(22464K)
[113.156s][info][gc          ] GC(49) Pause Young (Mixed) (G1 Evacuation Pause) 2443M->1386M(2564M) 25.473ms
[113.156s][info][gc,cpu      ] GC(49) User=0.01s Sys=0.04s Real=0.02s
[113.159s][info][gc,start    ] GC(50) Pause Young (Concurrent Start) (G1 Humongous Allocation)
[113.159s][info][gc,task     ] GC(50) Using 4 workers of 4 for evacuation
[113.164s][info][gc,phases   ] GC(50)   Pre Evacuate Collection Set: 0.19ms
[113.164s][info][gc,phases   ] GC(50)   Merge Heap Roots: 0.05ms
[113.164s][info][gc,phases   ] GC(50)   Evacuate Collection Set: 3.93ms
[113.164s][info][gc,phases   ] GC(50)   Post Evacuate Collection Set: 0.39ms
[113.164s][info][gc,phases   ] GC(50)   Other: 0.05ms
[113.164s][info][gc,heap     ] GC(50) Eden regions: 14->0(383)
[113.164s][info][gc,heap     ] GC(50) Survivor regions: 47->7(58)
[113.164s][info][gc,heap     ] GC(50) Old regions: 85->132
[113.164s][info][gc,heap     ] GC(50) Humongous regions: 562->562
[113.164s][info][gc,metaspace] GC(50) Metaspace: 99220K(100288K)->99220K(100288K) NonClass: 77210K(77824K)->77210K(77824K) Class: 22009K(22464K)->22009K(22464K)
[113.164s][info][gc          ] GC(50) Pause Young (Concurrent Start) (G1 Humongous Allocation) 1414M->1401M(2564M) 4.705ms
[113.164s][info][gc,cpu      ] GC(50) User=0.01s Sys=0.00s Real=0.00s
[113.164s][info][gc          ] GC(51) Concurrent Mark Cycle
[113.164s][info][gc,marking  ] GC(51) Concurrent Scan Root Regions
[113.170s][info][gc,marking  ] GC(51) Concurrent Scan Root Regions 6.041ms
[113.170s][info][gc,marking  ] GC(51) Concurrent Mark
[113.170s][info][gc,marking  ] GC(51) Concurrent Mark From Roots
[113.170s][info][gc,task     ] GC(51) Using 1 workers of 1 for marking
[113.240s][info][gc,marking  ] GC(51) Concurrent Mark From Roots 69.753ms
[113.240s][info][gc,marking  ] GC(51) Concurrent Preclean
[113.240s][info][gc,marking  ] GC(51) Concurrent Preclean 0.113ms
[113.240s][info][gc,start    ] GC(51) Pause Remark
[113.265s][info][gc          ] GC(51) Pause Remark 1477M->1109M(2564M) 25.243ms
[113.265s][info][gc,cpu      ] GC(51) User=0.04s Sys=0.00s Real=0.02s
[113.265s][info][gc,marking  ] GC(51) Concurrent Mark 95.303ms
[113.265s][info][gc,marking  ] GC(51) Concurrent Rebuild Remembered Sets and Scrub Regions
[113.294s][info][gc,marking  ] GC(51) Concurrent Rebuild Remembered Sets and Scrub Regions 28.697ms
[113.294s][info][gc,start    ] GC(51) Pause Cleanup
[113.294s][info][gc          ] GC(51) Pause Cleanup 1145M->1145M(2564M) 0.124ms
[113.294s][info][gc,cpu      ] GC(51) User=0.00s Sys=0.00s Real=0.00s
[113.294s][info][gc,marking  ] GC(51) Concurrent Clear Claimed Marks
[113.294s][info][gc,marking  ] GC(51) Concurrent Clear Claimed Marks 0.212ms
[113.294s][info][gc,marking  ] GC(51) Concurrent Cleanup for Next Mark
[113.298s][info][gc,marking  ] GC(51) Concurrent Cleanup for Next Mark 3.807ms
[113.298s][info][gc          ] GC(51) Concurrent Mark Cycle 134.454ms
[114.840s][info][gc,start    ] GC(52) Pause Young (Prepare Mixed) (G1 Evacuation Pause)
[114.840s][info][gc,task     ] GC(52) Using 4 workers of 4 for evacuation
[114.891s][info][gc,phases   ] GC(52)   Pre Evacuate Collection Set: 0.27ms
[114.891s][info][gc,phases   ] GC(52)   Merge Heap Roots: 0.13ms
[114.891s][info][gc,phases   ] GC(52)   Evacuate Collection Set: 49.80ms
[114.891s][info][gc,phases   ] GC(52)   Post Evacuate Collection Set: 0.98ms
[114.891s][info][gc,phases   ] GC(52)   Other: 0.07ms
[114.891s][info][gc,heap     ] GC(52) Eden regions: 218->0(351)
[114.891s][info][gc,heap     ] GC(52) Survivor regions: 7->49(49)
[114.891s][info][gc,heap     ] GC(52) Old regions: 108->156
[114.891s][info][gc,heap     ] GC(52) Humongous regions: 952->562
[114.891s][info][gc,metaspace] GC(52) Metaspace: 99239K(100288K)->99239K(100288K) NonClass: 77230K(77824K)->77230K(77824K) Class: 22009K(22464K)->22009K(22464K)
[114.891s][info][gc          ] GC(52) Pause Young (Prepare Mixed) (G1 Evacuation Pause) 2569M->1534M(2764M) 51.408ms
[114.891s][info][gc,cpu      ] GC(52) User=0.03s Sys=0.07s Real=0.05s
[115.823s][info][gc,start    ] GC(53) Pause Young (Mixed) (G1 Evacuation Pause)
[115.823s][info][gc,task     ] GC(53) Using 4 workers of 4 for evacuation
[115.887s][info][gc,phases   ] GC(53)   Pre Evacuate Collection Set: 0.35ms
[115.887s][info][gc,phases   ] GC(53)   Merge Heap Roots: 0.08ms
[115.887s][info][gc,phases   ] GC(53)   Evacuate Collection Set: 57.58ms
[115.887s][info][gc,phases   ] GC(53)   Post Evacuate Collection Set: 6.30ms
[115.887s][info][gc,phases   ] GC(53)   Other: 0.10ms
[115.887s][info][gc,heap     ] GC(53) Eden regions: 264->0(169)
[115.887s][info][gc,heap     ] GC(53) Survivor regions: 49->17(27)
[115.887s][info][gc,heap     ] GC(53) Old regions: 156->468
[115.887s][info][gc,heap     ] GC(53) Humongous regions: 938->672
[115.887s][info][gc,metaspace] GC(53) Metaspace: 99324K(100352K)->99324K(100352K) NonClass: 77315K(77888K)->77315K(77888K) Class: 22009K(22464K)->22009K(22464K)
[115.887s][info][gc          ] GC(53) Pause Young (Mixed) (G1 Evacuation Pause) (Evacuation Failure: Allocation) 2814M->2314M(2868M) 64.535ms
[115.888s][info][gc,cpu      ] GC(53) User=0.07s Sys=0.07s Real=0.07s
[115.888s][info][gc,start    ] GC(54) Pause Young (Concurrent Start) (G1 Humongous Allocation)
[115.888s][info][gc,task     ] GC(54) Using 4 workers of 4 for evacuation
[115.898s][info][gc,phases   ] GC(54)   Pre Evacuate Collection Set: 0.53ms
[115.898s][info][gc,phases   ] GC(54)   Merge Heap Roots: 0.08ms
[115.898s][info][gc,phases   ] GC(54)   Evacuate Collection Set: 9.26ms
[115.898s][info][gc,phases   ] GC(54)   Post Evacuate Collection Set: 0.48ms
[115.898s][info][gc,phases   ] GC(54)   Other: 0.07ms
[115.898s][info][gc,heap     ] GC(54) Eden regions: 2->0(279)
[115.898s][info][gc,heap     ] GC(54) Survivor regions: 17->2(24)
[115.898s][info][gc,heap     ] GC(54) Old regions: 468->341
[115.898s][info][gc,heap     ] GC(54) Humongous regions: 672->672
[115.898s][info][gc,metaspace] GC(54) Metaspace: 99324K(100352K)->99324K(100352K) NonClass: 77315K(77888K)->77315K(77888K) Class: 22009K(22464K)->22009K(22464K)
[115.898s][info][gc          ] GC(54) Pause Young (Concurrent Start) (G1 Humongous Allocation) 2317M->2028M(2868M) 10.517ms
[115.898s][info][gc,cpu      ] GC(54) User=0.04s Sys=0.00s Real=0.01s
[115.898s][info][gc          ] GC(55) Concurrent Mark Cycle
[115.898s][info][gc,marking  ] GC(55) Concurrent Scan Root Regions
[115.907s][info][gc,marking  ] GC(55) Concurrent Scan Root Regions 8.152ms
[115.907s][info][gc,marking  ] GC(55) Concurrent Mark
[115.907s][info][gc,marking  ] GC(55) Concurrent Mark From Roots
[115.907s][info][gc,task     ] GC(55) Using 1 workers of 1 for marking
[115.979s][info][gc,marking  ] GC(55) Concurrent Mark From Roots 72.696ms
[115.979s][info][gc,marking  ] GC(55) Concurrent Preclean
[115.979s][info][gc,marking  ] GC(55) Concurrent Preclean 0.074ms
[115.979s][info][gc,start    ] GC(55) Pause Remark
[115.983s][info][gc          ] GC(55) Pause Remark 2322M->1714M(2868M) 3.821ms
[115.983s][info][gc,cpu      ] GC(55) User=0.01s Sys=0.00s Real=0.00s
[115.983s][info][gc,marking  ] GC(55) Concurrent Mark 76.743ms
[115.983s][info][gc,marking  ] GC(55) Concurrent Rebuild Remembered Sets and Scrub Regions
[116.014s][info][gc,marking  ] GC(55) Concurrent Rebuild Remembered Sets and Scrub Regions 31.010ms
[116.015s][info][gc,start    ] GC(55) Pause Cleanup
[116.015s][info][gc          ] GC(55) Pause Cleanup 1824M->1824M(2868M) 0.114ms
[116.015s][info][gc,cpu      ] GC(55) User=0.00s Sys=0.00s Real=0.00s
[116.015s][info][gc,marking  ] GC(55) Concurrent Clear Claimed Marks
[116.015s][info][gc,marking  ] GC(55) Concurrent Clear Claimed Marks 0.213ms
[116.015s][info][gc,marking  ] GC(55) Concurrent Cleanup for Next Mark
[116.019s][info][gc,marking  ] GC(55) Concurrent Cleanup for Next Mark 4.157ms
[116.019s][info][gc          ] GC(55) Concurrent Mark Cycle 121.062ms
[117.180s][info][gc,start    ] GC(56) Pause Young (Prepare Mixed) (G1 Evacuation Pause)
[117.180s][info][gc,task     ] GC(56) Using 4 workers of 4 for evacuation
[117.190s][info][gc,phases   ] GC(56)   Pre Evacuate Collection Set: 0.21ms
[117.190s][info][gc,phases   ] GC(56)   Merge Heap Roots: 0.09ms
[117.190s][info][gc,phases   ] GC(56)   Evacuate Collection Set: 3.04ms
[117.190s][info][gc,phases   ] GC(56)   Post Evacuate Collection Set: 6.55ms
[117.190s][info][gc,phases   ] GC(56)   Other: 0.10ms
[117.190s][info][gc,heap     ] GC(56) Eden regions: 278->0(293)
[117.190s][info][gc,heap     ] GC(56) Survivor regions: 2->0(0)
[117.190s][info][gc,heap     ] GC(56) Old regions: 297->523
[117.190s][info][gc,heap     ] GC(56) Humongous regions: 857->502
[117.190s][info][gc,metaspace] GC(56) Metaspace: 99431K(100480K)->99431K(100480K) NonClass: 77421K(78016K)->77421K(78016K) Class: 22009K(22464K)->22009K(22464K)
[117.190s][info][gc          ] GC(56) Pause Young (Prepare Mixed) (G1 Evacuation Pause) (Evacuation Failure: Allocation) 2866M->2049M(2868M) 10.143ms
[117.190s][info][gc,cpu      ] GC(56) User=0.04s Sys=0.00s Real=0.01s
[117.359s][info][gc,start    ] GC(57) Pause Young (Mixed) (G1 Humongous Allocation)
[117.359s][info][gc,task     ] GC(57) Using 4 workers of 4 for evacuation
[117.369s][info][gc,phases   ] GC(57)   Pre Evacuate Collection Set: 0.32ms
[117.369s][info][gc,phases   ] GC(57)   Merge Heap Roots: 0.16ms
[117.369s][info][gc,phases   ] GC(57)   Evacuate Collection Set: 5.52ms
[117.369s][info][gc,phases   ] GC(57)   Post Evacuate Collection Set: 4.12ms
[117.369s][info][gc,phases   ] GC(57)   Other: 0.06ms
[117.369s][info][gc,heap     ] GC(57) Eden regions: 91->0(143)
[117.369s][info][gc,heap     ] GC(57) Survivor regions: 0->4(12)
[117.369s][info][gc,heap     ] GC(57) Old regions: 523->616
[117.369s][info][gc,heap     ] GC(57) Humongous regions: 808->598
[117.369s][info][gc,metaspace] GC(57) Metaspace: 99456K(100544K)->99456K(100544K) NonClass: 77447K(78080K)->77447K(78080K) Class: 22009K(22464K)->22009K(22464K)
[117.369s][info][gc          ] GC(57) Pause Young (Mixed) (G1 Humongous Allocation) (Evacuation Failure: Allocation) 2843M->2435M(2868M) 10.302ms
[117.369s][info][gc,cpu      ] GC(57) User=0.04s Sys=0.00s Real=0.01s
[117.371s][info][gc,start    ] GC(58) Pause Young (Concurrent Start) (G1 Humongous Allocation)
[117.371s][info][gc,task     ] GC(58) Using 4 workers of 4 for evacuation
[117.379s][info][gc,phases   ] GC(58)   Pre Evacuate Collection Set: 0.38ms
[117.379s][info][gc,phases   ] GC(58)   Merge Heap Roots: 0.18ms
[117.379s][info][gc,phases   ] GC(58)   Evacuate Collection Set: 6.26ms
[117.379s][info][gc,phases   ] GC(58)   Post Evacuate Collection Set: 0.69ms
[117.379s][info][gc,phases   ] GC(58)   Other: 0.09ms
[117.379s][info][gc,heap     ] GC(58) Eden regions: 3->0(245)
[117.379s][info][gc,heap     ] GC(58) Survivor regions: 4->5(19)
[117.379s][info][gc,heap     ] GC(58) Old regions: 616->504
[117.379s][info][gc,heap     ] GC(58) Humongous regions: 603->590
[117.379s][info][gc,metaspace] GC(58) Metaspace: 99456K(100544K)->99456K(100544K) NonClass: 77447K(78080K)->77447K(78080K) Class: 22009K(22464K)->22009K(22464K)
[117.379s][info][gc          ] GC(58) Pause Young (Concurrent Start) (G1 Humongous Allocation) 2449M->2196M(2868M) 7.801ms
[117.379s][info][gc,cpu      ] GC(58) User=0.03s Sys=0.00s Real=0.01s
[117.379s][info][gc          ] GC(59) Concurrent Mark Cycle
[117.379s][info][gc,marking  ] GC(59) Concurrent Scan Root Regions
[117.395s][info][gc,marking  ] GC(59) Concurrent Scan Root Regions 15.932ms
[117.395s][info][gc,marking  ] GC(59) Concurrent Mark
[117.395s][info][gc,marking  ] GC(59) Concurrent Mark From Roots
[117.395s][info][gc,task     ] GC(59) Using 1 workers of 1 for marking
[117.449s][info][gc,marking  ] GC(59) Concurrent Mark From Roots 53.923ms
[117.449s][info][gc,marking  ] GC(59) Concurrent Preclean
[117.449s][info][gc,marking  ] GC(59) Concurrent Preclean 0.185ms
[117.450s][info][gc,start    ] GC(59) Pause Remark
[117.454s][info][gc          ] GC(59) Pause Remark 2447M->2045M(2868M) 3.955ms
[117.454s][info][gc,cpu      ] GC(59) User=0.01s Sys=0.00s Real=0.00s
[117.454s][info][gc,marking  ] GC(59) Concurrent Mark 59.023ms
[117.454s][info][gc,marking  ] GC(59) Concurrent Rebuild Remembered Sets and Scrub Regions
[117.490s][info][gc,marking  ] GC(59) Concurrent Rebuild Remembered Sets and Scrub Regions 36.079ms
[117.491s][info][gc,start    ] GC(59) Pause Cleanup
[117.491s][info][gc          ] GC(59) Pause Cleanup 2127M->2127M(2868M) 0.136ms
[117.491s][info][gc,cpu      ] GC(59) User=0.01s Sys=0.00s Real=0.00s
[117.491s][info][gc,marking  ] GC(59) Concurrent Clear Claimed Marks
[117.491s][info][gc,marking  ] GC(59) Concurrent Clear Claimed Marks 0.159ms
[117.491s][info][gc,marking  ] GC(59) Concurrent Cleanup for Next Mark
[117.493s][info][gc,marking  ] GC(59) Concurrent Cleanup for Next Mark 1.287ms
[117.493s][info][gc          ] GC(59) Concurrent Mark Cycle 113.670ms
[118.636s][info][gc,start    ] GC(60) Pause Young (Prepare Mixed) (G1 Evacuation Pause)
[118.636s][info][gc,task     ] GC(60) Using 4 workers of 4 for evacuation
[118.646s][info][gc,phases   ] GC(60)   Pre Evacuate Collection Set: 0.21ms
[118.646s][info][gc,phases   ] GC(60)   Merge Heap Roots: 0.11ms
[118.646s][info][gc,phases   ] GC(60)   Evacuate Collection Set: 4.32ms
[118.646s][info][gc,phases   ] GC(60)   Post Evacuate Collection Set: 5.29ms
[118.646s][info][gc,phases   ] GC(60)   Other: 0.11ms
[118.646s][info][gc,heap     ] GC(60) Eden regions: 184->0(243)
[118.646s][info][gc,heap     ] GC(60) Survivor regions: 5->0(0)
[118.646s][info][gc,heap     ] GC(60) Old regions: 468->611
[118.646s][info][gc,heap     ] GC(60) Humongous regions: 777->507
[118.646s][info][gc,metaspace] GC(60) Metaspace: 99672K(100672K)->99672K(100672K) NonClass: 77663K(78208K)->77663K(78208K) Class: 22009K(22464K)->22009K(22464K)
[118.646s][info][gc          ] GC(60) Pause Young (Prepare Mixed) (G1 Evacuation Pause) (Evacuation Failure: Allocation) 2866M->2235M(2868M) 10.324ms
[118.646s][info][gc,cpu      ] GC(60) User=0.04s Sys=0.00s Real=0.01s
[118.872s][info][gc,start    ] GC(61) Pause Young (Mixed) (G1 Humongous Allocation)
[118.872s][info][gc,task     ] GC(61) Using 4 workers of 4 for evacuation
[118.882s][info][gc,phases   ] GC(61)   Pre Evacuate Collection Set: 0.25ms
[118.882s][info][gc,phases   ] GC(61)   Merge Heap Roots: 0.14ms
[118.882s][info][gc,phases   ] GC(61)   Evacuate Collection Set: 4.77ms
[118.882s][info][gc,phases   ] GC(61)   Post Evacuate Collection Set: 5.13ms
[118.882s][info][gc,phases   ] GC(61)   Other: 0.06ms
[118.882s][info][gc,heap     ] GC(61) Eden regions: 158->0(125)
[118.882s][info][gc,heap     ] GC(61) Survivor regions: 0->1(3)
[118.882s][info][gc,heap     ] GC(61) Old regions: 611->751
[118.882s][info][gc,heap     ] GC(61) Humongous regions: 662->484
[118.882s][info][gc,metaspace] GC(61) Metaspace: 99685K(100736K)->99685K(100736K) NonClass: 77676K(78272K)->77676K(78272K) Class: 22009K(22464K)->22009K(22464K)
[118.882s][info][gc          ] GC(61) Pause Young (Mixed) (G1 Humongous Allocation) (Evacuation Failure: Allocation) 2861M->2471M(2868M) 10.441ms
[118.882s][info][gc,cpu      ] GC(61) User=0.04s Sys=0.00s Real=0.01s
[118.884s][info][gc,start    ] GC(62) Pause Young (Concurrent Start) (G1 Humongous Allocation)
[118.884s][info][gc,task     ] GC(62) Using 4 workers of 4 for evacuation
[118.892s][info][gc,phases   ] GC(62)   Pre Evacuate Collection Set: 0.23ms
[118.892s][info][gc,phases   ] GC(62)   Merge Heap Roots: 0.17ms
[118.892s][info][gc,phases   ] GC(62)   Evacuate Collection Set: 6.71ms
[118.892s][info][gc,phases   ] GC(62)   Post Evacuate Collection Set: 0.52ms
[118.892s][info][gc,phases   ] GC(62)   Other: 0.06ms
[118.892s][info][gc,heap     ] GC(62) Eden regions: 4->0(202)
[118.892s][info][gc,heap     ] GC(62) Survivor regions: 1->2(16)
[118.892s][info][gc,heap     ] GC(62) Old regions: 751->672
[118.892s][info][gc,heap     ] GC(62) Humongous regions: 487->485
[118.892s][info][gc,metaspace] GC(62) Metaspace: 99685K(100736K)->99685K(100736K) NonClass: 77676K(78272K)->77676K(78272K) Class: 22009K(22464K)->22009K(22464K)
[118.892s][info][gc          ] GC(62) Pause Young (Concurrent Start) (G1 Humongous Allocation) 2484M->2316M(2868M) 7.786ms
[118.892s][info][gc          ] GC(63) Concurrent Mark Cycle
[118.892s][info][gc,cpu      ] GC(62) User=0.03s Sys=0.00s Real=0.01s
[118.892s][info][gc,marking  ] GC(63) Concurrent Scan Root Regions
[118.919s][info][gc,marking  ] GC(63) Concurrent Scan Root Regions 26.816ms
[118.919s][info][gc,marking  ] GC(63) Concurrent Mark
[118.919s][info][gc,marking  ] GC(63) Concurrent Mark From Roots
[118.919s][info][gc,task     ] GC(63) Using 1 workers of 1 for marking
[118.979s][info][gc,marking  ] GC(63) Concurrent Mark From Roots 59.888ms
[118.979s][info][gc,marking  ] GC(63) Concurrent Preclean
[118.979s][info][gc,marking  ] GC(63) Concurrent Preclean 0.066ms
[118.979s][info][gc,start    ] GC(63) Pause Remark
[118.981s][info][gc          ] GC(63) Pause Remark 2822M->2742M(2868M) 2.368ms
[118.981s][info][gc,cpu      ] GC(63) User=0.01s Sys=0.00s Real=0.00s
[118.981s][info][gc,marking  ] GC(63) Concurrent Mark 62.450ms
[118.981s][info][gc,marking  ] GC(63) Concurrent Rebuild Remembered Sets and Scrub Regions
[119.003s][info][gc,start    ] GC(64) Pause Young (Normal) (G1 Humongous Allocation)
[119.003s][info][gc,task     ] GC(64) Using 4 workers of 4 for evacuation
[119.011s][info][gc,phases   ] GC(64)   Pre Evacuate Collection Set: 0.30ms
[119.011s][info][gc,phases   ] GC(64)   Merge Heap Roots: 0.15ms
[119.011s][info][gc,phases   ] GC(64)   Evacuate Collection Set: 4.92ms
[119.011s][info][gc,phases   ] GC(64)   Post Evacuate Collection Set: 2.29ms
[119.011s][info][gc,phases   ] GC(64)   Other: 0.05ms
[119.011s][info][gc,heap     ] GC(64) Eden regions: 25->0(197)
[119.011s][info][gc,heap     ] GC(64) Survivor regions: 2->5(23)
[119.011s][info][gc,heap     ] GC(64) Old regions: 662->689
[119.011s][info][gc,heap     ] GC(64) Humongous regions: 722->470
[119.011s][info][gc,metaspace] GC(64) Metaspace: 99691K(100736K)->99691K(100736K) NonClass: 77681K(78272K)->77681K(78272K) Class: 22009K(22464K)->22009K(22464K)
[119.011s][info][gc          ] GC(64) Pause Young (Normal) (G1 Humongous Allocation) (Evacuation Failure: Allocation) 2818M->2326M(2868M) 7.789ms
[119.011s][info][gc,cpu      ] GC(64) User=0.03s Sys=0.00s Real=0.01s
[119.030s][info][gc,marking  ] GC(63) Concurrent Rebuild Remembered Sets and Scrub Regions 48.923ms
[119.031s][info][gc,start    ] GC(63) Pause Cleanup
[119.031s][info][gc          ] GC(63) Pause Cleanup 2438M->2438M(2868M) 0.170ms
[119.031s][info][gc,cpu      ] GC(63) User=0.00s Sys=0.00s Real=0.00s
[119.031s][info][gc,marking  ] GC(63) Concurrent Clear Claimed Marks
[119.031s][info][gc,marking  ] GC(63) Concurrent Clear Claimed Marks 0.153ms
[119.031s][info][gc,marking  ] GC(63) Concurrent Cleanup for Next Mark
[119.033s][info][gc,marking  ] GC(63) Concurrent Cleanup for Next Mark 1.209ms
[119.033s][info][gc          ] GC(63) Concurrent Mark Cycle 140.795ms
[119.570s][info][gc,start    ] GC(65) Pause Young (Prepare Mixed) (G1 Humongous Allocation)
[119.570s][info][gc,task     ] GC(65) Using 4 workers of 4 for evacuation
[119.577s][info][gc,phases   ] GC(65)   Pre Evacuate Collection Set: 0.37ms
[119.577s][info][gc,phases   ] GC(65)   Merge Heap Roots: 0.24ms
[119.577s][info][gc,phases   ] GC(65)   Evacuate Collection Set: 3.40ms
[119.577s][info][gc,phases   ] GC(65)   Post Evacuate Collection Set: 2.83ms
[119.577s][info][gc,phases   ] GC(65)   Other: 0.06ms
[119.577s][info][gc,heap     ] GC(65) Eden regions: 67->0(94)
[119.577s][info][gc,heap     ] GC(65) Survivor regions: 5->4(10)
[119.577s][info][gc,heap     ] GC(65) Old regions: 689->763
[119.577s][info][gc,heap     ] GC(65) Humongous regions: 663->500
[119.577s][info][gc,metaspace] GC(65) Metaspace: 99695K(100736K)->99695K(100736K) NonClass: 77685K(78272K)->77685K(78272K) Class: 22009K(22464K)->22009K(22464K)
[119.577s][info][gc          ] GC(65) Pause Young (Prepare Mixed) (G1 Humongous Allocation) (Evacuation Failure: Allocation) 2846M->2532M(2868M) 6.997ms
[119.577s][info][gc,cpu      ] GC(65) User=0.02s Sys=0.00s Real=0.00s
[120.112s][info][gc,start    ] GC(66) Pause Young (Mixed) (G1 Evacuation Pause)
[120.112s][info][gc,task     ] GC(66) Using 4 workers of 4 for evacuation
[120.122s][info][gc,phases   ] GC(66)   Pre Evacuate Collection Set: 0.20ms
[120.122s][info][gc,phases   ] GC(66)   Merge Heap Roots: 0.14ms
[120.122s][info][gc,phases   ] GC(66)   Evacuate Collection Set: 5.08ms
[120.122s][info][gc,phases   ] GC(66)   Post Evacuate Collection Set: 4.67ms
[120.122s][info][gc,phases   ] GC(66)   Other: 0.05ms
[120.122s][info][gc,heap     ] GC(66) Eden regions: 94->0(46)
[120.122s][info][gc,heap     ] GC(66) Survivor regions: 4->7(11)
[120.122s][info][gc,heap     ] GC(66) Old regions: 763->864
[120.122s][info][gc,heap     ] GC(66) Humongous regions: 562->517
[120.122s][info][gc,metaspace] GC(66) Metaspace: 99704K(100736K)->99704K(100736K) NonClass: 77694K(78272K)->77694K(78272K) Class: 22009K(22464K)->22009K(22464K)
[120.122s][info][gc          ] GC(66) Pause Young (Mixed) (G1 Evacuation Pause) (Evacuation Failure: Allocation) 2844M->2774M(2868M) 10.282ms
[120.122s][info][gc,cpu      ] GC(66) User=0.04s Sys=0.00s Real=0.01s
[120.143s][info][gc,start    ] GC(67) Pause Young (Concurrent Start) (G1 Humongous Allocation)
[120.143s][info][gc,task     ] GC(67) Using 4 workers of 4 for evacuation
[120.151s][info][gc,phases   ] GC(67)   Pre Evacuate Collection Set: 0.26ms
[120.151s][info][gc,phases   ] GC(67)   Merge Heap Roots: 0.20ms
[120.151s][info][gc,phases   ] GC(67)   Evacuate Collection Set: 4.99ms
[120.151s][info][gc,phases   ] GC(67)   Post Evacuate Collection Set: 2.76ms
[120.151s][info][gc,phases   ] GC(67)   Other: 0.06ms
[120.151s][info][gc,heap     ] GC(67) Eden regions: 18->0(47)
[120.151s][info][gc,heap     ] GC(67) Survivor regions: 7->7(7)
[120.151s][info][gc,heap     ] GC(67) Old regions: 864->893
[120.151s][info][gc,heap     ] GC(67) Humongous regions: 517->487
[120.151s][info][gc,metaspace] GC(67) Metaspace: 99704K(100736K)->99704K(100736K) NonClass: 77694K(78272K)->77694K(78272K) Class: 22009K(22464K)->22009K(22464K)
[120.151s][info][gc          ] GC(67) Pause Young (Concurrent Start) (G1 Humongous Allocation) (Evacuation Failure: Allocation) 2809M->2771M(2868M) 8.353ms
[120.151s][info][gc          ] GC(68) Concurrent Mark Cycle
[120.151s][info][gc,marking  ] GC(68) Concurrent Scan Root Regions
[120.151s][info][gc,cpu      ] GC(67) User=0.03s Sys=0.00s Real=0.01s
[120.171s][info][gc,marking  ] GC(68) Concurrent Scan Root Regions 20.039ms
[120.171s][info][gc,marking  ] GC(68) Concurrent Mark
[120.171s][info][gc,marking  ] GC(68) Concurrent Mark From Roots
[120.171s][info][gc,task     ] GC(68) Using 1 workers of 1 for marking
[120.188s][info][gc,start    ] GC(69) Pause Young (Normal) (G1 Evacuation Pause)
[120.188s][info][gc,task     ] GC(69) Using 4 workers of 4 for evacuation
[120.195s][info][gc,phases   ] GC(69)   Pre Evacuate Collection Set: 0.17ms
[120.196s][info][gc,phases   ] GC(69)   Merge Heap Roots: 0.13ms
[120.196s][info][gc,phases   ] GC(69)   Evacuate Collection Set: 3.25ms
[120.196s][info][gc,phases   ] GC(69)   Post Evacuate Collection Set: 3.85ms
[120.196s][info][gc,phases   ] GC(69)   Other: 0.05ms
[120.196s][info][gc,heap     ] GC(69) Eden regions: 30->0(12)
[120.196s][info][gc,heap     ] GC(69) Survivor regions: 7->0(0)
[120.196s][info][gc,heap     ] GC(69) Old regions: 893->930
[120.196s][info][gc,heap     ] GC(69) Humongous regions: 504->492
[120.196s][info][gc,metaspace] GC(69) Metaspace: 99704K(100736K)->99704K(100736K) NonClass: 77694K(78272K)->77694K(78272K) Class: 22009K(22464K)->22009K(22464K)
[120.196s][info][gc          ] GC(69) Pause Young (Normal) (G1 Evacuation Pause) (Evacuation Failure: Allocation) 2865M->2841M(2868M) 7.726ms
[120.196s][info][gc,cpu      ] GC(69) User=0.03s Sys=0.00s Real=0.00s
[120.208s][info][gc,start    ] GC(70) Pause Young (Normal) (G1 Evacuation Pause)
[120.208s][info][gc,task     ] GC(70) Using 4 workers of 4 for evacuation
[120.215s][info][gc,phases   ] GC(70)   Pre Evacuate Collection Set: 0.18ms
[120.215s][info][gc,phases   ] GC(70)   Merge Heap Roots: 0.17ms
[120.215s][info][gc,phases   ] GC(70)   Evacuate Collection Set: 3.06ms
[120.215s][info][gc,phases   ] GC(70)   Post Evacuate Collection Set: 2.95ms
[120.215s][info][gc,phases   ] GC(70)   Other: 0.05ms
[120.215s][info][gc,heap     ] GC(70) Eden regions: 12->0(1)
[120.215s][info][gc,heap     ] GC(70) Survivor regions: 0->0(0)
[120.215s][info][gc,heap     ] GC(70) Old regions: 930->942
[120.215s][info][gc,heap     ] GC(70) Humongous regions: 492->492
[120.215s][info][gc,metaspace] GC(70) Metaspace: 99704K(100736K)->99704K(100736K) NonClass: 77694K(78272K)->77694K(78272K) Class: 22009K(22464K)->22009K(22464K)
[120.215s][info][gc          ] GC(70) Pause Young (Normal) (G1 Evacuation Pause) (Evacuation Failure: Allocation) 2865M->2865M(2868M) 6.510ms
[120.215s][info][gc,cpu      ] GC(70) User=0.02s Sys=0.00s Real=0.00s
[120.215s][info][gc,ergo     ] Attempting full compaction
[120.215s][info][gc,start    ] GC(71) Pause Full (G1 Compaction Pause)
[120.215s][info][gc,task     ] GC(71) Using 4 workers of 4 for full compaction
[120.216s][info][gc,phases,start] GC(71) Phase 1: Mark live objects
[120.236s][info][gc,phases      ] GC(71) Phase 1: Mark live objects 19.760ms
[120.236s][info][gc,phases,start] GC(71) Phase 2: Prepare compaction
[120.241s][info][gc,phases      ] GC(71) Phase 2: Prepare compaction 4.721ms
[120.241s][info][gc,phases,start] GC(71) Phase 3: Adjust pointers
[120.249s][info][gc,phases      ] GC(71) Phase 3: Adjust pointers 8.314ms
[120.249s][info][gc,phases,start] GC(71) Phase 4: Compact heap
[120.257s][info][gc,phases      ] GC(71) Phase 4: Compact heap 8.225ms
[120.257s][info][gc,phases,start] GC(71) Phase 5: Reset Metadata
[120.259s][info][gc,phases      ] GC(71) Phase 5: Reset Metadata 1.328ms
[120.261s][info][gc,heap        ] GC(71) Eden regions: 0->0(639)
[120.261s][info][gc,heap        ] GC(71) Survivor regions: 0->0(0)
[120.261s][info][gc,heap        ] GC(71) Old regions: 942->82
[120.261s][info][gc,heap        ] GC(71) Humongous regions: 492->402
[120.261s][info][gc,metaspace   ] GC(71) Metaspace: 99704K(100736K)->99254K(100736K) NonClass: 77694K(78272K)->77367K(78272K) Class: 22009K(22464K)->21887K(22464K)
[120.261s][info][gc             ] GC(71) Pause Full (G1 Compaction Pause) 2865M->963M(2868M) 46.302ms
[120.261s][info][gc,cpu         ] GC(71) User=0.16s Sys=0.01s Real=0.05s
[120.261s][info][gc,marking     ] GC(68) Concurrent Mark From Roots 89.922ms
[120.261s][info][gc,marking     ] GC(68) Concurrent Mark Abort
[120.261s][info][gc             ] GC(68) Concurrent Mark Cycle 110.047ms
[120.362s][info][gc,start       ] GC(72) Pause Young (Concurrent Start) (G1 Humongous Allocation)
[120.362s][info][gc,task        ] GC(72) Using 4 workers of 4 for evacuation
[120.368s][info][gc,phases      ] GC(72)   Pre Evacuate Collection Set: 0.35ms
[120.368s][info][gc,phases      ] GC(72)   Merge Heap Roots: 0.10ms
[120.368s][info][gc,phases      ] GC(72)   Evacuate Collection Set: 5.13ms
[120.368s][info][gc,phases      ] GC(72)   Post Evacuate Collection Set: 0.59ms
[120.368s][info][gc,phases      ] GC(72)   Other: 0.07ms
[120.368s][info][gc,heap        ] GC(72) Eden regions: 103->0(509)
[120.368s][info][gc,heap        ] GC(72) Survivor regions: 0->52(80)
[120.368s][info][gc,heap        ] GC(72) Old regions: 82->82
[120.368s][info][gc,heap        ] GC(72) Humongous regions: 402->402
[120.368s][info][gc,metaspace   ] GC(72) Metaspace: 99254K(100736K)->99254K(100736K) NonClass: 77367K(78272K)->77367K(78272K) Class: 21887K(22464K)->21887K(22464K)
[120.369s][info][gc             ] GC(72) Pause Young (Concurrent Start) (G1 Humongous Allocation) 1168M->1067M(2868M) 6.339ms
[120.369s][info][gc             ] GC(73) Concurrent Mark Cycle
[120.369s][info][gc,marking     ] GC(73) Concurrent Scan Root Regions
[120.369s][info][gc,cpu         ] GC(72) User=0.02s Sys=0.00s Real=0.01s
[120.374s][info][gc,marking     ] GC(73) Concurrent Scan Root Regions 5.488ms
[120.374s][info][gc,marking     ] GC(73) Concurrent Mark
[120.374s][info][gc,marking     ] GC(73) Concurrent Mark From Roots
[120.374s][info][gc,task        ] GC(73) Using 1 workers of 1 for marking
[120.431s][info][gc,marking     ] GC(73) Concurrent Mark From Roots 56.798ms
[120.431s][info][gc,marking     ] GC(73) Concurrent Preclean
[120.431s][info][gc,marking     ] GC(73) Concurrent Preclean 0.120ms
[120.431s][info][gc,start       ] GC(73) Pause Remark
[120.433s][info][gc             ] GC(73) Pause Remark 1719M->1719M(2868M) 2.219ms
[120.433s][info][gc,cpu         ] GC(73) User=0.01s Sys=0.00s Real=0.00s
[120.433s][info][gc,marking     ] GC(73) Concurrent Mark 59.298ms
[120.433s][info][gc,marking     ] GC(73) Concurrent Rebuild Remembered Sets and Scrub Regions
[120.459s][info][gc,marking     ] GC(73) Concurrent Rebuild Remembered Sets and Scrub Regions 25.834ms
[120.459s][info][gc,start       ] GC(73) Pause Cleanup
[120.459s][info][gc             ] GC(73) Pause Cleanup 1759M->1759M(2868M) 0.127ms
[120.459s][info][gc,cpu         ] GC(73) User=0.00s Sys=0.00s Real=0.00s
[120.459s][info][gc,marking     ] GC(73) Concurrent Clear Claimed Marks
[120.460s][info][gc,marking     ] GC(73) Concurrent Clear Claimed Marks 0.150ms
[120.460s][info][gc,marking     ] GC(73) Concurrent Cleanup for Next Mark
[120.461s][info][gc,marking     ] GC(73) Concurrent Cleanup for Next Mark 1.656ms
[120.461s][info][gc             ] GC(73) Concurrent Mark Cycle 92.819ms
[121.850s][info][gc,start       ] GC(74) Pause Young (Prepare Mixed) (G1 Evacuation Pause)
[121.850s][info][gc,task        ] GC(74) Using 4 workers of 4 for evacuation
[121.860s][info][gc,phases      ] GC(74)   Pre Evacuate Collection Set: 0.34ms
[121.861s][info][gc,phases      ] GC(74)   Merge Heap Roots: 0.15ms
[121.861s][info][gc,phases      ] GC(74)   Evacuate Collection Set: 5.81ms
[121.861s][info][gc,phases      ] GC(74)   Post Evacuate Collection Set: 4.43ms
[121.861s][info][gc,phases      ] GC(74)   Other: 0.08ms
[121.861s][info][gc,heap        ] GC(74) Eden regions: 218->0(333)
[121.861s][info][gc,heap        ] GC(74) Survivor regions: 52->0(0)
[121.861s][info][gc,heap        ] GC(74) Old regions: 82->300
[121.861s][info][gc,heap        ] GC(74) Humongous regions: 1082->602
[121.861s][info][gc,metaspace   ] GC(74) Metaspace: 99328K(100736K)->99328K(100736K) NonClass: 77441K(78272K)->77441K(78272K) Class: 21887K(22464K)->21887K(22464K)
[121.861s][info][gc             ] GC(74) Pause Young (Prepare Mixed) (G1 Evacuation Pause) (Evacuation Failure: Allocation) 2863M->1799M(2868M) 10.963ms
[121.861s][info][gc,cpu         ] GC(74) User=0.04s Sys=0.00s Real=0.01s
[122.168s][info][gc,start       ] GC(75) Pause Young (Mixed) (G1 Humongous Allocation)
[122.168s][info][gc,task        ] GC(75) Using 4 workers of 4 for evacuation
[122.177s][info][gc,phases      ] GC(75)   Pre Evacuate Collection Set: 0.20ms
[122.177s][info][gc,phases      ] GC(75)   Merge Heap Roots: 0.08ms
[122.177s][info][gc,phases      ] GC(75)   Evacuate Collection Set: 3.63ms
[122.177s][info][gc,phases      ] GC(75)   Post Evacuate Collection Set: 5.17ms
[122.177s][info][gc,phases      ] GC(75)   Other: 0.06ms
[122.177s][info][gc,heap        ] GC(75) Eden regions: 161->0(180)
[122.177s][info][gc,heap        ] GC(75) Survivor regions: 0->1(2)
[122.177s][info][gc,heap        ] GC(75) Old regions: 300->456
[122.177s][info][gc,heap        ] GC(75) Humongous regions: 971->710
[122.177s][info][gc,metaspace   ] GC(75) Metaspace: 99334K(100736K)->99334K(100736K) NonClass: 77447K(78272K)->77447K(78272K) Class: 21887K(22464K)->21887K(22464K)
[122.177s][info][gc             ] GC(75) Pause Young (Mixed) (G1 Humongous Allocation) (Evacuation Failure: Allocation) 2859M->2329M(2868M) 9.239ms
[122.177s][info][gc,cpu         ] GC(75) User=0.03s Sys=0.00s Real=0.01s
[122.178s][info][gc,start       ] GC(76) Pause Young (Concurrent Start) (G1 Humongous Allocation)
[122.178s][info][gc,task        ] GC(76) Using 4 workers of 4 for evacuation
[122.184s][info][gc,phases      ] GC(76)   Pre Evacuate Collection Set: 0.22ms
[122.184s][info][gc,phases      ] GC(76)   Merge Heap Roots: 0.18ms
[122.184s][info][gc,phases      ] GC(76)   Evacuate Collection Set: 5.48ms
[122.184s][info][gc,phases      ] GC(76)   Post Evacuate Collection Set: 0.50ms
[122.184s][info][gc,phases      ] GC(76)   Other: 0.06ms
[122.184s][info][gc,heap        ] GC(76) Eden regions: 2->0(242)
[122.184s][info][gc,heap        ] GC(76) Survivor regions: 1->2(23)
[122.184s][info][gc,heap        ] GC(76) Old regions: 456->385
[122.184s][info][gc,heap        ] GC(76) Humongous regions: 713->708
[122.184s][info][gc,metaspace   ] GC(76) Metaspace: 99334K(100736K)->99334K(100736K) NonClass: 77447K(78272K)->77447K(78272K) Class: 21887K(22464K)->21887K(22464K)
[122.184s][info][gc             ] GC(76) Pause Young (Concurrent Start) (G1 Humongous Allocation) 2339M->2185M(2868M) 6.532ms
[122.184s][info][gc             ] GC(77) Concurrent Mark Cycle
[122.184s][info][gc,marking     ] GC(77) Concurrent Scan Root Regions
[122.184s][info][gc,cpu         ] GC(76) User=0.02s Sys=0.00s Real=0.00s
[122.197s][info][gc,marking     ] GC(77) Concurrent Scan Root Regions 12.654ms
[122.197s][info][gc,marking     ] GC(77) Concurrent Mark
[122.197s][info][gc,marking     ] GC(77) Concurrent Mark From Roots
[122.197s][info][gc,task        ] GC(77) Using 1 workers of 1 for marking
[122.247s][info][gc,marking     ] GC(77) Concurrent Mark From Roots 49.427ms
[122.247s][info][gc,marking     ] GC(77) Concurrent Preclean
[122.247s][info][gc,marking     ] GC(77) Concurrent Preclean 0.098ms
[122.247s][info][gc,start       ] GC(77) Pause Remark
[122.251s][info][gc             ] GC(77) Pause Remark 2362M->1962M(2868M) 3.924ms
[122.251s][info][gc,cpu         ] GC(77) User=0.02s Sys=0.00s Real=0.01s
[122.251s][info][gc,marking     ] GC(77) Concurrent Mark 53.598ms
[122.251s][info][gc,marking     ] GC(77) Concurrent Rebuild Remembered Sets and Scrub Regions
[122.284s][info][gc,marking     ] GC(77) Concurrent Rebuild Remembered Sets and Scrub Regions 32.840ms
[122.284s][info][gc,start       ] GC(77) Pause Cleanup
[122.284s][info][gc             ] GC(77) Pause Cleanup 2037M->2037M(2868M) 0.105ms
[122.284s][info][gc,cpu         ] GC(77) User=0.00s Sys=0.00s Real=0.00s
[122.284s][info][gc,marking     ] GC(77) Concurrent Clear Claimed Marks
[122.284s][info][gc,marking     ] GC(77) Concurrent Clear Claimed Marks 0.121ms
[122.284s][info][gc,marking     ] GC(77) Concurrent Cleanup for Next Mark
[122.286s][info][gc,marking     ] GC(77) Concurrent Cleanup for Next Mark 1.806ms
[122.286s][info][gc             ] GC(77) Concurrent Mark Cycle 101.294ms
[123.473s][info][gc,start       ] GC(78) Pause Young (Prepare Mixed) (G1 Evacuation Pause)
[123.473s][info][gc,task        ] GC(78) Using 4 workers of 4 for evacuation
[123.484s][info][gc,phases      ] GC(78)   Pre Evacuate Collection Set: 0.33ms
[123.484s][info][gc,phases      ] GC(78)   Merge Heap Roots: 0.14ms
[123.484s][info][gc,phases      ] GC(78)   Evacuate Collection Set: 5.46ms
[123.484s][info][gc,phases      ] GC(78)   Post Evacuate Collection Set: 5.02ms
[123.484s][info][gc,phases      ] GC(78)   Other: 0.08ms
[123.484s][info][gc,heap        ] GC(78) Eden regions: 222->0(269)
[123.484s][info][gc,heap        ] GC(78) Survivor regions: 2->0(0)
[123.484s][info][gc,heap        ] GC(78) Old regions: 385->551
[123.484s][info][gc,heap        ] GC(78) Humongous regions: 825->527
[123.484s][info][gc,metaspace   ] GC(78) Metaspace: 99362K(100736K)->99362K(100736K) NonClass: 77475K(78272K)->77475K(78272K) Class: 21887K(22464K)->21887K(22464K)
[123.484s][info][gc             ] GC(78) Pause Young (Prepare Mixed) (G1 Evacuation Pause) (Evacuation Failure: Allocation) 2863M->2152M(2868M) 11.205ms
[123.484s][info][gc,cpu         ] GC(78) User=0.04s Sys=0.00s Real=0.01s
[123.670s][info][gc,start       ] GC(79) Pause Young (Mixed) (G1 Humongous Allocation)
[123.670s][info][gc,task        ] GC(79) Using 4 workers of 4 for evacuation
[123.680s][info][gc,phases      ] GC(79)   Pre Evacuate Collection Set: 0.31ms
[123.680s][info][gc,phases      ] GC(79)   Merge Heap Roots: 0.20ms
[123.680s][info][gc,phases      ] GC(79)   Evacuate Collection Set: 4.85ms
[123.680s][info][gc,phases      ] GC(79)   Post Evacuate Collection Set: 4.42ms
[123.680s][info][gc,phases      ] GC(79)   Other: 0.05ms
[123.680s][info][gc,heap        ] GC(79) Eden regions: 123->0(171)
[123.680s][info][gc,heap        ] GC(79) Survivor regions: 0->4(10)
[123.680s][info][gc,heap        ] GC(79) Old regions: 551->676
[123.680s][info][gc,heap        ] GC(79) Humongous regions: 750->510
[123.680s][info][gc,metaspace   ] GC(79) Metaspace: 99372K(100736K)->99372K(100736K) NonClass: 77485K(78272K)->77485K(78272K) Class: 21887K(22464K)->21887K(22464K)
[123.680s][info][gc             ] GC(79) Pause Young (Mixed) (G1 Humongous Allocation) (Evacuation Failure: Allocation) 2842M->2376M(2868M) 10.144ms
[123.680s][info][gc,cpu         ] GC(79) User=0.04s Sys=0.00s Real=0.01s
[123.681s][info][gc,start       ] GC(80) Pause Young (Concurrent Start) (G1 Humongous Allocation)
[123.681s][info][gc,task        ] GC(80) Using 4 workers of 4 for evacuation
[123.688s][info][gc,phases      ] GC(80)   Pre Evacuate Collection Set: 0.30ms
[123.688s][info][gc,phases      ] GC(80)   Merge Heap Roots: 0.15ms
[123.688s][info][gc,phases      ] GC(80)   Evacuate Collection Set: 6.36ms
[123.688s][info][gc,phases      ] GC(80)   Post Evacuate Collection Set: 0.52ms
[123.688s][info][gc,phases      ] GC(80)   Other: 0.05ms
[123.688s][info][gc,heap        ] GC(80) Eden regions: 2->0(278)
[123.688s][info][gc,heap        ] GC(80) Survivor regions: 4->5(22)
[123.688s][info][gc,heap        ] GC(80) Old regions: 676->578
[123.688s][info][gc,heap        ] GC(80) Humongous regions: 515->500
[123.688s][info][gc,metaspace   ] GC(80) Metaspace: 99372K(100736K)->99372K(100736K) NonClass: 77485K(78272K)->77485K(78272K) Class: 21887K(22464K)->21887K(22464K)
[123.688s][info][gc             ] GC(80) Pause Young (Concurrent Start) (G1 Humongous Allocation) 2390M->2161M(2868M) 7.450ms
[123.688s][info][gc,cpu         ] GC(80) User=0.03s Sys=0.00s Real=0.01s
[123.688s][info][gc             ] GC(81) Concurrent Mark Cycle
[123.688s][info][gc,marking     ] GC(81) Concurrent Scan Root Regions
[123.712s][info][gc,marking     ] GC(81) Concurrent Scan Root Regions 23.885ms
[123.712s][info][gc,marking     ] GC(81) Concurrent Mark
[123.712s][info][gc,marking     ] GC(81) Concurrent Mark From Roots
[123.712s][info][gc,task        ] GC(81) Using 1 workers of 1 for marking
[123.767s][info][gc,marking     ] GC(81) Concurrent Mark From Roots 54.876ms
[123.767s][info][gc,marking     ] GC(81) Concurrent Preclean
[123.767s][info][gc,marking     ] GC(81) Concurrent Preclean 0.123ms
[123.768s][info][gc,start       ] GC(81) Pause Remark
[123.771s][info][gc             ] GC(81) Pause Remark 2600M->2550M(2868M) 3.285ms
[123.771s][info][gc,cpu         ] GC(81) User=0.01s Sys=0.00s Real=0.00s
[123.771s][info][gc,marking     ] GC(81) Concurrent Mark 59.086ms
[123.771s][info][gc,marking     ] GC(81) Concurrent Rebuild Remembered Sets and Scrub Regions
[123.818s][info][gc,marking     ] GC(81) Concurrent Rebuild Remembered Sets and Scrub Regions 46.729ms
[123.818s][info][gc,start       ] GC(81) Pause Cleanup
[123.818s][info][gc             ] GC(81) Pause Cleanup 2651M->2651M(2868M) 0.280ms
[123.818s][info][gc,cpu         ] GC(81) User=0.00s Sys=0.00s Real=0.00s
[123.819s][info][gc,marking     ] GC(81) Concurrent Clear Claimed Marks
[123.819s][info][gc,marking     ] GC(81) Concurrent Clear Claimed Marks 0.126ms
[123.819s][info][gc,marking     ] GC(81) Concurrent Cleanup for Next Mark
[123.822s][info][gc,marking     ] GC(81) Concurrent Cleanup for Next Mark 3.091ms
[123.822s][info][gc             ] GC(81) Concurrent Mark Cycle 133.436ms
[124.216s][info][gc,start       ] GC(82) Pause Young (Prepare Mixed) (G1 Humongous Allocation)
[124.216s][info][gc,task        ] GC(82) Using 4 workers of 4 for evacuation
[124.233s][info][gc,phases      ] GC(82)   Pre Evacuate Collection Set: 0.32ms
[124.233s][info][gc,phases      ] GC(82)   Merge Heap Roots: 0.30ms
[124.233s][info][gc,phases      ] GC(82)   Evacuate Collection Set: 9.86ms
[124.233s][info][gc,phases      ] GC(82)   Post Evacuate Collection Set: 5.93ms
[124.233s][info][gc,phases      ] GC(82)   Other: 0.05ms
[124.233s][info][gc,heap        ] GC(82) Eden regions: 72->0(227)
[124.233s][info][gc,heap        ] GC(82) Survivor regions: 5->1(2)
[124.233s][info][gc,heap        ] GC(82) Old regions: 578->649
[124.233s][info][gc,heap        ] GC(82) Humongous regions: 777->484
[124.233s][info][gc,metaspace   ] GC(82) Metaspace: 99393K(100800K)->99393K(100800K) NonClass: 77506K(78336K)->77506K(78336K) Class: 21887K(22464K)->21887K(22464K)
[124.233s][info][gc             ] GC(82) Pause Young (Prepare Mixed) (G1 Humongous Allocation) (Evacuation Failure: Allocation) 2858M->2263M(2868M) 16.591ms
[124.233s][info][gc,cpu         ] GC(82) User=0.06s Sys=0.01s Real=0.02s
[124.991s][info][gc,start       ] GC(83) Pause Young (Mixed) (G1 Evacuation Pause)
[124.991s][info][gc,task        ] GC(83) Using 4 workers of 4 for evacuation
[125.004s][info][gc,phases      ] GC(83)   Pre Evacuate Collection Set: 0.30ms
[125.004s][info][gc,phases      ] GC(83)   Merge Heap Roots: 0.23ms
[125.004s][info][gc,phases      ] GC(83)   Evacuate Collection Set: 6.27ms
[125.004s][info][gc,phases      ] GC(83)   Post Evacuate Collection Set: 6.24ms
[125.004s][info][gc,phases      ] GC(83)   Other: 0.07ms
[125.004s][info][gc,heap        ] GC(83) Eden regions: 150->0(71)
[125.004s][info][gc,heap        ] GC(83) Survivor regions: 1->0(0)
[125.004s][info][gc,heap        ] GC(83) Old regions: 649->791
[125.004s][info][gc,heap        ] GC(83) Humongous regions: 634->517
[125.004s][info][gc,metaspace   ] GC(83) Metaspace: 99403K(100800K)->99403K(100800K) NonClass: 77516K(78336K)->77516K(78336K) Class: 21887K(22464K)->21887K(22464K)
[125.004s][info][gc             ] GC(83) Pause Young (Mixed) (G1 Evacuation Pause) (Evacuation Failure: Allocation) 2863M->2611M(2868M) 13.250ms
[125.004s][info][gc,cpu         ] GC(83) User=0.05s Sys=0.00s Real=0.01s
[125.104s][info][gc,start       ] GC(84) Pause Young (Concurrent Start) (G1 Evacuation Pause)
[125.104s][info][gc,task        ] GC(84) Using 4 workers of 4 for evacuation
[125.116s][info][gc,phases      ] GC(84)   Pre Evacuate Collection Set: 0.28ms
[125.116s][info][gc,phases      ] GC(84)   Merge Heap Roots: 0.15ms
[125.116s][info][gc,phases      ] GC(84)   Evacuate Collection Set: 8.67ms
[125.116s][info][gc,phases      ] GC(84)   Post Evacuate Collection Set: 2.77ms
[125.116s][info][gc,phases      ] GC(84)   Other: 0.06ms
[125.116s][info][gc,heap        ] GC(84) Eden regions: 71->0(63)
[125.116s][info][gc,heap        ] GC(84) Survivor regions: 0->2(9)
[125.116s][info][gc,heap        ] GC(84) Old regions: 791->852
[125.116s][info][gc,heap        ] GC(84) Humongous regions: 517->517
[125.116s][info][gc,metaspace   ] GC(84) Metaspace: 99404K(100800K)->99404K(100800K) NonClass: 77517K(78336K)->77517K(78336K) Class: 21887K(22464K)->21887K(22464K)
[125.116s][info][gc             ] GC(84) Pause Young (Concurrent Start) (G1 Evacuation Pause) (Evacuation Failure: Allocation) 2753M->2737M(2868M) 12.033ms
[125.116s][info][gc,cpu         ] GC(84) User=0.04s Sys=0.00s Real=0.01s
[125.116s][info][gc             ] GC(85) Concurrent Mark Cycle
[125.116s][info][gc,marking     ] GC(85) Concurrent Scan Root Regions
[125.141s][info][gc,marking     ] GC(85) Concurrent Scan Root Regions 24.748ms
[125.141s][info][gc,marking     ] GC(85) Concurrent Mark
[125.141s][info][gc,marking     ] GC(85) Concurrent Mark From Roots
[125.141s][info][gc,task        ] GC(85) Using 1 workers of 1 for marking
[125.180s][info][gc,start       ] GC(86) Pause Young (Normal) (G1 Evacuation Pause)
[125.180s][info][gc,task        ] GC(86) Using 4 workers of 4 for evacuation
[125.188s][info][gc,phases      ] GC(86)   Pre Evacuate Collection Set: 0.24ms
[125.188s][info][gc,phases      ] GC(86)   Merge Heap Roots: 0.15ms
[125.188s][info][gc,phases      ] GC(86)   Evacuate Collection Set: 4.42ms
[125.188s][info][gc,phases      ] GC(86)   Post Evacuate Collection Set: 3.69ms
[125.188s][info][gc,phases      ] GC(86)   Other: 0.05ms
[125.188s][info][gc,heap        ] GC(86) Eden regions: 46->0(18)
[125.188s][info][gc,heap        ] GC(86) Survivor regions: 2->0(0)
[125.188s][info][gc,heap        ] GC(86) Old regions: 852->899
[125.188s][info][gc,heap        ] GC(86) Humongous regions: 534->517
[125.188s][info][gc,metaspace   ] GC(86) Metaspace: 99404K(100800K)->99404K(100800K) NonClass: 77517K(78336K)->77517K(78336K) Class: 21887K(22464K)->21887K(22464K)
[125.188s][info][gc             ] GC(86) Pause Young (Normal) (G1 Evacuation Pause) (Evacuation Failure: Allocation) 2863M->2827M(2868M) 8.658ms
[125.188s][info][gc,cpu         ] GC(86) User=0.03s Sys=0.00s Real=0.01s
[125.190s][info][gc,start       ] GC(87) Pause Young (Normal) (G1 Humongous Allocation)
[125.190s][info][gc,task        ] GC(87) Using 4 workers of 4 for evacuation
[125.199s][info][gc,phases      ] GC(87)   Pre Evacuate Collection Set: 0.26ms
[125.199s][info][gc,phases      ] GC(87)   Merge Heap Roots: 0.19ms
[125.199s][info][gc,phases      ] GC(87)   Evacuate Collection Set: 4.41ms
[125.199s][info][gc,phases      ] GC(87)   Post Evacuate Collection Set: 3.76ms
[125.199s][info][gc,phases      ] GC(87)   Other: 0.07ms
[125.199s][info][gc,heap        ] GC(87) Eden regions: 4->0(4)
[125.199s][info][gc,heap        ] GC(87) Survivor regions: 0->1(3)
[125.199s][info][gc,heap        ] GC(87) Old regions: 899->909
[125.199s][info][gc,heap        ] GC(87) Humongous regions: 523->520
[125.199s][info][gc,metaspace   ] GC(87) Metaspace: 99404K(100800K)->99404K(100800K) NonClass: 77517K(78336K)->77517K(78336K) Class: 21887K(22464K)->21887K(22464K)
[125.199s][info][gc             ] GC(87) Pause Young (Normal) (G1 Humongous Allocation) (Evacuation Failure: Allocation) 2847M->2855M(2868M) 8.992ms
[125.199s][info][gc,cpu         ] GC(87) User=0.03s Sys=0.00s Real=0.01s
[125.199s][info][gc,ergo        ] Attempting full compaction
[125.199s][info][gc,start       ] GC(88) Pause Full (G1 Compaction Pause)
[125.199s][info][gc,task        ] GC(88) Using 4 workers of 4 for full compaction
[125.202s][info][gc,phases,start] GC(88) Phase 1: Mark live objects
[125.220s][info][gc,phases      ] GC(88) Phase 1: Mark live objects 18.082ms
[125.220s][info][gc,phases,start] GC(88) Phase 2: Prepare compaction
[125.224s][info][gc,phases      ] GC(88) Phase 2: Prepare compaction 3.849ms
[125.224s][info][gc,phases,start] GC(88) Phase 3: Adjust pointers
[125.232s][info][gc,phases      ] GC(88) Phase 3: Adjust pointers 7.795ms
[125.232s][info][gc,phases,start] GC(88) Phase 4: Compact heap
[125.241s][info][gc,phases      ] GC(88) Phase 4: Compact heap 9.321ms
[125.241s][info][gc,phases,start] GC(88) Phase 5: Reset Metadata
[125.243s][info][gc,phases      ] GC(88) Phase 5: Reset Metadata 1.868ms
[125.245s][info][gc,heap        ] GC(88) Eden regions: 0->0(768)
[125.245s][info][gc,heap        ] GC(88) Survivor regions: 1->0(3)
[125.245s][info][gc,heap        ] GC(88) Old regions: 909->130
[125.245s][info][gc,heap        ] GC(88) Humongous regions: 520->405
[125.245s][info][gc,metaspace   ] GC(88) Metaspace: 99404K(100800K)->99404K(100800K) NonClass: 77517K(78336K)->77517K(78336K) Class: 21887K(22464K)->21887K(22464K)
[125.245s][info][gc             ] GC(88) Pause Full (G1 Compaction Pause) 2855M->1065M(2868M) 45.666ms
[125.245s][info][gc,cpu         ] GC(88) User=0.14s Sys=0.00s Real=0.04s
[125.245s][info][gc,marking     ] GC(85) Concurrent Mark From Roots 103.729ms
[125.245s][info][gc,marking     ] GC(85) Concurrent Mark Abort
[125.245s][info][gc             ] GC(85) Concurrent Mark Cycle 128.582ms
[125.246s][info][gc,start       ] GC(89) Pause Young (Concurrent Start) (G1 Humongous Allocation)
[125.246s][info][gc,task        ] GC(89) Using 4 workers of 4 for evacuation
[125.247s][info][gc,phases      ] GC(89)   Pre Evacuate Collection Set: 0.15ms
[125.247s][info][gc,phases      ] GC(89)   Merge Heap Roots: 0.03ms
[125.247s][info][gc,phases      ] GC(89)   Evacuate Collection Set: 0.71ms
[125.247s][info][gc,phases      ] GC(89)   Post Evacuate Collection Set: 0.26ms
[125.247s][info][gc,phases      ] GC(89)   Other: 0.04ms
[125.247s][info][gc,heap        ] GC(89) Eden regions: 2->0(605)
[125.247s][info][gc,heap        ] GC(89) Survivor regions: 0->1(96)
[125.247s][info][gc,heap        ] GC(89) Old regions: 130->130
[125.247s][info][gc,heap        ] GC(89) Humongous regions: 410->410
[125.247s][info][gc,metaspace   ] GC(89) Metaspace: 99404K(100800K)->99404K(100800K) NonClass: 77517K(78336K)->77517K(78336K) Class: 21887K(22464K)->21887K(22464K)
[125.247s][info][gc             ] GC(89) Pause Young (Concurrent Start) (G1 Humongous Allocation) 1079M->1077M(2868M) 1.246ms
[125.247s][info][gc,cpu         ] GC(89) User=0.01s Sys=0.00s Real=0.01s
[125.247s][info][gc             ] GC(90) Concurrent Mark Cycle
[125.247s][info][gc,marking     ] GC(90) Concurrent Scan Root Regions
[125.248s][info][gc,marking     ] GC(90) Concurrent Scan Root Regions 0.808ms
[125.248s][info][gc,marking     ] GC(90) Concurrent Mark
[125.248s][info][gc,marking     ] GC(90) Concurrent Mark From Roots
[125.248s][info][gc,task        ] GC(90) Using 1 workers of 1 for marking
[125.315s][info][gc,marking     ] GC(90) Concurrent Mark From Roots 67.020ms
[125.315s][info][gc,marking     ] GC(90) Concurrent Preclean
[125.315s][info][gc,marking     ] GC(90) Concurrent Preclean 0.143ms
[125.315s][info][gc,start       ] GC(90) Pause Remark
[125.318s][info][gc             ] GC(90) Pause Remark 2077M->2071M(2868M) 2.298ms
[125.318s][info][gc,cpu         ] GC(90) User=0.01s Sys=0.00s Real=0.01s
[125.318s][info][gc,marking     ] GC(90) Concurrent Mark 69.619ms
[125.318s][info][gc,marking     ] GC(90) Concurrent Rebuild Remembered Sets and Scrub Regions
[125.340s][info][gc,marking     ] GC(90) Concurrent Rebuild Remembered Sets and Scrub Regions 21.989ms
[125.340s][info][gc,start       ] GC(90) Pause Cleanup
[125.340s][info][gc             ] GC(90) Pause Cleanup 2073M->2073M(2868M) 0.127ms
[125.340s][info][gc,cpu         ] GC(90) User=0.00s Sys=0.00s Real=0.00s
[125.340s][info][gc,marking     ] GC(90) Concurrent Clear Claimed Marks
[125.340s][info][gc,marking     ] GC(90) Concurrent Clear Claimed Marks 0.125ms
[125.340s][info][gc,marking     ] GC(90) Concurrent Cleanup for Next Mark
[125.341s][info][gc,marking     ] GC(90) Concurrent Cleanup for Next Mark 1.191ms
[125.341s][info][gc             ] GC(90) Concurrent Mark Cycle 94.075ms
[126.539s][info][gc,start       ] GC(91) Pause Young (Prepare Mixed) (G1 Evacuation Pause)
[126.539s][info][gc,task        ] GC(91) Using 4 workers of 4 for evacuation
[126.544s][info][gc,phases      ] GC(91)   Pre Evacuate Collection Set: 0.14ms
[126.544s][info][gc,phases      ] GC(91)   Merge Heap Roots: 0.09ms
[126.544s][info][gc,phases      ] GC(91)   Evacuate Collection Set: 2.14ms
[126.544s][info][gc,phases      ] GC(91)   Post Evacuate Collection Set: 2.76ms
[126.544s][info][gc,phases      ] GC(91)   Other: 0.06ms
[126.544s][info][gc,heap        ] GC(91) Eden regions: 238->0(385)
[126.544s][info][gc,heap        ] GC(91) Survivor regions: 1->0(0)
[126.544s][info][gc,heap        ] GC(91) Old regions: 130->309
[126.544s][info][gc,heap        ] GC(91) Humongous regions: 1065->597
[126.544s][info][gc,metaspace   ] GC(91) Metaspace: 99418K(100800K)->99418K(100800K) NonClass: 77531K(78336K)->77531K(78336K) Class: 21887K(22464K)->21887K(22464K)
[126.544s][info][gc             ] GC(91) Pause Young (Prepare Mixed) (G1 Evacuation Pause) (Evacuation Failure: Allocation) 2863M->1807M(2868M) 5.316ms
[126.544s][info][gc,cpu         ] GC(91) User=0.02s Sys=0.00s Real=0.00s
[126.783s][info][gc,start       ] GC(92) Pause Young (Mixed) (G1 Humongous Allocation)
[126.783s][info][gc,task        ] GC(92) Using 4 workers of 4 for evacuation
[126.796s][info][gc,phases      ] GC(92)   Pre Evacuate Collection Set: 0.23ms
[126.796s][info][gc,phases      ] GC(92)   Merge Heap Roots: 0.10ms
[126.796s][info][gc,phases      ] GC(92)   Evacuate Collection Set: 4.61ms
[126.796s][info][gc,phases      ] GC(92)   Post Evacuate Collection Set: 7.63ms
[126.796s][info][gc,phases      ] GC(92)   Other: 0.07ms
[126.796s][info][gc,heap        ] GC(92) Eden regions: 146->0(231)
[126.796s][info][gc,heap        ] GC(92) Survivor regions: 0->1(3)
[126.796s][info][gc,heap        ] GC(92) Old regions: 309->444
[126.796s][info][gc,heap        ] GC(92) Humongous regions: 976->684
[126.796s][info][gc,metaspace   ] GC(92) Metaspace: 99418K(100800K)->99418K(100800K) NonClass: 77531K(78336K)->77531K(78336K) Class: 21887K(22464K)->21887K(22464K)
[126.798s][info][gc             ] GC(92) Pause Young (Mixed) (G1 Humongous Allocation) (Evacuation Failure: Allocation) 2856M->2253M(2868M) 15.028ms
[126.798s][info][gc,cpu         ] GC(92) User=0.04s Sys=0.00s Real=0.02s
[126.802s][info][gc,start       ] GC(93) Pause Young (Concurrent Start) (G1 Humongous Allocation)
[126.802s][info][gc,task        ] GC(93) Using 4 workers of 4 for evacuation
[126.812s][info][gc,phases      ] GC(93)   Pre Evacuate Collection Set: 0.47ms
[126.812s][info][gc,phases      ] GC(93)   Merge Heap Roots: 0.20ms
[126.812s][info][gc,phases      ] GC(93)   Evacuate Collection Set: 8.25ms
[126.812s][info][gc,phases      ] GC(93)   Post Evacuate Collection Set: 0.84ms
[126.812s][info][gc,phases      ] GC(93)   Other: 0.08ms
[126.812s][info][gc,heap        ] GC(93) Eden regions: 2->0(309)
[126.812s][info][gc,heap        ] GC(93) Survivor regions: 1->2(29)
[126.812s][info][gc,heap        ] GC(93) Old regions: 444->357
[126.812s][info][gc,heap        ] GC(93) Humongous regions: 690->685
[126.812s][info][gc,metaspace   ] GC(93) Metaspace: 99418K(100800K)->99418K(100800K) NonClass: 77531K(78336K)->77531K(78336K) Class: 21887K(22464K)->21887K(22464K)
[126.812s][info][gc             ] GC(93) Pause Young (Concurrent Start) (G1 Humongous Allocation) 2269M->2083M(2868M) 10.072ms
[126.812s][info][gc,cpu         ] GC(93) User=0.03s Sys=0.00s Real=0.01s
[126.812s][info][gc             ] GC(94) Concurrent Mark Cycle
[126.812s][info][gc,marking     ] GC(94) Concurrent Scan Root Regions
[126.829s][info][gc,marking     ] GC(94) Concurrent Scan Root Regions 16.526ms
[126.829s][info][gc,marking     ] GC(94) Concurrent Mark
[126.829s][info][gc,marking     ] GC(94) Concurrent Mark From Roots
[126.829s][info][gc,task        ] GC(94) Using 1 workers of 1 for marking
[126.878s][info][gc,marking     ] GC(94) Concurrent Mark From Roots 49.183ms
[126.878s][info][gc,marking     ] GC(94) Concurrent Preclean
[126.878s][info][gc,marking     ] GC(94) Concurrent Preclean 0.153ms
[126.878s][info][gc,start       ] GC(94) Pause Remark
[126.880s][info][gc             ] GC(94) Pause Remark 2374M->1954M(2868M) 2.305ms
[126.880s][info][gc,cpu         ] GC(94) User=0.01s Sys=0.00s Real=0.00s
[126.880s][info][gc,marking     ] GC(94) Concurrent Mark 51.778ms
[126.880s][info][gc,marking     ] GC(94) Concurrent Rebuild Remembered Sets and Scrub Regions
[126.911s][info][gc,marking     ] GC(94) Concurrent Rebuild Remembered Sets and Scrub Regions 30.324ms
[126.911s][info][gc,start       ] GC(94) Pause Cleanup
[126.911s][info][gc             ] GC(94) Pause Cleanup 1961M->1961M(2868M) 0.159ms
[126.911s][info][gc,cpu         ] GC(94) User=0.00s Sys=0.00s Real=0.00s
[126.911s][info][gc,marking     ] GC(94) Concurrent Clear Claimed Marks
[126.911s][info][gc,marking     ] GC(94) Concurrent Clear Claimed Marks 0.161ms
[126.911s][info][gc,marking     ] GC(94) Concurrent Cleanup for Next Mark
[126.913s][info][gc,marking     ] GC(94) Concurrent Cleanup for Next Mark 1.493ms
[126.913s][info][gc             ] GC(94) Concurrent Mark Cycle 100.651ms
[128.041s][info][gc,start       ] GC(95) Pause Young (Prepare Mixed) (G1 Evacuation Pause)
[128.041s][info][gc,task        ] GC(95) Using 4 workers of 4 for evacuation
[128.054s][info][gc,phases      ] GC(95)   Pre Evacuate Collection Set: 0.41ms
[128.054s][info][gc,phases      ] GC(95)   Merge Heap Roots: 0.20ms
[128.054s][info][gc,phases      ] GC(95)   Evacuate Collection Set: 5.16ms
[128.054s][info][gc,phases      ] GC(95)   Post Evacuate Collection Set: 7.18ms
[128.054s][info][gc,phases      ] GC(95)   Other: 0.08ms
[128.054s][info][gc,heap        ] GC(95) Eden regions: 279->0(287)
[128.054s][info][gc,heap        ] GC(95) Survivor regions: 2->0(0)
[128.054s][info][gc,heap        ] GC(95) Old regions: 357->612
[128.054s][info][gc,heap        ] GC(95) Humongous regions: 796->462
[128.054s][info][gc,metaspace   ] GC(95) Metaspace: 99457K(100800K)->99457K(100800K) NonClass: 77570K(78336K)->77570K(78336K) Class: 21887K(22464K)->21887K(22464K)
[128.054s][info][gc             ] GC(95) Pause Young (Prepare Mixed) (G1 Evacuation Pause) (Evacuation Failure: Allocation) 2863M->2143M(2868M) 13.220ms
[128.054s][info][gc,cpu         ] GC(95) User=0.05s Sys=0.01s Real=0.01s
[128.198s][info][gc,start       ] GC(96) Pause Young (Mixed) (G1 Humongous Allocation)
[128.198s][info][gc,task        ] GC(96) Using 4 workers of 4 for evacuation
[128.208s][info][gc,phases      ] GC(96)   Pre Evacuate Collection Set: 0.60ms
[128.208s][info][gc,phases      ] GC(96)   Merge Heap Roots: 0.31ms
[128.208s][info][gc,phases      ] GC(96)   Evacuate Collection Set: 3.80ms
[128.208s][info][gc,phases      ] GC(96)   Post Evacuate Collection Set: 4.44ms
[128.208s][info][gc,phases      ] GC(96)   Other: 0.09ms
[128.208s][info][gc,heap        ] GC(96) Eden regions: 70->0(139)
[128.208s][info][gc,heap        ] GC(96) Survivor regions: 0->0(1)
[128.208s][info][gc,heap        ] GC(96) Old regions: 612->682
[128.208s][info][gc,heap        ] GC(96) Humongous regions: 751->540
[128.208s][info][gc,metaspace   ] GC(96) Metaspace: 99525K(100800K)->99525K(100800K) NonClass: 77637K(78336K)->77637K(78336K) Class: 21888K(22464K)->21888K(22464K)
[128.208s][info][gc             ] GC(96) Pause Young (Mixed) (G1 Humongous Allocation) (Evacuation Failure: Allocation) 2859M->2439M(2868M) 9.372ms
[128.208s][info][gc,cpu         ] GC(96) User=0.03s Sys=0.00s Real=0.01s
[128.210s][info][gc,start       ] GC(97) Pause Young (Concurrent Start) (G1 Humongous Allocation)
[128.210s][info][gc,task        ] GC(97) Using 4 workers of 4 for evacuation
[128.219s][info][gc,phases      ] GC(97)   Pre Evacuate Collection Set: 0.51ms
[128.219s][info][gc,phases      ] GC(97)   Merge Heap Roots: 0.29ms
[128.219s][info][gc,phases      ] GC(97)   Evacuate Collection Set: 7.16ms
[128.219s][info][gc,phases      ] GC(97)   Post Evacuate Collection Set: 0.67ms
[128.219s][info][gc,phases      ] GC(97)   Other: 0.09ms
[128.219s][info][gc,heap        ] GC(97) Eden regions: 4->0(219)
[128.219s][info][gc,heap        ] GC(97) Survivor regions: 0->1(18)
[128.219s][info][gc,heap        ] GC(97) Old regions: 682->594
[128.219s][info][gc,heap        ] GC(97) Humongous regions: 545->542
[128.219s][info][gc,metaspace   ] GC(97) Metaspace: 99525K(100800K)->99525K(100800K) NonClass: 77637K(78336K)->77637K(78336K) Class: 21888K(22464K)->21888K(22464K)
[128.219s][info][gc             ] GC(97) Pause Young (Concurrent Start) (G1 Humongous Allocation) 2456M->2268M(2868M) 8.978ms
[128.219s][info][gc,cpu         ] GC(97) User=0.04s Sys=0.00s Real=0.01s
[128.219s][info][gc             ] GC(98) Concurrent Mark Cycle
[128.219s][info][gc,marking     ] GC(98) Concurrent Scan Root Regions
[128.243s][info][gc,marking     ] GC(98) Concurrent Scan Root Regions 24.289ms
[128.243s][info][gc,marking     ] GC(98) Concurrent Mark
[128.243s][info][gc,marking     ] GC(98) Concurrent Mark From Roots
[128.243s][info][gc,task        ] GC(98) Using 1 workers of 1 for marking
[128.310s][info][gc,marking     ] GC(98) Concurrent Mark From Roots 66.464ms
[128.310s][info][gc,marking     ] GC(98) Concurrent Preclean
[128.310s][info][gc,marking     ] GC(98) Concurrent Preclean 0.141ms
[128.310s][info][gc,start       ] GC(98) Pause Remark
[128.314s][info][gc             ] GC(98) Pause Remark 2697M->2477M(2868M) 4.190ms
[128.314s][info][gc,cpu         ] GC(98) User=0.01s Sys=0.00s Real=0.00s
[128.315s][info][gc,marking     ] GC(98) Concurrent Mark 71.029ms
[128.315s][info][gc,marking     ] GC(98) Concurrent Rebuild Remembered Sets and Scrub Regions
[128.360s][info][gc,marking     ] GC(98) Concurrent Rebuild Remembered Sets and Scrub Regions 45.597ms
[128.360s][info][gc,start       ] GC(98) Pause Cleanup
[128.360s][info][gc             ] GC(98) Pause Cleanup 2488M->2488M(2868M) 0.147ms
[128.360s][info][gc,cpu         ] GC(98) User=0.00s Sys=0.00s Real=0.00s
[128.360s][info][gc,marking     ] GC(98) Concurrent Clear Claimed Marks
[128.361s][info][gc,marking     ] GC(98) Concurrent Clear Claimed Marks 0.125ms
[128.361s][info][gc,marking     ] GC(98) Concurrent Cleanup for Next Mark
[128.362s][info][gc,marking     ] GC(98) Concurrent Cleanup for Next Mark 1.184ms
[128.362s][info][gc             ] GC(98) Concurrent Mark Cycle 142.620ms
[129.043s][info][gc,start       ] GC(99) Pause Young (Prepare Mixed) (G1 Evacuation Pause)
[129.043s][info][gc,task        ] GC(99) Using 4 workers of 4 for evacuation
[129.050s][info][gc,phases      ] GC(99)   Pre Evacuate Collection Set: 0.19ms
[129.050s][info][gc,phases      ] GC(99)   Merge Heap Roots: 0.13ms
[129.050s][info][gc,phases      ] GC(99)   Evacuate Collection Set: 2.81ms
[129.050s][info][gc,phases      ] GC(99)   Post Evacuate Collection Set: 3.92ms
[129.050s][info][gc,phases      ] GC(99)   Other: 0.07ms
[129.050s][info][gc,heap        ] GC(99) Eden regions: 89->0(161)
[129.050s][info][gc,heap        ] GC(99) Survivor regions: 1->0(0)
[129.050s][info][gc,heap        ] GC(99) Old regions: 594->683
[129.050s][info][gc,heap        ] GC(99) Humongous regions: 750->517
[129.050s][info][gc,metaspace   ] GC(99) Metaspace: 99539K(100800K)->99539K(100800K) NonClass: 77650K(78336K)->77650K(78336K) Class: 21888K(22464K)->21888K(22464K)
[129.050s][info][gc             ] GC(99) Pause Young (Prepare Mixed) (G1 Evacuation Pause) (Evacuation Failure: Allocation) 2862M->2394M(2868M) 7.236ms
[129.050s][info][gc,cpu         ] GC(99) User=0.03s Sys=0.00s Real=0.01s
[129.495s][info][gc,start       ] GC(100) Pause Young (Mixed) (G1 Evacuation Pause)
[129.495s][info][gc,task        ] GC(100) Using 4 workers of 4 for evacuation
[129.506s][info][gc,phases      ] GC(100)   Pre Evacuate Collection Set: 0.21ms
[129.506s][info][gc,phases      ] GC(100)   Merge Heap Roots: 0.13ms
[129.506s][info][gc,phases      ] GC(100)   Evacuate Collection Set: 4.27ms
[129.506s][info][gc,phases      ] GC(100)   Post Evacuate Collection Set: 5.99ms
[129.506s][info][gc,phases      ] GC(100)   Other: 0.06ms
[129.506s][info][gc,heap        ] GC(100) Eden regions: 161->0(55)
[129.506s][info][gc,heap        ] GC(100) Survivor regions: 0->1(5)
[129.506s][info][gc,heap        ] GC(100) Old regions: 683->841
[129.506s][info][gc,heap        ] GC(100) Humongous regions: 585->537
[129.506s][info][gc,metaspace   ] GC(100) Metaspace: 99567K(100800K)->99567K(100800K) NonClass: 77678K(78336K)->77678K(78336K) Class: 21888K(22464K)->21888K(22464K)
[129.506s][info][gc             ] GC(100) Pause Young (Mixed) (G1 Evacuation Pause) (Evacuation Failure: Allocation) 2852M->2752M(2868M) 10.772ms
[129.506s][info][gc,cpu         ] GC(100) User=0.04s Sys=0.00s Real=0.01s
[129.588s][info][gc,start       ] GC(101) Pause Young (Concurrent Start) (G1 Evacuation Pause)
[129.588s][info][gc,task        ] GC(101) Using 4 workers of 4 for evacuation
[129.596s][info][gc,phases      ] GC(101)   Pre Evacuate Collection Set: 0.31ms
[129.596s][info][gc,phases      ] GC(101)   Merge Heap Roots: 0.16ms
[129.596s][info][gc,phases      ] GC(101)   Evacuate Collection Set: 3.47ms
[129.596s][info][gc,phases      ] GC(101)   Post Evacuate Collection Set: 3.97ms
[129.596s][info][gc,phases      ] GC(101)   Other: 0.09ms
[129.596s][info][gc,heap        ] GC(101) Eden regions: 55->0(5)
[129.596s][info][gc,heap        ] GC(101) Survivor regions: 1->0(0)
[129.596s][info][gc,heap        ] GC(101) Old regions: 841->897
[129.596s][info][gc,heap        ] GC(101) Humongous regions: 537->532
[129.596s][info][gc,metaspace   ] GC(101) Metaspace: 99567K(100800K)->99567K(100800K) NonClass: 77678K(78336K)->77678K(78336K) Class: 21888K(22464K)->21888K(22464K)
[129.596s][info][gc             ] GC(101) Pause Young (Concurrent Start) (G1 Evacuation Pause) (Evacuation Failure: Allocation) 2862M->2852M(2868M) 8.104ms
[129.596s][info][gc,cpu         ] GC(101) User=0.02s Sys=0.00s Real=0.00s
[129.596s][info][gc             ] GC(102) Concurrent Mark Cycle
[129.596s][info][gc,marking     ] GC(102) Concurrent Scan Root Regions
[129.597s][info][gc,start       ] GC(103) Pause Young (Normal) (G1 Evacuation Pause)
[129.598s][info][gc,task        ] GC(103) Using 4 workers of 4 for evacuation
[129.622s][info][gc,marking     ] GC(102) Concurrent Scan Root Regions 26.053ms
[129.622s][info][gc,marking     ] GC(102) Concurrent Mark
[129.622s][info][gc,marking     ] GC(102) Concurrent Mark From Roots
[129.622s][info][gc,task        ] GC(102) Using 1 workers of 1 for marking
[129.630s][info][gc,phases      ] GC(103)   Pre Evacuate Collection Set: 0.20ms
[129.630s][info][gc,phases      ] GC(103)   Merge Heap Roots: 0.21ms
[129.630s][info][gc,phases      ] GC(103)   Evacuate Collection Set: 3.39ms
[129.630s][info][gc,phases      ] GC(103)   Post Evacuate Collection Set: 3.57ms
[129.630s][info][gc,phases      ] GC(103)   Other: 24.91ms
[129.630s][info][gc,heap        ] GC(103) Eden regions: 5->0(1)
[129.630s][info][gc,heap        ] GC(103) Survivor regions: 0->0(0)
[129.630s][info][gc,heap        ] GC(103) Old regions: 897->902
[129.630s][info][gc,heap        ] GC(103) Humongous regions: 532->532
[129.630s][info][gc,metaspace   ] GC(103) Metaspace: 99567K(100800K)->99567K(100800K) NonClass: 77678K(78336K)->77678K(78336K) Class: 21888K(22464K)->21888K(22464K)
[129.630s][info][gc             ] GC(103) Pause Young (Normal) (G1 Evacuation Pause) (Evacuation Failure: Allocation) 2862M->2862M(2868M) 32.475ms
[129.630s][info][gc,cpu         ] GC(103) User=0.05s Sys=0.00s Real=0.03s
[129.630s][info][gc,ergo        ] Attempting full compaction
[129.630s][info][gc,start       ] GC(104) Pause Full (G1 Compaction Pause)
[129.630s][info][gc,task        ] GC(104) Using 4 workers of 4 for full compaction
[129.631s][info][gc,phases,start] GC(104) Phase 1: Mark live objects
[129.647s][info][gc,phases      ] GC(104) Phase 1: Mark live objects 15.673ms
[129.647s][info][gc,phases,start] GC(104) Phase 2: Prepare compaction
[129.652s][info][gc,phases      ] GC(104) Phase 2: Prepare compaction 4.855ms
[129.652s][info][gc,phases,start] GC(104) Phase 3: Adjust pointers
[129.661s][info][gc,phases      ] GC(104) Phase 3: Adjust pointers 8.959ms
[129.661s][info][gc,phases,start] GC(104) Phase 4: Compact heap
[129.670s][info][gc,phases      ] GC(104) Phase 4: Compact heap 9.563ms
[129.670s][info][gc,phases,start] GC(104) Phase 5: Reset Metadata
[129.672s][info][gc,phases      ] GC(104) Phase 5: Reset Metadata 2.160ms
[129.674s][info][gc,heap        ] GC(104) Eden regions: 0->0(746)
[129.674s][info][gc,heap        ] GC(104) Survivor regions: 0->0(0)
[129.674s][info][gc,heap        ] GC(104) Old regions: 902->121
[129.674s][info][gc,heap        ] GC(104) Humongous regions: 532->402
[129.674s][info][gc,metaspace   ] GC(104) Metaspace: 99567K(100800K)->99567K(100800K) NonClass: 77678K(78336K)->77678K(78336K) Class: 21888K(22464K)->21888K(22464K)
[129.674s][info][gc             ] GC(104) Pause Full (G1 Compaction Pause) 2862M->1041M(2868M) 44.470ms
[129.674s][info][gc,cpu         ] GC(104) User=0.16s Sys=0.00s Real=0.04s
[129.675s][info][gc,marking     ] GC(102) Concurrent Mark From Roots 52.129ms
[129.675s][info][gc,marking     ] GC(102) Concurrent Mark Abort
[129.675s][info][gc             ] GC(102) Concurrent Mark Cycle 78.264ms
[129.675s][info][gc,start       ] GC(105) Pause Young (Concurrent Start) (G1 Humongous Allocation)
[129.675s][info][gc,task        ] GC(105) Using 4 workers of 4 for evacuation
[129.677s][info][gc,phases      ] GC(105)   Pre Evacuate Collection Set: 0.14ms
[129.677s][info][gc,phases      ] GC(105)   Merge Heap Roots: 0.02ms
[129.677s][info][gc,phases      ] GC(105)   Evacuate Collection Set: 0.65ms
[129.677s][info][gc,phases      ] GC(105)   Post Evacuate Collection Set: 0.52ms
[129.677s][info][gc,phases      ] GC(105)   Other: 0.06ms
[129.677s][info][gc,heap        ] GC(105) Eden regions: 3->0(553)
[129.677s][info][gc,heap        ] GC(105) Survivor regions: 0->2(94)
[129.677s][info][gc,heap        ] GC(105) Old regions: 121->121
[129.677s][info][gc,heap        ] GC(105) Humongous regions: 402->402
[129.677s][info][gc,metaspace   ] GC(105) Metaspace: 99567K(100800K)->99567K(100800K) NonClass: 77679K(78336K)->77679K(78336K) Class: 21888K(22464K)->21888K(22464K)
[129.677s][info][gc             ] GC(105) Pause Young (Concurrent Start) (G1 Humongous Allocation) 1046M->1043M(2868M) 1.488ms
[129.677s][info][gc,cpu         ] GC(105) User=0.00s Sys=0.00s Real=0.01s
[129.677s][info][gc             ] GC(106) Concurrent Mark Cycle
[129.677s][info][gc,marking     ] GC(106) Concurrent Scan Root Regions
[129.679s][info][gc,marking     ] GC(106) Concurrent Scan Root Regions 2.158ms
[129.679s][info][gc,marking     ] GC(106) Concurrent Mark
[129.679s][info][gc,marking     ] GC(106) Concurrent Mark From Roots
[129.679s][info][gc,task        ] GC(106) Using 1 workers of 1 for marking
[129.733s][info][gc,marking     ] GC(106) Concurrent Mark From Roots 53.684ms
[129.733s][info][gc,marking     ] GC(106) Concurrent Preclean
[129.733s][info][gc,marking     ] GC(106) Concurrent Preclean 0.153ms
[129.733s][info][gc,start       ] GC(106) Pause Remark
[129.736s][info][gc             ] GC(106) Pause Remark 1667M->1667M(2868M) 3.093ms
[129.736s][info][gc,cpu         ] GC(106) User=0.01s Sys=0.00s Real=0.00s
[129.736s][info][gc,marking     ] GC(106) Concurrent Mark 57.092ms
[129.736s][info][gc,marking     ] GC(106) Concurrent Rebuild Remembered Sets and Scrub Regions
[129.758s][info][gc,marking     ] GC(106) Concurrent Rebuild Remembered Sets and Scrub Regions 21.403ms
[129.758s][info][gc,start       ] GC(106) Pause Cleanup
[129.758s][info][gc             ] GC(106) Pause Cleanup 1724M->1724M(2868M) 0.116ms
[129.758s][info][gc,cpu         ] GC(106) User=0.00s Sys=0.00s Real=0.00s
[129.758s][info][gc,marking     ] GC(106) Concurrent Clear Claimed Marks
[129.758s][info][gc,marking     ] GC(106) Concurrent Clear Claimed Marks 0.158ms
[129.758s][info][gc,marking     ] GC(106) Concurrent Cleanup for Next Mark
[129.760s][info][gc,marking     ] GC(106) Concurrent Cleanup for Next Mark 1.394ms
[129.760s][info][gc             ] GC(106) Concurrent Mark Cycle 82.553ms
[130.978s][info][gc,start       ] GC(107) Pause Young (Prepare Mixed) (G1 Evacuation Pause)
[130.978s][info][gc,task        ] GC(107) Using 4 workers of 4 for evacuation
[130.984s][info][gc,phases      ] GC(107)   Pre Evacuate Collection Set: 0.13ms
[130.984s][info][gc,phases      ] GC(107)   Merge Heap Roots: 0.07ms
[130.984s][info][gc,phases      ] GC(107)   Evacuate Collection Set: 2.27ms
[130.984s][info][gc,phases      ] GC(107)   Post Evacuate Collection Set: 3.49ms
[130.984s][info][gc,phases      ] GC(107)   Other: 0.06ms
[130.984s][info][gc,heap        ] GC(107) Eden regions: 246->0(351)
[130.984s][info][gc,heap        ] GC(107) Survivor regions: 2->0(0)
[130.984s][info][gc,heap        ] GC(107) Old regions: 121->311
[130.984s][info][gc,heap        ] GC(107) Humongous regions: 1065->597
[130.984s][info][gc,metaspace   ] GC(107) Metaspace: 99605K(100800K)->99605K(100800K) NonClass: 77716K(78336K)->77716K(78336K) Class: 21888K(22464K)->21888K(22464K)
[130.984s][info][gc             ] GC(107) Pause Young (Prepare Mixed) (G1 Evacuation Pause) (Evacuation Failure: Allocation) 2861M->1809M(2868M) 6.133ms
[130.984s][info][gc,cpu         ] GC(107) User=0.02s Sys=0.00s Real=0.00s
[131.250s][info][gc,start       ] GC(108) Pause Young (Mixed) (G1 Humongous Allocation)
[131.250s][info][gc,task        ] GC(108) Using 4 workers of 4 for evacuation
[131.262s][info][gc,phases      ] GC(108)   Pre Evacuate Collection Set: 0.19ms
[131.262s][info][gc,phases      ] GC(108)   Merge Heap Roots: 0.10ms
[131.262s][info][gc,phases      ] GC(108)   Evacuate Collection Set: 5.38ms
[131.262s][info][gc,phases      ] GC(108)   Post Evacuate Collection Set: 6.14ms
[131.262s][info][gc,phases      ] GC(108)   Other: 0.08ms
[131.262s][info][gc,heap        ] GC(108) Eden regions: 157->0(176)
[131.262s][info][gc,heap        ] GC(108) Survivor regions: 0->4(6)
[131.262s][info][gc,heap        ] GC(108) Old regions: 311->464
[131.262s][info][gc,heap        ] GC(108) Humongous regions: 960->717
[131.262s][info][gc,metaspace   ] GC(108) Metaspace: 99605K(100800K)->99605K(100800K) NonClass: 77716K(78336K)->77716K(78336K) Class: 21888K(22464K)->21888K(22464K)
[131.262s][info][gc             ] GC(108) Pause Young (Mixed) (G1 Humongous Allocation) (Evacuation Failure: Allocation) 2849M->2363M(2868M) 12.134ms
[131.262s][info][gc,cpu         ] GC(108) User=0.04s Sys=0.00s Real=0.01s
[131.264s][info][gc,start       ] GC(109) Pause Young (Concurrent Start) (G1 Humongous Allocation)
[131.264s][info][gc,task        ] GC(109) Using 4 workers of 4 for evacuation
[131.271s][info][gc,phases      ] GC(109)   Pre Evacuate Collection Set: 0.28ms
[131.271s][info][gc,phases      ] GC(109)   Merge Heap Roots: 0.10ms
[131.271s][info][gc,phases      ] GC(109)   Evacuate Collection Set: 6.12ms
[131.271s][info][gc,phases      ] GC(109)   Post Evacuate Collection Set: 0.48ms
[131.271s][info][gc,phases      ] GC(109)   Other: 0.06ms
[131.271s][info][gc,heap        ] GC(109) Eden regions: 3->0(227)
[131.271s][info][gc,heap        ] GC(109) Survivor regions: 4->5(23)
[131.271s][info][gc,heap        ] GC(109) Old regions: 464->382
[131.271s][info][gc,heap        ] GC(109) Humongous regions: 722->705
[131.271s][info][gc,metaspace   ] GC(109) Metaspace: 99605K(100800K)->99605K(100800K) NonClass: 77716K(78336K)->77716K(78336K) Class: 21888K(22464K)->21888K(22464K)
[131.271s][info][gc             ] GC(109) Pause Young (Concurrent Start) (G1 Humongous Allocation) 2379M->2180M(2868M) 7.138ms
[131.271s][info][gc,cpu         ] GC(109) User=0.03s Sys=0.00s Real=0.01s
[131.271s][info][gc             ] GC(110) Concurrent Mark Cycle
[131.271s][info][gc,marking     ] GC(110) Concurrent Scan Root Regions
[131.288s][info][gc,marking     ] GC(110) Concurrent Scan Root Regions 17.315ms
[131.288s][info][gc,marking     ] GC(110) Concurrent Mark
[131.288s][info][gc,marking     ] GC(110) Concurrent Mark From Roots
[131.288s][info][gc,task        ] GC(110) Using 1 workers of 1 for marking
[131.334s][info][gc,marking     ] GC(110) Concurrent Mark From Roots 46.053ms
[131.334s][info][gc,marking     ] GC(110) Concurrent Preclean
[131.335s][info][gc,marking     ] GC(110) Concurrent Preclean 0.133ms
[131.335s][info][gc,start       ] GC(110) Pause Remark
[131.338s][info][gc             ] GC(110) Pause Remark 2493M->2093M(2868M) 3.232ms
[131.338s][info][gc,cpu         ] GC(110) User=0.01s Sys=0.00s Real=0.01s
[131.338s][info][gc,marking     ] GC(110) Concurrent Mark 49.620ms
[131.338s][info][gc,marking     ] GC(110) Concurrent Rebuild Remembered Sets and Scrub Regions
[131.369s][info][gc,marking     ] GC(110) Concurrent Rebuild Remembered Sets and Scrub Regions 30.878ms
[131.369s][info][gc,start       ] GC(110) Pause Cleanup
[131.369s][info][gc             ] GC(110) Pause Cleanup 2106M->2106M(2868M) 0.112ms
[131.369s][info][gc,cpu         ] GC(110) User=0.01s Sys=0.00s Real=0.00s
[131.369s][info][gc,marking     ] GC(110) Concurrent Clear Claimed Marks
[131.369s][info][gc,marking     ] GC(110) Concurrent Clear Claimed Marks 0.122ms
[131.369s][info][gc,marking     ] GC(110) Concurrent Cleanup for Next Mark
[131.370s][info][gc,marking     ] GC(110) Concurrent Cleanup for Next Mark 1.178ms
[131.370s][info][gc             ] GC(110) Concurrent Mark Cycle 99.406ms
[132.390s][info][gc,start       ] GC(111) Pause Young (Prepare Mixed) (G1 Humongous Allocation)
[132.390s][info][gc,task        ] GC(111) Using 4 workers of 4 for evacuation
[132.401s][info][gc,phases      ] GC(111)   Pre Evacuate Collection Set: 0.31ms
[132.401s][info][gc,phases      ] GC(111)   Merge Heap Roots: 0.26ms
[132.401s][info][gc,phases      ] GC(111)   Evacuate Collection Set: 5.32ms
[132.401s][info][gc,phases      ] GC(111)   Post Evacuate Collection Set: 5.63ms
[132.401s][info][gc,phases      ] GC(111)   Other: 0.05ms
[132.401s][info][gc,heap        ] GC(111) Eden regions: 209->0(247)
[132.401s][info][gc,heap        ] GC(111) Survivor regions: 5->11(15)
[132.401s][info][gc,heap        ] GC(111) Old regions: 382->580
[132.401s][info][gc,heap        ] GC(111) Humongous regions: 823->490
[132.401s][info][gc,metaspace   ] GC(111) Metaspace: 99609K(100800K)->99609K(100800K) NonClass: 77720K(78336K)->77720K(78336K) Class: 21888K(22464K)->21888K(22464K)
[132.401s][info][gc             ] GC(111) Pause Young (Prepare Mixed) (G1 Humongous Allocation) (Evacuation Failure: Allocation) 2833M->2158M(2868M) 11.690ms
[132.401s][info][gc,cpu         ] GC(111) User=0.04s Sys=0.00s Real=0.01s
[132.580s][info][gc,start       ] GC(112) Pause Young (Mixed) (G1 Humongous Allocation)
[132.580s][info][gc,task        ] GC(112) Using 4 workers of 4 for evacuation
[132.590s][info][gc,phases      ] GC(112)   Pre Evacuate Collection Set: 0.34ms
[132.590s][info][gc,phases      ] GC(112)   Merge Heap Roots: 0.15ms
[132.590s][info][gc,phases      ] GC(112)   Evacuate Collection Set: 3.79ms
[132.590s][info][gc,phases      ] GC(112)   Post Evacuate Collection Set: 5.34ms
[132.590s][info][gc,phases      ] GC(112)   Other: 0.09ms
[132.590s][info][gc,heap        ] GC(112) Eden regions: 119->0(115)
[132.590s][info][gc,heap        ] GC(112) Survivor regions: 11->2(5)
[132.590s][info][gc,heap        ] GC(112) Old regions: 580->710
[132.590s][info][gc,heap        ] GC(112) Humongous regions: 719->534
[132.590s][info][gc,metaspace   ] GC(112) Metaspace: 99609K(100800K)->99609K(100800K) NonClass: 77720K(78336K)->77720K(78336K) Class: 21888K(22464K)->21888K(22464K)
[132.590s][info][gc             ] GC(112) Pause Young (Mixed) (G1 Humongous Allocation) (Evacuation Failure: Allocation) 2853M->2488M(2868M) 9.806ms
[132.590s][info][gc,cpu         ] GC(112) User=0.04s Sys=0.00s Real=0.01s
[132.590s][info][gc,start       ] GC(113) Pause Young (Concurrent Start) (G1 Humongous Allocation)
[132.590s][info][gc,task        ] GC(113) Using 4 workers of 4 for evacuation
[132.599s][info][gc,phases      ] GC(113)   Pre Evacuate Collection Set: 0.29ms
[132.599s][info][gc,phases      ] GC(113)   Merge Heap Roots: 0.15ms
[132.599s][info][gc,phases      ] GC(113)   Evacuate Collection Set: 6.83ms
[132.599s][info][gc,phases      ] GC(113)   Post Evacuate Collection Set: 1.20ms
[132.599s][info][gc,phases      ] GC(113)   Other: 0.11ms
[132.599s][info][gc,heap        ] GC(113) Eden regions: 2->0(224)
[132.599s][info][gc,heap        ] GC(113) Survivor regions: 2->3(15)
[132.599s][info][gc,heap        ] GC(113) Old regions: 710->584
[132.599s][info][gc,heap        ] GC(113) Humongous regions: 538->536
[132.599s][info][gc,metaspace   ] GC(113) Metaspace: 99609K(100800K)->99609K(100800K) NonClass: 77720K(78336K)->77720K(78336K) Class: 21888K(22464K)->21888K(22464K)
[132.599s][info][gc             ] GC(113) Pause Young (Concurrent Start) (G1 Humongous Allocation) 2500M->2241M(2868M) 8.713ms
[132.599s][info][gc,cpu         ] GC(113) User=0.03s Sys=0.00s Real=0.01s
[132.599s][info][gc             ] GC(114) Concurrent Mark Cycle
[132.599s][info][gc,marking     ] GC(114) Concurrent Scan Root Regions
[132.620s][info][gc,marking     ] GC(114) Concurrent Scan Root Regions 21.249ms
[132.620s][info][gc,marking     ] GC(114) Concurrent Mark
[132.620s][info][gc,marking     ] GC(114) Concurrent Mark From Roots
[132.620s][info][gc,task        ] GC(114) Using 1 workers of 1 for marking
[132.674s][info][gc,marking     ] GC(114) Concurrent Mark From Roots 53.409ms
[132.674s][info][gc,marking     ] GC(114) Concurrent Preclean
[132.674s][info][gc,marking     ] GC(114) Concurrent Preclean 0.116ms
[132.674s][info][gc,start       ] GC(114) Pause Remark
[132.676s][info][gc             ] GC(114) Pause Remark 2494M->2314M(2868M) 2.655ms
[132.676s][info][gc,cpu         ] GC(114) User=0.01s Sys=0.00s Real=0.00s
[132.677s][info][gc,marking     ] GC(114) Concurrent Mark 56.314ms
[132.677s][info][gc,marking     ] GC(114) Concurrent Rebuild Remembered Sets and Scrub Regions
[132.726s][info][gc,marking     ] GC(114) Concurrent Rebuild Remembered Sets and Scrub Regions 49.450ms
[132.726s][info][gc,start       ] GC(114) Pause Cleanup
[132.726s][info][gc             ] GC(114) Pause Cleanup 2681M->2681M(2868M) 0.160ms
[132.726s][info][gc,cpu         ] GC(114) User=0.00s Sys=0.00s Real=0.00s
[132.726s][info][gc,marking     ] GC(114) Concurrent Clear Claimed Marks
[132.726s][info][gc,marking     ] GC(114) Concurrent Clear Claimed Marks 0.126ms
[132.726s][info][gc,marking     ] GC(114) Concurrent Cleanup for Next Mark
[132.728s][info][gc,marking     ] GC(114) Concurrent Cleanup for Next Mark 1.180ms
[132.728s][info][gc             ] GC(114) Concurrent Mark Cycle 128.672ms
[132.961s][info][gc,start       ] GC(115) Pause Young (Prepare Mixed) (G1 Humongous Allocation)
[132.961s][info][gc,task        ] GC(115) Using 4 workers of 4 for evacuation
[132.970s][info][gc,phases      ] GC(115)   Pre Evacuate Collection Set: 0.34ms
[132.970s][info][gc,phases      ] GC(115)   Merge Heap Roots: 0.21ms
[132.970s][info][gc,phases      ] GC(115)   Evacuate Collection Set: 4.24ms
[132.970s][info][gc,phases      ] GC(115)   Post Evacuate Collection Set: 4.14ms
[132.970s][info][gc,phases      ] GC(115)   Other: 0.08ms
[132.970s][info][gc,heap        ] GC(115) Eden regions: 85->0(202)
[132.970s][info][gc,heap        ] GC(115) Survivor regions: 3->2(4)
[132.970s][info][gc,heap        ] GC(115) Old regions: 584->671
[132.970s][info][gc,heap        ] GC(115) Humongous regions: 758->486
[132.970s][info][gc,metaspace   ] GC(115) Metaspace: 99611K(100800K)->99611K(100800K) NonClass: 77723K(78336K)->77723K(78336K) Class: 21888K(22464K)->21888K(22464K)
[132.970s][info][gc             ] GC(115) Pause Young (Prepare Mixed) (G1 Humongous Allocation) (Evacuation Failure: Allocation) 2854M->2313M(2868M) 9.107ms
[132.970s][info][gc,cpu         ] GC(115) User=0.03s Sys=0.00s Real=0.01s
[133.815s][info][gc,start       ] GC(116) Pause Young (Mixed) (G1 Humongous Allocation)
[133.815s][info][gc,task        ] GC(116) Using 4 workers of 4 for evacuation
[133.826s][info][gc,phases      ] GC(116)   Pre Evacuate Collection Set: 0.38ms
[133.826s][info][gc,phases      ] GC(116)   Merge Heap Roots: 0.21ms
[133.826s][info][gc,phases      ] GC(116)   Evacuate Collection Set: 4.94ms
[133.826s][info][gc,phases      ] GC(116)   Post Evacuate Collection Set: 5.97ms
[133.826s][info][gc,phases      ] GC(116)   Other: 0.05ms
[133.826s][info][gc,heap        ] GC(116) Eden regions: 144->0(71)
[133.826s][info][gc,heap        ] GC(116) Survivor regions: 2->1(1)
[133.826s][info][gc,heap        ] GC(116) Old regions: 671->808
[133.826s][info][gc,heap        ] GC(116) Humongous regions: 616->513
[133.826s][info][gc,metaspace   ] GC(116) Metaspace: 99639K(100800K)->99639K(100800K) NonClass: 77750K(78336K)->77750K(78336K) Class: 21888K(22464K)->21888K(22464K)
[133.826s][info][gc             ] GC(116) Pause Young (Mixed) (G1 Humongous Allocation) (Evacuation Failure: Allocation) 2860M->2638M(2868M) 11.722ms
[133.826s][info][gc,cpu         ] GC(116) User=0.04s Sys=0.00s Real=0.01s
[133.827s][info][gc,start       ] GC(117) Pause Young (Concurrent Start) (G1 Humongous Allocation)
[133.827s][info][gc,task        ] GC(117) Using 4 workers of 4 for evacuation
[133.841s][info][gc,phases      ] GC(117)   Pre Evacuate Collection Set: 0.26ms
[133.842s][info][gc,phases      ] GC(117)   Merge Heap Roots: 0.17ms
[133.842s][info][gc,phases      ] GC(117)   Evacuate Collection Set: 11.80ms
[133.842s][info][gc,phases      ] GC(117)   Post Evacuate Collection Set: 2.24ms
[133.842s][info][gc,phases      ] GC(117)   Other: 0.09ms
[133.842s][info][gc,heap        ] GC(117) Eden regions: 2->0(142)
[133.842s][info][gc,heap        ] GC(117) Survivor regions: 1->2(9)
[133.842s][info][gc,heap        ] GC(117) Old regions: 808->708
[133.842s][info][gc,heap        ] GC(117) Humongous regions: 515->509
[133.842s][info][gc,metaspace   ] GC(117) Metaspace: 99639K(100800K)->99639K(100800K) NonClass: 77750K(78336K)->77750K(78336K) Class: 21888K(22464K)->21888K(22464K)
[133.842s][info][gc             ] GC(117) Pause Young (Concurrent Start) (G1 Humongous Allocation) 2645M->2432M(2868M) 14.723ms
[133.842s][info][gc,cpu         ] GC(117) User=0.05s Sys=0.00s Real=0.01s
[133.842s][info][gc             ] GC(118) Concurrent Mark Cycle
[133.842s][info][gc,marking     ] GC(118) Concurrent Scan Root Regions
[133.865s][info][gc,marking     ] GC(118) Concurrent Scan Root Regions 22.855ms
[133.865s][info][gc,marking     ] GC(118) Concurrent Mark
[133.865s][info][gc,marking     ] GC(118) Concurrent Mark From Roots
[133.865s][info][gc,task        ] GC(118) Using 1 workers of 1 for marking
[133.919s][info][gc,marking     ] GC(118) Concurrent Mark From Roots 53.864ms
[133.919s][info][gc,marking     ] GC(118) Concurrent Preclean
[133.919s][info][gc,marking     ] GC(118) Concurrent Preclean 0.129ms
[133.919s][info][gc,start       ] GC(118) Pause Remark
[133.921s][info][gc             ] GC(118) Pause Remark 2575M->2415M(2868M) 2.575ms
[133.921s][info][gc,cpu         ] GC(118) User=0.00s Sys=0.00s Real=0.00s
[133.922s][info][gc,marking     ] GC(118) Concurrent Mark 56.819ms
[133.922s][info][gc,marking     ] GC(118) Concurrent Rebuild Remembered Sets and Scrub Regions
[133.970s][info][gc,marking     ] GC(118) Concurrent Rebuild Remembered Sets and Scrub Regions 47.945ms
[133.970s][info][gc,start       ] GC(118) Pause Cleanup
[133.970s][info][gc             ] GC(118) Pause Cleanup 2481M->2481M(2868M) 0.119ms
[133.970s][info][gc,cpu         ] GC(118) User=0.00s Sys=0.00s Real=0.00s
[133.970s][info][gc,marking     ] GC(118) Concurrent Clear Claimed Marks
[133.970s][info][gc,marking     ] GC(118) Concurrent Clear Claimed Marks 0.137ms
[133.970s][info][gc,marking     ] GC(118) Concurrent Cleanup for Next Mark
[133.971s][info][gc,marking     ] GC(118) Concurrent Cleanup for Next Mark 1.165ms
[133.971s][info][gc             ] GC(118) Concurrent Mark Cycle 129.276ms
[134.026s][info][gc,start       ] GC(119) Pause Young (Prepare Mixed) (G1 Humongous Allocation)
[134.026s][info][gc,task        ] GC(119) Using 4 workers of 4 for evacuation
[134.036s][info][gc,phases      ] GC(119)   Pre Evacuate Collection Set: 0.29ms
[134.036s][info][gc,phases      ] GC(119)   Merge Heap Roots: 0.19ms
[134.036s][info][gc,phases      ] GC(119)   Evacuate Collection Set: 4.58ms
[134.036s][info][gc,phases      ] GC(119)   Post Evacuate Collection Set: 5.04ms
[134.036s][info][gc,phases      ] GC(119)   Other: 0.07ms
[134.036s][info][gc,heap        ] GC(119) Eden regions: 123->0(71)
[134.036s][info][gc,heap        ] GC(119) Survivor regions: 2->1(5)
[134.036s][info][gc,heap        ] GC(119) Old regions: 708->836
[134.036s][info][gc,heap        ] GC(119) Humongous regions: 596->494
[134.036s][info][gc,metaspace   ] GC(119) Metaspace: 99641K(100800K)->99641K(100800K) NonClass: 77752K(78336K)->77752K(78336K) Class: 21889K(22464K)->21889K(22464K)
[134.036s][info][gc             ] GC(119) Pause Young (Prepare Mixed) (G1 Humongous Allocation) (Evacuation Failure: Allocation) 2851M->2657M(2868M) 10.316ms
[134.036s][info][gc,cpu         ] GC(119) User=0.04s Sys=0.00s Real=0.01s
[134.044s][info][gc,start       ] GC(120) Pause Young (Mixed) (G1 Humongous Allocation)
[134.045s][info][gc,task        ] GC(120) Using 4 workers of 4 for evacuation
[134.051s][info][gc,phases      ] GC(120)   Pre Evacuate Collection Set: 0.20ms
[134.051s][info][gc,phases      ] GC(120)   Merge Heap Roots: 0.14ms
[134.051s][info][gc,phases      ] GC(120)   Evacuate Collection Set: 4.17ms
[134.051s][info][gc,phases      ] GC(120)   Post Evacuate Collection Set: 2.29ms
[134.051s][info][gc,phases      ] GC(120)   Other: 0.05ms
[134.051s][info][gc,heap        ] GC(120) Eden regions: 5->0(69)
[134.051s][info][gc,heap        ] GC(120) Survivor regions: 1->2(9)
[134.051s][info][gc,heap        ] GC(120) Old regions: 836->830
[134.051s][info][gc,heap        ] GC(120) Humongous regions: 575->516
[134.051s][info][gc,metaspace   ] GC(120) Metaspace: 99641K(100800K)->99641K(100800K) NonClass: 77752K(78336K)->77752K(78336K) Class: 21889K(22464K)->21889K(22464K)
[134.051s][info][gc             ] GC(120) Pause Young (Mixed) (G1 Humongous Allocation) (Evacuation Failure: Allocation) 2828M->2690M(2868M) 7.498ms
[134.051s][info][gc,cpu         ] GC(120) User=0.03s Sys=0.00s Real=0.01s
[134.053s][info][gc,start       ] GC(121) Pause Young (Concurrent Start) (G1 Humongous Allocation)
[134.053s][info][gc,task        ] GC(121) Using 4 workers of 4 for evacuation
[134.061s][info][gc,phases      ] GC(121)   Pre Evacuate Collection Set: 0.31ms
[134.061s][info][gc,phases      ] GC(121)   Merge Heap Roots: 0.17ms
[134.061s][info][gc,phases      ] GC(121)   Evacuate Collection Set: 6.79ms
[134.061s][info][gc,phases      ] GC(121)   Post Evacuate Collection Set: 0.60ms
[134.061s][info][gc,phases      ] GC(121)   Other: 0.06ms
[134.061s][info][gc,heap        ] GC(121) Eden regions: 3->0(92)
[134.061s][info][gc,heap        ] GC(121) Survivor regions: 2->2(9)
[134.061s][info][gc,heap        ] GC(121) Old regions: 830->749
[134.061s][info][gc,heap        ] GC(121) Humongous regions: 524->518
[134.061s][info][gc,metaspace   ] GC(121) Metaspace: 99641K(100800K)->99641K(100800K) NonClass: 77752K(78336K)->77752K(78336K) Class: 21889K(22464K)->21889K(22464K)
[134.061s][info][gc             ] GC(121) Pause Young (Concurrent Start) (G1 Humongous Allocation) 2710M->2534M(2868M) 8.014ms
[134.061s][info][gc             ] GC(122) Concurrent Mark Cycle
[134.061s][info][gc,marking     ] GC(122) Concurrent Scan Root Regions
[134.061s][info][gc,cpu         ] GC(121) User=0.03s Sys=0.00s Real=0.01s
[134.083s][info][gc,marking     ] GC(122) Concurrent Scan Root Regions 21.706ms
[134.083s][info][gc,marking     ] GC(122) Concurrent Mark
[134.083s][info][gc,marking     ] GC(122) Concurrent Mark From Roots
[134.083s][info][gc,task        ] GC(122) Using 1 workers of 1 for marking
[134.137s][info][gc,marking     ] GC(122) Concurrent Mark From Roots 54.533ms
[134.137s][info][gc,marking     ] GC(122) Concurrent Preclean
[134.137s][info][gc,marking     ] GC(122) Concurrent Preclean 0.128ms
[134.138s][info][gc,start       ] GC(122) Pause Remark
[134.140s][info][gc             ] GC(122) Pause Remark 2748M->2634M(2868M) 2.679ms
[134.140s][info][gc,cpu         ] GC(122) User=0.01s Sys=0.00s Real=0.00s
[134.140s][info][gc,marking     ] GC(122) Concurrent Mark 57.516ms
[134.140s][info][gc,marking     ] GC(122) Concurrent Rebuild Remembered Sets and Scrub Regions
[134.168s][info][gc,start       ] GC(123) Pause Young (Normal) (G1 Humongous Allocation)
[134.168s][info][gc,task        ] GC(123) Using 4 workers of 4 for evacuation
[134.175s][info][gc,phases      ] GC(123)   Pre Evacuate Collection Set: 0.17ms
[134.175s][info][gc,phases      ] GC(123)   Merge Heap Roots: 0.10ms
[134.175s][info][gc,phases      ] GC(123)   Evacuate Collection Set: 3.76ms
[134.175s][info][gc,phases      ] GC(123)   Post Evacuate Collection Set: 3.19ms
[134.175s][info][gc,phases      ] GC(123)   Other: 0.06ms
[134.175s][info][gc,heap        ] GC(123) Eden regions: 38->0(71)
[134.175s][info][gc,heap        ] GC(123) Survivor regions: 2->8(12)
[134.175s][info][gc,heap        ] GC(123) Old regions: 747->794
[134.175s][info][gc,heap        ] GC(123) Humongous regions: 629->497
[134.175s][info][gc,metaspace   ] GC(123) Metaspace: 99646K(100800K)->99646K(100800K) NonClass: 77757K(78336K)->77757K(78336K) Class: 21889K(22464K)->21889K(22464K)
[134.175s][info][gc             ] GC(123) Pause Young (Normal) (G1 Humongous Allocation) (Evacuation Failure: Allocation) 2827M->2595M(2868M) 7.404ms
[134.175s][info][gc,cpu         ] GC(123) User=0.03s Sys=0.00s Real=0.00s
[134.196s][info][gc,marking     ] GC(122) Concurrent Rebuild Remembered Sets and Scrub Regions 56.165ms
[134.197s][info][gc,start       ] GC(122) Pause Cleanup
[134.197s][info][gc             ] GC(122) Pause Cleanup 2776M->2776M(2868M) 0.226ms
[134.197s][info][gc,cpu         ] GC(122) User=0.00s Sys=0.00s Real=0.00s
[134.197s][info][gc,marking     ] GC(122) Concurrent Clear Claimed Marks
[134.197s][info][gc,marking     ] GC(122) Concurrent Clear Claimed Marks 0.152ms
[134.197s][info][gc,marking     ] GC(122) Concurrent Cleanup for Next Mark
[134.199s][info][gc,marking     ] GC(122) Concurrent Cleanup for Next Mark 1.208ms
[134.199s][info][gc             ] GC(122) Concurrent Mark Cycle 137.685ms
[134.400s][info][gc,start       ] GC(124) Pause Young (Prepare Mixed) (G1 Humongous Allocation)
[134.400s][info][gc,task        ] GC(124) Using 4 workers of 4 for evacuation
[134.407s][info][gc,phases      ] GC(124)   Pre Evacuate Collection Set: 0.31ms
[134.407s][info][gc,phases      ] GC(124)   Merge Heap Roots: 0.12ms
[134.407s][info][gc,phases      ] GC(124)   Evacuate Collection Set: 2.77ms
[134.407s][info][gc,phases      ] GC(124)   Post Evacuate Collection Set: 3.61ms
[134.407s][info][gc,phases      ] GC(124)   Other: 0.06ms
[134.407s][info][gc,heap        ] GC(124) Eden regions: 43->0(71)
[134.407s][info][gc,heap        ] GC(124) Survivor regions: 8->1(4)
[134.407s][info][gc,heap        ] GC(124) Old regions: 794->847
[134.407s][info][gc,heap        ] GC(124) Humongous regions: 585->474
[134.407s][info][gc,metaspace   ] GC(124) Metaspace: 99646K(100800K)->99646K(100800K) NonClass: 77757K(78336K)->77757K(78336K) Class: 21889K(22464K)->21889K(22464K)
[134.407s][info][gc             ] GC(124) Pause Young (Prepare Mixed) (G1 Humongous Allocation) (Evacuation Failure: Allocation) 2856M->2641M(2868M) 7.001ms
[134.407s][info][gc,cpu         ] GC(124) User=0.02s Sys=0.00s Real=0.00s
[134.457s][info][gc,start       ] GC(125) Pause Young (Mixed) (G1 Humongous Allocation)
[134.457s][info][gc,task        ] GC(125) Using 4 workers of 4 for evacuation
[134.463s][info][gc,phases      ] GC(125)   Pre Evacuate Collection Set: 0.31ms
[134.463s][info][gc,phases      ] GC(125)   Merge Heap Roots: 0.13ms
[134.463s][info][gc,phases      ] GC(125)   Evacuate Collection Set: 3.43ms
[134.463s][info][gc,phases      ] GC(125)   Post Evacuate Collection Set: 2.67ms
[134.463s][info][gc,phases      ] GC(125)   Other: 0.07ms
[134.463s][info][gc,heap        ] GC(125) Eden regions: 9->0(65)
[134.464s][info][gc,heap        ] GC(125) Survivor regions: 1->1(9)
[134.464s][info][gc,heap        ] GC(125) Old regions: 847->868
[134.464s][info][gc,heap        ] GC(125) Humongous regions: 562->500
[134.464s][info][gc,metaspace   ] GC(125) Metaspace: 99650K(100800K)->99650K(100800K) NonClass: 77761K(78336K)->77761K(78336K) Class: 21889K(22464K)->21889K(22464K)
[134.464s][info][gc             ] GC(125) Pause Young (Mixed) (G1 Humongous Allocation) (Evacuation Failure: Allocation) 2835M->2735M(2868M) 6.715ms
[134.464s][info][gc,cpu         ] GC(125) User=0.03s Sys=0.00s Real=0.01s
[134.465s][info][gc,start       ] GC(126) Pause Young (Concurrent Start) (G1 Humongous Allocation)
[134.465s][info][gc,task        ] GC(126) Using 4 workers of 4 for evacuation
[134.472s][info][gc,phases      ] GC(126)   Pre Evacuate Collection Set: 0.19ms
[134.472s][info][gc,phases      ] GC(126)   Merge Heap Roots: 0.09ms
[134.472s][info][gc,phases      ] GC(126)   Evacuate Collection Set: 5.38ms
[134.472s][info][gc,phases      ] GC(126)   Post Evacuate Collection Set: 1.24ms
[134.472s][info][gc,phases      ] GC(126)   Other: 0.05ms
[134.472s][info][gc,heap        ] GC(126) Eden regions: 1->0(71)
[134.472s][info][gc,heap        ] GC(126) Survivor regions: 1->2(9)
[134.472s][info][gc,heap        ] GC(126) Old regions: 868->841
[134.472s][info][gc,heap        ] GC(126) Humongous regions: 505->502
[134.472s][info][gc,metaspace   ] GC(126) Metaspace: 99651K(100800K)->99651K(100800K) NonClass: 77762K(78336K)->77762K(78336K) Class: 21889K(22464K)->21889K(22464K)
[134.472s][info][gc             ] GC(126) Pause Young (Concurrent Start) (G1 Humongous Allocation) (Evacuation Failure: Allocation) 2747M->2686M(2868M) 7.030ms
[134.472s][info][gc,cpu         ] GC(126) User=0.02s Sys=0.00s Real=0.01s
[134.472s][info][gc             ] GC(127) Concurrent Mark Cycle
[134.472s][info][gc,marking     ] GC(127) Concurrent Scan Root Regions
[134.482s][info][gc,marking     ] GC(127) Concurrent Scan Root Regions 10.100ms
[134.482s][info][gc,marking     ] GC(127) Concurrent Mark
[134.482s][info][gc,marking     ] GC(127) Concurrent Mark From Roots
[134.482s][info][gc,task        ] GC(127) Using 1 workers of 1 for marking
[134.536s][info][gc,marking     ] GC(127) Concurrent Mark From Roots 53.211ms
[134.536s][info][gc,marking     ] GC(127) Concurrent Preclean
[134.536s][info][gc,marking     ] GC(127) Concurrent Preclean 0.116ms
[134.536s][info][gc,start       ] GC(127) Pause Remark
[134.538s][info][gc             ] GC(127) Pause Remark 2740M->2588M(2868M) 2.194ms
[134.538s][info][gc,cpu         ] GC(127) User=0.01s Sys=0.00s Real=0.01s
[134.538s][info][gc,marking     ] GC(127) Concurrent Mark 55.653ms
[134.538s][info][gc,marking     ] GC(127) Concurrent Rebuild Remembered Sets and Scrub Regions
[134.580s][info][gc,marking     ] GC(127) Concurrent Rebuild Remembered Sets and Scrub Regions 41.484ms
[134.580s][info][gc,start       ] GC(127) Pause Cleanup
[134.580s][info][gc             ] GC(127) Pause Cleanup 2593M->2593M(2868M) 0.113ms
[134.580s][info][gc,cpu         ] GC(127) User=0.00s Sys=0.00s Real=0.00s
[134.580s][info][gc,marking     ] GC(127) Concurrent Clear Claimed Marks
[134.580s][info][gc,marking     ] GC(127) Concurrent Clear Claimed Marks 0.128ms
[134.580s][info][gc,marking     ] GC(127) Concurrent Cleanup for Next Mark
[134.581s][info][gc,marking     ] GC(127) Concurrent Cleanup for Next Mark 1.224ms
[134.581s][info][gc             ] GC(127) Concurrent Mark Cycle 108.880ms
[135.173s][info][gc,start       ] GC(128) Pause Young (Prepare Mixed) (G1 Evacuation Pause)
[135.173s][info][gc,task        ] GC(128) Using 4 workers of 4 for evacuation
[135.180s][info][gc,phases      ] GC(128)   Pre Evacuate Collection Set: 0.23ms
[135.180s][info][gc,phases      ] GC(128)   Merge Heap Roots: 0.12ms
[135.180s][info][gc,phases      ] GC(128)   Evacuate Collection Set: 3.76ms
[135.180s][info][gc,phases      ] GC(128)   Post Evacuate Collection Set: 3.34ms
[135.180s][info][gc,phases      ] GC(128)   Other: 0.06ms
[135.180s][info][gc,heap        ] GC(128) Eden regions: 71->0(64)
[135.180s][info][gc,heap        ] GC(128) Survivor regions: 2->7(10)
[135.180s][info][gc,heap        ] GC(128) Old regions: 840->903
[135.180s][info][gc,heap        ] GC(128) Humongous regions: 501->447
[135.180s][info][gc,metaspace   ] GC(128) Metaspace: 99652K(100800K)->99652K(100800K) NonClass: 77763K(78336K)->77763K(78336K) Class: 21889K(22464K)->21889K(22464K)
[135.180s][info][gc             ] GC(128) Pause Young (Prepare Mixed) (G1 Evacuation Pause) (Evacuation Failure: Allocation) 2824M->2710M(2868M) 7.626ms
[135.180s][info][gc,cpu         ] GC(128) User=0.03s Sys=0.00s Real=0.01s
[135.284s][info][gc,start       ] GC(129) Pause Young (Mixed) (G1 Evacuation Pause)
[135.284s][info][gc,task        ] GC(129) Using 4 workers of 4 for evacuation
[135.294s][info][gc,phases      ] GC(129)   Pre Evacuate Collection Set: 0.35ms
[135.294s][info][gc,phases      ] GC(129)   Merge Heap Roots: 0.18ms
[135.294s][info][gc,phases      ] GC(129)   Evacuate Collection Set: 4.28ms
[135.294s][info][gc,phases      ] GC(129)   Post Evacuate Collection Set: 5.55ms
[135.294s][info][gc,phases      ] GC(129)   Other: 0.06ms
[135.294s][info][gc,heap        ] GC(129) Eden regions: 64->0(10)
[135.294s][info][gc,heap        ] GC(129) Survivor regions: 7->2(9)
[135.294s][info][gc,heap        ] GC(129) Old regions: 903->975
[135.294s][info][gc,heap        ] GC(129) Humongous regions: 447->447
[135.294s][info][gc,metaspace   ] GC(129) Metaspace: 99652K(100800K)->99652K(100800K) NonClass: 77763K(78336K)->77763K(78336K) Class: 21889K(22464K)->21889K(22464K)
[135.294s][info][gc             ] GC(129) Pause Young (Mixed) (G1 Evacuation Pause) (Evacuation Failure: Allocation) 2838M->2844M(2868M) 10.541ms
[135.294s][info][gc,cpu         ] GC(129) User=0.04s Sys=0.00s Real=0.01s
[135.296s][info][gc,start       ] GC(130) Pause Young (Concurrent Start) (G1 Humongous Allocation)
[135.296s][info][gc,task        ] GC(130) Using 4 workers of 4 for evacuation
[135.305s][info][gc,phases      ] GC(130)   Pre Evacuate Collection Set: 0.30ms
[135.305s][info][gc,phases      ] GC(130)   Merge Heap Roots: 0.38ms
[135.305s][info][gc,phases      ] GC(130)   Evacuate Collection Set: 3.01ms
[135.305s][info][gc,phases      ] GC(130)   Post Evacuate Collection Set: 5.22ms
[135.305s][info][gc,phases      ] GC(130)   Other: 0.06ms
[135.305s][info][gc,heap        ] GC(130) Eden regions: 3->0(8)
[135.305s][info][gc,heap        ] GC(130) Survivor regions: 2->2(2)
[135.305s][info][gc,heap        ] GC(130) Old regions: 975->977
[135.305s][info][gc,heap        ] GC(130) Humongous regions: 447->447
[135.305s][info][gc,metaspace   ] GC(130) Metaspace: 99652K(100800K)->99652K(100800K) NonClass: 77763K(78336K)->77763K(78336K) Class: 21889K(22464K)->21889K(22464K)
[135.305s][info][gc             ] GC(130) Pause Young (Concurrent Start) (G1 Humongous Allocation) (Evacuation Failure: Allocation) 2850M->2847M(2868M) 9.073ms
[135.305s][info][gc,cpu         ] GC(130) User=0.03s Sys=0.00s Real=0.01s
[135.305s][info][gc             ] GC(131) Concurrent Mark Cycle
[135.305s][info][gc,marking     ] GC(131) Concurrent Scan Root Regions
[135.306s][info][gc,start       ] GC(132) Pause Young (Normal) (G1 Humongous Allocation)
[135.306s][info][gc,task        ] GC(132) Using 4 workers of 4 for evacuation
[135.317s][info][gc,marking     ] GC(131) Concurrent Scan Root Regions 11.738ms
[135.317s][info][gc,marking     ] GC(131) Concurrent Mark
[135.317s][info][gc,marking     ] GC(131) Concurrent Mark From Roots
[135.317s][info][gc,task        ] GC(131) Using 1 workers of 1 for marking
[135.323s][info][gc,phases      ] GC(132)   Pre Evacuate Collection Set: 0.24ms
[135.323s][info][gc,phases      ] GC(132)   Merge Heap Roots: 0.10ms
[135.323s][info][gc,phases      ] GC(132)   Evacuate Collection Set: 2.42ms
[135.323s][info][gc,phases      ] GC(132)   Post Evacuate Collection Set: 3.76ms
[135.323s][info][gc,phases      ] GC(132)   Other: 10.72ms
[135.323s][info][gc,heap        ] GC(132) Eden regions: 1->0(5)
[135.323s][info][gc,heap        ] GC(132) Survivor regions: 2->1(2)
[135.323s][info][gc,heap        ] GC(132) Old regions: 977->979
[135.323s][info][gc,heap        ] GC(132) Humongous regions: 450->449
[135.323s][info][gc,metaspace   ] GC(132) Metaspace: 99652K(100800K)->99652K(100800K) NonClass: 77763K(78336K)->77763K(78336K) Class: 21889K(22464K)->21889K(22464K)
[135.323s][info][gc             ] GC(132) Pause Young (Normal) (G1 Humongous Allocation) (Evacuation Failure: Allocation) 2855M->2852M(2868M) 17.339ms
[135.323s][info][gc,cpu         ] GC(132) User=0.03s Sys=0.00s Real=0.02s
[135.323s][info][gc,ergo        ] Attempting full compaction
[135.323s][info][gc,start       ] GC(133) Pause Full (G1 Compaction Pause)
[135.323s][info][gc,task        ] GC(133) Using 4 workers of 4 for full compaction
[135.324s][info][gc,phases,start] GC(133) Phase 1: Mark live objects
[135.338s][info][gc,phases      ] GC(133) Phase 1: Mark live objects 13.459ms
[135.338s][info][gc,phases,start] GC(133) Phase 2: Prepare compaction
[135.340s][info][gc,phases      ] GC(133) Phase 2: Prepare compaction 2.296ms
[135.340s][info][gc,phases,start] GC(133) Phase 3: Adjust pointers
[135.347s][info][gc,phases      ] GC(133) Phase 3: Adjust pointers 7.258ms
[135.347s][info][gc,phases,start] GC(133) Phase 4: Compact heap
[135.352s][info][gc,phases      ] GC(133) Phase 4: Compact heap 4.361ms
[135.352s][info][gc,phases,start] GC(133) Phase 5: Reset Metadata
[135.354s][info][gc,phases      ] GC(133) Phase 5: Reset Metadata 2.362ms
[135.356s][info][gc,heap        ] GC(133) Eden regions: 0->0(585)
[135.356s][info][gc,heap        ] GC(133) Survivor regions: 1->0(2)
[135.356s][info][gc,heap        ] GC(133) Old regions: 979->75
[135.356s][info][gc,heap        ] GC(133) Humongous regions: 449->404
[135.356s][info][gc,metaspace   ] GC(133) Metaspace: 99652K(100800K)->99652K(100800K) NonClass: 77763K(78336K)->77763K(78336K) Class: 21889K(22464K)->21889K(22464K)
[135.356s][info][gc             ] GC(133) Pause Full (G1 Compaction Pause) 2852M->953M(2868M) 32.772ms
[135.356s][info][gc,cpu         ] GC(133) User=0.12s Sys=0.00s Real=0.03s
[135.356s][info][gc,marking     ] GC(131) Concurrent Mark From Roots 39.486ms
[135.356s][info][gc,marking     ] GC(131) Concurrent Mark Abort
[135.356s][info][gc             ] GC(131) Concurrent Mark Cycle 51.276ms
[135.357s][info][gc,start       ] GC(134) Pause Young (Concurrent Start) (G1 Humongous Allocation)
[135.357s][info][gc,task        ] GC(134) Using 4 workers of 4 for evacuation
[135.358s][info][gc,phases      ] GC(134)   Pre Evacuate Collection Set: 0.12ms
[135.358s][info][gc,phases      ] GC(134)   Merge Heap Roots: 0.03ms
[135.358s][info][gc,phases      ] GC(134)   Evacuate Collection Set: 0.68ms
[135.358s][info][gc,phases      ] GC(134)   Post Evacuate Collection Set: 0.30ms
[135.358s][info][gc,phases      ] GC(134)   Other: 0.04ms
[135.358s][info][gc,heap        ] GC(134) Eden regions: 1->0(599)
[135.358s][info][gc,heap        ] GC(134) Survivor regions: 0->1(74)
[135.358s][info][gc,heap        ] GC(134) Old regions: 75->75
[135.358s][info][gc,heap        ] GC(134) Humongous regions: 407->407
[135.358s][info][gc,metaspace   ] GC(134) Metaspace: 99652K(100800K)->99652K(100800K) NonClass: 77763K(78336K)->77763K(78336K) Class: 21889K(22464K)->21889K(22464K)
[135.358s][info][gc             ] GC(134) Pause Young (Concurrent Start) (G1 Humongous Allocation) 960M->959M(2868M) 1.250ms
[135.358s][info][gc,cpu         ] GC(134) User=0.00s Sys=0.00s Real=0.00s
[135.358s][info][gc             ] GC(135) Concurrent Mark Cycle
[135.358s][info][gc,marking     ] GC(135) Concurrent Scan Root Regions
[135.359s][info][gc,marking     ] GC(135) Concurrent Scan Root Regions 0.904ms
[135.359s][info][gc,marking     ] GC(135) Concurrent Mark
[135.359s][info][gc,marking     ] GC(135) Concurrent Mark From Roots
[135.359s][info][gc,task        ] GC(135) Using 1 workers of 1 for marking
[135.404s][info][gc,marking     ] GC(135) Concurrent Mark From Roots 44.935ms
[135.404s][info][gc,marking     ] GC(135) Concurrent Preclean
[135.404s][info][gc,marking     ] GC(135) Concurrent Preclean 0.114ms
[135.404s][info][gc,start       ] GC(135) Pause Remark
[135.407s][info][gc             ] GC(135) Pause Remark 1119M->1115M(2868M) 3.026ms
[135.407s][info][gc,cpu         ] GC(135) User=0.01s Sys=0.00s Real=0.01s
[135.407s][info][gc,marking     ] GC(135) Concurrent Mark 48.253ms
[135.407s][info][gc,marking     ] GC(135) Concurrent Rebuild Remembered Sets and Scrub Regions
[135.427s][info][gc,marking     ] GC(135) Concurrent Rebuild Remembered Sets and Scrub Regions 19.610ms
[135.427s][info][gc,start       ] GC(135) Pause Cleanup
[135.427s][info][gc             ] GC(135) Pause Cleanup 1170M->1170M(2868M) 0.074ms
[135.427s][info][gc,cpu         ] GC(135) User=0.00s Sys=0.00s Real=0.00s
[135.427s][info][gc,marking     ] GC(135) Concurrent Clear Claimed Marks
[135.427s][info][gc,marking     ] GC(135) Concurrent Clear Claimed Marks 0.119ms
[135.427s][info][gc,marking     ] GC(135) Concurrent Cleanup for Next Mark
[135.428s][info][gc,marking     ] GC(135) Concurrent Cleanup for Next Mark 1.175ms
[135.429s][info][gc             ] GC(135) Concurrent Mark Cycle 70.294ms
[136.663s][info][gc,start       ] GC(136) Pause Young (Prepare Mixed) (G1 Humongous Allocation)
[136.663s][info][gc,task        ] GC(136) Using 4 workers of 4 for evacuation
[136.672s][info][gc,phases      ] GC(136)   Pre Evacuate Collection Set: 0.31ms
[136.672s][info][gc,phases      ] GC(136)   Merge Heap Roots: 0.14ms
[136.672s][info][gc,phases      ] GC(136)   Evacuate Collection Set: 3.01ms
[136.672s][info][gc,phases      ] GC(136)   Post Evacuate Collection Set: 5.60ms
[136.672s][info][gc,phases      ] GC(136)   Other: 0.08ms
[136.672s][info][gc,heap        ] GC(136) Eden regions: 286->0(345)
[136.672s][info][gc,heap        ] GC(136) Survivor regions: 1->0(0)
[136.672s][info][gc,heap        ] GC(136) Old regions: 75->332
[136.672s][info][gc,heap        ] GC(136) Humongous regions: 1072->598
[136.672s][info][gc,metaspace   ] GC(136) Metaspace: 99683K(100800K)->99683K(100800K) NonClass: 77793K(78336K)->77793K(78336K) Class: 21889K(22464K)->21889K(22464K)
[136.672s][info][gc             ] GC(136) Pause Young (Prepare Mixed) (G1 Humongous Allocation) (Evacuation Failure: Allocation) 2860M->1853M(2868M) 9.329ms
[136.672s][info][gc,cpu         ] GC(136) User=0.03s Sys=0.00s Real=0.01s
[137.103s][info][gc,start       ] GC(137) Pause Young (Mixed) (G1 Humongous Allocation)
[137.103s][info][gc,task        ] GC(137) Using 4 workers of 4 for evacuation
[137.116s][info][gc,phases      ] GC(137)   Pre Evacuate Collection Set: 0.37ms
[137.116s][info][gc,phases      ] GC(137)   Merge Heap Roots: 0.16ms
[137.116s][info][gc,phases      ] GC(137)   Evacuate Collection Set: 4.38ms
[137.116s][info][gc,phases      ] GC(137)   Post Evacuate Collection Set: 8.10ms
[137.116s][info][gc,phases      ] GC(137)   Other: 0.07ms
[137.116s][info][gc,heap        ] GC(137) Eden regions: 195->0(196)
[137.116s][info][gc,heap        ] GC(137) Survivor regions: 0->1(3)
[137.117s][info][gc,heap        ] GC(137) Old regions: 332->476
[137.117s][info][gc,heap        ] GC(137) Humongous regions: 904->688
[137.117s][info][gc,metaspace   ] GC(137) Metaspace: 99686K(100800K)->99686K(100800K) NonClass: 77797K(78336K)->77797K(78336K) Class: 21889K(22464K)->21889K(22464K)
[137.117s][info][gc             ] GC(137) Pause Young (Mixed) (G1 Humongous Allocation) (Evacuation Failure: Allocation) 2855M->2323M(2868M) 13.467ms
[137.117s][info][gc,cpu         ] GC(137) User=0.05s Sys=0.00s Real=0.01s
[137.118s][info][gc,start       ] GC(138) Pause Young (Concurrent Start) (G1 Humongous Allocation)
[137.118s][info][gc,task        ] GC(138) Using 4 workers of 4 for evacuation
[137.130s][info][gc,phases      ] GC(138)   Pre Evacuate Collection Set: 0.90ms
[137.130s][info][gc,phases      ] GC(138)   Merge Heap Roots: 0.21ms
[137.130s][info][gc,phases      ] GC(138)   Evacuate Collection Set: 9.67ms
[137.130s][info][gc,phases      ] GC(138)   Post Evacuate Collection Set: 1.03ms
[137.130s][info][gc,phases      ] GC(138)   Other: 0.12ms
[137.130s][info][gc,heap        ] GC(138) Eden regions: 1->0(293)
[137.130s][info][gc,heap        ] GC(138) Survivor regions: 1->2(25)
[137.130s][info][gc,heap        ] GC(138) Old regions: 476->308
[137.130s][info][gc,heap        ] GC(138) Humongous regions: 690->689
[137.130s][info][gc,metaspace   ] GC(138) Metaspace: 99686K(100800K)->99686K(100800K) NonClass: 77797K(78336K)->77797K(78336K) Class: 21889K(22464K)->21889K(22464K)
[137.130s][info][gc             ] GC(138) Pause Young (Concurrent Start) (G1 Humongous Allocation) 2329M->1993M(2868M) 12.112ms
[137.130s][info][gc,cpu         ] GC(138) User=0.04s Sys=0.00s Real=0.01s
[137.130s][info][gc             ] GC(139) Concurrent Mark Cycle
[137.130s][info][gc,marking     ] GC(139) Concurrent Scan Root Regions
[137.144s][info][gc,marking     ] GC(139) Concurrent Scan Root Regions 14.321ms
[137.144s][info][gc,marking     ] GC(139) Concurrent Mark
[137.144s][info][gc,marking     ] GC(139) Concurrent Mark From Roots
[137.144s][info][gc,task        ] GC(139) Using 1 workers of 1 for marking
[137.197s][info][gc,marking     ] GC(139) Concurrent Mark From Roots 52.892ms
[137.197s][info][gc,marking     ] GC(139) Concurrent Preclean
[137.197s][info][gc,marking     ] GC(139) Concurrent Preclean 0.157ms
[137.197s][info][gc,start       ] GC(139) Pause Remark
[137.201s][info][gc             ] GC(139) Pause Remark 2135M->1725M(2868M) 3.954ms
[137.201s][info][gc,cpu         ] GC(139) User=0.01s Sys=0.00s Real=0.00s
[137.201s][info][gc,marking     ] GC(139) Concurrent Mark 57.222ms
[137.201s][info][gc,marking     ] GC(139) Concurrent Rebuild Remembered Sets and Scrub Regions
[137.236s][info][gc,marking     ] GC(139) Concurrent Rebuild Remembered Sets and Scrub Regions 34.390ms
[137.236s][info][gc,start       ] GC(139) Pause Cleanup
[137.236s][info][gc             ] GC(139) Pause Cleanup 1747M->1747M(2868M) 0.186ms
[137.236s][info][gc,cpu         ] GC(139) User=0.00s Sys=0.00s Real=0.00s
[137.236s][info][gc,marking     ] GC(139) Concurrent Clear Claimed Marks
[137.236s][info][gc,marking     ] GC(139) Concurrent Clear Claimed Marks 0.157ms
[137.236s][info][gc,marking     ] GC(139) Concurrent Cleanup for Next Mark
[137.238s][info][gc,marking     ] GC(139) Concurrent Cleanup for Next Mark 1.613ms
[137.238s][info][gc             ] GC(139) Concurrent Mark Cycle 108.179ms
[138.450s][info][gc,start       ] GC(140) Pause Young (Prepare Mixed) (G1 Humongous Allocation)
[138.450s][info][gc,task        ] GC(140) Using 4 workers of 4 for evacuation
[138.462s][info][gc,phases      ] GC(140)   Pre Evacuate Collection Set: 0.23ms
[138.462s][info][gc,phases      ] GC(140)   Merge Heap Roots: 0.10ms
[138.462s][info][gc,phases      ] GC(140)   Evacuate Collection Set: 4.90ms
[138.462s][info][gc,phases      ] GC(140)   Post Evacuate Collection Set: 6.89ms
[138.462s][info][gc,phases      ] GC(140)   Other: 0.08ms
[138.462s][info][gc,heap        ] GC(140) Eden regions: 235->0(251)
[138.462s][info][gc,heap        ] GC(140) Survivor regions: 2->3(3)
[138.462s][info][gc,heap        ] GC(140) Old regions: 308->529
[138.462s][info][gc,heap        ] GC(140) Humongous regions: 886->555
[138.462s][info][gc,metaspace   ] GC(140) Metaspace: 99693K(100800K)->99693K(100800K) NonClass: 77804K(78336K)->77804K(78336K) Class: 21889K(22464K)->21889K(22464K)
[138.462s][info][gc             ] GC(140) Pause Young (Prepare Mixed) (G1 Humongous Allocation) (Evacuation Failure: Allocation) 2857M->2169M(2868M) 12.331ms
[138.462s][info][gc,cpu         ] GC(140) User=0.05s Sys=0.00s Real=0.01s
[138.649s][info][gc,start       ] GC(141) Pause Young (Mixed) (G1 Humongous Allocation)
[138.649s][info][gc,task        ] GC(141) Using 4 workers of 4 for evacuation
[138.658s][info][gc,phases      ] GC(141)   Pre Evacuate Collection Set: 0.36ms
[138.658s][info][gc,phases      ] GC(141)   Merge Heap Roots: 0.19ms
[138.658s][info][gc,phases      ] GC(141)   Evacuate Collection Set: 3.60ms
[138.658s][info][gc,phases      ] GC(141)   Post Evacuate Collection Set: 5.08ms
[138.658s][info][gc,phases      ] GC(141)   Other: 0.06ms
[138.658s][info][gc,heap        ] GC(141) Eden regions: 122->0(104)
[138.658s][info][gc,heap        ] GC(141) Survivor regions: 3->1(4)
[138.658s][info][gc,heap        ] GC(141) Old regions: 529->656
[138.658s][info][gc,heap        ] GC(141) Humongous regions: 776->600
[138.658s][info][gc,metaspace   ] GC(141) Metaspace: 99693K(100800K)->99693K(100800K) NonClass: 77804K(78336K)->77804K(78336K) Class: 21889K(22464K)->21889K(22464K)
[138.658s][info][gc             ] GC(141) Pause Young (Mixed) (G1 Humongous Allocation) (Evacuation Failure: Allocation) 2854M->2509M(2868M) 9.418ms
[138.658s][info][gc,cpu         ] GC(141) User=0.03s Sys=0.00s Real=0.01s
[138.660s][info][gc,start       ] GC(142) Pause Young (Concurrent Start) (G1 Humongous Allocation)
[138.660s][info][gc,task        ] GC(142) Using 4 workers of 4 for evacuation
[138.667s][info][gc,phases      ] GC(142)   Pre Evacuate Collection Set: 0.20ms
[138.668s][info][gc,phases      ] GC(142)   Merge Heap Roots: 0.11ms
[138.668s][info][gc,phases      ] GC(142)   Evacuate Collection Set: 6.60ms
[138.668s][info][gc,phases      ] GC(142)   Post Evacuate Collection Set: 0.59ms
[138.668s][info][gc,phases      ] GC(142)   Other: 0.06ms
[138.668s][info][gc,heap        ] GC(142) Eden regions: 3->0(227)
[138.668s][info][gc,heap        ] GC(142) Survivor regions: 1->2(14)
[138.668s][info][gc,heap        ] GC(142) Old regions: 656->535
[138.668s][info][gc,heap        ] GC(142) Humongous regions: 605->597
[138.668s][info][gc,metaspace   ] GC(142) Metaspace: 99693K(100800K)->99693K(100800K) NonClass: 77804K(78336K)->77804K(78336K) Class: 21889K(22464K)->21889K(22464K)
[138.668s][info][gc             ] GC(142) Pause Young (Concurrent Start) (G1 Humongous Allocation) 2525M->2262M(2868M) 7.635ms
[138.668s][info][gc,cpu         ] GC(142) User=0.02s Sys=0.00s Real=0.01s
[138.668s][info][gc             ] GC(143) Concurrent Mark Cycle
[138.668s][info][gc,marking     ] GC(143) Concurrent Scan Root Regions
[138.688s][info][gc,marking     ] GC(143) Concurrent Scan Root Regions 20.083ms
[138.688s][info][gc,marking     ] GC(143) Concurrent Mark
[138.688s][info][gc,marking     ] GC(143) Concurrent Mark From Roots
[138.688s][info][gc,task        ] GC(143) Using 1 workers of 1 for marking
[138.736s][info][gc,marking     ] GC(143) Concurrent Mark From Roots 47.962ms
[138.736s][info][gc,marking     ] GC(143) Concurrent Preclean
[138.736s][info][gc,marking     ] GC(143) Concurrent Preclean 0.130ms
[138.736s][info][gc,start       ] GC(143) Pause Remark
[138.739s][info][gc             ] GC(143) Pause Remark 2541M->2171M(2868M) 3.367ms
[138.739s][info][gc,cpu         ] GC(143) User=0.01s Sys=0.00s Real=0.01s
[138.739s][info][gc,marking     ] GC(143) Concurrent Mark 51.638ms
[138.739s][info][gc,marking     ] GC(143) Concurrent Rebuild Remembered Sets and Scrub Regions
[138.776s][info][gc,marking     ] GC(143) Concurrent Rebuild Remembered Sets and Scrub Regions 36.615ms
[138.776s][info][gc,start       ] GC(143) Pause Cleanup
[138.776s][info][gc             ] GC(143) Pause Cleanup 2253M->2253M(2868M) 0.295ms
[138.776s][info][gc,cpu         ] GC(143) User=0.00s Sys=0.00s Real=0.00s
[138.777s][info][gc,marking     ] GC(143) Concurrent Clear Claimed Marks
[138.777s][info][gc,marking     ] GC(143) Concurrent Clear Claimed Marks 0.162ms
[138.777s][info][gc,marking     ] GC(143) Concurrent Cleanup for Next Mark
[138.779s][info][gc,marking     ] GC(143) Concurrent Cleanup for Next Mark 1.701ms
[138.779s][info][gc             ] GC(143) Concurrent Mark Cycle 110.980ms
[139.050s][info][gc,start       ] GC(144) Pause Young (Prepare Mixed) (G1 Humongous Allocation)
[139.050s][info][gc,task        ] GC(144) Using 4 workers of 4 for evacuation
[139.058s][info][gc,phases      ] GC(144)   Pre Evacuate Collection Set: 0.21ms
[139.058s][info][gc,phases      ] GC(144)   Merge Heap Roots: 0.11ms
[139.058s][info][gc,phases      ] GC(144)   Evacuate Collection Set: 3.13ms
[139.058s][info][gc,phases      ] GC(144)   Post Evacuate Collection Set: 4.05ms
[139.058s][info][gc,phases      ] GC(144)   Other: 0.07ms
[139.058s][info][gc,heap        ] GC(144) Eden regions: 86->0(218)
[139.058s][info][gc,heap        ] GC(144) Survivor regions: 2->1(7)
[139.058s][info][gc,heap        ] GC(144) Old regions: 535->625
[139.058s][info][gc,heap        ] GC(144) Humongous regions: 804->517
[139.058s][info][gc,metaspace   ] GC(144) Metaspace: 99693K(100800K)->99693K(100800K) NonClass: 77804K(78336K)->77804K(78336K) Class: 21889K(22464K)->21889K(22464K)
[139.058s][info][gc             ] GC(144) Pause Young (Prepare Mixed) (G1 Humongous Allocation) (Evacuation Failure: Allocation) 2847M->2280M(2868M) 7.712ms
[139.058s][info][gc,cpu         ] GC(144) User=0.03s Sys=0.00s Real=0.01s
[139.876s][info][gc,start       ] GC(145) Pause Young (Mixed) (G1 Evacuation Pause)
[139.876s][info][gc,task        ] GC(145) Using 4 workers of 4 for evacuation
[139.886s][info][gc,phases      ] GC(145)   Pre Evacuate Collection Set: 0.32ms
[139.886s][info][gc,phases      ] GC(145)   Merge Heap Roots: 0.17ms
[139.886s][info][gc,phases      ] GC(145)   Evacuate Collection Set: 3.72ms
[139.886s][info][gc,phases      ] GC(145)   Post Evacuate Collection Set: 5.85ms
[139.886s][info][gc,phases      ] GC(145)   Other: 0.06ms
[139.886s][info][gc,heap        ] GC(145) Eden regions: 166->0(71)
[139.886s][info][gc,heap        ] GC(145) Survivor regions: 1->0(0)
[139.886s][info][gc,heap        ] GC(145) Old regions: 625->790
[139.886s][info][gc,heap        ] GC(145) Humongous regions: 642->547
[139.886s][info][gc,metaspace   ] GC(145) Metaspace: 99734K(100928K)->99734K(100928K) NonClass: 77844K(78464K)->77844K(78464K) Class: 21889K(22464K)->21889K(22464K)
[139.886s][info][gc             ] GC(145) Pause Young (Mixed) (G1 Evacuation Pause) (Evacuation Failure: Allocation) 2862M->2668M(2868M) 10.249ms
[139.886s][info][gc,cpu         ] GC(145) User=0.04s Sys=0.00s Real=0.01s
[139.886s][info][gc,start       ] GC(146) Pause Young (Concurrent Start) (G1 Humongous Allocation)
[139.886s][info][gc,task        ] GC(146) Using 4 workers of 4 for evacuation
[139.894s][info][gc,phases      ] GC(146)   Pre Evacuate Collection Set: 0.27ms
[139.894s][info][gc,phases      ] GC(146)   Merge Heap Roots: 0.11ms
[139.894s][info][gc,phases      ] GC(146)   Evacuate Collection Set: 6.95ms
[139.894s][info][gc,phases      ] GC(146)   Post Evacuate Collection Set: 0.79ms
[139.894s][info][gc,phases      ] GC(146)   Other: 0.06ms
[139.894s][info][gc,heap        ] GC(146) Eden regions: 2->0(130)
[139.894s][info][gc,heap        ] GC(146) Survivor regions: 0->1(9)
[139.894s][info][gc,heap        ] GC(146) Old regions: 790->667
[139.894s][info][gc,heap        ] GC(146) Humongous regions: 547->537
[139.894s][info][gc,metaspace   ] GC(146) Metaspace: 99734K(100928K)->99734K(100928K) NonClass: 77844K(78464K)->77844K(78464K) Class: 21889K(22464K)->21889K(22464K)
[139.894s][info][gc             ] GC(146) Pause Young (Concurrent Start) (G1 Humongous Allocation) 2672M->2404M(2868M) 8.255ms
[139.894s][info][gc             ] GC(147) Concurrent Mark Cycle
[139.894s][info][gc,marking     ] GC(147) Concurrent Scan Root Regions
[139.894s][info][gc,cpu         ] GC(146) User=0.03s Sys=0.00s Real=0.01s
[139.913s][info][gc,marking     ] GC(147) Concurrent Scan Root Regions 18.489ms
[139.913s][info][gc,marking     ] GC(147) Concurrent Mark
[139.913s][info][gc,marking     ] GC(147) Concurrent Mark From Roots
[139.913s][info][gc,task        ] GC(147) Using 1 workers of 1 for marking
[139.964s][info][gc,marking     ] GC(147) Concurrent Mark From Roots 50.575ms
[139.964s][info][gc,marking     ] GC(147) Concurrent Preclean
[139.964s][info][gc,marking     ] GC(147) Concurrent Preclean 0.134ms
[139.964s][info][gc,start       ] GC(147) Pause Remark
[139.967s][info][gc             ] GC(147) Pause Remark 2523M->2273M(2868M) 3.335ms
[139.967s][info][gc,cpu         ] GC(147) User=0.01s Sys=0.00s Real=0.01s
[139.967s][info][gc,marking     ] GC(147) Concurrent Mark 54.356ms
[139.967s][info][gc,marking     ] GC(147) Concurrent Rebuild Remembered Sets and Scrub Regions
[140.015s][info][gc,marking     ] GC(147) Concurrent Rebuild Remembered Sets and Scrub Regions 47.451ms
[140.015s][info][gc,start       ] GC(147) Pause Cleanup
[140.015s][info][gc             ] GC(147) Pause Cleanup 2478M->2478M(2868M) 0.156ms
[140.015s][info][gc,cpu         ] GC(147) User=0.00s Sys=0.00s Real=0.00s
[140.015s][info][gc,marking     ] GC(147) Concurrent Clear Claimed Marks
[140.015s][info][gc,marking     ] GC(147) Concurrent Clear Claimed Marks 0.133ms
[140.015s][info][gc,marking     ] GC(147) Concurrent Cleanup for Next Mark
[140.016s][info][gc,marking     ] GC(147) Concurrent Cleanup for Next Mark 1.258ms
[140.016s][info][gc             ] GC(147) Concurrent Mark Cycle 122.034ms
[140.073s][info][gc,start       ] GC(148) Pause Young (Prepare Mixed) (G1 Humongous Allocation)
[140.073s][info][gc,task        ] GC(148) Using 4 workers of 4 for evacuation
[140.082s][info][gc,phases      ] GC(148)   Pre Evacuate Collection Set: 0.20ms
[140.083s][info][gc,phases      ] GC(148)   Merge Heap Roots: 0.12ms
[140.083s][info][gc,phases      ] GC(148)   Evacuate Collection Set: 3.81ms
[140.083s][info][gc,phases      ] GC(148)   Post Evacuate Collection Set: 4.95ms
[140.083s][info][gc,phases      ] GC(148)   Other: 0.07ms
[140.083s][info][gc,heap        ] GC(148) Eden regions: 113->0(99)
[140.083s][info][gc,heap        ] GC(148) Survivor regions: 1->2(4)
[140.083s][info][gc,heap        ] GC(148) Old regions: 667->781
[140.083s][info][gc,heap        ] GC(148) Humongous regions: 649->479
[140.083s][info][gc,metaspace   ] GC(148) Metaspace: 99734K(100928K)->99734K(100928K) NonClass: 77844K(78464K)->77844K(78464K) Class: 21889K(22464K)->21889K(22464K)
[140.083s][info][gc             ] GC(148) Pause Young (Prepare Mixed) (G1 Humongous Allocation) (Evacuation Failure: Allocation) 2853M->2518M(2868M) 10.047ms
[140.083s][info][gc,cpu         ] GC(148) User=0.04s Sys=0.00s Real=0.01s
[140.175s][info][gc,start       ] GC(149) Pause Young (Mixed) (G1 Humongous Allocation)
[140.175s][info][gc,task        ] GC(149) Using 4 workers of 4 for evacuation
[140.182s][info][gc,phases      ] GC(149)   Pre Evacuate Collection Set: 0.16ms
[140.182s][info][gc,phases      ] GC(149)   Merge Heap Roots: 0.12ms
[140.182s][info][gc,phases      ] GC(149)   Evacuate Collection Set: 3.93ms
[140.182s][info][gc,phases      ] GC(149)   Post Evacuate Collection Set: 2.98ms
[140.182s][info][gc,phases      ] GC(149)   Other: 0.05ms
[140.182s][info][gc,heap        ] GC(149) Eden regions: 46->0(71)
[140.182s][info][gc,heap        ] GC(149) Survivor regions: 2->6(13)
[140.182s][info][gc,heap        ] GC(149) Old regions: 781->827
[140.182s][info][gc,heap        ] GC(149) Humongous regions: 585->468
[140.182s][info][gc,metaspace   ] GC(149) Metaspace: 99734K(100928K)->99734K(100928K) NonClass: 77844K(78464K)->77844K(78464K) Class: 21889K(22464K)->21889K(22464K)
[140.182s][info][gc             ] GC(149) Pause Young (Mixed) (G1 Humongous Allocation) (Evacuation Failure: Allocation) 2822M->2596M(2868M) 7.338ms
[140.182s][info][gc,cpu         ] GC(149) User=0.03s Sys=0.00s Real=0.01s
[140.183s][info][gc,start       ] GC(150) Pause Young (Concurrent Start) (G1 Humongous Allocation)
[140.183s][info][gc,task        ] GC(150) Using 4 workers of 4 for evacuation
[140.190s][info][gc,phases      ] GC(150)   Pre Evacuate Collection Set: 0.23ms
[140.191s][info][gc,phases      ] GC(150)   Merge Heap Roots: 0.09ms
[140.191s][info][gc,phases      ] GC(150)   Evacuate Collection Set: 6.71ms
[140.191s][info][gc,phases      ] GC(150)   Post Evacuate Collection Set: 0.49ms
[140.191s][info][gc,phases      ] GC(150)   Other: 0.06ms
[140.191s][info][gc,heap        ] GC(150) Eden regions: 2->0(171)
[140.191s][info][gc,heap        ] GC(150) Survivor regions: 6->5(10)
[140.191s][info][gc,heap        ] GC(150) Old regions: 827->714
[140.191s][info][gc,heap        ] GC(150) Humongous regions: 471->466
[140.191s][info][gc,metaspace   ] GC(150) Metaspace: 99734K(100928K)->99734K(100928K) NonClass: 77844K(78464K)->77844K(78464K) Class: 21889K(22464K)->21889K(22464K)
[140.191s][info][gc             ] GC(150) Pause Young (Concurrent Start) (G1 Humongous Allocation) 2605M->2364M(2868M) 7.652ms
[140.191s][info][gc,cpu         ] GC(150) User=0.03s Sys=0.00s Real=0.01s
[140.191s][info][gc             ] GC(151) Concurrent Mark Cycle
[140.191s][info][gc,marking     ] GC(151) Concurrent Scan Root Regions
[140.209s][info][gc,marking     ] GC(151) Concurrent Scan Root Regions 18.261ms
[140.209s][info][gc,marking     ] GC(151) Concurrent Mark
[140.209s][info][gc,marking     ] GC(151) Concurrent Mark From Roots
[140.209s][info][gc,task        ] GC(151) Using 1 workers of 1 for marking
[140.260s][info][gc,marking     ] GC(151) Concurrent Mark From Roots 51.049ms
[140.260s][info][gc,marking     ] GC(151) Concurrent Preclean
[140.260s][info][gc,marking     ] GC(151) Concurrent Preclean 0.128ms
[140.260s][info][gc,start       ] GC(151) Pause Remark
[140.262s][info][gc             ] GC(151) Pause Remark 2592M->2532M(2868M) 2.314ms
[140.262s][info][gc,cpu         ] GC(151) User=0.00s Sys=0.00s Real=0.00s
[140.263s][info][gc,marking     ] GC(151) Concurrent Mark 53.633ms
[140.263s][info][gc,marking     ] GC(151) Concurrent Rebuild Remembered Sets and Scrub Regions
[140.308s][info][gc,marking     ] GC(151) Concurrent Rebuild Remembered Sets and Scrub Regions 45.430ms
[140.308s][info][gc,start       ] GC(151) Pause Cleanup
[140.308s][info][gc             ] GC(151) Pause Cleanup 2730M->2730M(2868M) 0.144ms
[140.308s][info][gc,cpu         ] GC(151) User=0.00s Sys=0.00s Real=0.00s
[140.308s][info][gc,marking     ] GC(151) Concurrent Clear Claimed Marks
[140.308s][info][gc,marking     ] GC(151) Concurrent Clear Claimed Marks 0.122ms
[140.308s][info][gc,marking     ] GC(151) Concurrent Cleanup for Next Mark
[140.310s][info][gc,marking     ] GC(151) Concurrent Cleanup for Next Mark 1.809ms
[140.310s][info][gc             ] GC(151) Concurrent Mark Cycle 119.629ms
[140.846s][info][gc,start       ] GC(152) Pause Young (Prepare Mixed) (G1 Evacuation Pause)
[140.846s][info][gc,task        ] GC(152) Using 4 workers of 4 for evacuation
[140.853s][info][gc,phases      ] GC(152)   Pre Evacuate Collection Set: 0.18ms
[140.853s][info][gc,phases      ] GC(152)   Merge Heap Roots: 0.10ms
[140.853s][info][gc,phases      ] GC(152)   Evacuate Collection Set: 2.65ms
[140.853s][info][gc,phases      ] GC(152)   Post Evacuate Collection Set: 3.58ms
[140.853s][info][gc,phases      ] GC(152)   Other: 0.05ms
[140.853s][info][gc,heap        ] GC(152) Eden regions: 64->0(86)
[140.853s][info][gc,heap        ] GC(152) Survivor regions: 5->0(0)
[140.853s][info][gc,heap        ] GC(152) Old regions: 714->783
[140.853s][info][gc,heap        ] GC(152) Humongous regions: 651->492
[140.853s][info][gc,metaspace   ] GC(152) Metaspace: 99734K(100928K)->99734K(100928K) NonClass: 77845K(78464K)->77845K(78464K) Class: 21889K(22464K)->21889K(22464K)
[140.853s][info][gc             ] GC(152) Pause Young (Prepare Mixed) (G1 Evacuation Pause) (Evacuation Failure: Allocation) 2862M->2544M(2868M) 6.667ms
[140.853s][info][gc,cpu         ] GC(152) User=0.03s Sys=0.00s Real=0.01s
[141.143s][info][gc,start       ] GC(153) Pause Young (Mixed) (G1 Evacuation Pause)
[141.143s][info][gc,task        ] GC(153) Using 4 workers of 4 for evacuation
[141.152s][info][gc,phases      ] GC(153)   Pre Evacuate Collection Set: 0.24ms
[141.152s][info][gc,phases      ] GC(153)   Merge Heap Roots: 0.19ms
[141.152s][info][gc,phases      ] GC(153)   Evacuate Collection Set: 4.30ms
[141.152s][info][gc,phases      ] GC(153)   Post Evacuate Collection Set: 4.24ms
[141.152s][info][gc,phases      ] GC(153)   Other: 0.05ms
[141.152s][info][gc,heap        ] GC(153) Eden regions: 86->0(58)
[141.152s][info][gc,heap        ] GC(153) Survivor regions: 0->1(11)
[141.152s][info][gc,heap        ] GC(153) Old regions: 783->873
[141.152s][info][gc,heap        ] GC(153) Humongous regions: 543->502
[141.152s][info][gc,metaspace   ] GC(153) Metaspace: 99734K(100928K)->99734K(100928K) NonClass: 77845K(78464K)->77845K(78464K) Class: 21889K(22464K)->21889K(22464K)
[141.152s][info][gc             ] GC(153) Pause Young (Mixed) (G1 Evacuation Pause) (Evacuation Failure: Allocation) 2818M->2746M(2868M) 9.130ms
[141.152s][info][gc,cpu         ] GC(153) User=0.04s Sys=0.00s Real=0.01s
[141.156s][info][gc,start       ] GC(154) Pause Young (Concurrent Start) (G1 Humongous Allocation)
[141.156s][info][gc,task        ] GC(154) Using 4 workers of 4 for evacuation
[141.163s][info][gc,phases      ] GC(154)   Pre Evacuate Collection Set: 0.28ms
[141.163s][info][gc,phases      ] GC(154)   Merge Heap Roots: 0.13ms
[141.163s][info][gc,phases      ] GC(154)   Evacuate Collection Set: 5.24ms
[141.163s][info][gc,phases      ] GC(154)   Post Evacuate Collection Set: 1.72ms
[141.163s][info][gc,phases      ] GC(154)   Other: 0.06ms
[141.163s][info][gc,heap        ] GC(154) Eden regions: 9->0(40)
[141.163s][info][gc,heap        ] GC(154) Survivor regions: 1->6(8)
[141.163s][info][gc,heap        ] GC(154) Old regions: 873->886
[141.163s][info][gc,heap        ] GC(154) Humongous regions: 502->502
[141.163s][info][gc,metaspace   ] GC(154) Metaspace: 99734K(100928K)->99734K(100928K) NonClass: 77845K(78464K)->77845K(78464K) Class: 21889K(22464K)->21889K(22464K)
[141.163s][info][gc             ] GC(154) Pause Young (Concurrent Start) (G1 Humongous Allocation) (Evacuation Failure: Allocation) 2762M->2780M(2868M) 7.519ms
[141.164s][info][gc             ] GC(155) Concurrent Mark Cycle
[141.164s][info][gc,marking     ] GC(155) Concurrent Scan Root Regions
[141.164s][info][gc,cpu         ] GC(154) User=0.02s Sys=0.00s Real=0.01s
[141.166s][info][gc,start       ] GC(156) Pause Young (Normal) (G1 Humongous Allocation)
[141.166s][info][gc,task        ] GC(156) Using 4 workers of 4 for evacuation
[141.178s][info][gc,marking     ] GC(155) Concurrent Scan Root Regions 14.523ms
[141.178s][info][gc,marking     ] GC(155) Concurrent Mark
[141.178s][info][gc,marking     ] GC(155) Concurrent Mark From Roots
[141.178s][info][gc,task        ] GC(155) Using 1 workers of 1 for marking
[141.185s][info][gc,phases      ] GC(156)   Pre Evacuate Collection Set: 0.27ms
[141.185s][info][gc,phases      ] GC(156)   Merge Heap Roots: 0.10ms
[141.185s][info][gc,phases      ] GC(156)   Evacuate Collection Set: 3.27ms
[141.185s][info][gc,phases      ] GC(156)   Post Evacuate Collection Set: 3.27ms
[141.185s][info][gc,phases      ] GC(156)   Other: 12.18ms
[141.185s][info][gc,heap        ] GC(156) Eden regions: 8->0(28)
[141.185s][info][gc,heap        ] GC(156) Survivor regions: 6->2(6)
[141.185s][info][gc,heap        ] GC(156) Old regions: 886->900
[141.185s][info][gc,heap        ] GC(156) Humongous regions: 516->504
[141.185s][info][gc,metaspace   ] GC(156) Metaspace: 99734K(100928K)->99734K(100928K) NonClass: 77845K(78464K)->77845K(78464K) Class: 21889K(22464K)->21889K(22464K)
[141.185s][info][gc             ] GC(156) Pause Young (Normal) (G1 Humongous Allocation) (Evacuation Failure: Allocation) 2822M->2804M(2868M) 19.182ms
[141.185s][info][gc,cpu         ] GC(156) User=0.04s Sys=0.00s Real=0.02s
[141.186s][info][gc,start       ] GC(157) Pause Young (Normal) (G1 Humongous Allocation)
[141.186s][info][gc,task        ] GC(157) Using 4 workers of 4 for evacuation
[141.193s][info][gc,phases      ] GC(157)   Pre Evacuate Collection Set: 0.19ms
[141.193s][info][gc,phases      ] GC(157)   Merge Heap Roots: 0.08ms
[141.193s][info][gc,phases      ] GC(157)   Evacuate Collection Set: 3.40ms
[141.193s][info][gc,phases      ] GC(157)   Post Evacuate Collection Set: 3.02ms
[141.193s][info][gc,phases      ] GC(157)   Other: 0.05ms
[141.193s][info][gc,heap        ] GC(157) Eden regions: 2->0(29)
[141.193s][info][gc,heap        ] GC(157) Survivor regions: 2->1(4)
[141.193s][info][gc,heap        ] GC(157) Old regions: 900->899
[141.193s][info][gc,heap        ] GC(157) Humongous regions: 507->505
[141.193s][info][gc,metaspace   ] GC(157) Metaspace: 99734K(100928K)->99734K(100928K) NonClass: 77845K(78464K)->77845K(78464K) Class: 21889K(22464K)->21889K(22464K)
[141.193s][info][gc             ] GC(157) Pause Young (Normal) (G1 Humongous Allocation) (Evacuation Failure: Allocation) 2813M->2801M(2868M) 6.806ms
[141.193s][info][gc,cpu         ] GC(157) User=0.03s Sys=0.00s Real=0.01s
[141.193s][info][gc,ergo        ] Attempting full compaction
[141.193s][info][gc,start       ] GC(158) Pause Full (G1 Compaction Pause)
[141.193s][info][gc,task        ] GC(158) Using 4 workers of 4 for full compaction
[141.193s][info][gc,phases,start] GC(158) Phase 1: Mark live objects
[141.204s][info][gc,phases      ] GC(158) Phase 1: Mark live objects 10.580ms
[141.204s][info][gc,phases,start] GC(158) Phase 2: Prepare compaction
[141.206s][info][gc,phases      ] GC(158) Phase 2: Prepare compaction 1.732ms
[141.206s][info][gc,phases,start] GC(158) Phase 3: Adjust pointers
[141.213s][info][gc,phases      ] GC(158) Phase 3: Adjust pointers 6.842ms
[141.213s][info][gc,phases,start] GC(158) Phase 4: Compact heap
[141.217s][info][gc,phases      ] GC(158) Phase 4: Compact heap 4.783ms
[141.217s][info][gc,phases,start] GC(158) Phase 5: Reset Metadata
[141.220s][info][gc,phases      ] GC(158) Phase 5: Reset Metadata 2.254ms
[141.222s][info][gc,heap        ] GC(158) Eden regions: 0->0(559)
[141.222s][info][gc,heap        ] GC(158) Survivor regions: 1->0(4)
[141.222s][info][gc,heap        ] GC(158) Old regions: 899->69
[141.222s][info][gc,heap        ] GC(158) Humongous regions: 505->405
[141.222s][info][gc,metaspace   ] GC(158) Metaspace: 99734K(100928K)->99734K(100928K) NonClass: 77845K(78464K)->77845K(78464K) Class: 21889K(22464K)->21889K(22464K)
[141.222s][info][gc             ] GC(158) Pause Full (G1 Compaction Pause) 2801M->944M(2868M) 29.043ms
[141.222s][info][gc,cpu         ] GC(158) User=0.10s Sys=0.00s Real=0.03s
[141.222s][info][gc,marking     ] GC(155) Concurrent Mark From Roots 44.074ms
[141.222s][info][gc,marking     ] GC(155) Concurrent Mark Abort
[141.222s][info][gc             ] GC(155) Concurrent Mark Cycle 58.663ms
[141.223s][info][gc,start       ] GC(159) Pause Young (Concurrent Start) (G1 Humongous Allocation)
[141.223s][info][gc,task        ] GC(159) Using 4 workers of 4 for evacuation
[141.225s][info][gc,phases      ] GC(159)   Pre Evacuate Collection Set: 0.26ms
[141.225s][info][gc,phases      ] GC(159)   Merge Heap Roots: 0.05ms
[141.225s][info][gc,phases      ] GC(159)   Evacuate Collection Set: 0.81ms
[141.225s][info][gc,phases      ] GC(159)   Post Evacuate Collection Set: 0.26ms
[141.225s][info][gc,phases      ] GC(159)   Other: 0.04ms
[141.225s][info][gc,heap        ] GC(159) Eden regions: 6->0(520)
[141.225s][info][gc,heap        ] GC(159) Survivor regions: 0->3(70)
[141.225s][info][gc,heap        ] GC(159) Old regions: 69->69
[141.225s][info][gc,heap        ] GC(159) Humongous regions: 410->410
[141.225s][info][gc,metaspace   ] GC(159) Metaspace: 99734K(100928K)->99734K(100928K) NonClass: 77845K(78464K)->77845K(78464K) Class: 21889K(22464K)->21889K(22464K)
[141.225s][info][gc             ] GC(159) Pause Young (Concurrent Start) (G1 Humongous Allocation) 965M->960M(2868M) 1.485ms
[141.225s][info][gc,cpu         ] GC(159) User=0.00s Sys=0.00s Real=0.00s
[141.225s][info][gc             ] GC(160) Concurrent Mark Cycle
[141.225s][info][gc,marking     ] GC(160) Concurrent Scan Root Regions
[141.226s][info][gc,marking     ] GC(160) Concurrent Scan Root Regions 1.159ms
[141.226s][info][gc,marking     ] GC(160) Concurrent Mark
[141.226s][info][gc,marking     ] GC(160) Concurrent Mark From Roots
[141.226s][info][gc,task        ] GC(160) Using 1 workers of 1 for marking
[141.268s][info][gc,marking     ] GC(160) Concurrent Mark From Roots 42.124ms
[141.268s][info][gc,marking     ] GC(160) Concurrent Preclean
[141.268s][info][gc,marking     ] GC(160) Concurrent Preclean 0.115ms
[141.268s][info][gc,start       ] GC(160) Pause Remark
[141.271s][info][gc             ] GC(160) Pause Remark 1194M->1178M(2868M) 2.661ms
[141.271s][info][gc,cpu         ] GC(160) User=0.01s Sys=0.00s Real=0.00s
[141.271s][info][gc,marking     ] GC(160) Concurrent Mark 45.053ms
[141.271s][info][gc,marking     ] GC(160) Concurrent Rebuild Remembered Sets and Scrub Regions
[141.290s][info][gc,marking     ] GC(160) Concurrent Rebuild Remembered Sets and Scrub Regions 18.534ms
[141.290s][info][gc,start       ] GC(160) Pause Cleanup
[141.290s][info][gc             ] GC(160) Pause Cleanup 1236M->1236M(2868M) 0.082ms
[141.290s][info][gc,cpu         ] GC(160) User=0.00s Sys=0.00s Real=0.00s
[141.290s][info][gc,marking     ] GC(160) Concurrent Clear Claimed Marks
[141.290s][info][gc,marking     ] GC(160) Concurrent Clear Claimed Marks 0.131ms
[141.290s][info][gc,marking     ] GC(160) Concurrent Cleanup for Next Mark
[141.292s][info][gc,marking     ] GC(160) Concurrent Cleanup for Next Mark 1.414ms
[141.292s][info][gc             ] GC(160) Concurrent Mark Cycle 66.874ms
[142.452s][info][gc,start       ] GC(161) Pause Young (Prepare Mixed) (G1 Evacuation Pause)
[142.452s][info][gc,task        ] GC(161) Using 4 workers of 4 for evacuation
[142.459s][info][gc,phases      ] GC(161)   Pre Evacuate Collection Set: 0.12ms
[142.459s][info][gc,phases      ] GC(161)   Merge Heap Roots: 0.08ms
[142.459s][info][gc,phases      ] GC(161)   Evacuate Collection Set: 2.62ms
[142.459s][info][gc,phases      ] GC(161)   Post Evacuate Collection Set: 4.23ms
[142.459s][info][gc,phases      ] GC(161)   Other: 0.06ms
[142.459s][info][gc,heap        ] GC(161) Eden regions: 302->0(295)
[142.459s][info][gc,heap        ] GC(161) Survivor regions: 3->0(0)
[142.459s][info][gc,heap        ] GC(161) Old regions: 69->354
[142.459s][info][gc,heap        ] GC(161) Humongous regions: 1060->592
[142.459s][info][gc,metaspace   ] GC(161) Metaspace: 99849K(100928K)->99849K(100928K) NonClass: 77960K(78464K)->77960K(78464K) Class: 21889K(22464K)->21889K(22464K)
[142.459s][info][gc             ] GC(161) Pause Young (Prepare Mixed) (G1 Evacuation Pause) (Evacuation Failure: Allocation) 2864M->1888M(2868M) 7.201ms
[142.459s][info][gc,cpu         ] GC(161) User=0.03s Sys=0.00s Real=0.01s
[142.757s][info][gc,start       ] GC(162) Pause Young (Mixed) (G1 Humongous Allocation)
[142.757s][info][gc,task        ] GC(162) Using 4 workers of 4 for evacuation
[142.767s][info][gc,phases      ] GC(162)   Pre Evacuate Collection Set: 0.17ms
[142.767s][info][gc,phases      ] GC(162)   Merge Heap Roots: 0.08ms
[142.767s][info][gc,phases      ] GC(162)   Evacuate Collection Set: 3.86ms
[142.767s][info][gc,phases      ] GC(162)   Post Evacuate Collection Set: 5.44ms
[142.767s][info][gc,phases      ] GC(162)   Other: 0.05ms
[142.767s][info][gc,heap        ] GC(162) Eden regions: 185->0(154)
[142.767s][info][gc,heap        ] GC(162) Survivor regions: 0->2(3)
[142.767s][info][gc,heap        ] GC(162) Old regions: 354->532
[142.767s][info][gc,heap        ] GC(162) Humongous regions: 892->667
[142.767s][info][gc,metaspace   ] GC(162) Metaspace: 99849K(100928K)->99849K(100928K) NonClass: 77960K(78464K)->77960K(78464K) Class: 21889K(22464K)->21889K(22464K)
[142.767s][info][gc             ] GC(162) Pause Young (Mixed) (G1 Humongous Allocation) (Evacuation Failure: Allocation) 2857M->2397M(2868M) 9.728ms
[142.767s][info][gc,cpu         ] GC(162) User=0.03s Sys=0.00s Real=0.01s
[142.768s][info][gc,start       ] GC(163) Pause Young (Concurrent Start) (G1 Humongous Allocation)
[142.768s][info][gc,task        ] GC(163) Using 4 workers of 4 for evacuation
[142.777s][info][gc,phases      ] GC(163)   Pre Evacuate Collection Set: 0.47ms
[142.777s][info][gc,phases      ] GC(163)   Merge Heap Roots: 0.20ms
[142.777s][info][gc,phases      ] GC(163)   Evacuate Collection Set: 7.32ms
[142.777s][info][gc,phases      ] GC(163)   Post Evacuate Collection Set: 0.57ms
[142.777s][info][gc,phases      ] GC(163)   Other: 0.06ms
[142.777s][info][gc,heap        ] GC(163) Eden regions: 1->0(230)
[142.777s][info][gc,heap        ] GC(163) Survivor regions: 2->3(20)
[142.777s][info][gc,heap        ] GC(163) Old regions: 532->412
[142.777s][info][gc,heap        ] GC(163) Humongous regions: 670->670
[142.777s][info][gc,metaspace   ] GC(163) Metaspace: 99849K(100928K)->99849K(100928K) NonClass: 77960K(78464K)->77960K(78464K) Class: 21889K(22464K)->21889K(22464K)
[142.777s][info][gc             ] GC(163) Pause Young (Concurrent Start) (G1 Humongous Allocation) 2405M->2166M(2868M) 8.701ms
[142.777s][info][gc,cpu         ] GC(163) User=0.03s Sys=0.00s Real=0.00s
[142.777s][info][gc             ] GC(164) Concurrent Mark Cycle
[142.777s][info][gc,marking     ] GC(164) Concurrent Scan Root Regions
[142.792s][info][gc,marking     ] GC(164) Concurrent Scan Root Regions 15.181ms
[142.792s][info][gc,marking     ] GC(164) Concurrent Mark
[142.792s][info][gc,marking     ] GC(164) Concurrent Mark From Roots
[142.792s][info][gc,task        ] GC(164) Using 1 workers of 1 for marking
[142.832s][info][gc,marking     ] GC(164) Concurrent Mark From Roots 39.819ms
[142.832s][info][gc,marking     ] GC(164) Concurrent Preclean
[142.832s][info][gc,marking     ] GC(164) Concurrent Preclean 0.147ms
[142.832s][info][gc,start       ] GC(164) Pause Remark
[142.834s][info][gc             ] GC(164) Pause Remark 2306M->1886M(2868M) 2.383ms
[142.834s][info][gc,cpu         ] GC(164) User=0.00s Sys=0.00s Real=0.00s
[142.834s][info][gc,marking     ] GC(164) Concurrent Mark 42.524ms
[142.834s][info][gc,marking     ] GC(164) Concurrent Rebuild Remembered Sets and Scrub Regions
[142.866s][info][gc,marking     ] GC(164) Concurrent Rebuild Remembered Sets and Scrub Regions 31.823ms
[142.866s][info][gc,start       ] GC(164) Pause Cleanup
[142.867s][info][gc             ] GC(164) Pause Cleanup 2018M->2018M(2868M) 0.127ms
[142.867s][info][gc,cpu         ] GC(164) User=0.00s Sys=0.00s Real=0.00s
[142.867s][info][gc,marking     ] GC(164) Concurrent Clear Claimed Marks
[142.867s][info][gc,marking     ] GC(164) Concurrent Clear Claimed Marks 0.145ms
[142.867s][info][gc,marking     ] GC(164) Concurrent Cleanup for Next Mark
[142.868s][info][gc,marking     ] GC(164) Concurrent Cleanup for Next Mark 1.353ms
[142.868s][info][gc             ] GC(164) Concurrent Mark Cycle 91.339ms
[143.776s][info][gc,start       ] GC(165) Pause Young (Prepare Mixed) (G1 Evacuation Pause)
[143.776s][info][gc,task        ] GC(165) Using 4 workers of 4 for evacuation
[143.785s][info][gc,phases      ] GC(165)   Pre Evacuate Collection Set: 0.23ms
[143.785s][info][gc,phases      ] GC(165)   Merge Heap Roots: 0.13ms
[143.785s][info][gc,phases      ] GC(165)   Evacuate Collection Set: 3.62ms
[143.785s][info][gc,phases      ] GC(165)   Post Evacuate Collection Set: 4.98ms
[143.785s][info][gc,phases      ] GC(165)   Other: 0.05ms
[143.785s][info][gc,heap        ] GC(165) Eden regions: 182->0(252)
[143.785s][info][gc,heap        ] GC(165) Survivor regions: 3->0(0)
[143.785s][info][gc,heap        ] GC(165) Old regions: 412->581
[143.785s][info][gc,heap        ] GC(165) Humongous regions: 837->497
[143.785s][info][gc,metaspace   ] GC(165) Metaspace: 99866K(100928K)->99866K(100928K) NonClass: 77977K(78464K)->77977K(78464K) Class: 21889K(22464K)->21889K(22464K)
[143.785s][info][gc             ] GC(165) Pause Young (Prepare Mixed) (G1 Evacuation Pause) (Evacuation Failure: Allocation) 2864M->2152M(2868M) 9.101ms
[143.785s][info][gc,cpu         ] GC(165) User=0.03s Sys=0.00s Real=0.01s
[144.000s][info][gc,start       ] GC(166) Pause Young (Mixed) (G1 Humongous Allocation)
[144.000s][info][gc,task        ] GC(166) Using 4 workers of 4 for evacuation
[144.012s][info][gc,phases      ] GC(166)   Pre Evacuate Collection Set: 0.33ms
[144.012s][info][gc,phases      ] GC(166)   Merge Heap Roots: 0.23ms
[144.012s][info][gc,phases      ] GC(166)   Evacuate Collection Set: 5.34ms
[144.012s][info][gc,phases      ] GC(166)   Post Evacuate Collection Set: 6.29ms
[144.012s][info][gc,phases      ] GC(166)   Other: 0.09ms
[144.012s][info][gc,heap        ] GC(166) Eden regions: 143->0(76)
[144.012s][info][gc,heap        ] GC(166) Survivor regions: 0->5(12)
[144.012s][info][gc,heap        ] GC(166) Old regions: 581->730
[144.012s][info][gc,heap        ] GC(166) Humongous regions: 698->550
[144.012s][info][gc,metaspace   ] GC(166) Metaspace: 99866K(100928K)->99866K(100928K) NonClass: 77977K(78464K)->77977K(78464K) Class: 21889K(22464K)->21889K(22464K)
[144.012s][info][gc             ] GC(166) Pause Young (Mixed) (G1 Humongous Allocation) (Evacuation Failure: Allocation) 2840M->2566M(2868M) 12.449ms
[144.012s][info][gc,cpu         ] GC(166) User=0.05s Sys=0.00s Real=0.01s
[144.014s][info][gc,start       ] GC(167) Pause Young (Concurrent Start) (G1 Humongous Allocation)
[144.014s][info][gc,task        ] GC(167) Using 4 workers of 4 for evacuation
[144.025s][info][gc,phases      ] GC(167)   Pre Evacuate Collection Set: 0.36ms
[144.025s][info][gc,phases      ] GC(167)   Merge Heap Roots: 0.17ms
[144.025s][info][gc,phases      ] GC(167)   Evacuate Collection Set: 9.07ms
[144.025s][info][gc,phases      ] GC(167)   Post Evacuate Collection Set: 1.11ms
[144.025s][info][gc,phases      ] GC(167)   Other: 0.10ms
[144.025s][info][gc,heap        ] GC(167) Eden regions: 3->0(181)
[144.025s][info][gc,heap        ] GC(167) Survivor regions: 5->7(11)
[144.025s][info][gc,heap        ] GC(167) Old regions: 730->626
[144.025s][info][gc,heap        ] GC(167) Humongous regions: 553->547
[144.025s][info][gc,metaspace   ] GC(167) Metaspace: 99866K(100928K)->99866K(100928K) NonClass: 77977K(78464K)->77977K(78464K) Class: 21889K(22464K)->21889K(22464K)
[144.025s][info][gc             ] GC(167) Pause Young (Concurrent Start) (G1 Humongous Allocation) 2578M->2355M(2868M) 10.969ms
[144.025s][info][gc,cpu         ] GC(167) User=0.04s Sys=0.00s Real=0.01s
[144.025s][info][gc             ] GC(168) Concurrent Mark Cycle
[144.025s][info][gc,marking     ] GC(168) Concurrent Scan Root Regions
[144.055s][info][gc,marking     ] GC(168) Concurrent Scan Root Regions 29.667ms
[144.055s][info][gc,marking     ] GC(168) Concurrent Mark
[144.055s][info][gc,marking     ] GC(168) Concurrent Mark From Roots
[144.055s][info][gc,task        ] GC(168) Using 1 workers of 1 for marking
[144.107s][info][gc,marking     ] GC(168) Concurrent Mark From Roots 52.292ms
[144.107s][info][gc,marking     ] GC(168) Concurrent Preclean
[144.107s][info][gc,marking     ] GC(168) Concurrent Preclean 0.138ms
[144.107s][info][gc,start       ] GC(168) Pause Remark
[144.110s][info][gc             ] GC(168) Pause Remark 2701M->2531M(2868M) 2.868ms
[144.110s][info][gc,cpu         ] GC(168) User=0.01s Sys=0.00s Real=0.00s
[144.110s][info][gc,marking     ] GC(168) Concurrent Mark 55.461ms
[144.110s][info][gc,marking     ] GC(168) Concurrent Rebuild Remembered Sets and Scrub Regions
[144.165s][info][gc,marking     ] GC(168) Concurrent Rebuild Remembered Sets and Scrub Regions 55.141ms
[144.165s][info][gc,start       ] GC(168) Pause Cleanup
[144.165s][info][gc             ] GC(168) Pause Cleanup 2610M->2610M(2868M) 0.142ms
[144.165s][info][gc,cpu         ] GC(168) User=0.00s Sys=0.00s Real=0.00s
[144.165s][info][gc,marking     ] GC(168) Concurrent Clear Claimed Marks
[144.166s][info][gc,marking     ] GC(168) Concurrent Clear Claimed Marks 0.122ms
[144.166s][info][gc,marking     ] GC(168) Concurrent Cleanup for Next Mark
[144.168s][info][gc,marking     ] GC(168) Concurrent Cleanup for Next Mark 1.975ms
[144.168s][info][gc             ] GC(168) Concurrent Mark Cycle 142.688ms
[144.230s][info][gc,start       ] GC(169) Pause Young (Prepare Mixed) (G1 Humongous Allocation)
[144.230s][info][gc,task        ] GC(169) Using 4 workers of 4 for evacuation
[144.242s][info][gc,phases      ] GC(169)   Pre Evacuate Collection Set: 0.70ms
[144.242s][info][gc,phases      ] GC(169)   Merge Heap Roots: 0.57ms
[144.242s][info][gc,phases      ] GC(169)   Evacuate Collection Set: 5.50ms
[144.242s][info][gc,phases      ] GC(169)   Post Evacuate Collection Set: 4.77ms
[144.242s][info][gc,phases      ] GC(169)   Other: 0.11ms
[144.242s][info][gc,heap        ] GC(169) Eden regions: 85->0(96)
[144.242s][info][gc,heap        ] GC(169) Survivor regions: 7->6(8)
[144.242s][info][gc,heap        ] GC(169) Old regions: 626->718
[144.242s][info][gc,heap        ] GC(169) Humongous regions: 708->541
[144.242s][info][gc,metaspace   ] GC(169) Metaspace: 99866K(100928K)->99866K(100928K) NonClass: 77977K(78464K)->77977K(78464K) Class: 21889K(22464K)->21889K(22464K)
[144.242s][info][gc             ] GC(169) Pause Young (Prepare Mixed) (G1 Humongous Allocation) (Evacuation Failure: Allocation) 2847M->2525M(2868M) 11.831ms
[144.242s][info][gc,cpu         ] GC(169) User=0.04s Sys=0.00s Real=0.01s
[144.317s][info][gc,start       ] GC(170) Pause Young (Mixed) (G1 Humongous Allocation)
[144.317s][info][gc,task        ] GC(170) Using 4 workers of 4 for evacuation
[144.326s][info][gc,phases      ] GC(170)   Pre Evacuate Collection Set: 0.63ms
[144.326s][info][gc,phases      ] GC(170)   Merge Heap Roots: 0.24ms
[144.326s][info][gc,phases      ] GC(170)   Evacuate Collection Set: 5.07ms
[144.326s][info][gc,phases      ] GC(170)   Post Evacuate Collection Set: 3.01ms
[144.326s][info][gc,phases      ] GC(170)   Other: 0.06ms
[144.326s][info][gc,heap        ] GC(170) Eden regions: 17->0(71)
[144.326s][info][gc,heap        ] GC(170) Survivor regions: 6->5(13)
[144.326s][info][gc,heap        ] GC(170) Old regions: 718->746
[144.326s][info][gc,heap        ] GC(170) Humongous regions: 680->570
[144.326s][info][gc,metaspace   ] GC(170) Metaspace: 99866K(100928K)->99866K(100928K) NonClass: 77977K(78464K)->77977K(78464K) Class: 21889K(22464K)->21889K(22464K)
[144.326s][info][gc             ] GC(170) Pause Young (Mixed) (G1 Humongous Allocation) (Evacuation Failure: Allocation) 2836M->2637M(2868M) 9.108ms
[144.326s][info][gc,cpu         ] GC(170) User=0.03s Sys=0.00s Real=0.00s
[144.327s][info][gc,start       ] GC(171) Pause Young (Concurrent Start) (G1 Humongous Allocation)
[144.327s][info][gc,task        ] GC(171) Using 4 workers of 4 for evacuation
[144.337s][info][gc,phases      ] GC(171)   Pre Evacuate Collection Set: 0.30ms
[144.337s][info][gc,phases      ] GC(171)   Merge Heap Roots: 0.16ms
[144.337s][info][gc,phases      ] GC(171)   Evacuate Collection Set: 8.61ms
[144.337s][info][gc,phases      ] GC(171)   Post Evacuate Collection Set: 0.58ms
[144.337s][info][gc,phases      ] GC(171)   Other: 0.06ms
[144.337s][info][gc,heap        ] GC(171) Eden regions: 2->0(158)
[144.337s][info][gc,heap        ] GC(171) Survivor regions: 5->6(10)
[144.337s][info][gc,heap        ] GC(171) Old regions: 746->632
[144.337s][info][gc,heap        ] GC(171) Humongous regions: 573->565
[144.337s][info][gc,metaspace   ] GC(171) Metaspace: 99866K(100928K)->99866K(100928K) NonClass: 77977K(78464K)->77977K(78464K) Class: 21889K(22464K)->21889K(22464K)
[144.337s][info][gc             ] GC(171) Pause Young (Concurrent Start) (G1 Humongous Allocation) 2645M->2400M(2868M) 9.777ms
[144.337s][info][gc             ] GC(172) Concurrent Mark Cycle
[144.337s][info][gc,marking     ] GC(172) Concurrent Scan Root Regions
[144.337s][info][gc,cpu         ] GC(171) User=0.04s Sys=0.00s Real=0.00s
[144.354s][info][gc,marking     ] GC(172) Concurrent Scan Root Regions 16.818ms
[144.354s][info][gc,marking     ] GC(172) Concurrent Mark
[144.354s][info][gc,marking     ] GC(172) Concurrent Mark From Roots
[144.354s][info][gc,task        ] GC(172) Using 1 workers of 1 for marking
[144.441s][info][gc,marking     ] GC(172) Concurrent Mark From Roots 87.086ms
[144.441s][info][gc,marking     ] GC(172) Concurrent Preclean
[144.441s][info][gc,marking     ] GC(172) Concurrent Preclean 0.163ms
[144.441s][info][gc,start       ] GC(172) Pause Remark
[144.444s][info][gc             ] GC(172) Pause Remark 2447M->2347M(2868M) 3.338ms
[144.444s][info][gc,cpu         ] GC(172) User=0.01s Sys=0.00s Real=0.00s
[144.444s][info][gc,marking     ] GC(172) Concurrent Mark 90.810ms
[144.444s][info][gc,marking     ] GC(172) Concurrent Rebuild Remembered Sets and Scrub Regions
[144.496s][info][gc,marking     ] GC(172) Concurrent Rebuild Remembered Sets and Scrub Regions 51.952ms
[144.497s][info][gc,start       ] GC(172) Pause Cleanup
[144.497s][info][gc             ] GC(172) Pause Cleanup 2379M->2379M(2868M) 0.120ms
[144.497s][info][gc,cpu         ] GC(172) User=0.00s Sys=0.00s Real=0.00s
[144.497s][info][gc,marking     ] GC(172) Concurrent Clear Claimed Marks
[144.497s][info][gc,marking     ] GC(172) Concurrent Clear Claimed Marks 0.142ms
[144.497s][info][gc,marking     ] GC(172) Concurrent Cleanup for Next Mark
[144.499s][info][gc,marking     ] GC(172) Concurrent Cleanup for Next Mark 1.795ms
[144.499s][info][gc             ] GC(172) Concurrent Mark Cycle 162.410ms
[145.280s][info][gc,start       ] GC(173) Pause Young (Prepare Mixed) (G1 Evacuation Pause)
[145.280s][info][gc,task        ] GC(173) Using 4 workers of 4 for evacuation
[145.294s][info][gc,phases      ] GC(173)   Pre Evacuate Collection Set: 0.47ms
[145.294s][info][gc,phases      ] GC(173)   Merge Heap Roots: 0.36ms
[145.294s][info][gc,phases      ] GC(173)   Evacuate Collection Set: 8.16ms
[145.294s][info][gc,phases      ] GC(173)   Post Evacuate Collection Set: 4.46ms
[145.294s][info][gc,phases      ] GC(173)   Other: 0.06ms
[145.294s][info][gc,heap        ] GC(173) Eden regions: 158->0(67)
[145.294s][info][gc,heap        ] GC(173) Survivor regions: 6->19(21)
[145.294s][info][gc,heap        ] GC(173) Old regions: 632->796
[145.294s][info][gc,heap        ] GC(173) Humongous regions: 603->532
[145.294s][info][gc,metaspace   ] GC(173) Metaspace: 99866K(100928K)->99866K(100928K) NonClass: 77977K(78464K)->77977K(78464K) Class: 21889K(22464K)->21889K(22464K)
[145.294s][info][gc             ] GC(173) Pause Young (Prepare Mixed) (G1 Evacuation Pause) (Evacuation Failure: Allocation) 2792M->2689M(2868M) 13.629ms
[145.294s][info][gc,cpu         ] GC(173) User=0.05s Sys=0.00s Real=0.01s
[145.300s][info][gc,start       ] GC(174) Pause Young (Mixed) (G1 Humongous Allocation)
[145.300s][info][gc,task        ] GC(174) Using 4 workers of 4 for evacuation
[145.309s][info][gc,phases      ] GC(174)   Pre Evacuate Collection Set: 0.25ms
[145.310s][info][gc,phases      ] GC(174)   Merge Heap Roots: 0.14ms
[145.310s][info][gc,phases      ] GC(174)   Evacuate Collection Set: 6.08ms
[145.310s][info][gc,phases      ] GC(174)   Post Evacuate Collection Set: 2.76ms
[145.310s][info][gc,phases      ] GC(174)   Other: 0.05ms
[145.310s][info][gc,heap        ] GC(174) Eden regions: 12->0(27)
[145.310s][info][gc,heap        ] GC(174) Survivor regions: 19->3(11)
[145.310s][info][gc,heap        ] GC(174) Old regions: 796->858
[145.310s][info][gc,heap        ] GC(174) Humongous regions: 561->546
[145.310s][info][gc,metaspace   ] GC(174) Metaspace: 99870K(100928K)->99870K(100928K) NonClass: 77981K(78464K)->77981K(78464K) Class: 21889K(22464K)->21889K(22464K)
[145.310s][info][gc             ] GC(174) Pause Young (Mixed) (G1 Humongous Allocation) (Evacuation Failure: Allocation) 2771M->2809M(2868M) 9.381ms
[145.310s][info][gc,cpu         ] GC(174) User=0.04s Sys=0.00s Real=0.01s
[145.310s][info][gc,ergo        ] Attempting full compaction
[145.310s][info][gc,start       ] GC(175) Pause Full (G1 Compaction Pause)
[145.310s][info][gc,task        ] GC(175) Using 4 workers of 4 for full compaction
[145.310s][info][gc,phases,start] GC(175) Phase 1: Mark live objects
[145.321s][info][gc,phases      ] GC(175) Phase 1: Mark live objects 11.261ms
[145.321s][info][gc,phases,start] GC(175) Phase 2: Prepare compaction
[145.323s][info][gc,phases      ] GC(175) Phase 2: Prepare compaction 2.259ms
[145.323s][info][gc,phases,start] GC(175) Phase 3: Adjust pointers
[145.331s][info][gc,phases      ] GC(175) Phase 3: Adjust pointers 7.278ms
[145.331s][info][gc,phases,start] GC(175) Phase 4: Compact heap
[145.337s][info][gc,phases      ] GC(175) Phase 4: Compact heap 5.973ms
[145.337s][info][gc,phases,start] GC(175) Phase 5: Reset Metadata
[145.339s][info][gc,phases      ] GC(175) Phase 5: Reset Metadata 2.765ms
[145.342s][info][gc,heap        ] GC(175) Eden regions: 0->0(662)
[145.342s][info][gc,heap        ] GC(175) Survivor regions: 3->0(11)
[145.342s][info][gc,heap        ] GC(175) Old regions: 858->89
[145.342s][info][gc,heap        ] GC(175) Humongous regions: 546->416
[145.342s][info][gc,metaspace   ] GC(175) Metaspace: 99870K(100928K)->99870K(100928K) NonClass: 77981K(78464K)->77981K(78464K) Class: 21889K(22464K)->21889K(22464K)
[145.342s][info][gc             ] GC(175) Pause Full (G1 Compaction Pause) 2809M->1003M(2868M) 32.172ms
[145.342s][info][gc,cpu         ] GC(175) User=0.11s Sys=0.00s Real=0.03s
[145.343s][info][gc,start       ] GC(176) Pause Young (Concurrent Start) (G1 Humongous Allocation)
[145.343s][info][gc,task        ] GC(176) Using 4 workers of 4 for evacuation
[145.344s][info][gc,phases      ] GC(176)   Pre Evacuate Collection Set: 0.18ms
[145.344s][info][gc,phases      ] GC(176)   Merge Heap Roots: 0.05ms
[145.344s][info][gc,phases      ] GC(176)   Evacuate Collection Set: 0.74ms
[145.344s][info][gc,phases      ] GC(176)   Post Evacuate Collection Set: 0.24ms
[145.344s][info][gc,phases      ] GC(176)   Other: 0.04ms
[145.344s][info][gc,heap        ] GC(176) Eden regions: 2->0(621)
[145.344s][info][gc,heap        ] GC(176) Survivor regions: 0->1(83)
[145.344s][info][gc,heap        ] GC(176) Old regions: 89->89
[145.344s][info][gc,heap        ] GC(176) Humongous regions: 424->424
[145.344s][info][gc,metaspace   ] GC(176) Metaspace: 99870K(100928K)->99870K(100928K) NonClass: 77981K(78464K)->77981K(78464K) Class: 21889K(22464K)->21889K(22464K)
[145.344s][info][gc             ] GC(176) Pause Young (Concurrent Start) (G1 Humongous Allocation) 1022M->1021M(2868M) 1.306ms
[145.344s][info][gc,cpu         ] GC(176) User=0.01s Sys=0.00s Real=0.00s
[145.344s][info][gc             ] GC(177) Concurrent Mark Cycle
[145.344s][info][gc,marking     ] GC(177) Concurrent Scan Root Regions
[145.345s][info][gc,marking     ] GC(177) Concurrent Scan Root Regions 0.775ms
[145.345s][info][gc,marking     ] GC(177) Concurrent Mark
[145.345s][info][gc,marking     ] GC(177) Concurrent Mark From Roots
[145.345s][info][gc,task        ] GC(177) Using 1 workers of 1 for marking
[145.397s][info][gc,marking     ] GC(177) Concurrent Mark From Roots 52.155ms
[145.397s][info][gc,marking     ] GC(177) Concurrent Preclean
[145.397s][info][gc,marking     ] GC(177) Concurrent Preclean 0.198ms
[145.398s][info][gc,start       ] GC(177) Pause Remark
[145.401s][info][gc             ] GC(177) Pause Remark 1345M->1345M(2868M) 3.653ms
[145.401s][info][gc,cpu         ] GC(177) User=0.02s Sys=0.00s Real=0.00s
[145.401s][info][gc,marking     ] GC(177) Concurrent Mark 56.227ms
[145.401s][info][gc,marking     ] GC(177) Concurrent Rebuild Remembered Sets and Scrub Regions
[145.424s][info][gc,marking     ] GC(177) Concurrent Rebuild Remembered Sets and Scrub Regions 22.501ms
[145.424s][info][gc,start       ] GC(177) Pause Cleanup
[145.424s][info][gc             ] GC(177) Pause Cleanup 1472M->1472M(2868M) 0.098ms
[145.424s][info][gc,cpu         ] GC(177) User=0.00s Sys=0.00s Real=0.00s
[145.424s][info][gc,marking     ] GC(177) Concurrent Clear Claimed Marks
[145.424s][info][gc,marking     ] GC(177) Concurrent Clear Claimed Marks 0.117ms
[145.424s][info][gc,marking     ] GC(177) Concurrent Cleanup for Next Mark
[145.425s][info][gc,marking     ] GC(177) Concurrent Cleanup for Next Mark 1.142ms
[145.425s][info][gc             ] GC(177) Concurrent Mark Cycle 81.105ms
[146.474s][info][gc,start       ] GC(178) Pause Young (Prepare Mixed) (G1 Evacuation Pause)
[146.474s][info][gc,task        ] GC(178) Using 4 workers of 4 for evacuation
[146.482s][info][gc,phases      ] GC(178)   Pre Evacuate Collection Set: 0.21ms
[146.482s][info][gc,phases      ] GC(178)   Merge Heap Roots: 0.11ms
[146.482s][info][gc,phases      ] GC(178)   Evacuate Collection Set: 2.69ms
[146.482s][info][gc,phases      ] GC(178)   Post Evacuate Collection Set: 5.32ms
[146.482s][info][gc,phases      ] GC(178)   Other: 0.10ms
[146.482s][info][gc,heap        ] GC(178) Eden regions: 268->0(357)
[146.482s][info][gc,heap        ] GC(178) Survivor regions: 1->0(0)
[146.482s][info][gc,heap        ] GC(178) Old regions: 89->334
[146.482s][info][gc,heap        ] GC(178) Humongous regions: 1076->610
[146.482s][info][gc,metaspace   ] GC(178) Metaspace: 99884K(100928K)->99884K(100928K) NonClass: 77995K(78464K)->77995K(78464K) Class: 21889K(22464K)->21889K(22464K)
[146.482s][info][gc             ] GC(178) Pause Young (Prepare Mixed) (G1 Evacuation Pause) (Evacuation Failure: Allocation) 2861M->1881M(2868M) 8.551ms
[146.482s][info][gc,cpu         ] GC(178) User=0.03s Sys=0.00s Real=0.01s
[146.823s][info][gc,start       ] GC(179) Pause Young (Mixed) (G1 Humongous Allocation)
[146.823s][info][gc,task        ] GC(179) Using 4 workers of 4 for evacuation
[146.831s][info][gc,phases      ] GC(179)   Pre Evacuate Collection Set: 0.17ms
[146.831s][info][gc,phases      ] GC(179)   Merge Heap Roots: 0.09ms
[146.831s][info][gc,phases      ] GC(179)   Evacuate Collection Set: 2.88ms
[146.831s][info][gc,phases      ] GC(179)   Post Evacuate Collection Set: 4.48ms
[146.831s][info][gc,phases      ] GC(179)   Other: 0.06ms
[146.831s][info][gc,heap        ] GC(179) Eden regions: 183->0(186)
[146.831s][info][gc,heap        ] GC(179) Survivor regions: 0->1(4)
[146.831s][info][gc,heap        ] GC(179) Old regions: 334->476
[146.831s][info][gc,heap        ] GC(179) Humongous regions: 913->698
[146.831s][info][gc,metaspace   ] GC(179) Metaspace: 99885K(100928K)->99885K(100928K) NonClass: 77996K(78464K)->77996K(78464K) Class: 21889K(22464K)->21889K(22464K)
[146.831s][info][gc             ] GC(179) Pause Young (Mixed) (G1 Humongous Allocation) (Evacuation Failure: Allocation) 2853M->2343M(2868M) 7.782ms
[146.831s][info][gc,cpu         ] GC(179) User=0.02s Sys=0.00s Real=0.01s
[146.843s][info][gc,start       ] GC(180) Pause Young (Concurrent Start) (G1 Humongous Allocation)
[146.844s][info][gc,task        ] GC(180) Using 4 workers of 4 for evacuation
[146.853s][info][gc,phases      ] GC(180)   Pre Evacuate Collection Set: 0.34ms
[146.853s][info][gc,phases      ] GC(180)   Merge Heap Roots: 0.08ms
[146.853s][info][gc,phases      ] GC(180)   Evacuate Collection Set: 7.35ms
[146.853s][info][gc,phases      ] GC(180)   Post Evacuate Collection Set: 1.19ms
[146.853s][info][gc,phases      ] GC(180)   Other: 0.09ms
[146.853s][info][gc,heap        ] GC(180) Eden regions: 11->0(287)
[146.853s][info][gc,heap        ] GC(180) Survivor regions: 1->6(24)
[146.853s][info][gc,heap        ] GC(180) Old regions: 476->250
[146.853s][info][gc,heap        ] GC(180) Humongous regions: 701->695
[146.853s][info][gc,metaspace   ] GC(180) Metaspace: 99885K(100928K)->99885K(100928K) NonClass: 77996K(78464K)->77996K(78464K) Class: 21889K(22464K)->21889K(22464K)
[146.853s][info][gc             ] GC(180) Pause Young (Concurrent Start) (G1 Humongous Allocation) 2370M->1896M(2868M) 9.183ms
[146.853s][info][gc,cpu         ] GC(180) User=0.03s Sys=0.00s Real=0.01s
[146.853s][info][gc             ] GC(181) Concurrent Mark Cycle
[146.853s][info][gc,marking     ] GC(181) Concurrent Scan Root Regions
[146.863s][info][gc,marking     ] GC(181) Concurrent Scan Root Regions 9.907ms
[146.863s][info][gc,marking     ] GC(181) Concurrent Mark
[146.863s][info][gc,marking     ] GC(181) Concurrent Mark From Roots
[146.863s][info][gc,task        ] GC(181) Using 1 workers of 1 for marking
[146.906s][info][gc,marking     ] GC(181) Concurrent Mark From Roots 42.990ms
[146.906s][info][gc,marking     ] GC(181) Concurrent Preclean
[146.906s][info][gc,marking     ] GC(181) Concurrent Preclean 0.128ms
[146.906s][info][gc,start       ] GC(181) Pause Remark
[146.909s][info][gc             ] GC(181) Pause Remark 2052M->1596M(2868M) 2.627ms
[146.909s][info][gc,cpu         ] GC(181) User=0.01s Sys=0.00s Real=0.01s
[146.909s][info][gc,marking     ] GC(181) Concurrent Mark 45.934ms
[146.909s][info][gc,marking     ] GC(181) Concurrent Rebuild Remembered Sets and Scrub Regions
[146.934s][info][gc,marking     ] GC(181) Concurrent Rebuild Remembered Sets and Scrub Regions 25.820ms
[146.935s][info][gc,start       ] GC(181) Pause Cleanup
[146.935s][info][gc             ] GC(181) Pause Cleanup 1685M->1685M(2868M) 0.093ms
[146.935s][info][gc,cpu         ] GC(181) User=0.00s Sys=0.00s Real=0.00s
[146.935s][info][gc,marking     ] GC(181) Concurrent Clear Claimed Marks
[146.935s][info][gc,marking     ] GC(181) Concurrent Clear Claimed Marks 0.138ms
[146.935s][info][gc,marking     ] GC(181) Concurrent Cleanup for Next Mark
[146.936s][info][gc,marking     ] GC(181) Concurrent Cleanup for Next Mark 1.393ms
[146.936s][info][gc             ] GC(181) Concurrent Mark Cycle 83.456ms
[148.009s][info][gc,start       ] GC(182) Pause Young (Prepare Mixed) (G1 Humongous Allocation)
[148.009s][info][gc,task        ] GC(182) Using 4 workers of 4 for evacuation
[148.017s][info][gc,phases      ] GC(182)   Pre Evacuate Collection Set: 0.14ms
[148.017s][info][gc,phases      ] GC(182)   Merge Heap Roots: 0.07ms
[148.017s][info][gc,phases      ] GC(182)   Evacuate Collection Set: 3.19ms
[148.017s][info][gc,phases      ] GC(182)   Post Evacuate Collection Set: 4.64ms
[148.017s][info][gc,phases      ] GC(182)   Other: 0.05ms
[148.017s][info][gc,heap        ] GC(182) Eden regions: 277->0(221)
[148.017s][info][gc,heap        ] GC(182) Survivor regions: 6->1(1)
[148.017s][info][gc,heap        ] GC(182) Old regions: 245->509
[148.017s][info][gc,heap        ] GC(182) Humongous regions: 905->585
[148.017s][info][gc,metaspace   ] GC(182) Metaspace: 99885K(100928K)->99885K(100928K) NonClass: 77996K(78464K)->77996K(78464K) Class: 21889K(22464K)->21889K(22464K)
[148.017s][info][gc             ] GC(182) Pause Young (Prepare Mixed) (G1 Humongous Allocation) (Evacuation Failure: Allocation) 2859M->2184M(2868M) 8.182ms
[148.017s][info][gc,cpu         ] GC(182) User=0.03s Sys=0.00s Real=0.01s
[148.149s][info][gc,start       ] GC(183) Pause Young (Mixed) (G1 Humongous Allocation)
[148.149s][info][gc,task        ] GC(183) Using 4 workers of 4 for evacuation
[148.158s][info][gc,phases      ] GC(183)   Pre Evacuate Collection Set: 0.30ms
[148.158s][info][gc,phases      ] GC(183)   Merge Heap Roots: 0.15ms
[148.158s][info][gc,phases      ] GC(183)   Evacuate Collection Set: 3.86ms
[148.158s][info][gc,phases      ] GC(183)   Post Evacuate Collection Set: 4.02ms
[148.158s][info][gc,phases      ] GC(183)   Other: 0.06ms
[148.158s][info][gc,heap        ] GC(183) Eden regions: 81->0(114)
[148.158s][info][gc,heap        ] GC(183) Survivor regions: 1->3(8)
[148.158s][info][gc,heap        ] GC(183) Old regions: 509->595
[148.158s][info][gc,heap        ] GC(183) Humongous regions: 835->649
[148.158s][info][gc,metaspace   ] GC(183) Metaspace: 99885K(100928K)->99885K(100928K) NonClass: 77996K(78464K)->77996K(78464K) Class: 21889K(22464K)->21889K(22464K)
[148.158s][info][gc             ] GC(183) Pause Young (Mixed) (G1 Humongous Allocation) (Evacuation Failure: Allocation) 2846M->2488M(2868M) 8.488ms
[148.158s][info][gc,cpu         ] GC(183) User=0.03s Sys=0.00s Real=0.01s
[148.158s][info][gc,start       ] GC(184) Pause Young (Concurrent Start) (G1 Humongous Allocation)
[148.158s][info][gc,task        ] GC(184) Using 4 workers of 4 for evacuation
[148.167s][info][gc,phases      ] GC(184)   Pre Evacuate Collection Set: 0.29ms
[148.167s][info][gc,phases      ] GC(184)   Merge Heap Roots: 0.16ms
[148.167s][info][gc,phases      ] GC(184)   Evacuate Collection Set: 7.69ms
[148.167s][info][gc,phases      ] GC(184)   Post Evacuate Collection Set: 0.47ms
[148.167s][info][gc,phases      ] GC(184)   Other: 0.05ms
[148.167s][info][gc,heap        ] GC(184) Eden regions: 4->0(189)
[148.167s][info][gc,heap        ] GC(184) Survivor regions: 3->5(15)
[148.167s][info][gc,heap        ] GC(184) Old regions: 595->464
[148.167s][info][gc,heap        ] GC(184) Humongous regions: 652->630
[148.167s][info][gc,metaspace   ] GC(184) Metaspace: 99885K(100928K)->99885K(100928K) NonClass: 77996K(78464K)->77996K(78464K) Class: 21889K(22464K)->21889K(22464K)
[148.167s][info][gc             ] GC(184) Pause Young (Concurrent Start) (G1 Humongous Allocation) 2501M->2192M(2868M) 8.762ms
[148.167s][info][gc,cpu         ] GC(184) User=0.03s Sys=0.00s Real=0.01s
[148.167s][info][gc             ] GC(185) Concurrent Mark Cycle
[148.167s][info][gc,marking     ] GC(185) Concurrent Scan Root Regions
[148.180s][info][gc,marking     ] GC(185) Concurrent Scan Root Regions 12.628ms
[148.180s][info][gc,marking     ] GC(185) Concurrent Mark
[148.180s][info][gc,marking     ] GC(185) Concurrent Mark From Roots
[148.180s][info][gc,task        ] GC(185) Using 1 workers of 1 for marking
[148.224s][info][gc,marking     ] GC(185) Concurrent Mark From Roots 44.824ms
[148.224s][info][gc,marking     ] GC(185) Concurrent Preclean
[148.225s][info][gc,marking     ] GC(185) Concurrent Preclean 0.135ms
[148.225s][info][gc,start       ] GC(185) Pause Remark
[148.228s][info][gc             ] GC(185) Pause Remark 2406M->1966M(2868M) 3.223ms
[148.228s][info][gc,cpu         ] GC(185) User=0.01s Sys=0.00s Real=0.01s
[148.228s][info][gc,marking     ] GC(185) Concurrent Mark 48.843ms
[148.228s][info][gc,marking     ] GC(185) Concurrent Rebuild Remembered Sets and Scrub Regions
[148.262s][info][gc,marking     ] GC(185) Concurrent Rebuild Remembered Sets and Scrub Regions 33.127ms
[148.262s][info][gc,start       ] GC(185) Pause Cleanup
[148.262s][info][gc             ] GC(185) Pause Cleanup 2051M->2051M(2868M) 0.127ms
[148.262s][info][gc,cpu         ] GC(185) User=0.00s Sys=0.00s Real=0.00s
[148.262s][info][gc,marking     ] GC(185) Concurrent Clear Claimed Marks
[148.262s][info][gc,marking     ] GC(185) Concurrent Clear Claimed Marks 0.122ms
[148.262s][info][gc,marking     ] GC(185) Concurrent Cleanup for Next Mark
[148.264s][info][gc,marking     ] GC(185) Concurrent Cleanup for Next Mark 1.452ms
[148.264s][info][gc             ] GC(185) Concurrent Mark Cycle 96.653ms
[149.225s][info][gc,start       ] GC(186) Pause Young (Prepare Mixed) (G1 Evacuation Pause)
[149.225s][info][gc,task        ] GC(186) Using 4 workers of 4 for evacuation
[149.238s][info][gc,phases      ] GC(186)   Pre Evacuate Collection Set: 0.32ms
[149.238s][info][gc,phases      ] GC(186)   Merge Heap Roots: 0.18ms
[149.238s][info][gc,phases      ] GC(186)   Evacuate Collection Set: 4.60ms
[149.238s][info][gc,phases      ] GC(186)   Post Evacuate Collection Set: 7.61ms
[149.238s][info][gc,phases      ] GC(186)   Other: 0.09ms
[149.238s][info][gc,heap        ] GC(186) Eden regions: 187->0(192)
[149.238s][info][gc,heap        ] GC(186) Survivor regions: 5->0(0)
[149.238s][info][gc,heap        ] GC(186) Old regions: 464->638
[149.238s][info][gc,heap        ] GC(186) Humongous regions: 778->487
[149.238s][info][gc,metaspace   ] GC(186) Metaspace: 99885K(100928K)->99885K(100928K) NonClass: 77996K(78464K)->77996K(78464K) Class: 21889K(22464K)->21889K(22464K)
[149.238s][info][gc             ] GC(186) Pause Young (Prepare Mixed) (G1 Evacuation Pause) (Evacuation Failure: Allocation) 2862M->2244M(2868M) 12.961ms
[149.238s][info][gc,cpu         ] GC(186) User=0.04s Sys=0.01s Real=0.02s
[149.556s][info][gc,start       ] GC(187) Pause Young (Mixed) (G1 Humongous Allocation)
[149.556s][info][gc,task        ] GC(187) Using 4 workers of 4 for evacuation
[149.570s][info][gc,phases      ] GC(187)   Pre Evacuate Collection Set: 0.53ms
[149.570s][info][gc,phases      ] GC(187)   Merge Heap Roots: 0.26ms
[149.570s][info][gc,phases      ] GC(187)   Evacuate Collection Set: 5.20ms
[149.570s][info][gc,phases      ] GC(187)   Post Evacuate Collection Set: 7.01ms
[149.570s][info][gc,phases      ] GC(187)   Other: 0.10ms
[149.570s][info][gc,heap        ] GC(187) Eden regions: 123->0(71)
[149.570s][info][gc,heap        ] GC(187) Survivor regions: 0->1(2)
[149.570s][info][gc,heap        ] GC(187) Old regions: 638->762
[149.570s][info][gc,heap        ] GC(187) Humongous regions: 671->540
[149.570s][info][gc,metaspace   ] GC(187) Metaspace: 99904K(100928K)->99904K(100928K) NonClass: 78014K(78464K)->78014K(78464K) Class: 21889K(22464K)->21889K(22464K)
[149.570s][info][gc             ] GC(187) Pause Young (Mixed) (G1 Humongous Allocation) (Evacuation Failure: Allocation) 2858M->2600M(2868M) 13.270ms
[149.570s][info][gc,cpu         ] GC(187) User=0.05s Sys=0.00s Real=0.02s
[149.591s][info][gc,start       ] GC(188) Pause Young (Concurrent Start) (G1 Humongous Allocation)
[149.591s][info][gc,task        ] GC(188) Using 4 workers of 4 for evacuation
[149.601s][info][gc,phases      ] GC(188)   Pre Evacuate Collection Set: 0.44ms
[149.601s][info][gc,phases      ] GC(188)   Merge Heap Roots: 0.30ms
[149.601s][info][gc,phases      ] GC(188)   Evacuate Collection Set: 8.88ms
[149.601s][info][gc,phases      ] GC(188)   Post Evacuate Collection Set: 0.82ms
[149.601s][info][gc,phases      ] GC(188)   Other: 0.08ms
[149.601s][info][gc,heap        ] GC(188) Eden regions: 15->0(154)
[149.601s][info][gc,heap        ] GC(188) Survivor regions: 1->9(9)
[149.601s][info][gc,heap        ] GC(188) Old regions: 762->660
[149.601s][info][gc,heap        ] GC(188) Humongous regions: 543->522
[149.601s][info][gc,metaspace   ] GC(188) Metaspace: 99904K(100928K)->99904K(100928K) NonClass: 78014K(78464K)->78014K(78464K) Class: 21889K(22464K)->21889K(22464K)
[149.601s][info][gc             ] GC(188) Pause Young (Concurrent Start) (G1 Humongous Allocation) 2635M->2374M(2868M) 10.624ms
[149.601s][info][gc,cpu         ] GC(188) User=0.04s Sys=0.00s Real=0.01s
[149.601s][info][gc             ] GC(189) Concurrent Mark Cycle
[149.601s][info][gc,marking     ] GC(189) Concurrent Scan Root Regions
[149.626s][info][gc,marking     ] GC(189) Concurrent Scan Root Regions 24.600ms
[149.626s][info][gc,marking     ] GC(189) Concurrent Mark
[149.626s][info][gc,marking     ] GC(189) Concurrent Mark From Roots
[149.626s][info][gc,task        ] GC(189) Using 1 workers of 1 for marking
[149.679s][info][gc,marking     ] GC(189) Concurrent Mark From Roots 52.546ms
[149.679s][info][gc,marking     ] GC(189) Concurrent Preclean
[149.679s][info][gc,marking     ] GC(189) Concurrent Preclean 0.181ms
[149.679s][info][gc,start       ] GC(189) Pause Remark
[149.683s][info][gc             ] GC(189) Pause Remark 2748M->2562M(2868M) 4.432ms
[149.683s][info][gc,cpu         ] GC(189) User=0.02s Sys=0.00s Real=0.00s
[149.684s][info][gc,marking     ] GC(189) Concurrent Mark 57.487ms
[149.684s][info][gc,marking     ] GC(189) Concurrent Rebuild Remembered Sets and Scrub Regions
[149.727s][info][gc,marking     ] GC(189) Concurrent Rebuild Remembered Sets and Scrub Regions 43.784ms
[149.727s][info][gc,start       ] GC(189) Pause Cleanup
[149.728s][info][gc             ] GC(189) Pause Cleanup 2623M->2623M(2868M) 0.149ms
[149.728s][info][gc,cpu         ] GC(189) User=0.00s Sys=0.00s Real=0.00s
[149.728s][info][gc,marking     ] GC(189) Concurrent Clear Claimed Marks
[149.728s][info][gc,marking     ] GC(189) Concurrent Clear Claimed Marks 0.125ms
[149.728s][info][gc,marking     ] GC(189) Concurrent Cleanup for Next Mark
[149.729s][info][gc,marking     ] GC(189) Concurrent Cleanup for Next Mark 1.416ms
[149.729s][info][gc             ] GC(189) Concurrent Mark Cycle 127.764ms
[149.811s][info][gc,start       ] GC(190) Pause Young (Prepare Mixed) (G1 Humongous Allocation)
[149.811s][info][gc,task        ] GC(190) Using 4 workers of 4 for evacuation
[149.820s][info][gc,phases      ] GC(190)   Pre Evacuate Collection Set: 0.19ms
[149.820s][info][gc,phases      ] GC(190)   Merge Heap Roots: 0.13ms
[149.820s][info][gc,phases      ] GC(190)   Evacuate Collection Set: 4.42ms
[149.820s][info][gc,phases      ] GC(190)   Post Evacuate Collection Set: 4.22ms
[149.820s][info][gc,phases      ] GC(190)   Other: 0.07ms
[149.820s][info][gc,heap        ] GC(190) Eden regions: 78->0(105)
[149.820s][info][gc,heap        ] GC(190) Survivor regions: 9->5(14)
[149.820s][info][gc,heap        ] GC(190) Old regions: 657->751
[149.820s][info][gc,heap        ] GC(190) Humongous regions: 676->500
[149.820s][info][gc,metaspace   ] GC(190) Metaspace: 99904K(100928K)->99904K(100928K) NonClass: 78014K(78464K)->78014K(78464K) Class: 21889K(22464K)->21889K(22464K)
[149.820s][info][gc             ] GC(190) Pause Young (Prepare Mixed) (G1 Humongous Allocation) (Evacuation Failure: Allocation) 2831M->2504M(2868M) 9.182ms
[149.820s][info][gc,cpu         ] GC(190) User=0.03s Sys=0.00s Real=0.01s
[149.928s][info][gc,start       ] GC(191) Pause Young (Mixed) (G1 Humongous Allocation)
[149.928s][info][gc,task        ] GC(191) Using 4 workers of 4 for evacuation
[149.935s][info][gc,phases      ] GC(191)   Pre Evacuate Collection Set: 0.21ms
[149.939s][info][gc,phases      ] GC(191)   Merge Heap Roots: 0.14ms
[149.939s][info][gc,phases      ] GC(191)   Evacuate Collection Set: 3.00ms
[149.939s][info][gc,phases      ] GC(191)   Post Evacuate Collection Set: 3.30ms
[149.939s][info][gc,phases      ] GC(191)   Other: 0.05ms
[149.939s][info][gc,heap        ] GC(191) Eden regions: 25->0(71)
[149.939s][info][gc,heap        ] GC(191) Survivor regions: 5->1(3)
[149.939s][info][gc,heap        ] GC(191) Old regions: 751->780
[149.939s][info][gc,heap        ] GC(191) Humongous regions: 650->524
[149.939s][info][gc,metaspace   ] GC(191) Metaspace: 99904K(100928K)->99904K(100928K) NonClass: 78014K(78464K)->78014K(78464K) Class: 21889K(22464K)->21889K(22464K)
[149.939s][info][gc             ] GC(191) Pause Young (Mixed) (G1 Humongous Allocation) (Evacuation Failure: Allocation) 2853M->2602M(2868M) 10.931ms
[149.939s][info][gc,cpu         ] GC(191) User=0.02s Sys=0.00s Real=0.01s
[149.944s][info][gc,start       ] GC(192) Pause Young (Concurrent Start) (G1 Humongous Allocation)
[149.944s][info][gc,task        ] GC(192) Using 4 workers of 4 for evacuation
[149.952s][info][gc,phases      ] GC(192)   Pre Evacuate Collection Set: 0.22ms
[149.952s][info][gc,phases      ] GC(192)   Merge Heap Roots: 0.11ms
[149.952s][info][gc,phases      ] GC(192)   Evacuate Collection Set: 6.82ms
[149.952s][info][gc,phases      ] GC(192)   Post Evacuate Collection Set: 0.51ms
[149.952s][info][gc,phases      ] GC(192)   Other: 0.05ms
[149.952s][info][gc,heap        ] GC(192) Eden regions: 2->0(164)
[149.952s][info][gc,heap        ] GC(192) Survivor regions: 1->2(9)
[149.952s][info][gc,heap        ] GC(192) Old regions: 780->661
[149.952s][info][gc,heap        ] GC(192) Humongous regions: 527->525
[149.952s][info][gc,metaspace   ] GC(192) Metaspace: 99904K(100928K)->99904K(100928K) NonClass: 78014K(78464K)->78014K(78464K) Class: 21889K(22464K)->21889K(22464K)
[149.952s][info][gc             ] GC(192) Pause Young (Concurrent Start) (G1 Humongous Allocation) 2612M->2372M(2868M) 7.794ms
[149.952s][info][gc,cpu         ] GC(192) User=0.03s Sys=0.00s Real=0.01s
[149.952s][info][gc             ] GC(193) Concurrent Mark Cycle
[149.952s][info][gc,marking     ] GC(193) Concurrent Scan Root Regions
[149.967s][info][gc,marking     ] GC(193) Concurrent Scan Root Regions 14.849ms
[149.967s][info][gc,marking     ] GC(193) Concurrent Mark
[149.967s][info][gc,marking     ] GC(193) Concurrent Mark From Roots
[149.967s][info][gc,task        ] GC(193) Using 1 workers of 1 for marking
[150.017s][info][gc,marking     ] GC(193) Concurrent Mark From Roots 50.354ms
[150.017s][info][gc,marking     ] GC(193) Concurrent Preclean
[150.017s][info][gc,marking     ] GC(193) Concurrent Preclean 0.165ms
[150.017s][info][gc,start       ] GC(193) Pause Remark
[150.021s][info][gc             ] GC(193) Pause Remark 2475M->2355M(2868M) 3.460ms
[150.021s][info][gc,cpu         ] GC(193) User=0.01s Sys=0.01s Real=0.00s
[150.021s][info][gc,marking     ] GC(193) Concurrent Mark 54.190ms
[150.025s][info][gc,marking     ] GC(193) Concurrent Rebuild Remembered Sets and Scrub Regions
[150.063s][info][gc,marking     ] GC(193) Concurrent Rebuild Remembered Sets and Scrub Regions 38.494ms
[150.063s][info][gc,start       ] GC(193) Pause Cleanup
[150.064s][info][gc             ] GC(193) Pause Cleanup 2361M->2361M(2868M) 0.129ms
[150.064s][info][gc,cpu         ] GC(193) User=0.00s Sys=0.00s Real=0.00s
[150.064s][info][gc,marking     ] GC(193) Concurrent Clear Claimed Marks
[150.064s][info][gc,marking     ] GC(193) Concurrent Clear Claimed Marks 0.131ms
[150.064s][info][gc,marking     ] GC(193) Concurrent Cleanup for Next Mark
[150.065s][info][gc,marking     ] GC(193) Concurrent Cleanup for Next Mark 1.246ms
[150.065s][info][gc             ] GC(193) Concurrent Mark Cycle 113.128ms
[150.786s][info][gc,start       ] GC(194) Pause Young (Prepare Mixed) (G1 Evacuation Pause)
[150.786s][info][gc,task        ] GC(194) Using 4 workers of 4 for evacuation
[150.798s][info][gc,phases      ] GC(194)   Pre Evacuate Collection Set: 0.34ms
[150.798s][info][gc,phases      ] GC(194)   Merge Heap Roots: 0.28ms
[150.798s][info][gc,phases      ] GC(194)   Evacuate Collection Set: 6.80ms
[150.798s][info][gc,phases      ] GC(194)   Post Evacuate Collection Set: 4.80ms
[150.798s][info][gc,phases      ] GC(194)   Other: 0.06ms
[150.798s][info][gc,heap        ] GC(194) Eden regions: 164->0(71)
[150.798s][info][gc,heap        ] GC(194) Survivor regions: 2->9(21)
[150.798s][info][gc,heap        ] GC(194) Old regions: 661->820
[150.798s][info][gc,heap        ] GC(194) Humongous regions: 561->467
[150.798s][info][gc,metaspace   ] GC(194) Metaspace: 99905K(100928K)->99905K(100928K) NonClass: 78016K(78464K)->78016K(78464K) Class: 21889K(22464K)->21889K(22464K)
[150.798s][info][gc             ] GC(194) Pause Young (Prepare Mixed) (G1 Evacuation Pause) (Evacuation Failure: Allocation) 2772M->2590M(2868M) 12.405ms
[150.798s][info][gc,cpu         ] GC(194) User=0.05s Sys=0.00s Real=0.02s
[150.868s][info][gc,start       ] GC(195) Pause Young (Mixed) (G1 Humongous Allocation)
[150.868s][info][gc,task        ] GC(195) Using 4 workers of 4 for evacuation
[150.877s][info][gc,phases      ] GC(195)   Pre Evacuate Collection Set: 0.19ms
[150.877s][info][gc,phases      ] GC(195)   Merge Heap Roots: 0.13ms
[150.877s][info][gc,phases      ] GC(195)   Evacuate Collection Set: 3.83ms
[150.877s][info][gc,phases      ] GC(195)   Post Evacuate Collection Set: 4.53ms
[150.877s][info][gc,phases      ] GC(195)   Other: 0.05ms
[150.877s][info][gc,heap        ] GC(195) Eden regions: 58->0(42)
[150.877s][info][gc,heap        ] GC(195) Survivor regions: 9->2(6)
[150.877s][info][gc,heap        ] GC(195) Old regions: 820->891
[150.877s][info][gc,heap        ] GC(195) Humongous regions: 541->499
[150.877s][info][gc,metaspace   ] GC(195) Metaspace: 99905K(100928K)->99905K(100928K) NonClass: 78016K(78464K)->78016K(78464K) Class: 21889K(22464K)->21889K(22464K)
[150.877s][info][gc             ] GC(195) Pause Young (Mixed) (G1 Humongous Allocation) (Evacuation Failure: Allocation) 2853M->2781M(2868M) 8.838ms
[150.877s][info][gc,cpu         ] GC(195) User=0.03s Sys=0.00s Real=0.00s
[150.878s][info][gc,start       ] GC(196) Pause Young (Concurrent Start) (G1 Humongous Allocation)
[150.878s][info][gc,task        ] GC(196) Using 4 workers of 4 for evacuation
[150.886s][info][gc,phases      ] GC(196)   Pre Evacuate Collection Set: 0.27ms
[150.886s][info][gc,phases      ] GC(196)   Merge Heap Roots: 0.11ms
[150.886s][info][gc,phases      ] GC(196)   Evacuate Collection Set: 5.12ms
[150.886s][info][gc,phases      ] GC(196)   Post Evacuate Collection Set: 2.65ms
[150.886s][info][gc,phases      ] GC(196)   Other: 0.05ms
[150.886s][info][gc,heap        ] GC(196) Eden regions: 1->0(44)
[150.886s][info][gc,heap        ] GC(196) Survivor regions: 2->2(6)
[150.886s][info][gc,heap        ] GC(196) Old regions: 891->886
[150.886s][info][gc,heap        ] GC(196) Humongous regions: 502->502
[150.886s][info][gc,metaspace   ] GC(196) Metaspace: 99905K(100928K)->99905K(100928K) NonClass: 78016K(78464K)->78016K(78464K) Class: 21889K(22464K)->21889K(22464K)
[150.886s][info][gc             ] GC(196) Pause Young (Concurrent Start) (G1 Humongous Allocation) (Evacuation Failure: Allocation) 2789M->2777M(2868M) 8.277ms
[150.886s][info][gc,cpu         ] GC(196) User=0.03s Sys=0.00s Real=0.00s
[150.886s][info][gc             ] GC(197) Concurrent Mark Cycle
[150.886s][info][gc,marking     ] GC(197) Concurrent Scan Root Regions
[150.889s][info][gc,start       ] GC(198) Pause Young (Normal) (G1 Humongous Allocation)
[150.889s][info][gc,task        ] GC(198) Using 4 workers of 4 for evacuation
[150.901s][info][gc,marking     ] GC(197) Concurrent Scan Root Regions 14.904ms
[150.901s][info][gc,marking     ] GC(197) Concurrent Mark
[150.901s][info][gc,marking     ] GC(197) Concurrent Mark From Roots
[150.901s][info][gc,task        ] GC(197) Using 1 workers of 1 for marking
[150.908s][info][gc,phases      ] GC(198)   Pre Evacuate Collection Set: 0.23ms
[150.908s][info][gc,phases      ] GC(198)   Merge Heap Roots: 0.19ms
[150.908s][info][gc,phases      ] GC(198)   Evacuate Collection Set: 2.70ms
[150.908s][info][gc,phases      ] GC(198)   Post Evacuate Collection Set: 3.23ms
[150.908s][info][gc,phases      ] GC(198)   Other: 12.18ms
[150.908s][info][gc,heap        ] GC(198) Eden regions: 5->0(20)
[150.908s][info][gc,heap        ] GC(198) Survivor regions: 2->2(6)
[150.908s][info][gc,heap        ] GC(198) Old regions: 886->893
[150.908s][info][gc,heap        ] GC(198) Humongous regions: 535->519
[150.908s][info][gc,metaspace   ] GC(198) Metaspace: 99905K(100928K)->99905K(100928K) NonClass: 78016K(78464K)->78016K(78464K) Class: 21889K(22464K)->21889K(22464K)
[150.908s][info][gc             ] GC(198) Pause Young (Normal) (G1 Humongous Allocation) (Evacuation Failure: Allocation) 2853M->2825M(2868M) 18.669ms
[150.908s][info][gc,cpu         ] GC(198) User=0.03s Sys=0.00s Real=0.02s
[150.909s][info][gc,start       ] GC(199) Pause Young (Normal) (G1 Humongous Allocation)
[150.909s][info][gc,task        ] GC(199) Using 4 workers of 4 for evacuation
[150.917s][info][gc,phases      ] GC(199)   Pre Evacuate Collection Set: 0.30ms
[150.917s][info][gc,phases      ] GC(199)   Merge Heap Roots: 0.12ms
[150.917s][info][gc,phases      ] GC(199)   Evacuate Collection Set: 3.07ms
[150.917s][info][gc,phases      ] GC(199)   Post Evacuate Collection Set: 4.06ms
[150.917s][info][gc,phases      ] GC(199)   Other: 0.05ms
[150.917s][info][gc,heap        ] GC(199) Eden regions: 2->0(29)
[150.917s][info][gc,heap        ] GC(199) Survivor regions: 2->2(3)
[150.917s][info][gc,heap        ] GC(199) Old regions: 893->886
[150.917s][info][gc,heap        ] GC(199) Humongous regions: 522->517
[150.917s][info][gc,metaspace   ] GC(199) Metaspace: 99905K(100928K)->99905K(100928K) NonClass: 78016K(78464K)->78016K(78464K) Class: 21889K(22464K)->21889K(22464K)
[150.917s][info][gc             ] GC(199) Pause Young (Normal) (G1 Humongous Allocation) (Evacuation Failure: Allocation) 2835M->2807M(2868M) 7.703ms
[150.917s][info][gc,cpu         ] GC(199) User=0.02s Sys=0.00s Real=0.00s
[150.923s][info][gc,start       ] GC(200) Pause Young (Normal) (G1 Humongous Allocation)
[150.925s][info][gc,task        ] GC(200) Using 4 workers of 4 for evacuation
[150.933s][info][gc,phases      ] GC(200)   Pre Evacuate Collection Set: 0.42ms
[150.933s][info][gc,phases      ] GC(200)   Merge Heap Roots: 0.16ms
[150.933s][info][gc,phases      ] GC(200)   Evacuate Collection Set: 3.71ms
[150.933s][info][gc,phases      ] GC(200)   Post Evacuate Collection Set: 4.13ms
[150.933s][info][gc,phases      ] GC(200)   Other: 0.06ms
[150.933s][info][gc,heap        ] GC(200) Eden regions: 7->0(16)
[150.933s][info][gc,heap        ] GC(200) Survivor regions: 2->1(4)
[150.933s][info][gc,heap        ] GC(200) Old regions: 886->900
[150.933s][info][gc,heap        ] GC(200) Humongous regions: 528->517
[150.933s][info][gc,metaspace   ] GC(200) Metaspace: 99905K(100928K)->99905K(100928K) NonClass: 78016K(78464K)->78016K(78464K) Class: 21889K(22464K)->21889K(22464K)
[150.933s][info][gc             ] GC(200) Pause Young (Normal) (G1 Humongous Allocation) (Evacuation Failure: Allocation) 2843M->2833M(2868M) 10.541ms
[150.933s][info][gc,cpu         ] GC(200) User=0.03s Sys=0.00s Real=0.01s
[150.934s][info][gc,start       ] GC(201) Pause Young (Normal) (G1 Humongous Allocation)
[150.934s][info][gc,task        ] GC(201) Using 4 workers of 4 for evacuation
[150.943s][info][gc,phases      ] GC(201)   Pre Evacuate Collection Set: 0.33ms
[150.943s][info][gc,phases      ] GC(201)   Merge Heap Roots: 0.12ms
[150.943s][info][gc,phases      ] GC(201)   Evacuate Collection Set: 3.17ms
[150.943s][info][gc,phases      ] GC(201)   Post Evacuate Collection Set: 4.94ms
[150.943s][info][gc,phases      ] GC(201)   Other: 0.05ms
[150.943s][info][gc,heap        ] GC(201) Eden regions: 0->0(8)
[150.943s][info][gc,heap        ] GC(201) Survivor regions: 1->1(3)
[150.943s][info][gc,heap        ] GC(201) Old regions: 900->902
[150.943s][info][gc,heap        ] GC(201) Humongous regions: 526->523
[150.943s][info][gc,metaspace   ] GC(201) Metaspace: 99905K(100928K)->99905K(100928K) NonClass: 78016K(78464K)->78016K(78464K) Class: 21889K(22464K)->21889K(22464K)
[150.943s][info][gc             ] GC(201) Pause Young (Normal) (G1 Humongous Allocation) (Evacuation Failure: Allocation) 2851M->2849M(2868M) 8.686ms
[150.943s][info][gc,cpu         ] GC(201) User=0.03s Sys=0.00s Real=0.01s
[150.944s][info][gc,start       ] GC(202) Pause Young (Normal) (G1 Humongous Allocation)
[150.944s][info][gc,task        ] GC(202) Using 4 workers of 4 for evacuation
[150.952s][info][gc,phases      ] GC(202)   Pre Evacuate Collection Set: 0.24ms
[150.952s][info][gc,phases      ] GC(202)   Merge Heap Roots: 0.10ms
[150.952s][info][gc,phases      ] GC(202)   Evacuate Collection Set: 2.78ms
[150.952s][info][gc,phases      ] GC(202)   Post Evacuate Collection Set: 4.53ms
[150.952s][info][gc,phases      ] GC(202)   Other: 0.05ms
[150.952s][info][gc,heap        ] GC(202) Eden regions: 1->0(4)
[150.952s][info][gc,heap        ] GC(202) Survivor regions: 1->1(2)
[150.952s][info][gc,heap        ] GC(202) Old regions: 902->907
[150.952s][info][gc,heap        ] GC(202) Humongous regions: 526->522
[150.952s][info][gc,metaspace   ] GC(202) Metaspace: 99905K(100928K)->99905K(100928K) NonClass: 78016K(78464K)->78016K(78464K) Class: 21889K(22464K)->21889K(22464K)
[150.952s][info][gc             ] GC(202) Pause Young (Normal) (G1 Humongous Allocation) (Evacuation Failure: Allocation) 2857M->2857M(2868M) 7.813ms
[150.952s][info][gc,cpu         ] GC(202) User=0.03s Sys=0.00s Real=0.01s
[150.952s][info][gc,ergo        ] Attempting full compaction
[150.952s][info][gc,start       ] GC(203) Pause Full (G1 Compaction Pause)
[150.952s][info][gc,task        ] GC(203) Using 4 workers of 4 for full compaction
[150.953s][info][gc,phases,start] GC(203) Phase 1: Mark live objects
[150.981s][info][gc,phases      ] GC(203) Phase 1: Mark live objects 28.536ms
[150.981s][info][gc,phases,start] GC(203) Phase 2: Prepare compaction
[150.983s][info][gc,phases      ] GC(203) Phase 2: Prepare compaction 2.309ms
[150.983s][info][gc,phases,start] GC(203) Phase 3: Adjust pointers
[150.991s][info][gc,phases      ] GC(203) Phase 3: Adjust pointers 7.282ms
[150.991s][info][gc,phases,start] GC(203) Phase 4: Compact heap
[150.995s][info][gc,phases      ] GC(203) Phase 4: Compact heap 4.303ms
[150.995s][info][gc,phases,start] GC(203) Phase 5: Reset Metadata
[150.997s][info][gc,phases      ] GC(203) Phase 5: Reset Metadata 2.172ms
[150.999s][info][gc,heap        ] GC(203) Eden regions: 0->0(702)
[150.999s][info][gc,heap        ] GC(203) Survivor regions: 1->0(2)
[150.999s][info][gc,heap        ] GC(203) Old regions: 907->85
[150.999s][info][gc,heap        ] GC(203) Humongous regions: 522->417
[150.999s][info][gc,metaspace   ] GC(203) Metaspace: 99905K(100928K)->99903K(100928K) NonClass: 78016K(78464K)->78015K(78464K) Class: 21889K(22464K)->21888K(22464K)
[150.999s][info][gc             ] GC(203) Pause Full (G1 Compaction Pause) 2857M->1000M(2868M) 47.552ms
[150.999s][info][gc,cpu         ] GC(203) User=0.17s Sys=0.00s Real=0.05s
[150.999s][info][gc,marking     ] GC(197) Concurrent Mark From Roots 98.312ms
[150.999s][info][gc,marking     ] GC(197) Concurrent Mark Abort
[150.999s][info][gc             ] GC(197) Concurrent Mark Cycle 113.281ms
[151.018s][info][gc,start       ] GC(204) Pause Young (Concurrent Start) (G1 Humongous Allocation)
[151.018s][info][gc,task        ] GC(204) Using 4 workers of 4 for evacuation
[151.021s][info][gc,phases      ] GC(204)   Pre Evacuate Collection Set: 0.36ms
[151.021s][info][gc,phases      ] GC(204)   Merge Heap Roots: 0.09ms
[151.021s][info][gc,phases      ] GC(204)   Evacuate Collection Set: 2.20ms
[151.021s][info][gc,phases      ] GC(204)   Post Evacuate Collection Set: 0.54ms
[151.021s][info][gc,phases      ] GC(204)   Other: 0.07ms
[151.021s][info][gc,heap        ] GC(204) Eden regions: 40->0(602)
[151.021s][info][gc,heap        ] GC(204) Survivor regions: 0->19(88)
[151.021s][info][gc,heap        ] GC(204) Old regions: 85->85
[151.021s][info][gc,heap        ] GC(204) Humongous regions: 563->494
[151.021s][info][gc,metaspace   ] GC(204) Metaspace: 99903K(100928K)->99903K(100928K) NonClass: 78015K(78464K)->78015K(78464K) Class: 21888K(22464K)->21888K(22464K)
[151.021s][info][gc             ] GC(204) Pause Young (Concurrent Start) (G1 Humongous Allocation) 1371M->1191M(2868M) 3.367ms
[151.021s][info][gc,cpu         ] GC(204) User=0.01s Sys=0.00s Real=0.00s
[151.021s][info][gc             ] GC(205) Concurrent Undo Cycle
[151.021s][info][gc,marking     ] GC(205) Concurrent Clear Claimed Marks
[151.021s][info][gc,marking     ] GC(205) Concurrent Clear Claimed Marks 0.099ms
[151.021s][info][gc,marking     ] GC(205) Concurrent Cleanup for Next Mark
[151.021s][info][gc,marking     ] GC(205) Concurrent Cleanup for Next Mark 0.225ms
[151.021s][info][gc             ] GC(205) Concurrent Undo Cycle 0.359ms
[151.022s][info][gc,start       ] GC(206) Pause Young (Concurrent Start) (G1 Humongous Allocation)
[151.022s][info][gc,task        ] GC(206) Using 4 workers of 4 for evacuation
[151.024s][info][gc,phases      ] GC(206)   Pre Evacuate Collection Set: 0.22ms
[151.024s][info][gc,phases      ] GC(206)   Merge Heap Roots: 0.06ms
[151.024s][info][gc,phases      ] GC(206)   Evacuate Collection Set: 1.36ms
[151.024s][info][gc,phases      ] GC(206)   Post Evacuate Collection Set: 0.47ms
[151.024s][info][gc,phases      ] GC(206)   Other: 0.04ms
[151.024s][info][gc,heap        ] GC(206) Eden regions: 2->0(634)
[151.024s][info][gc,heap        ] GC(206) Survivor regions: 19->19(78)
[151.024s][info][gc,heap        ] GC(206) Old regions: 85->85
[151.024s][info][gc,heap        ] GC(206) Humongous regions: 503->503
[151.024s][info][gc,metaspace   ] GC(206) Metaspace: 99903K(100928K)->99903K(100928K) NonClass: 78015K(78464K)->78015K(78464K) Class: 21888K(22464K)->21888K(22464K)
[151.024s][info][gc             ] GC(206) Pause Young (Concurrent Start) (G1 Humongous Allocation) 1213M->1209M(2868M) 2.223ms
[151.024s][info][gc,cpu         ] GC(206) User=0.01s Sys=0.00s Real=0.00s
[151.024s][info][gc             ] GC(207) Concurrent Mark Cycle
[151.024s][info][gc,marking     ] GC(207) Concurrent Scan Root Regions
[151.027s][info][gc,marking     ] GC(207) Concurrent Scan Root Regions 2.375ms
[151.027s][info][gc,marking     ] GC(207) Concurrent Mark
[151.027s][info][gc,marking     ] GC(207) Concurrent Mark From Roots
[151.027s][info][gc,task        ] GC(207) Using 1 workers of 1 for marking
[151.081s][info][gc,marking     ] GC(207) Concurrent Mark From Roots 54.316ms
[151.081s][info][gc,marking     ] GC(207) Concurrent Preclean
[151.081s][info][gc,marking     ] GC(207) Concurrent Preclean 0.154ms
[151.082s][info][gc,start       ] GC(207) Pause Remark
[151.085s][info][gc             ] GC(207) Pause Remark 1529M->1399M(2868M) 2.816ms
[151.085s][info][gc,cpu         ] GC(207) User=0.01s Sys=0.00s Real=0.00s
[151.085s][info][gc,marking     ] GC(207) Concurrent Mark 58.240ms
[151.085s][info][gc,marking     ] GC(207) Concurrent Rebuild Remembered Sets and Scrub Regions
[151.105s][info][gc,marking     ] GC(207) Concurrent Rebuild Remembered Sets and Scrub Regions 20.097ms
[151.105s][info][gc,start       ] GC(207) Pause Cleanup
[151.105s][info][gc             ] GC(207) Pause Cleanup 1425M->1425M(2868M) 0.101ms
[151.105s][info][gc,cpu         ] GC(207) User=0.00s Sys=0.00s Real=0.00s
[151.105s][info][gc,marking     ] GC(207) Concurrent Clear Claimed Marks
[151.105s][info][gc,marking     ] GC(207) Concurrent Clear Claimed Marks 0.141ms
[151.105s][info][gc,marking     ] GC(207) Concurrent Cleanup for Next Mark
[151.107s][info][gc,marking     ] GC(207) Concurrent Cleanup for Next Mark 1.213ms
[151.107s][info][gc             ] GC(207) Concurrent Mark Cycle 82.400ms
[152.408s][info][gc,start       ] GC(208) Pause Young (Prepare Mixed) (G1 Humongous Allocation)
[152.408s][info][gc,task        ] GC(208) Using 4 workers of 4 for evacuation
[152.425s][info][gc,phases      ] GC(208)   Pre Evacuate Collection Set: 0.16ms
[152.425s][info][gc,phases      ] GC(208)   Merge Heap Roots: 0.10ms
[152.425s][info][gc,phases      ] GC(208)   Evacuate Collection Set: 10.91ms
[152.425s][info][gc,phases      ] GC(208)   Post Evacuate Collection Set: 5.53ms
[152.425s][info][gc,phases      ] GC(208)   Other: 0.06ms
[152.425s][info][gc,heap        ] GC(208) Eden regions: 364->0(387)
[152.425s][info][gc,heap        ] GC(208) Survivor regions: 19->0(0)
[152.425s][info][gc,heap        ] GC(208) Old regions: 85->421
[152.425s][info][gc,heap        ] GC(208) Humongous regions: 966->551
[152.425s][info][gc,metaspace   ] GC(208) Metaspace: 99905K(100928K)->99905K(100928K) NonClass: 78016K(78464K)->78016K(78464K) Class: 21888K(22464K)->21888K(22464K)
[152.425s][info][gc             ] GC(208) Pause Young (Prepare Mixed) (G1 Humongous Allocation) (Evacuation Failure: Allocation) 2861M->1939M(2868M) 16.880ms
[152.425s][info][gc,cpu         ] GC(208) User=0.06s Sys=0.00s Real=0.01s
[152.636s][info][gc,start       ] GC(209) Pause Young (Mixed) (G1 Humongous Allocation)
[152.636s][info][gc,task        ] GC(209) Using 4 workers of 4 for evacuation
[152.648s][info][gc,phases      ] GC(209)   Pre Evacuate Collection Set: 0.22ms
[152.648s][info][gc,phases      ] GC(209)   Merge Heap Roots: 0.11ms
[152.648s][info][gc,phases      ] GC(209)   Evacuate Collection Set: 4.04ms
[152.648s][info][gc,phases      ] GC(209)   Post Evacuate Collection Set: 7.25ms
[152.648s][info][gc,phases      ] GC(209)   Other: 0.06ms
[152.648s][info][gc,heap        ] GC(209) Eden regions: 58->0(235)
[152.648s][info][gc,heap        ] GC(209) Survivor regions: 0->2(7)
[152.648s][info][gc,heap        ] GC(209) Old regions: 421->476
[152.648s][info][gc,heap        ] GC(209) Humongous regions: 948->648
[152.648s][info][gc,metaspace   ] GC(209) Metaspace: 99906K(100928K)->99906K(100928K) NonClass: 78017K(78464K)->78017K(78464K) Class: 21888K(22464K)->21888K(22464K)
[152.648s][info][gc             ] GC(209) Pause Young (Mixed) (G1 Humongous Allocation) (Evacuation Failure: Allocation) 2849M->2247M(2868M) 11.792ms
[152.648s][info][gc,cpu         ] GC(209) User=0.03s Sys=0.00s Real=0.02s
[152.649s][info][gc,start       ] GC(210) Pause Young (Concurrent Start) (G1 Humongous Allocation)
[152.649s][info][gc,task        ] GC(210) Using 4 workers of 4 for evacuation
[152.657s][info][gc,phases      ] GC(210)   Pre Evacuate Collection Set: 0.28ms
[152.657s][info][gc,phases      ] GC(210)   Merge Heap Roots: 0.09ms
[152.657s][info][gc,phases      ] GC(210)   Evacuate Collection Set: 6.95ms
[152.657s][info][gc,phases      ] GC(210)   Post Evacuate Collection Set: 0.49ms
[152.657s][info][gc,phases      ] GC(210)   Other: 0.06ms
[152.657s][info][gc,heap        ] GC(210) Eden regions: 2->0(366)
[152.657s][info][gc,heap        ] GC(210) Survivor regions: 2->3(30)
[152.657s][info][gc,heap        ] GC(210) Old regions: 476->332
[152.657s][info][gc,heap        ] GC(210) Humongous regions: 653->649
[152.657s][info][gc,metaspace   ] GC(210) Metaspace: 99906K(100928K)->99906K(100928K) NonClass: 78017K(78464K)->78017K(78464K) Class: 21888K(22464K)->21888K(22464K)
[152.657s][info][gc             ] GC(210) Pause Young (Concurrent Start) (G1 Humongous Allocation) 2261M->1963M(2868M) 7.966ms
[152.657s][info][gc,cpu         ] GC(210) User=0.03s Sys=0.00s Real=0.01s
[152.657s][info][gc             ] GC(211) Concurrent Mark Cycle
[152.657s][info][gc,marking     ] GC(211) Concurrent Scan Root Regions
[152.669s][info][gc,marking     ] GC(211) Concurrent Scan Root Regions 11.752ms
[152.669s][info][gc,marking     ] GC(211) Concurrent Mark
[152.669s][info][gc,marking     ] GC(211) Concurrent Mark From Roots
[152.669s][info][gc,task        ] GC(211) Using 1 workers of 1 for marking
[152.716s][info][gc,marking     ] GC(211) Concurrent Mark From Roots 47.351ms
[152.716s][info][gc,marking     ] GC(211) Concurrent Preclean
[152.716s][info][gc,marking     ] GC(211) Concurrent Preclean 0.135ms
[152.716s][info][gc,start       ] GC(211) Pause Remark
[152.720s][info][gc             ] GC(211) Pause Remark 2064M->1702M(2868M) 3.816ms
[152.720s][info][gc,cpu         ] GC(211) User=0.02s Sys=0.00s Real=0.01s
[152.720s][info][gc,marking     ] GC(211) Concurrent Mark 51.488ms
[152.720s][info][gc,marking     ] GC(211) Concurrent Rebuild Remembered Sets and Scrub Regions
[152.750s][info][gc,marking     ] GC(211) Concurrent Rebuild Remembered Sets and Scrub Regions 30.111ms
[152.750s][info][gc,start       ] GC(211) Pause Cleanup
[152.750s][info][gc             ] GC(211) Pause Cleanup 1711M->1711M(2868M) 0.127ms
[152.751s][info][gc,cpu         ] GC(211) User=0.00s Sys=0.00s Real=0.00s
[152.751s][info][gc,marking     ] GC(211) Concurrent Clear Claimed Marks
[152.751s][info][gc,marking     ] GC(211) Concurrent Clear Claimed Marks 0.123ms
[152.751s][info][gc,marking     ] GC(211) Concurrent Cleanup for Next Mark
[152.752s][info][gc,marking     ] GC(211) Concurrent Cleanup for Next Mark 1.344ms
[152.752s][info][gc             ] GC(211) Concurrent Mark Cycle 95.150ms
[153.815s][info][gc,start       ] GC(212) Pause Young (Prepare Mixed) (G1 Humongous Allocation)
[153.815s][info][gc,task        ] GC(212) Using 4 workers of 4 for evacuation
[153.826s][info][gc,phases      ] GC(212)   Pre Evacuate Collection Set: 0.27ms
[153.826s][info][gc,phases      ] GC(212)   Merge Heap Roots: 0.09ms
[153.826s][info][gc,phases      ] GC(212)   Evacuate Collection Set: 4.24ms
[153.826s][info][gc,phases      ] GC(212)   Post Evacuate Collection Set: 6.43ms
[153.826s][info][gc,phases      ] GC(212)   Other: 0.06ms
[153.826s][info][gc,heap        ] GC(212) Eden regions: 298->0(213)
[153.826s][info][gc,heap        ] GC(212) Survivor regions: 3->3(7)
[153.826s][info][gc,heap        ] GC(212) Old regions: 331->616
[153.826s][info][gc,heap        ] GC(212) Humongous regions: 795->529
[153.826s][info][gc,metaspace   ] GC(212) Metaspace: 99910K(100928K)->99910K(100928K) NonClass: 78022K(78464K)->78022K(78464K) Class: 21888K(22464K)->21888K(22464K)
[153.826s][info][gc             ] GC(212) Pause Young (Prepare Mixed) (G1 Humongous Allocation) (Evacuation Failure: Allocation) 2848M->2292M(2868M) 11.192ms
[153.826s][info][gc,cpu         ] GC(212) User=0.04s Sys=0.01s Real=0.01s
[153.930s][info][gc,start       ] GC(213) Pause Young (Mixed) (G1 Humongous Allocation)
[153.930s][info][gc,task        ] GC(213) Using 4 workers of 4 for evacuation
[153.938s][info][gc,phases      ] GC(213)   Pre Evacuate Collection Set: 0.27ms
[153.938s][info][gc,phases      ] GC(213)   Merge Heap Roots: 0.11ms
[153.938s][info][gc,phases      ] GC(213)   Evacuate Collection Set: 3.43ms
[153.938s][info][gc,phases      ] GC(213)   Post Evacuate Collection Set: 3.88ms
[153.938s][info][gc,phases      ] GC(213)   Other: 0.05ms
[153.938s][info][gc,heap        ] GC(213) Eden regions: 34->0(175)
[153.938s][info][gc,heap        ] GC(213) Survivor regions: 3->2(11)
[153.938s][info][gc,heap        ] GC(213) Old regions: 616->655
[153.938s][info][gc,heap        ] GC(213) Humongous regions: 770->529
[153.938s][info][gc,metaspace   ] GC(213) Metaspace: 99910K(100928K)->99910K(100928K) NonClass: 78022K(78464K)->78022K(78464K) Class: 21888K(22464K)->21888K(22464K)
[153.938s][info][gc             ] GC(213) Pause Young (Mixed) (G1 Humongous Allocation) (Evacuation Failure: Allocation) 2842M->2368M(2868M) 7.834ms
[153.938s][info][gc,cpu         ] GC(213) User=0.03s Sys=0.01s Real=0.01s
[153.938s][info][gc,start       ] GC(214) Pause Young (Concurrent Start) (G1 Humongous Allocation)
[153.938s][info][gc,task        ] GC(214) Using 4 workers of 4 for evacuation
[153.946s][info][gc,phases      ] GC(214)   Pre Evacuate Collection Set: 0.19ms
[153.946s][info][gc,phases      ] GC(214)   Merge Heap Roots: 0.08ms
[153.946s][info][gc,phases      ] GC(214)   Evacuate Collection Set: 6.75ms
[153.946s][info][gc,phases      ] GC(214)   Post Evacuate Collection Set: 0.70ms
[153.946s][info][gc,phases      ] GC(214)   Other: 0.06ms
[153.946s][info][gc,heap        ] GC(214) Eden regions: 2->0(285)
[153.946s][info][gc,heap        ] GC(214) Survivor regions: 2->3(23)
[153.946s][info][gc,heap        ] GC(214) Old regions: 655->517
[153.946s][info][gc,heap        ] GC(214) Humongous regions: 532->530
[153.946s][info][gc,metaspace   ] GC(214) Metaspace: 99910K(100928K)->99910K(100928K) NonClass: 78022K(78464K)->78022K(78464K) Class: 21888K(22464K)->21888K(22464K)
[153.946s][info][gc             ] GC(214) Pause Young (Concurrent Start) (G1 Humongous Allocation) 2378M->2096M(2868M) 7.882ms
[153.946s][info][gc,cpu         ] GC(214) User=0.02s Sys=0.00s Real=0.00s
[153.946s][info][gc             ] GC(215) Concurrent Mark Cycle
[153.946s][info][gc,marking     ] GC(215) Concurrent Scan Root Regions
[153.959s][info][gc,marking     ] GC(215) Concurrent Scan Root Regions 13.215ms
[153.959s][info][gc,marking     ] GC(215) Concurrent Mark
[153.959s][info][gc,marking     ] GC(215) Concurrent Mark From Roots
[153.959s][info][gc,task        ] GC(215) Using 1 workers of 1 for marking
[154.006s][info][gc,marking     ] GC(215) Concurrent Mark From Roots 47.039ms
[154.006s][info][gc,marking     ] GC(215) Concurrent Preclean
[154.006s][info][gc,marking     ] GC(215) Concurrent Preclean 0.120ms
[154.006s][info][gc,start       ] GC(215) Pause Remark
[154.009s][info][gc             ] GC(215) Pause Remark 2284M->2044M(2868M) 2.757ms
[154.009s][info][gc,cpu         ] GC(215) User=0.01s Sys=0.00s Real=0.01s
[154.009s][info][gc,marking     ] GC(215) Concurrent Mark 50.036ms
[154.009s][info][gc,marking     ] GC(215) Concurrent Rebuild Remembered Sets and Scrub Regions
[154.042s][info][gc,marking     ] GC(215) Concurrent Rebuild Remembered Sets and Scrub Regions 32.588ms
[154.042s][info][gc,start       ] GC(215) Pause Cleanup
[154.042s][info][gc             ] GC(215) Pause Cleanup 2091M->2091M(2868M) 0.132ms
[154.042s][info][gc,cpu         ] GC(215) User=0.00s Sys=0.00s Real=0.00s
[154.042s][info][gc,marking     ] GC(215) Concurrent Clear Claimed Marks
[154.042s][info][gc,marking     ] GC(215) Concurrent Clear Claimed Marks 0.143ms
[154.042s][info][gc,marking     ] GC(215) Concurrent Cleanup for Next Mark
[154.043s][info][gc,marking     ] GC(215) Concurrent Cleanup for Next Mark 1.223ms
[154.043s][info][gc             ] GC(215) Concurrent Mark Cycle 97.559ms
[155.018s][info][gc,start       ] GC(216) Pause Young (Prepare Mixed) (G1 Evacuation Pause)
[155.018s][info][gc,task        ] GC(216) Using 4 workers of 4 for evacuation
[155.027s][info][gc,phases      ] GC(216)   Pre Evacuate Collection Set: 0.25ms
[155.027s][info][gc,phases      ] GC(216)   Merge Heap Roots: 0.13ms
[155.027s][info][gc,phases      ] GC(216)   Evacuate Collection Set: 3.15ms
[155.027s][info][gc,phases      ] GC(216)   Post Evacuate Collection Set: 5.70ms
[155.027s][info][gc,phases      ] GC(216)   Other: 0.06ms
[155.027s][info][gc,heap        ] GC(216) Eden regions: 187->0(204)
[155.027s][info][gc,heap        ] GC(216) Survivor regions: 3->0(0)
[155.027s][info][gc,heap        ] GC(216) Old regions: 517->685
[155.027s][info][gc,heap        ] GC(216) Humongous regions: 727->472
[155.027s][info][gc,metaspace   ] GC(216) Metaspace: 99911K(100928K)->99911K(100928K) NonClass: 78022K(78464K)->78022K(78464K) Class: 21888K(22464K)->21888K(22464K)
[155.027s][info][gc             ] GC(216) Pause Young (Prepare Mixed) (G1 Evacuation Pause) (Evacuation Failure: Allocation) 2864M->2310M(2868M) 9.404ms
[155.027s][info][gc,cpu         ] GC(216) User=0.04s Sys=0.00s Real=0.01s
[155.203s][info][gc,start       ] GC(217) Pause Young (Mixed) (G1 Humongous Allocation)
[155.203s][info][gc,task        ] GC(217) Using 4 workers of 4 for evacuation
[155.212s][info][gc,phases      ] GC(217)   Pre Evacuate Collection Set: 0.18ms
[155.212s][info][gc,phases      ] GC(217)   Merge Heap Roots: 0.11ms
[155.212s][info][gc,phases      ] GC(217)   Evacuate Collection Set: 3.66ms
[155.212s][info][gc,phases      ] GC(217)   Post Evacuate Collection Set: 5.29ms
[155.212s][info][gc,phases      ] GC(217)   Other: 0.06ms
[155.212s][info][gc,heap        ] GC(217) Eden regions: 134->0(71)
[155.212s][info][gc,heap        ] GC(217) Survivor regions: 0->1(2)
[155.212s][info][gc,heap        ] GC(217) Old regions: 685->815
[155.212s][info][gc,heap        ] GC(217) Humongous regions: 613->502
[155.212s][info][gc,metaspace   ] GC(217) Metaspace: 99911K(100928K)->99911K(100928K) NonClass: 78022K(78464K)->78022K(78464K) Class: 21888K(22464K)->21888K(22464K)
[155.212s][info][gc             ] GC(217) Pause Young (Mixed) (G1 Humongous Allocation) (Evacuation Failure: Allocation) 2860M->2632M(2868M) 9.415ms
[155.212s][info][gc,cpu         ] GC(217) User=0.04s Sys=0.00s Real=0.01s
[155.213s][info][gc,start       ] GC(218) Pause Young (Concurrent Start) (G1 Humongous Allocation)
[155.213s][info][gc,task        ] GC(218) Using 4 workers of 4 for evacuation
[155.221s][info][gc,phases      ] GC(218)   Pre Evacuate Collection Set: 0.40ms
[155.221s][info][gc,phases      ] GC(218)   Merge Heap Roots: 0.17ms
[155.221s][info][gc,phases      ] GC(218)   Evacuate Collection Set: 7.19ms
[155.221s][info][gc,phases      ] GC(218)   Post Evacuate Collection Set: 0.54ms
[155.221s][info][gc,phases      ] GC(218)   Other: 0.07ms
[155.221s][info][gc,heap        ] GC(218) Eden regions: 3->0(170)
[155.221s][info][gc,heap        ] GC(218) Survivor regions: 1->2(9)
[155.221s][info][gc,heap        ] GC(218) Old regions: 815->689
[155.221s][info][gc,heap        ] GC(218) Humongous regions: 505->500
[155.221s][info][gc,metaspace   ] GC(218) Metaspace: 99911K(100928K)->99911K(100928K) NonClass: 78022K(78464K)->78022K(78464K) Class: 21888K(22464K)->21888K(22464K)
[155.221s][info][gc             ] GC(218) Pause Young (Concurrent Start) (G1 Humongous Allocation) 2643M->2377M(2868M) 8.445ms
[155.221s][info][gc             ] GC(219) Concurrent Mark Cycle
[155.221s][info][gc,marking     ] GC(219) Concurrent Scan Root Regions
[155.221s][info][gc,cpu         ] GC(218) User=0.03s Sys=0.00s Real=0.01s
[155.246s][info][gc,marking     ] GC(219) Concurrent Scan Root Regions 24.573ms
[155.246s][info][gc,marking     ] GC(219) Concurrent Mark
[155.246s][info][gc,marking     ] GC(219) Concurrent Mark From Roots
[155.246s][info][gc,task        ] GC(219) Using 1 workers of 1 for marking
[155.295s][info][gc,marking     ] GC(219) Concurrent Mark From Roots 49.038ms
[155.295s][info][gc,marking     ] GC(219) Concurrent Preclean
[155.295s][info][gc,marking     ] GC(219) Concurrent Preclean 0.128ms
[155.296s][info][gc,start       ] GC(219) Pause Remark
[155.299s][info][gc             ] GC(219) Pause Remark 2860M->2734M(2868M) 3.548ms
[155.299s][info][gc,cpu         ] GC(219) User=0.01s Sys=0.00s Real=0.01s
[155.299s][info][gc,marking     ] GC(219) Concurrent Mark 53.450ms
[155.299s][info][gc,marking     ] GC(219) Concurrent Rebuild Remembered Sets and Scrub Regions
[155.328s][info][gc,start       ] GC(220) Pause Young (Normal) (G1 Humongous Allocation)
[155.328s][info][gc,task        ] GC(220) Using 4 workers of 4 for evacuation
[155.337s][info][gc,phases      ] GC(220)   Pre Evacuate Collection Set: 0.35ms
[155.337s][info][gc,phases      ] GC(220)   Merge Heap Roots: 0.22ms
[155.337s][info][gc,phases      ] GC(220)   Evacuate Collection Set: 3.49ms
[155.337s][info][gc,phases      ] GC(220)   Post Evacuate Collection Set: 4.65ms
[155.337s][info][gc,phases      ] GC(220)   Other: 0.06ms
[155.337s][info][gc,heap        ] GC(220) Eden regions: 38->0(164)
[155.337s][info][gc,heap        ] GC(220) Survivor regions: 2->2(10)
[155.337s][info][gc,heap        ] GC(220) Old regions: 686->728
[155.337s][info][gc,heap        ] GC(220) Humongous regions: 698->467
[155.337s][info][gc,metaspace   ] GC(220) Metaspace: 99911K(100928K)->99911K(100928K) NonClass: 78023K(78464K)->78023K(78464K) Class: 21888K(22464K)->21888K(22464K)
[155.337s][info][gc             ] GC(220) Pause Young (Normal) (G1 Humongous Allocation) (Evacuation Failure: Allocation) 2841M->2390M(2868M) 8.859ms
[155.337s][info][gc,cpu         ] GC(220) User=0.03s Sys=0.00s Real=0.01s
[155.346s][info][gc,marking     ] GC(219) Concurrent Rebuild Remembered Sets and Scrub Regions 46.813ms
[155.346s][info][gc,start       ] GC(219) Pause Cleanup
[155.347s][info][gc             ] GC(219) Pause Cleanup 2410M->2410M(2868M) 0.140ms
[155.347s][info][gc,cpu         ] GC(219) User=0.00s Sys=0.00s Real=0.00s
[155.347s][info][gc,marking     ] GC(219) Concurrent Clear Claimed Marks
[155.347s][info][gc,marking     ] GC(219) Concurrent Clear Claimed Marks 0.124ms
[155.347s][info][gc,marking     ] GC(219) Concurrent Cleanup for Next Mark
[155.348s][info][gc,marking     ] GC(219) Concurrent Cleanup for Next Mark 1.227ms
[155.348s][info][gc             ] GC(219) Concurrent Mark Cycle 126.512ms
[155.795s][info][gc,start       ] GC(221) Pause Young (Prepare Mixed) (G1 Humongous Allocation)
[155.795s][info][gc,task        ] GC(221) Using 4 workers of 4 for evacuation
[155.804s][info][gc,phases      ] GC(221)   Pre Evacuate Collection Set: 0.20ms
[155.804s][info][gc,phases      ] GC(221)   Merge Heap Roots: 0.15ms
[155.804s][info][gc,phases      ] GC(221)   Evacuate Collection Set: 4.91ms
[155.804s][info][gc,phases      ] GC(221)   Post Evacuate Collection Set: 3.30ms
[155.804s][info][gc,phases      ] GC(221)   Other: 0.06ms
[155.804s][info][gc,heap        ] GC(221) Eden regions: 59->0(71)
[155.804s][info][gc,heap        ] GC(221) Survivor regions: 2->3(13)
[155.804s][info][gc,heap        ] GC(221) Old regions: 728->796
[155.804s][info][gc,heap        ] GC(221) Humongous regions: 632->510
[155.804s][info][gc,metaspace   ] GC(221) Metaspace: 99911K(100928K)->99911K(100928K) NonClass: 78023K(78464K)->78023K(78464K) Class: 21888K(22464K)->21888K(22464K)
[155.804s][info][gc             ] GC(221) Pause Young (Prepare Mixed) (G1 Humongous Allocation) (Evacuation Failure: Allocation) 2837M->2613M(2868M) 8.723ms
[155.804s][info][gc,cpu         ] GC(221) User=0.03s Sys=0.00s Real=0.01s
[156.280s][info][gc,start       ] GC(222) Pause Young (Mixed) (G1 Humongous Allocation)
[156.280s][info][gc,task        ] GC(222) Using 4 workers of 4 for evacuation
[156.289s][info][gc,phases      ] GC(222)   Pre Evacuate Collection Set: 0.26ms
[156.289s][info][gc,phases      ] GC(222)   Merge Heap Roots: 0.15ms
[156.289s][info][gc,phases      ] GC(222)   Evacuate Collection Set: 3.86ms
[156.289s][info][gc,phases      ] GC(222)   Post Evacuate Collection Set: 4.28ms
[156.289s][info][gc,phases      ] GC(222)   Other: 0.05ms
[156.289s][info][gc,heap        ] GC(222) Eden regions: 61->0(47)
[156.289s][info][gc,heap        ] GC(222) Survivor regions: 3->1(1)
[156.289s][info][gc,heap        ] GC(222) Old regions: 796->858
[156.289s][info][gc,heap        ] GC(222) Humongous regions: 573->528
[156.289s][info][gc,metaspace   ] GC(222) Metaspace: 99926K(100928K)->99926K(100928K) NonClass: 78038K(78464K)->78038K(78464K) Class: 21888K(22464K)->21888K(22464K)
[156.289s][info][gc             ] GC(222) Pause Young (Mixed) (G1 Humongous Allocation) (Evacuation Failure: Allocation) 2861M->2769M(2868M) 8.685ms
[156.289s][info][gc,cpu         ] GC(222) User=0.04s Sys=0.00s Real=0.01s
[156.290s][info][gc,start       ] GC(223) Pause Young (Concurrent Start) (G1 Humongous Allocation)
[156.290s][info][gc,task        ] GC(223) Using 4 workers of 4 for evacuation
[156.298s][info][gc,phases      ] GC(223)   Pre Evacuate Collection Set: 0.22ms
[156.298s][info][gc,phases      ] GC(223)   Merge Heap Roots: 0.11ms
[156.298s][info][gc,phases      ] GC(223)   Evacuate Collection Set: 5.30ms
[156.298s][info][gc,phases      ] GC(223)   Post Evacuate Collection Set: 2.69ms
[156.298s][info][gc,phases      ] GC(223)   Other: 0.06ms
[156.298s][info][gc,heap        ] GC(223) Eden regions: 2->0(46)
[156.298s][info][gc,heap        ] GC(223) Survivor regions: 1->2(6)
[156.298s][info][gc,heap        ] GC(223) Old regions: 858->872
[156.298s][info][gc,heap        ] GC(223) Humongous regions: 530->514
[156.298s][info][gc,metaspace   ] GC(223) Metaspace: 99926K(100928K)->99926K(100928K) NonClass: 78038K(78464K)->78038K(78464K) Class: 21888K(22464K)->21888K(22464K)
[156.298s][info][gc             ] GC(223) Pause Young (Concurrent Start) (G1 Humongous Allocation) (Evacuation Failure: Allocation) 2776M->2771M(2868M) 8.469ms
[156.298s][info][gc,cpu         ] GC(223) User=0.02s Sys=0.00s Real=0.01s
[156.298s][info][gc             ] GC(224) Concurrent Mark Cycle
[156.298s][info][gc,marking     ] GC(224) Concurrent Scan Root Regions
[156.303s][info][gc,start       ] GC(225) Pause Young (Normal) (G1 Humongous Allocation)
[156.303s][info][gc,task        ] GC(225) Using 4 workers of 4 for evacuation
[156.314s][info][gc,marking     ] GC(224) Concurrent Scan Root Regions 16.028ms
[156.314s][info][gc,marking     ] GC(224) Concurrent Mark
[156.314s][info][gc,marking     ] GC(224) Concurrent Mark From Roots
[156.314s][info][gc,task        ] GC(224) Using 1 workers of 1 for marking
[156.321s][info][gc,phases      ] GC(225)   Pre Evacuate Collection Set: 0.17ms
[156.321s][info][gc,phases      ] GC(225)   Merge Heap Roots: 0.10ms
[156.321s][info][gc,phases      ] GC(225)   Evacuate Collection Set: 3.13ms
[156.321s][info][gc,phases      ] GC(225)   Post Evacuate Collection Set: 3.08ms
[156.321s][info][gc,phases      ] GC(225)   Other: 11.60ms
[156.321s][info][gc,heap        ] GC(225) Eden regions: 9->0(14)
[156.321s][info][gc,heap        ] GC(225) Survivor regions: 2->2(6)
[156.321s][info][gc,heap        ] GC(225) Old regions: 872->893
[156.321s][info][gc,heap        ] GC(225) Humongous regions: 536->525
[156.321s][info][gc,metaspace   ] GC(225) Metaspace: 99926K(100928K)->99926K(100928K) NonClass: 78038K(78464K)->78038K(78464K) Class: 21888K(22464K)->21888K(22464K)
[156.321s][info][gc             ] GC(225) Pause Young (Normal) (G1 Humongous Allocation) (Evacuation Failure: Allocation) 2831M->2835M(2868M) 18.168ms
[156.321s][info][gc,cpu         ] GC(225) User=0.03s Sys=0.00s Real=0.02s
[156.323s][info][gc,start       ] GC(226) Pause Young (Normal) (G1 Humongous Allocation)
[156.324s][info][gc,task        ] GC(226) Using 4 workers of 4 for evacuation
[156.330s][info][gc,phases      ] GC(226)   Pre Evacuate Collection Set: 0.25ms
[156.330s][info][gc,phases      ] GC(226)   Merge Heap Roots: 0.11ms
[156.330s][info][gc,phases      ] GC(226)   Evacuate Collection Set: 2.26ms
[156.330s][info][gc,phases      ] GC(226)   Post Evacuate Collection Set: 3.62ms
[156.330s][info][gc,phases      ] GC(226)   Other: 0.05ms
[156.330s][info][gc,heap        ] GC(226) Eden regions: 10->0(23)
[156.330s][info][gc,heap        ] GC(226) Survivor regions: 2->0(1)
[156.330s][info][gc,heap        ] GC(226) Old regions: 893->889
[156.330s][info][gc,heap        ] GC(226) Humongous regions: 528->522
[156.330s][info][gc,metaspace   ] GC(226) Metaspace: 99926K(100928K)->99926K(100928K) NonClass: 78038K(78464K)->78038K(78464K) Class: 21888K(22464K)->21888K(22464K)
[156.330s][info][gc             ] GC(226) Pause Young (Normal) (G1 Humongous Allocation) (Evacuation Failure: Allocation) 2860M->2817M(2868M) 6.380ms
[156.330s][info][gc,cpu         ] GC(226) User=0.02s Sys=0.00s Real=0.01s
[156.356s][info][gc,start       ] GC(227) Pause Young (Normal) (G1 Humongous Allocation)
[156.356s][info][gc,task        ] GC(227) Using 4 workers of 4 for evacuation
[156.364s][info][gc,phases      ] GC(227)   Pre Evacuate Collection Set: 0.20ms
[156.364s][info][gc,phases      ] GC(227)   Merge Heap Roots: 0.12ms
[156.364s][info][gc,phases      ] GC(227)   Evacuate Collection Set: 2.56ms
[156.364s][info][gc,phases      ] GC(227)   Post Evacuate Collection Set: 4.81ms
[156.364s][info][gc,phases      ] GC(227)   Other: 0.05ms
[156.364s][info][gc,heap        ] GC(227) Eden regions: 17->0(6)
[156.364s][info][gc,heap        ] GC(227) Survivor regions: 0->0(0)
[156.364s][info][gc,heap        ] GC(227) Old regions: 889->906
[156.364s][info][gc,heap        ] GC(227) Humongous regions: 528->522
[156.364s][info][gc,metaspace   ] GC(227) Metaspace: 99926K(100928K)->99926K(100928K) NonClass: 78038K(78464K)->78038K(78464K) Class: 21888K(22464K)->21888K(22464K)
[156.364s][info][gc             ] GC(227) Pause Young (Normal) (G1 Humongous Allocation) (Evacuation Failure: Allocation) 2862M->2850M(2868M) 7.841ms
[156.364s][info][gc,cpu         ] GC(227) User=0.03s Sys=0.00s Real=0.01s
[156.365s][info][gc,start       ] GC(228) Pause Young (Normal) (G1 Humongous Allocation)
[156.365s][info][gc,task        ] GC(228) Using 4 workers of 4 for evacuation
[156.371s][info][gc,phases      ] GC(228)   Pre Evacuate Collection Set: 0.17ms
[156.371s][info][gc,phases      ] GC(228)   Merge Heap Roots: 0.10ms
[156.371s][info][gc,phases      ] GC(228)   Evacuate Collection Set: 2.20ms
[156.371s][info][gc,phases      ] GC(228)   Post Evacuate Collection Set: 3.33ms
[156.371s][info][gc,phases      ] GC(228)   Other: 0.05ms
[156.371s][info][gc,heap        ] GC(228) Eden regions: 1->0(5)
[156.371s][info][gc,heap        ] GC(228) Survivor regions: 0->1(1)
[156.371s][info][gc,heap        ] GC(228) Old regions: 906->904
[156.371s][info][gc,heap        ] GC(228) Humongous regions: 525->524
[156.371s][info][gc,metaspace   ] GC(228) Metaspace: 99926K(100928K)->99926K(100928K) NonClass: 78038K(78464K)->78038K(78464K) Class: 21888K(22464K)->21888K(22464K)
[156.371s][info][gc             ] GC(228) Pause Young (Normal) (G1 Humongous Allocation) (Evacuation Failure: Allocation) 2857M->2850M(2868M) 5.925ms
[156.371s][info][gc,cpu         ] GC(228) User=0.02s Sys=0.00s Real=0.01s
[156.371s][info][gc,ergo        ] Attempting full compaction
[156.371s][info][gc,start       ] GC(229) Pause Full (G1 Compaction Pause)
[156.371s][info][gc,task        ] GC(229) Using 4 workers of 4 for full compaction
[156.372s][info][gc,phases,start] GC(229) Phase 1: Mark live objects
[156.383s][info][gc,phases      ] GC(229) Phase 1: Mark live objects 11.394ms
[156.383s][info][gc,phases,start] GC(229) Phase 2: Prepare compaction
[156.385s][info][gc,phases      ] GC(229) Phase 2: Prepare compaction 1.759ms
[156.385s][info][gc,phases,start] GC(229) Phase 3: Adjust pointers
[156.395s][info][gc,phases      ] GC(229) Phase 3: Adjust pointers 9.870ms
[156.395s][info][gc,phases,start] GC(229) Phase 4: Compact heap
[156.398s][info][gc,phases      ] GC(229) Phase 4: Compact heap 3.193ms
[156.398s][info][gc,phases,start] GC(229) Phase 5: Reset Metadata
[156.400s][info][gc,phases      ] GC(229) Phase 5: Reset Metadata 2.301ms
[156.402s][info][gc,heap        ] GC(229) Eden regions: 0->0(770)
[156.402s][info][gc,heap        ] GC(229) Survivor regions: 1->0(1)
[156.402s][info][gc,heap        ] GC(229) Old regions: 904->54
[156.402s][info][gc,heap        ] GC(229) Humongous regions: 524->404
[156.402s][info][gc,metaspace   ] GC(229) Metaspace: 99926K(100928K)->99926K(100928K) NonClass: 78038K(78464K)->78038K(78464K) Class: 21888K(22464K)->21888K(22464K)
[156.402s][info][gc             ] GC(229) Pause Full (G1 Compaction Pause) 2850M->911M(2868M) 31.404ms
[156.402s][info][gc,cpu         ] GC(229) User=0.11s Sys=0.01s Real=0.03s
[156.402s][info][gc,marking     ] GC(224) Concurrent Mark From Roots 87.946ms
[156.402s][info][gc,marking     ] GC(224) Concurrent Mark Abort
[156.402s][info][gc             ] GC(224) Concurrent Mark Cycle 104.038ms
[156.403s][info][gc,start       ] GC(230) Pause Young (Concurrent Start) (G1 Humongous Allocation)
[156.403s][info][gc,task        ] GC(230) Using 4 workers of 4 for evacuation
[156.404s][info][gc,phases      ] GC(230)   Pre Evacuate Collection Set: 0.13ms
[156.404s][info][gc,phases      ] GC(230)   Merge Heap Roots: 0.03ms
[156.404s][info][gc,phases      ] GC(230)   Evacuate Collection Set: 0.58ms
[156.404s][info][gc,phases      ] GC(230)   Post Evacuate Collection Set: 0.39ms
[156.404s][info][gc,phases      ] GC(230)   Other: 0.03ms
[156.404s][info][gc,heap        ] GC(230) Eden regions: 1->0(782)
[156.404s][info][gc,heap        ] GC(230) Survivor regions: 0->1(97)
[156.404s][info][gc,heap        ] GC(230) Old regions: 54->54
[156.404s][info][gc,heap        ] GC(230) Humongous regions: 407->407
[156.404s][info][gc,metaspace   ] GC(230) Metaspace: 99926K(100928K)->99926K(100928K) NonClass: 78038K(78464K)->78038K(78464K) Class: 21888K(22464K)->21888K(22464K)
[156.404s][info][gc             ] GC(230) Pause Young (Concurrent Start) (G1 Humongous Allocation) 918M->918M(2868M) 1.212ms
[156.404s][info][gc,cpu         ] GC(230) User=0.00s Sys=0.00s Real=0.00s
[156.404s][info][gc             ] GC(231) Concurrent Mark Cycle
[156.404s][info][gc,marking     ] GC(231) Concurrent Scan Root Regions
[156.404s][info][gc,marking     ] GC(231) Concurrent Scan Root Regions 0.066ms
[156.404s][info][gc,marking     ] GC(231) Concurrent Mark
[156.404s][info][gc,marking     ] GC(231) Concurrent Mark From Roots
[156.404s][info][gc,task        ] GC(231) Using 1 workers of 1 for marking
[156.446s][info][gc,marking     ] GC(231) Concurrent Mark From Roots 41.439ms
[156.446s][info][gc,marking     ] GC(231) Concurrent Preclean
[156.446s][info][gc,marking     ] GC(231) Concurrent Preclean 0.100ms
[156.446s][info][gc,start       ] GC(231) Pause Remark
[156.448s][info][gc             ] GC(231) Pause Remark 1045M->1041M(2868M) 2.461ms
[156.448s][info][gc,cpu         ] GC(231) User=0.01s Sys=0.00s Real=0.01s
[156.448s][info][gc,marking     ] GC(231) Concurrent Mark 44.122ms
[156.448s][info][gc,marking     ] GC(231) Concurrent Rebuild Remembered Sets and Scrub Regions
[156.467s][info][gc,marking     ] GC(231) Concurrent Rebuild Remembered Sets and Scrub Regions 18.217ms
[156.467s][info][gc,start       ] GC(231) Pause Cleanup
[156.467s][info][gc             ] GC(231) Pause Cleanup 1070M->1070M(2868M) 0.090ms
[156.467s][info][gc,cpu         ] GC(231) User=0.00s Sys=0.00s Real=0.00s
[156.467s][info][gc,marking     ] GC(231) Concurrent Clear Claimed Marks
[156.467s][info][gc,marking     ] GC(231) Concurrent Clear Claimed Marks 0.135ms
[156.467s][info][gc,marking     ] GC(231) Concurrent Cleanup for Next Mark
[156.468s][info][gc,marking     ] GC(231) Concurrent Cleanup for Next Mark 1.160ms
[156.468s][info][gc             ] GC(231) Concurrent Mark Cycle 63.946ms
[157.753s][info][gc,start       ] GC(232) Pause Young (Prepare Mixed) (G1 Humongous Allocation)
[157.753s][info][gc,task        ] GC(232) Using 4 workers of 4 for evacuation
[157.760s][info][gc,phases      ] GC(232)   Pre Evacuate Collection Set: 0.11ms
[157.760s][info][gc,phases      ] GC(232)   Merge Heap Roots: 0.08ms
[157.760s][info][gc,phases      ] GC(232)   Evacuate Collection Set: 2.79ms
[157.760s][info][gc,phases      ] GC(232)   Post Evacuate Collection Set: 4.01ms
[157.760s][info][gc,phases      ] GC(232)   Other: 0.05ms
[157.760s][info][gc,heap        ] GC(232) Eden regions: 327->0(405)
[157.760s][info][gc,heap        ] GC(232) Survivor regions: 1->1(1)
[157.760s][info][gc,heap        ] GC(232) Old regions: 54->355
[157.760s][info][gc,heap        ] GC(232) Humongous regions: 1051->595
[157.760s][info][gc,metaspace   ] GC(232) Metaspace: 99933K(100928K)->99933K(100928K) NonClass: 78045K(78464K)->78045K(78464K) Class: 21888K(22464K)->21888K(22464K)
[157.760s][info][gc             ] GC(232) Pause Young (Prepare Mixed) (G1 Humongous Allocation) (Evacuation Failure: Allocation) 2860M->1896M(2868M) 7.143ms
[157.760s][info][gc,cpu         ] GC(232) User=0.03s Sys=0.00s Real=0.01s
[158.079s][info][gc,start       ] GC(233) Pause Young (Mixed) (G1 Humongous Allocation)
[158.079s][info][gc,task        ] GC(233) Using 4 workers of 4 for evacuation
[158.089s][info][gc,phases      ] GC(233)   Pre Evacuate Collection Set: 0.17ms
[158.089s][info][gc,phases      ] GC(233)   Merge Heap Roots: 0.08ms
[158.089s][info][gc,phases      ] GC(233)   Evacuate Collection Set: 3.75ms
[158.089s][info][gc,phases      ] GC(233)   Post Evacuate Collection Set: 5.76ms
[158.089s][info][gc,phases      ] GC(233)   Other: 0.06ms
[158.089s][info][gc,heap        ] GC(233) Eden regions: 193->0(135)
[158.089s][info][gc,heap        ] GC(233) Survivor regions: 1->1(3)
[158.089s][info][gc,heap        ] GC(233) Old regions: 355->542
[158.089s][info][gc,heap        ] GC(233) Humongous regions: 882->683
[158.089s][info][gc,metaspace   ] GC(233) Metaspace: 99933K(100928K)->99933K(100928K) NonClass: 78045K(78464K)->78045K(78464K) Class: 21888K(22464K)->21888K(22464K)
[158.089s][info][gc             ] GC(233) Pause Young (Mixed) (G1 Humongous Allocation) (Evacuation Failure: Allocation) 2854M->2446M(2868M) 9.941ms
[158.089s][info][gc,cpu         ] GC(233) User=0.04s Sys=0.00s Real=0.01s
[158.090s][info][gc,start       ] GC(234) Pause Young (Concurrent Start) (G1 Humongous Allocation)
[158.090s][info][gc,task        ] GC(234) Using 4 workers of 4 for evacuation
[158.098s][info][gc,phases      ] GC(234)   Pre Evacuate Collection Set: 0.19ms
[158.098s][info][gc,phases      ] GC(234)   Merge Heap Roots: 0.10ms
[158.098s][info][gc,phases      ] GC(234)   Evacuate Collection Set: 7.04ms
[158.098s][info][gc,phases      ] GC(234)   Post Evacuate Collection Set: 0.54ms
[158.098s][info][gc,phases      ] GC(234)   Other: 0.06ms
[158.098s][info][gc,heap        ] GC(234) Eden regions: 2->0(257)
[158.098s][info][gc,heap        ] GC(234) Survivor regions: 1->2(17)
[158.098s][info][gc,heap        ] GC(234) Old regions: 542->421
[158.098s][info][gc,heap        ] GC(234) Humongous regions: 685->681
[158.098s][info][gc,metaspace   ] GC(234) Metaspace: 99933K(100928K)->99933K(100928K) NonClass: 78045K(78464K)->78045K(78464K) Class: 21888K(22464K)->21888K(22464K)
[158.098s][info][gc             ] GC(234) Pause Young (Concurrent Start) (G1 Humongous Allocation) 2453M->2203M(2868M) 8.010ms
[158.098s][info][gc             ] GC(235) Concurrent Mark Cycle
[158.098s][info][gc,marking     ] GC(235) Concurrent Scan Root Regions
[158.098s][info][gc,cpu         ] GC(234) User=0.03s Sys=0.00s Real=0.01s
[158.120s][info][gc,marking     ] GC(235) Concurrent Scan Root Regions 22.339ms
[158.120s][info][gc,marking     ] GC(235) Concurrent Mark
[158.120s][info][gc,marking     ] GC(235) Concurrent Mark From Roots
[158.120s][info][gc,task        ] GC(235) Using 1 workers of 1 for marking
[158.162s][info][gc,marking     ] GC(235) Concurrent Mark From Roots 41.404ms
[158.162s][info][gc,marking     ] GC(235) Concurrent Preclean
[158.162s][info][gc,marking     ] GC(235) Concurrent Preclean 0.130ms
[158.163s][info][gc,start       ] GC(235) Pause Remark
[158.166s][info][gc             ] GC(235) Pause Remark 2494M->2074M(2868M) 2.600ms
[158.166s][info][gc,cpu         ] GC(235) User=0.01s Sys=0.00s Real=0.00s
[158.166s][info][gc,marking     ] GC(235) Concurrent Mark 45.317ms
[158.166s][info][gc,marking     ] GC(235) Concurrent Rebuild Remembered Sets and Scrub Regions
[158.199s][info][gc,marking     ] GC(235) Concurrent Rebuild Remembered Sets and Scrub Regions 33.804ms
[158.199s][info][gc,start       ] GC(235) Pause Cleanup
[158.200s][info][gc             ] GC(235) Pause Cleanup 2093M->2093M(2868M) 0.155ms
[158.200s][info][gc,cpu         ] GC(235) User=0.00s Sys=0.00s Real=0.00s
[158.200s][info][gc,marking     ] GC(235) Concurrent Clear Claimed Marks
[158.200s][info][gc,marking     ] GC(235) Concurrent Clear Claimed Marks 0.125ms
[158.200s][info][gc,marking     ] GC(235) Concurrent Cleanup for Next Mark
[158.201s][info][gc,marking     ] GC(235) Concurrent Cleanup for Next Mark 1.254ms
[158.201s][info][gc             ] GC(235) Concurrent Mark Cycle 103.193ms
[159.223s][info][gc,start       ] GC(236) Pause Young (Prepare Mixed) (G1 Evacuation Pause)
[159.223s][info][gc,task        ] GC(236) Using 4 workers of 4 for evacuation
[159.235s][info][gc,phases      ] GC(236)   Pre Evacuate Collection Set: 0.34ms
[159.235s][info][gc,phases      ] GC(236)   Merge Heap Roots: 0.25ms
[159.235s][info][gc,phases      ] GC(236)   Evacuate Collection Set: 5.05ms
[159.235s][info][gc,phases      ] GC(236)   Post Evacuate Collection Set: 5.54ms
[159.235s][info][gc,phases      ] GC(236)   Other: 0.12ms
[159.235s][info][gc,heap        ] GC(236) Eden regions: 146->0(290)
[159.235s][info][gc,heap        ] GC(236) Survivor regions: 2->0(0)
[159.235s][info][gc,heap        ] GC(236) Old regions: 421->554
[159.235s][info][gc,heap        ] GC(236) Humongous regions: 865->517
[159.235s][info][gc,metaspace   ] GC(236) Metaspace: 99948K(100928K)->99948K(100928K) NonClass: 78060K(78464K)->78060K(78464K) Class: 21888K(22464K)->21888K(22464K)
[159.235s][info][gc             ] GC(236) Pause Young (Prepare Mixed) (G1 Evacuation Pause) (Evacuation Failure: Allocation) 2863M->2137M(2868M) 11.442ms
[159.235s][info][gc,cpu         ] GC(236) User=0.05s Sys=0.00s Real=0.01s
[159.605s][info][gc,start       ] GC(237) Pause Young (Mixed) (G1 Humongous Allocation)
[159.605s][info][gc,task        ] GC(237) Using 4 workers of 4 for evacuation
[159.618s][info][gc,phases      ] GC(237)   Pre Evacuate Collection Set: 0.36ms
[159.618s][info][gc,phases      ] GC(237)   Merge Heap Roots: 0.17ms
[159.618s][info][gc,phases      ] GC(237)   Evacuate Collection Set: 5.08ms
[159.618s][info][gc,phases      ] GC(237)   Post Evacuate Collection Set: 7.48ms
[159.618s][info][gc,phases      ] GC(237)   Other: 0.08ms
[159.618s][info][gc,heap        ] GC(237) Eden regions: 200->0(71)
[159.618s][info][gc,heap        ] GC(237) Survivor regions: 0->3(4)
[159.618s][info][gc,heap        ] GC(237) Old regions: 554->754
[159.618s][info][gc,heap        ] GC(237) Humongous regions: 676->545
[159.618s][info][gc,metaspace   ] GC(237) Metaspace: 99950K(100928K)->99950K(100928K) NonClass: 78062K(78464K)->78062K(78464K) Class: 21888K(22464K)->21888K(22464K)
[159.618s][info][gc             ] GC(237) Pause Young (Mixed) (G1 Humongous Allocation) (Evacuation Failure: Allocation) 2854M->2599M(2868M) 13.291ms
[159.618s][info][gc,cpu         ] GC(237) User=0.05s Sys=0.00s Real=0.02s
[159.620s][info][gc,start       ] GC(238) Pause Young (Concurrent Start) (G1 Humongous Allocation)
[159.620s][info][gc,task        ] GC(238) Using 4 workers of 4 for evacuation
[159.629s][info][gc,phases      ] GC(238)   Pre Evacuate Collection Set: 0.35ms
[159.629s][info][gc,phases      ] GC(238)   Merge Heap Roots: 0.33ms
[159.629s][info][gc,phases      ] GC(238)   Evacuate Collection Set: 7.81ms
[159.629s][info][gc,phases      ] GC(238)   Post Evacuate Collection Set: 0.56ms
[159.629s][info][gc,phases      ] GC(238)   Other: 0.08ms
[159.629s][info][gc,heap        ] GC(238) Eden regions: 7->0(182)
[159.629s][info][gc,heap        ] GC(238) Survivor regions: 3->6(10)
[159.629s][info][gc,heap        ] GC(238) Old regions: 754->646
[159.629s][info][gc,heap        ] GC(238) Humongous regions: 550->527
[159.629s][info][gc,metaspace   ] GC(238) Metaspace: 99950K(100928K)->99950K(100928K) NonClass: 78062K(78464K)->78062K(78464K) Class: 21888K(22464K)->21888K(22464K)
[159.629s][info][gc             ] GC(238) Pause Young (Concurrent Start) (G1 Humongous Allocation) 2622M->2353M(2868M) 9.228ms
[159.629s][info][gc             ] GC(239) Concurrent Mark Cycle
[159.629s][info][gc,marking     ] GC(239) Concurrent Scan Root Regions
[159.629s][info][gc,cpu         ] GC(238) User=0.04s Sys=0.00s Real=0.01s
[159.664s][info][gc,start       ] GC(240) Pause Young (Normal) (G1 Humongous Allocation)
[159.664s][info][gc,task        ] GC(240) Using 4 workers of 4 for evacuation
[159.664s][info][gc,marking     ] GC(239) Concurrent Scan Root Regions 34.903ms
[159.664s][info][gc,marking     ] GC(239) Concurrent Mark
[159.664s][info][gc,marking     ] GC(239) Concurrent Mark From Roots
[159.664s][info][gc,task        ] GC(239) Using 1 workers of 1 for marking
[159.671s][info][gc,phases      ] GC(240)   Pre Evacuate Collection Set: 0.22ms
[159.671s][info][gc,phases      ] GC(240)   Merge Heap Roots: 0.13ms
[159.671s][info][gc,phases      ] GC(240)   Evacuate Collection Set: 3.15ms
[159.671s][info][gc,phases      ] GC(240)   Post Evacuate Collection Set: 3.79ms
[159.671s][info][gc,phases      ] GC(240)   Other: 0.24ms
[159.671s][info][gc,heap        ] GC(240) Eden regions: 19->0(89)
[159.671s][info][gc,heap        ] GC(240) Survivor regions: 6->1(4)
[159.671s][info][gc,heap        ] GC(240) Old regions: 646->674
[159.671s][info][gc,heap        ] GC(240) Humongous regions: 759->597
[159.671s][info][gc,metaspace   ] GC(240) Metaspace: 99950K(100928K)->99950K(100928K) NonClass: 78062K(78464K)->78062K(78464K) Class: 21888K(22464K)->21888K(22464K)
[159.671s][info][gc             ] GC(240) Pause Young (Normal) (G1 Humongous Allocation) (Evacuation Failure: Allocation) 2854M->2539M(2868M) 7.634ms
[159.671s][info][gc,cpu         ] GC(240) User=0.02s Sys=0.00s Real=0.01s
[159.718s][info][gc,marking     ] GC(239) Concurrent Mark From Roots 54.046ms
[159.718s][info][gc,marking     ] GC(239) Concurrent Preclean
[159.718s][info][gc,marking     ] GC(239) Concurrent Preclean 0.133ms
[159.718s][info][gc,start       ] GC(239) Pause Remark
[159.721s][info][gc             ] GC(239) Pause Remark 2584M->2364M(2868M) 2.903ms
[159.721s][info][gc,cpu         ] GC(239) User=0.00s Sys=0.00s Real=0.00s
[159.721s][info][gc,marking     ] GC(239) Concurrent Mark 57.319ms
[159.721s][info][gc,marking     ] GC(239) Concurrent Rebuild Remembered Sets and Scrub Regions
[159.764s][info][gc,marking     ] GC(239) Concurrent Rebuild Remembered Sets and Scrub Regions 43.173ms
[159.765s][info][gc,start       ] GC(239) Pause Cleanup
[159.765s][info][gc             ] GC(239) Pause Cleanup 2386M->2386M(2868M) 0.163ms
[159.765s][info][gc,cpu         ] GC(239) User=0.00s Sys=0.00s Real=0.00s
[159.765s][info][gc,marking     ] GC(239) Concurrent Clear Claimed Marks
[159.765s][info][gc,marking     ] GC(239) Concurrent Clear Claimed Marks 0.124ms
[159.765s][info][gc,marking     ] GC(239) Concurrent Cleanup for Next Mark
[159.766s][info][gc,marking     ] GC(239) Concurrent Cleanup for Next Mark 1.157ms
[159.766s][info][gc             ] GC(239) Concurrent Mark Cycle 137.007ms
[159.970s][info][gc,start       ] GC(241) Pause Young (Prepare Mixed) (G1 Humongous Allocation)
[159.970s][info][gc,task        ] GC(241) Using 4 workers of 4 for evacuation
[159.977s][info][gc,phases      ] GC(241)   Pre Evacuate Collection Set: 0.24ms
[159.977s][info][gc,phases      ] GC(241)   Merge Heap Roots: 0.25ms
[159.977s][info][gc,phases      ] GC(241)   Evacuate Collection Set: 3.86ms
[159.977s][info][gc,phases      ] GC(241)   Post Evacuate Collection Set: 3.10ms
[159.977s][info][gc,phases      ] GC(241)   Other: 0.05ms
[159.977s][info][gc,heap        ] GC(241) Eden regions: 56->0(75)
[159.977s][info][gc,heap        ] GC(241) Survivor regions: 1->7(12)
[159.977s][info][gc,heap        ] GC(241) Old regions: 674->735
[159.977s][info][gc,heap        ] GC(241) Humongous regions: 689->544
[159.977s][info][gc,metaspace   ] GC(241) Metaspace: 99954K(100928K)->99954K(100928K) NonClass: 78065K(78464K)->78065K(78464K) Class: 21888K(22464K)->21888K(22464K)
[159.977s][info][gc             ] GC(241) Pause Young (Prepare Mixed) (G1 Humongous Allocation) (Evacuation Failure: Allocation) 2835M->2567M(2868M) 7.622ms
[159.977s][info][gc,cpu         ] GC(241) User=0.02s Sys=0.01s Real=0.01s
[160.661s][info][gc,start       ] GC(242) Pause Young (Mixed) (G1 Humongous Allocation)
[160.661s][info][gc,task        ] GC(242) Using 4 workers of 4 for evacuation
[160.670s][info][gc,phases      ] GC(242)   Pre Evacuate Collection Set: 0.15ms
[160.670s][info][gc,phases      ] GC(242)   Merge Heap Roots: 0.13ms
[160.670s][info][gc,phases      ] GC(242)   Evacuate Collection Set: 4.04ms
[160.670s][info][gc,phases      ] GC(242)   Post Evacuate Collection Set: 4.47ms
[160.670s][info][gc,phases      ] GC(242)   Other: 0.05ms
[160.670s][info][gc,heap        ] GC(242) Eden regions: 68->0(55)
[160.670s][info][gc,heap        ] GC(242) Survivor regions: 7->7(9)
[160.670s][info][gc,heap        ] GC(242) Old regions: 735->812
[160.670s][info][gc,heap        ] GC(242) Humongous regions: 615->560
[160.670s][info][gc,metaspace   ] GC(242) Metaspace: 99957K(100928K)->99957K(100928K) NonClass: 78068K(78464K)->78068K(78464K) Class: 21888K(22464K)->21888K(22464K)
[160.670s][info][gc             ] GC(242) Pause Young (Mixed) (G1 Humongous Allocation) (Evacuation Failure: Allocation) 2845M->2753M(2868M) 8.949ms
[160.670s][info][gc,cpu         ] GC(242) User=0.03s Sys=0.00s Real=0.01s
[160.672s][info][gc,start       ] GC(243) Pause Young (Concurrent Start) (G1 Humongous Allocation)
[160.672s][info][gc,task        ] GC(243) Using 4 workers of 4 for evacuation
[160.680s][info][gc,phases      ] GC(243)   Pre Evacuate Collection Set: 0.20ms
[160.680s][info][gc,phases      ] GC(243)   Merge Heap Roots: 0.14ms
[160.680s][info][gc,phases      ] GC(243)   Evacuate Collection Set: 5.49ms
[160.680s][info][gc,phases      ] GC(243)   Post Evacuate Collection Set: 1.98ms
[160.680s][info][gc,phases      ] GC(243)   Other: 0.06ms
[160.680s][info][gc,heap        ] GC(243) Eden regions: 2->0(60)
[160.680s][info][gc,heap        ] GC(243) Survivor regions: 7->1(8)
[160.680s][info][gc,heap        ] GC(243) Old regions: 812->831
[160.680s][info][gc,heap        ] GC(243) Humongous regions: 565->542
[160.680s][info][gc,metaspace   ] GC(243) Metaspace: 99957K(100928K)->99957K(100928K) NonClass: 78068K(78464K)->78068K(78464K) Class: 21888K(22464K)->21888K(22464K)
[160.680s][info][gc             ] GC(243) Pause Young (Concurrent Start) (G1 Humongous Allocation) (Evacuation Failure: Allocation) 2767M->2743M(2868M) 7.962ms
[160.680s][info][gc,cpu         ] GC(243) User=0.03s Sys=0.00s Real=0.01s
[160.680s][info][gc             ] GC(244) Concurrent Mark Cycle
[160.680s][info][gc,marking     ] GC(244) Concurrent Scan Root Regions
[160.701s][info][gc,marking     ] GC(244) Concurrent Scan Root Regions 21.449ms
[160.701s][info][gc,marking     ] GC(244) Concurrent Mark
[160.701s][info][gc,marking     ] GC(244) Concurrent Mark From Roots
[160.701s][info][gc,task        ] GC(244) Using 1 workers of 1 for marking
[160.749s][info][gc,marking     ] GC(244) Concurrent Mark From Roots 47.657ms
[160.749s][info][gc,marking     ] GC(244) Concurrent Preclean
[160.749s][info][gc,marking     ] GC(244) Concurrent Preclean 0.158ms
[160.749s][info][gc,start       ] GC(244) Pause Remark
[160.753s][info][gc             ] GC(244) Pause Remark 2826M->2686M(2868M) 4.181ms
[160.753s][info][gc,cpu         ] GC(244) User=0.01s Sys=0.00s Real=0.00s
[160.753s][info][gc,marking     ] GC(244) Concurrent Mark 52.146ms
[160.753s][info][gc,marking     ] GC(244) Concurrent Rebuild Remembered Sets and Scrub Regions
[160.801s][info][gc,marking     ] GC(244) Concurrent Rebuild Remembered Sets and Scrub Regions 47.253ms
[160.801s][info][gc,start       ] GC(244) Pause Cleanup
[160.801s][info][gc             ] GC(244) Pause Cleanup 2835M->2835M(2868M) 0.162ms
[160.801s][info][gc,cpu         ] GC(244) User=0.00s Sys=0.00s Real=0.00s
[160.801s][info][gc,marking     ] GC(244) Concurrent Clear Claimed Marks
[160.801s][info][gc,marking     ] GC(244) Concurrent Clear Claimed Marks 0.126ms
[160.801s][info][gc,marking     ] GC(244) Concurrent Cleanup for Next Mark
[160.802s][info][gc,marking     ] GC(244) Concurrent Cleanup for Next Mark 1.121ms
[160.802s][info][gc             ] GC(244) Concurrent Mark Cycle 122.432ms
[160.803s][info][gc,start       ] GC(245) Pause Young (Prepare Mixed) (G1 Evacuation Pause)
[160.804s][info][gc,task        ] GC(245) Using 4 workers of 4 for evacuation
[160.812s][info][gc,phases      ] GC(245)   Pre Evacuate Collection Set: 0.26ms
[160.812s][info][gc,phases      ] GC(245)   Merge Heap Roots: 0.15ms
[160.812s][info][gc,phases      ] GC(245)   Evacuate Collection Set: 3.95ms
[160.812s][info][gc,phases      ] GC(245)   Post Evacuate Collection Set: 3.99ms
[160.812s][info][gc,phases      ] GC(245)   Other: 0.07ms
[160.812s][info][gc,heap        ] GC(245) Eden regions: 60->0(46)
[160.812s][info][gc,heap        ] GC(245) Survivor regions: 1->5(8)
[160.812s][info][gc,heap        ] GC(245) Old regions: 831->896
[160.812s][info][gc,heap        ] GC(245) Humongous regions: 529->487
[160.812s][info][gc,metaspace   ] GC(245) Metaspace: 99957K(100928K)->99957K(100928K) NonClass: 78068K(78464K)->78068K(78464K) Class: 21888K(22464K)->21888K(22464K)
[160.812s][info][gc             ] GC(245) Pause Young (Prepare Mixed) (G1 Evacuation Pause) (Evacuation Failure: Allocation) 2837M->2771M(2868M) 8.511ms
[160.812s][info][gc,cpu         ] GC(245) User=0.03s Sys=0.00s Real=0.01s
[160.877s][info][gc,start       ] GC(246) Pause Young (Mixed) (G1 Humongous Allocation)
[160.877s][info][gc,task        ] GC(246) Using 4 workers of 4 for evacuation
[160.887s][info][gc,phases      ] GC(246)   Pre Evacuate Collection Set: 0.60ms
[160.887s][info][gc,phases      ] GC(246)   Merge Heap Roots: 0.27ms
[160.887s][info][gc,phases      ] GC(246)   Evacuate Collection Set: 4.73ms
[160.887s][info][gc,phases      ] GC(246)   Post Evacuate Collection Set: 3.67ms
[160.887s][info][gc,phases      ] GC(246)   Other: 0.06ms
[160.887s][info][gc,heap        ] GC(246) Eden regions: 41->0(22)
[160.887s][info][gc,heap        ] GC(246) Survivor regions: 5->1(2)
[160.887s][info][gc,heap        ] GC(246) Old regions: 896->942
[160.887s][info][gc,heap        ] GC(246) Humongous regions: 490->469
[160.887s][info][gc,metaspace   ] GC(246) Metaspace: 99957K(100928K)->99957K(100928K) NonClass: 78068K(78464K)->78068K(78464K) Class: 21888K(22464K)->21888K(22464K)
[160.887s][info][gc             ] GC(246) Pause Young (Mixed) (G1 Humongous Allocation) (Evacuation Failure: Allocation) 2858M->2819M(2868M) 9.440ms
[160.887s][info][gc,cpu         ] GC(246) User=0.02s Sys=0.00s Real=0.01s
[160.888s][info][gc,start       ] GC(247) Pause Young (Concurrent Start) (G1 Humongous Allocation)
[160.888s][info][gc,task        ] GC(247) Using 4 workers of 4 for evacuation
[160.898s][info][gc,phases      ] GC(247)   Pre Evacuate Collection Set: 0.77ms
[160.898s][info][gc,phases      ] GC(247)   Merge Heap Roots: 0.24ms
[160.898s][info][gc,phases      ] GC(247)   Evacuate Collection Set: 4.26ms
[160.898s][info][gc,phases      ] GC(247)   Post Evacuate Collection Set: 4.48ms
[160.898s][info][gc,phases      ] GC(247)   Other: 0.07ms
[160.898s][info][gc,heap        ] GC(247) Eden regions: 2->0(20)
[160.898s][info][gc,heap        ] GC(247) Survivor regions: 1->1(3)
[160.898s][info][gc,heap        ] GC(247) Old regions: 942->943
[160.898s][info][gc,heap        ] GC(247) Humongous regions: 472->470
[160.898s][info][gc,metaspace   ] GC(247) Metaspace: 99957K(100928K)->99957K(100928K) NonClass: 78068K(78464K)->78068K(78464K) Class: 21888K(22464K)->21888K(22464K)
[160.898s][info][gc             ] GC(247) Pause Young (Concurrent Start) (G1 Humongous Allocation) (Evacuation Failure: Allocation) 2827M->2821M(2868M) 9.944ms
[160.898s][info][gc,cpu         ] GC(247) User=0.04s Sys=0.01s Real=0.01s
[160.898s][info][gc             ] GC(248) Concurrent Mark Cycle
[160.898s][info][gc,marking     ] GC(248) Concurrent Scan Root Regions
[160.904s][info][gc,start       ] GC(249) Pause Young (Normal) (G1 Evacuation Pause)
[160.904s][info][gc,task        ] GC(249) Using 4 workers of 4 for evacuation
[160.921s][info][gc,marking     ] GC(248) Concurrent Scan Root Regions 22.942ms
[160.921s][info][gc,marking     ] GC(248) Concurrent Mark
[160.921s][info][gc,marking     ] GC(248) Concurrent Mark From Roots
[160.921s][info][gc,task        ] GC(248) Using 1 workers of 1 for marking
[160.928s][info][gc,phases      ] GC(249)   Pre Evacuate Collection Set: 0.32ms
[160.929s][info][gc,phases      ] GC(249)   Merge Heap Roots: 0.16ms
[160.929s][info][gc,phases      ] GC(249)   Evacuate Collection Set: 3.03ms
[160.929s][info][gc,phases      ] GC(249)   Post Evacuate Collection Set: 4.01ms
[160.929s][info][gc,phases      ] GC(249)   Other: 16.53ms
[160.929s][info][gc,heap        ] GC(249) Eden regions: 15->0(3)
[160.929s][info][gc,heap        ] GC(249) Survivor regions: 1->0(0)
[160.929s][info][gc,heap        ] GC(249) Old regions: 943->959
[160.929s][info][gc,heap        ] GC(249) Humongous regions: 475->472
[160.929s][info][gc,metaspace   ] GC(249) Metaspace: 99957K(100928K)->99957K(100928K) NonClass: 78068K(78464K)->78068K(78464K) Class: 21888K(22464K)->21888K(22464K)
[160.929s][info][gc             ] GC(249) Pause Young (Normal) (G1 Evacuation Pause) (Evacuation Failure: Allocation) 2861M->2855M(2868M) 24.154ms
[160.929s][info][gc,cpu         ] GC(249) User=0.04s Sys=0.00s Real=0.03s
[160.930s][info][gc,start       ] GC(250) Pause Young (Normal) (G1 Evacuation Pause)
[160.930s][info][gc,task        ] GC(250) Using 4 workers of 4 for evacuation
[160.937s][info][gc,phases      ] GC(250)   Pre Evacuate Collection Set: 0.22ms
[160.937s][info][gc,phases      ] GC(250)   Merge Heap Roots: 0.13ms
[160.937s][info][gc,phases      ] GC(250)   Evacuate Collection Set: 3.12ms
[160.937s][info][gc,phases      ] GC(250)   Post Evacuate Collection Set: 4.01ms
[160.937s][info][gc,phases      ] GC(250)   Other: 0.06ms
[160.937s][info][gc,heap        ] GC(250) Eden regions: 3->0(1)
[160.937s][info][gc,heap        ] GC(250) Survivor regions: 0->0(0)
[160.937s][info][gc,heap        ] GC(250) Old regions: 959->962
[160.937s][info][gc,heap        ] GC(250) Humongous regions: 472->472
[160.937s][info][gc,metaspace   ] GC(250) Metaspace: 99957K(100928K)->99957K(100928K) NonClass: 78068K(78464K)->78068K(78464K) Class: 21888K(22464K)->21888K(22464K)
[160.937s][info][gc             ] GC(250) Pause Young (Normal) (G1 Evacuation Pause) (Evacuation Failure: Allocation) 2861M->2861M(2868M) 7.669ms
[160.937s][info][gc,cpu         ] GC(250) User=0.03s Sys=0.00s Real=0.01s
[160.937s][info][gc,ergo        ] Attempting full compaction
[160.937s][info][gc,start       ] GC(251) Pause Full (G1 Compaction Pause)
[160.937s][info][gc,task        ] GC(251) Using 4 workers of 4 for full compaction
[160.939s][info][gc,phases,start] GC(251) Phase 1: Mark live objects
[160.952s][info][gc,phases      ] GC(251) Phase 1: Mark live objects 13.362ms
[160.952s][info][gc,phases,start] GC(251) Phase 2: Prepare compaction
[160.955s][info][gc,phases      ] GC(251) Phase 2: Prepare compaction 2.458ms
[160.955s][info][gc,phases,start] GC(251) Phase 3: Adjust pointers
[160.963s][info][gc,phases      ] GC(251) Phase 3: Adjust pointers 8.611ms
[160.963s][info][gc,phases,start] GC(251) Phase 4: Compact heap
[160.968s][info][gc,phases      ] GC(251) Phase 4: Compact heap 4.826ms
[160.968s][info][gc,phases,start] GC(251) Phase 5: Reset Metadata
[160.971s][info][gc,phases      ] GC(251) Phase 5: Reset Metadata 2.473ms
[160.973s][info][gc,heap        ] GC(251) Eden regions: 0->0(713)
[160.973s][info][gc,heap        ] GC(251) Survivor regions: 0->0(0)
[160.973s][info][gc,heap        ] GC(251) Old regions: 962->79
[160.973s][info][gc,heap        ] GC(251) Humongous regions: 472->402
[160.973s][info][gc,metaspace   ] GC(251) Metaspace: 99957K(100928K)->99957K(100928K) NonClass: 78068K(78464K)->78068K(78464K) Class: 21888K(22464K)->21888K(22464K)
[160.973s][info][gc             ] GC(251) Pause Full (G1 Compaction Pause) 2861M->958M(2868M) 35.952ms
[160.973s][info][gc,cpu         ] GC(251) User=0.11s Sys=0.00s Real=0.03s
[160.974s][info][gc,marking     ] GC(248) Concurrent Mark From Roots 52.619ms
[160.974s][info][gc,marking     ] GC(248) Concurrent Mark Abort
[160.974s][info][gc             ] GC(248) Concurrent Mark Cycle 75.642ms
[160.974s][info][gc,start       ] GC(252) Pause Young (Concurrent Start) (G1 Humongous Allocation)
[160.974s][info][gc,task        ] GC(252) Using 4 workers of 4 for evacuation
[160.976s][info][gc,phases      ] GC(252)   Pre Evacuate Collection Set: 0.20ms
[160.976s][info][gc,phases      ] GC(252)   Merge Heap Roots: 0.07ms
[160.976s][info][gc,phases      ] GC(252)   Evacuate Collection Set: 0.76ms
[160.976s][info][gc,phases      ] GC(252)   Post Evacuate Collection Set: 0.56ms
[160.976s][info][gc,phases      ] GC(252)   Other: 0.04ms
[160.976s][info][gc,heap        ] GC(252) Eden regions: 1->0(735)
[160.976s][info][gc,heap        ] GC(252) Survivor regions: 0->1(90)
[160.976s][info][gc,heap        ] GC(252) Old regions: 79->79
[160.976s][info][gc,heap        ] GC(252) Humongous regions: 402->402
[160.976s][info][gc,metaspace   ] GC(252) Metaspace: 99957K(100928K)->99957K(100928K) NonClass: 78068K(78464K)->78068K(78464K) Class: 21888K(22464K)->21888K(22464K)
[160.976s][info][gc             ] GC(252) Pause Young (Concurrent Start) (G1 Humongous Allocation) 959M->958M(2868M) 1.703ms
[160.976s][info][gc,cpu         ] GC(252) User=0.01s Sys=0.01s Real=0.00s
[160.976s][info][gc             ] GC(253) Concurrent Mark Cycle
[160.976s][info][gc,marking     ] GC(253) Concurrent Scan Root Regions
[160.977s][info][gc,marking     ] GC(253) Concurrent Scan Root Regions 1.160ms
[160.977s][info][gc,marking     ] GC(253) Concurrent Mark
[160.977s][info][gc,marking     ] GC(253) Concurrent Mark From Roots
[160.977s][info][gc,task        ] GC(253) Using 1 workers of 1 for marking
[161.025s][info][gc,marking     ] GC(253) Concurrent Mark From Roots 48.410ms
[161.025s][info][gc,marking     ] GC(253) Concurrent Preclean
[161.025s][info][gc,marking     ] GC(253) Concurrent Preclean 0.128ms
[161.026s][info][gc,start       ] GC(253) Pause Remark
[161.028s][info][gc             ] GC(253) Pause Remark 1316M->1316M(2868M) 2.795ms
[161.028s][info][gc,cpu         ] GC(253) User=0.01s Sys=0.00s Real=0.01s
[161.028s][info][gc,marking     ] GC(253) Concurrent Mark 51.527ms
[161.028s][info][gc,marking     ] GC(253) Concurrent Rebuild Remembered Sets and Scrub Regions
[161.048s][info][gc,marking     ] GC(253) Concurrent Rebuild Remembered Sets and Scrub Regions 19.842ms
[161.048s][info][gc,start       ] GC(253) Pause Cleanup
[161.048s][info][gc             ] GC(253) Pause Cleanup 1342M->1342M(2868M) 0.075ms
[161.048s][info][gc,cpu         ] GC(253) User=0.00s Sys=0.00s Real=0.00s
[161.048s][info][gc,marking     ] GC(253) Concurrent Clear Claimed Marks
[161.049s][info][gc,marking     ] GC(253) Concurrent Clear Claimed Marks 0.122ms
[161.049s][info][gc,marking     ] GC(253) Concurrent Cleanup for Next Mark
[161.050s][info][gc,marking     ] GC(253) Concurrent Cleanup for Next Mark 1.134ms
[161.050s][info][gc             ] GC(253) Concurrent Mark Cycle 74.099ms
[162.230s][info][gc,start       ] GC(254) Pause Young (Prepare Mixed) (G1 Evacuation Pause)
[162.231s][info][gc,task        ] GC(254) Using 4 workers of 4 for evacuation
[162.238s][info][gc,phases      ] GC(254)   Pre Evacuate Collection Set: 0.13ms
[162.238s][info][gc,phases      ] GC(254)   Merge Heap Roots: 0.08ms
[162.238s][info][gc,phases      ] GC(254)   Evacuate Collection Set: 2.76ms
[162.238s][info][gc,phases      ] GC(254)   Post Evacuate Collection Set: 4.48ms
[162.238s][info][gc,phases      ] GC(254)   Other: 0.06ms
[162.238s][info][gc,heap        ] GC(254) Eden regions: 283->0(405)
[162.238s][info][gc,heap        ] GC(254) Survivor regions: 1->0(0)
[162.238s][info][gc,heap        ] GC(254) Old regions: 79->339
[162.238s][info][gc,heap        ] GC(254) Humongous regions: 1071->597
[162.238s][info][gc,metaspace   ] GC(254) Metaspace: 99982K(100992K)->99982K(100992K) NonClass: 78093K(78528K)->78093K(78528K) Class: 21888K(22464K)->21888K(22464K)
[162.238s][info][gc             ] GC(254) Pause Young (Prepare Mixed) (G1 Evacuation Pause) (Evacuation Failure: Allocation) 2862M->1866M(2868M) 7.615ms
[162.238s][info][gc,cpu         ] GC(254) User=0.03s Sys=0.00s Real=0.01s
[162.586s][info][gc,start       ] GC(255) Pause Young (Mixed) (G1 Humongous Allocation)
[162.586s][info][gc,task        ] GC(255) Using 4 workers of 4 for evacuation
[162.599s][info][gc,phases      ] GC(255)   Pre Evacuate Collection Set: 0.37ms
[162.599s][info][gc,phases      ] GC(255)   Merge Heap Roots: 0.13ms
[162.599s][info][gc,phases      ] GC(255)   Evacuate Collection Set: 5.27ms
[162.599s][info][gc,phases      ] GC(255)   Post Evacuate Collection Set: 7.95ms
[162.599s][info][gc,phases      ] GC(255)   Other: 0.09ms
[162.599s][info][gc,heap        ] GC(255) Eden regions: 188->0(163)
[162.599s][info][gc,heap        ] GC(255) Survivor regions: 0->1(3)
[162.599s][info][gc,heap        ] GC(255) Old regions: 339->524
[162.599s][info][gc,heap        ] GC(255) Humongous regions: 904->673
[162.599s][info][gc,metaspace   ] GC(255) Metaspace: 99995K(100992K)->99995K(100992K) NonClass: 78107K(78528K)->78107K(78528K) Class: 21888K(22464K)->21888K(22464K)
[162.599s][info][gc             ] GC(255) Pause Young (Mixed) (G1 Humongous Allocation) (Evacuation Failure: Allocation) 2856M->2390M(2868M) 13.901ms
[162.599s][info][gc,cpu         ] GC(255) User=0.05s Sys=0.00s Real=0.02s
[162.600s][info][gc,start       ] GC(256) Pause Young (Concurrent Start) (G1 Humongous Allocation)
[162.600s][info][gc,task        ] GC(256) Using 4 workers of 4 for evacuation
[162.609s][info][gc,phases      ] GC(256)   Pre Evacuate Collection Set: 0.23ms
[162.609s][info][gc,phases      ] GC(256)   Merge Heap Roots: 0.12ms
[162.609s][info][gc,phases      ] GC(256)   Evacuate Collection Set: 7.55ms
[162.609s][info][gc,phases      ] GC(256)   Post Evacuate Collection Set: 0.64ms
[162.609s][info][gc,phases      ] GC(256)   Other: 0.05ms
[162.609s][info][gc,heap        ] GC(256) Eden regions: 2->0(270)
[162.609s][info][gc,heap        ] GC(256) Survivor regions: 1->2(21)
[162.609s][info][gc,heap        ] GC(256) Old regions: 524->415
[162.609s][info][gc,heap        ] GC(256) Humongous regions: 675->674
[162.609s][info][gc,metaspace   ] GC(256) Metaspace: 99995K(100992K)->99995K(100992K) NonClass: 78107K(78528K)->78107K(78528K) Class: 21888K(22464K)->21888K(22464K)
[162.609s][info][gc             ] GC(256) Pause Young (Concurrent Start) (G1 Humongous Allocation) 2398M->2177M(2868M) 8.673ms
[162.609s][info][gc             ] GC(257) Concurrent Mark Cycle
[162.609s][info][gc,marking     ] GC(257) Concurrent Scan Root Regions
[162.609s][info][gc,cpu         ] GC(256) User=0.03s Sys=0.01s Real=0.01s
[162.625s][info][gc,marking     ] GC(257) Concurrent Scan Root Regions 16.365ms
[162.625s][info][gc,marking     ] GC(257) Concurrent Mark
[162.625s][info][gc,marking     ] GC(257) Concurrent Mark From Roots
[162.625s][info][gc,task        ] GC(257) Using 1 workers of 1 for marking
[162.669s][info][gc,marking     ] GC(257) Concurrent Mark From Roots 44.137ms
[162.669s][info][gc,marking     ] GC(257) Concurrent Preclean
[162.669s][info][gc,marking     ] GC(257) Concurrent Preclean 0.150ms
[162.670s][info][gc,start       ] GC(257) Pause Remark
[162.672s][info][gc             ] GC(257) Pause Remark 2343M->1973M(2868M) 2.941ms
[162.672s][info][gc,cpu         ] GC(257) User=0.01s Sys=0.00s Real=0.00s
[162.673s][info][gc,marking     ] GC(257) Concurrent Mark 47.516ms
[162.673s][info][gc,marking     ] GC(257) Concurrent Rebuild Remembered Sets and Scrub Regions
[162.709s][info][gc,marking     ] GC(257) Concurrent Rebuild Remembered Sets and Scrub Regions 36.205ms
[162.709s][info][gc,start       ] GC(257) Pause Cleanup
[162.709s][info][gc             ] GC(257) Pause Cleanup 2126M->2126M(2868M) 0.145ms
[162.709s][info][gc,cpu         ] GC(257) User=0.00s Sys=0.00s Real=0.00s
[162.709s][info][gc,marking     ] GC(257) Concurrent Clear Claimed Marks
[162.709s][info][gc,marking     ] GC(257) Concurrent Clear Claimed Marks 0.131ms
[162.709s][info][gc,marking     ] GC(257) Concurrent Cleanup for Next Mark
[162.710s][info][gc,marking     ] GC(257) Concurrent Cleanup for Next Mark 1.327ms
[162.711s][info][gc             ] GC(257) Concurrent Mark Cycle 101.903ms
[163.881s][info][gc,start       ] GC(258) Pause Young (Prepare Mixed) (G1 Evacuation Pause)
[163.881s][info][gc,task        ] GC(258) Using 4 workers of 4 for evacuation
[163.898s][info][gc,phases      ] GC(258)   Pre Evacuate Collection Set: 0.34ms
[163.898s][info][gc,phases      ] GC(258)   Merge Heap Roots: 0.17ms
[163.898s][info][gc,phases      ] GC(258)   Evacuate Collection Set: 10.56ms
[163.898s][info][gc,phases      ] GC(258)   Post Evacuate Collection Set: 5.64ms
[163.898s][info][gc,phases      ] GC(258)   Other: 0.09ms
[163.898s][info][gc,heap        ] GC(258) Eden regions: 157->0(331)
[163.898s][info][gc,heap        ] GC(258) Survivor regions: 2->0(0)
[163.898s][info][gc,heap        ] GC(258) Old regions: 415->538
[163.898s][info][gc,heap        ] GC(258) Humongous regions: 860->492
[163.898s][info][gc,metaspace   ] GC(258) Metaspace: 99995K(100992K)->99995K(100992K) NonClass: 78107K(78528K)->78107K(78528K) Class: 21888K(22464K)->21888K(22464K)
[163.898s][info][gc             ] GC(258) Pause Young (Prepare Mixed) (G1 Evacuation Pause) (Evacuation Failure: Allocation) 2863M->2056M(2868M) 17.034ms
[163.898s][info][gc,cpu         ] GC(258) User=0.06s Sys=0.00s Real=0.02s
[164.211s][info][gc,start       ] GC(259) Pause Young (Mixed) (G1 Humongous Allocation)
[164.211s][info][gc,task        ] GC(259) Using 4 workers of 4 for evacuation
[164.225s][info][gc,phases      ] GC(259)   Pre Evacuate Collection Set: 0.20ms
[164.226s][info][gc,phases      ] GC(259)   Merge Heap Roots: 0.12ms
[164.226s][info][gc,phases      ] GC(259)   Evacuate Collection Set: 7.32ms
[164.226s][info][gc,phases      ] GC(259)   Post Evacuate Collection Set: 6.65ms
[164.226s][info][gc,phases      ] GC(259)   Other: 0.06ms
[164.226s][info][gc,heap        ] GC(259) Eden regions: 199->0(106)
[164.226s][info][gc,heap        ] GC(259) Survivor regions: 0->1(2)
[164.226s][info][gc,heap        ] GC(259) Old regions: 538->733
[164.226s][info][gc,heap        ] GC(259) Humongous regions: 695->521
[164.226s][info][gc,metaspace   ] GC(259) Metaspace: 99995K(100992K)->99995K(100992K) NonClass: 78107K(78528K)->78107K(78528K) Class: 21888K(22464K)->21888K(22464K)
[164.226s][info][gc             ] GC(259) Pause Young (Mixed) (G1 Humongous Allocation) (Evacuation Failure: Allocation) 2858M->2506M(2868M) 15.557ms
[164.226s][info][gc,cpu         ] GC(259) User=0.05s Sys=0.00s Real=0.01s
[164.227s][info][gc,start       ] GC(260) Pause Young (Concurrent Start) (G1 Humongous Allocation)
[164.227s][info][gc,task        ] GC(260) Using 4 workers of 4 for evacuation
[164.235s][info][gc,phases      ] GC(260)   Pre Evacuate Collection Set: 0.19ms
[164.235s][info][gc,phases      ] GC(260)   Merge Heap Roots: 0.11ms
[164.235s][info][gc,phases      ] GC(260)   Evacuate Collection Set: 7.39ms
[164.235s][info][gc,phases      ] GC(260)   Post Evacuate Collection Set: 0.58ms
[164.235s][info][gc,phases      ] GC(260)   Other: 0.06ms
[164.235s][info][gc,heap        ] GC(260) Eden regions: 2->0(240)
[164.235s][info][gc,heap        ] GC(260) Survivor regions: 1->2(14)
[164.235s][info][gc,heap        ] GC(260) Old regions: 733->620
[164.235s][info][gc,heap        ] GC(260) Humongous regions: 524->499
[164.235s][info][gc,metaspace   ] GC(260) Metaspace: 99995K(100992K)->99995K(100992K) NonClass: 78107K(78528K)->78107K(78528K) Class: 21888K(22464K)->21888K(22464K)
[164.235s][info][gc             ] GC(260) Pause Young (Concurrent Start) (G1 Humongous Allocation) 2515M->2237M(2868M) 8.393ms
[164.235s][info][gc,cpu         ] GC(260) User=0.03s Sys=0.00s Real=0.00s
[164.235s][info][gc             ] GC(261) Concurrent Mark Cycle
[164.235s][info][gc,marking     ] GC(261) Concurrent Scan Root Regions
[164.264s][info][gc,marking     ] GC(261) Concurrent Scan Root Regions 28.875ms
[164.264s][info][gc,marking     ] GC(261) Concurrent Mark
[164.264s][info][gc,marking     ] GC(261) Concurrent Mark From Roots
[164.264s][info][gc,task        ] GC(261) Using 1 workers of 1 for marking
[164.315s][info][gc,marking     ] GC(261) Concurrent Mark From Roots 50.919ms
[164.315s][info][gc,marking     ] GC(261) Concurrent Preclean
[164.315s][info][gc,marking     ] GC(261) Concurrent Preclean 0.121ms
[164.315s][info][gc,start       ] GC(261) Pause Remark
[164.319s][info][gc             ] GC(261) Pause Remark 2758M->2638M(2868M) 3.912ms
[164.319s][info][gc,cpu         ] GC(261) User=0.01s Sys=0.00s Real=0.01s
[164.319s][info][gc,marking     ] GC(261) Concurrent Mark 55.117ms
[164.319s][info][gc,marking     ] GC(261) Concurrent Rebuild Remembered Sets and Scrub Regions
[164.361s][info][gc,marking     ] GC(261) Concurrent Rebuild Remembered Sets and Scrub Regions 42.050ms
[164.361s][info][gc,start       ] GC(261) Pause Cleanup
[164.362s][info][gc             ] GC(261) Pause Cleanup 2650M->2650M(2868M) 0.137ms
[164.362s][info][gc,cpu         ] GC(261) User=0.00s Sys=0.00s Real=0.00s
[164.362s][info][gc,marking     ] GC(261) Concurrent Clear Claimed Marks
[164.362s][info][gc,marking     ] GC(261) Concurrent Clear Claimed Marks 0.123ms
[164.362s][info][gc,marking     ] GC(261) Concurrent Cleanup for Next Mark
[164.364s][info][gc,marking     ] GC(261) Concurrent Cleanup for Next Mark 2.153ms
[164.364s][info][gc             ] GC(261) Concurrent Mark Cycle 128.619ms
[164.473s][info][gc,start       ] GC(262) Pause Young (Prepare Mixed) (G1 Humongous Allocation)
[164.473s][info][gc,task        ] GC(262) Using 4 workers of 4 for evacuation
[164.482s][info][gc,phases      ] GC(262)   Pre Evacuate Collection Set: 0.27ms
[164.482s][info][gc,phases      ] GC(262)   Merge Heap Roots: 0.14ms
[164.482s][info][gc,phases      ] GC(262)   Evacuate Collection Set: 4.63ms
[164.482s][info][gc,phases      ] GC(262)   Post Evacuate Collection Set: 4.20ms
[164.482s][info][gc,phases      ] GC(262)   Other: 0.06ms
[164.482s][info][gc,heap        ] GC(262) Eden regions: 44->0(172)
[164.482s][info][gc,heap        ] GC(262) Survivor regions: 2->9(19)
[164.482s][info][gc,heap        ] GC(262) Old regions: 620->670
[164.482s][info][gc,heap        ] GC(262) Humongous regions: 749->510
[164.482s][info][gc,metaspace   ] GC(262) Metaspace: 99995K(100992K)->99995K(100992K) NonClass: 78107K(78528K)->78107K(78528K) Class: 21888K(22464K)->21888K(22464K)
[164.482s][info][gc             ] GC(262) Pause Young (Prepare Mixed) (G1 Humongous Allocation) (Evacuation Failure: Allocation) 2824M->2375M(2868M) 9.411ms
[164.482s][info][gc,cpu         ] GC(262) User=0.03s Sys=0.00s Real=0.01s
[165.300s][info][gc,start       ] GC(263) Pause Young (Mixed) (G1 Humongous Allocation)
[165.300s][info][gc,task        ] GC(263) Using 4 workers of 4 for evacuation
[165.311s][info][gc,phases      ] GC(263)   Pre Evacuate Collection Set: 0.29ms
[165.311s][info][gc,phases      ] GC(263)   Merge Heap Roots: 0.20ms
[165.311s][info][gc,phases      ] GC(263)   Evacuate Collection Set: 6.87ms
[165.311s][info][gc,phases      ] GC(263)   Post Evacuate Collection Set: 3.64ms
[165.311s][info][gc,phases      ] GC(263)   Other: 0.06ms
[165.311s][info][gc,heap        ] GC(263) Eden regions: 85->0(71)
[165.311s][info][gc,heap        ] GC(263) Survivor regions: 9->11(13)
[165.311s][info][gc,heap        ] GC(263) Old regions: 670->755
[165.311s][info][gc,heap        ] GC(263) Humongous regions: 657->555
[165.311s][info][gc,metaspace   ] GC(263) Metaspace: 99995K(100992K)->99995K(100992K) NonClass: 78107K(78528K)->78107K(78528K) Class: 21888K(22464K)->21888K(22464K)
[165.311s][info][gc             ] GC(263) Pause Young (Mixed) (G1 Humongous Allocation) (Evacuation Failure: Allocation) 2839M->2639M(2868M) 11.175ms
[165.311s][info][gc,cpu         ] GC(263) User=0.04s Sys=0.01s Real=0.01s
[165.312s][info][gc,start       ] GC(264) Pause Young (Concurrent Start) (G1 Humongous Allocation)
[165.312s][info][gc,task        ] GC(264) Using 4 workers of 4 for evacuation
[165.323s][info][gc,phases      ] GC(264)   Pre Evacuate Collection Set: 0.28ms
[165.323s][info][gc,phases      ] GC(264)   Merge Heap Roots: 0.10ms
[165.323s][info][gc,phases      ] GC(264)   Evacuate Collection Set: 9.72ms
[165.323s][info][gc,phases      ] GC(264)   Post Evacuate Collection Set: 0.60ms
[165.323s][info][gc,phases      ] GC(264)   Other: 0.06ms
[165.323s][info][gc,heap        ] GC(264) Eden regions: 3->0(159)
[165.323s][info][gc,heap        ] GC(264) Survivor regions: 11->2(11)
[165.323s][info][gc,heap        ] GC(264) Old regions: 755->643
[165.323s][info][gc,heap        ] GC(264) Humongous regions: 560->557
[165.323s][info][gc,metaspace   ] GC(264) Metaspace: 99995K(100992K)->99995K(100992K) NonClass: 78107K(78528K)->78107K(78528K) Class: 21888K(22464K)->21888K(22464K)
[165.323s][info][gc             ] GC(264) Pause Young (Concurrent Start) (G1 Humongous Allocation) 2655M->2401M(2868M) 10.852ms
[165.323s][info][gc,cpu         ] GC(264) User=0.04s Sys=0.00s Real=0.01s
[165.323s][info][gc             ] GC(265) Concurrent Mark Cycle
[165.323s][info][gc,marking     ] GC(265) Concurrent Scan Root Regions
[165.340s][info][gc,marking     ] GC(265) Concurrent Scan Root Regions 16.573ms
[165.340s][info][gc,marking     ] GC(265) Concurrent Mark
[165.340s][info][gc,marking     ] GC(265) Concurrent Mark From Roots
[165.340s][info][gc,task        ] GC(265) Using 1 workers of 1 for marking
[165.393s][info][gc,marking     ] GC(265) Concurrent Mark From Roots 53.546ms
[165.393s][info][gc,marking     ] GC(265) Concurrent Preclean
[165.393s][info][gc,marking     ] GC(265) Concurrent Preclean 0.123ms
[165.393s][info][gc,start       ] GC(265) Pause Remark
[165.396s][info][gc             ] GC(265) Pause Remark 2454M->2244M(2868M) 2.726ms
[165.396s][info][gc,cpu         ] GC(265) User=0.01s Sys=0.00s Real=0.00s
[165.396s][info][gc,marking     ] GC(265) Concurrent Mark 56.561ms
[165.396s][info][gc,marking     ] GC(265) Concurrent Rebuild Remembered Sets and Scrub Regions
[165.437s][info][gc,marking     ] GC(265) Concurrent Rebuild Remembered Sets and Scrub Regions 40.922ms
[165.437s][info][gc,start       ] GC(265) Pause Cleanup
[165.437s][info][gc             ] GC(265) Pause Cleanup 2292M->2292M(2868M) 0.116ms
[165.437s][info][gc,cpu         ] GC(265) User=0.00s Sys=0.00s Real=0.00s
[165.437s][info][gc,marking     ] GC(265) Concurrent Clear Claimed Marks
[165.438s][info][gc,marking     ] GC(265) Concurrent Clear Claimed Marks 0.131ms
[165.438s][info][gc,marking     ] GC(265) Concurrent Cleanup for Next Mark
[165.440s][info][gc,marking     ] GC(265) Concurrent Cleanup for Next Mark 2.330ms
[165.440s][info][gc             ] GC(265) Concurrent Mark Cycle 116.831ms
[165.683s][info][gc,start       ] GC(266) Pause Young (Prepare Mixed) (G1 Evacuation Pause)
[165.683s][info][gc,task        ] GC(266) Using 4 workers of 4 for evacuation
[165.719s][info][gc,phases      ] GC(266)   Pre Evacuate Collection Set: 0.38ms
[165.719s][info][gc,phases      ] GC(266)   Merge Heap Roots: 0.46ms
[165.719s][info][gc,phases      ] GC(266)   Evacuate Collection Set: 24.28ms
[165.719s][info][gc,phases      ] GC(266)   Post Evacuate Collection Set: 10.81ms
[165.719s][info][gc,phases      ] GC(266)   Other: 0.08ms
[165.719s][info][gc,heap        ] GC(266) Eden regions: 159->0(71)
[165.719s][info][gc,heap        ] GC(266) Survivor regions: 2->19(21)
[165.719s][info][gc,heap        ] GC(266) Old regions: 643->788
[165.719s][info][gc,heap        ] GC(266) Humongous regions: 583->487
[165.719s][info][gc,metaspace   ] GC(266) Metaspace: 100009K(101056K)->100009K(101056K) NonClass: 78120K(78592K)->78120K(78592K) Class: 21888K(22464K)->21888K(22464K)
[165.719s][info][gc             ] GC(266) Pause Young (Prepare Mixed) (G1 Evacuation Pause) (Evacuation Failure: Allocation) 2771M->2585M(2868M) 36.177ms
[165.719s][info][gc,cpu         ] GC(266) User=0.12s Sys=0.00s Real=0.04s
[165.954s][info][gc,start       ] GC(267) Pause Young (Mixed) (G1 Evacuation Pause)
[165.954s][info][gc,task        ] GC(267) Using 4 workers of 4 for evacuation
[165.971s][info][gc,phases      ] GC(267)   Pre Evacuate Collection Set: 0.65ms
[165.971s][info][gc,phases      ] GC(267)   Merge Heap Roots: 0.37ms
[165.971s][info][gc,phases      ] GC(267)   Evacuate Collection Set: 9.56ms
[165.971s][info][gc,phases      ] GC(267)   Post Evacuate Collection Set: 6.26ms
[165.971s][info][gc,phases      ] GC(267)   Other: 0.09ms
[165.971s][info][gc,heap        ] GC(267) Eden regions: 71->0(52)
[165.971s][info][gc,heap        ] GC(267) Survivor regions: 19->8(12)
[165.971s][info][gc,heap        ] GC(267) Old regions: 788->877
[165.971s][info][gc,heap        ] GC(267) Humongous regions: 538->497
[165.971s][info][gc,metaspace   ] GC(267) Metaspace: 100009K(101056K)->100009K(101056K) NonClass: 78120K(78592K)->78120K(78592K) Class: 21888K(22464K)->21888K(22464K)
[165.971s][info][gc             ] GC(267) Pause Young (Mixed) (G1 Evacuation Pause) (Evacuation Failure: Allocation) 2829M->2761M(2868M) 17.050ms
[165.971s][info][gc,cpu         ] GC(267) User=0.05s Sys=0.00s Real=0.02s
[165.972s][info][gc,start       ] GC(268) Pause Young (Concurrent Start) (G1 Humongous Allocation)
[165.972s][info][gc,task        ] GC(268) Using 4 workers of 4 for evacuation
[165.984s][info][gc,phases      ] GC(268)   Pre Evacuate Collection Set: 0.34ms
[165.984s][info][gc,phases      ] GC(268)   Merge Heap Roots: 0.15ms
[165.984s][info][gc,phases      ] GC(268)   Evacuate Collection Set: 7.56ms
[165.984s][info][gc,phases      ] GC(268)   Post Evacuate Collection Set: 3.56ms
[165.984s][info][gc,phases      ] GC(268)   Other: 0.07ms
[165.984s][info][gc,heap        ] GC(268) Eden regions: 4->0(38)
[165.984s][info][gc,heap        ] GC(268) Survivor regions: 8->2(8)
[165.984s][info][gc,heap        ] GC(268) Old regions: 877->897
[165.984s][info][gc,heap        ] GC(268) Humongous regions: 497->497
[165.984s][info][gc,metaspace   ] GC(268) Metaspace: 100009K(101056K)->100009K(101056K) NonClass: 78120K(78592K)->78120K(78592K) Class: 21888K(22464K)->21888K(22464K)
[165.984s][info][gc             ] GC(268) Pause Young (Concurrent Start) (G1 Humongous Allocation) (Evacuation Failure: Allocation) 2769M->2789M(2868M) 11.835ms
[165.984s][info][gc,cpu         ] GC(268) User=0.04s Sys=0.00s Real=0.01s
[165.984s][info][gc             ] GC(269) Concurrent Mark Cycle
[165.984s][info][gc,marking     ] GC(269) Concurrent Scan Root Regions
[165.987s][info][gc,start       ] GC(270) Pause Young (Normal) (G1 Humongous Allocation)
[165.987s][info][gc,task        ] GC(270) Using 4 workers of 4 for evacuation
[165.999s][info][gc,marking     ] GC(269) Concurrent Scan Root Regions 15.629ms
[165.999s][info][gc,marking     ] GC(269) Concurrent Mark
[165.999s][info][gc,marking     ] GC(269) Concurrent Mark From Roots
[165.999s][info][gc,task        ] GC(269) Using 1 workers of 1 for marking
[166.006s][info][gc,phases      ] GC(270)   Pre Evacuate Collection Set: 0.17ms
[166.006s][info][gc,phases      ] GC(270)   Merge Heap Roots: 0.09ms
[166.006s][info][gc,phases      ] GC(270)   Evacuate Collection Set: 2.84ms
[166.006s][info][gc,phases      ] GC(270)   Post Evacuate Collection Set: 3.59ms
[166.006s][info][gc,phases      ] GC(270)   Other: 12.33ms
[166.006s][info][gc,heap        ] GC(270) Eden regions: 4->0(14)
[166.006s][info][gc,heap        ] GC(270) Survivor regions: 2->1(5)
[166.006s][info][gc,heap        ] GC(270) Old regions: 897->909
[166.006s][info][gc,heap        ] GC(270) Humongous regions: 523->510
[166.006s][info][gc,metaspace   ] GC(270) Metaspace: 100009K(101056K)->100009K(101056K) NonClass: 78120K(78592K)->78120K(78592K) Class: 21888K(22464K)->21888K(22464K)
[166.006s][info][gc             ] GC(270) Pause Young (Normal) (G1 Humongous Allocation) (Evacuation Failure: Allocation) 2849M->2837M(2868M) 19.103ms
[166.006s][info][gc,cpu         ] GC(270) User=0.04s Sys=0.00s Real=0.01s
[166.007s][info][gc,start       ] GC(271) Pause Young (Normal) (G1 Humongous Allocation)
[166.007s][info][gc,task        ] GC(271) Using 4 workers of 4 for evacuation
[166.014s][info][gc,phases      ] GC(271)   Pre Evacuate Collection Set: 0.16ms
[166.014s][info][gc,phases      ] GC(271)   Merge Heap Roots: 0.09ms
[166.014s][info][gc,phases      ] GC(271)   Evacuate Collection Set: 2.78ms
[166.014s][info][gc,phases      ] GC(271)   Post Evacuate Collection Set: 3.81ms
[166.014s][info][gc,phases      ] GC(271)   Other: 0.05ms
[166.014s][info][gc,heap        ] GC(271) Eden regions: 0->0(10)
[166.014s][info][gc,heap        ] GC(271) Survivor regions: 1->1(2)
[166.014s][info][gc,heap        ] GC(271) Old regions: 909->912
[166.014s][info][gc,heap        ] GC(271) Humongous regions: 513->511
[166.014s][info][gc,metaspace   ] GC(271) Metaspace: 100009K(101056K)->100009K(101056K) NonClass: 78120K(78592K)->78120K(78592K) Class: 21888K(22464K)->21888K(22464K)
[166.014s][info][gc             ] GC(271) Pause Young (Normal) (G1 Humongous Allocation) (Evacuation Failure: Allocation) 2843M->2846M(2868M) 6.943ms
[166.014s][info][gc,cpu         ] GC(271) User=0.02s Sys=0.00s Real=0.00s
[166.015s][info][gc,start       ] GC(272) Pause Young (Normal) (G1 Humongous Allocation)
[166.015s][info][gc,task        ] GC(272) Using 4 workers of 4 for evacuation
[166.022s][info][gc,phases      ] GC(272)   Pre Evacuate Collection Set: 0.23ms
[166.022s][info][gc,phases      ] GC(272)   Merge Heap Roots: 0.11ms
[166.022s][info][gc,phases      ] GC(272)   Evacuate Collection Set: 2.30ms
[166.022s][info][gc,phases      ] GC(272)   Post Evacuate Collection Set: 4.25ms
[166.022s][info][gc,phases      ] GC(272)   Other: 0.06ms
[166.022s][info][gc,heap        ] GC(272) Eden regions: 2->0(4)
[166.022s][info][gc,heap        ] GC(272) Survivor regions: 1->1(2)
[166.022s][info][gc,heap        ] GC(272) Old regions: 912->916
[166.022s][info][gc,heap        ] GC(272) Humongous regions: 516->513
[166.022s][info][gc,metaspace   ] GC(272) Metaspace: 100009K(101056K)->100009K(101056K) NonClass: 78120K(78592K)->78120K(78592K) Class: 21888K(22464K)->21888K(22464K)
[166.022s][info][gc             ] GC(272) Pause Young (Normal) (G1 Humongous Allocation) (Evacuation Failure: Allocation) 2860M->2858M(2868M) 7.063ms
[166.022s][info][gc,cpu         ] GC(272) User=0.02s Sys=0.00s Real=0.01s
[166.022s][info][gc,ergo        ] Attempting full compaction
[166.022s][info][gc,start       ] GC(273) Pause Full (G1 Compaction Pause)
[166.022s][info][gc,task        ] GC(273) Using 4 workers of 4 for full compaction
[166.023s][info][gc,phases,start] GC(273) Phase 1: Mark live objects
[166.040s][info][gc,phases      ] GC(273) Phase 1: Mark live objects 17.356ms
[166.040s][info][gc,phases,start] GC(273) Phase 2: Prepare compaction
[166.042s][info][gc,phases      ] GC(273) Phase 2: Prepare compaction 2.182ms
[166.042s][info][gc,phases,start] GC(273) Phase 3: Adjust pointers
[166.049s][info][gc,phases      ] GC(273) Phase 3: Adjust pointers 7.225ms
[166.049s][info][gc,phases,start] GC(273) Phase 4: Compact heap
[166.056s][info][gc,phases      ] GC(273) Phase 4: Compact heap 7.009ms
[166.056s][info][gc,phases,start] GC(273) Phase 5: Reset Metadata
[166.060s][info][gc,phases      ] GC(273) Phase 5: Reset Metadata 3.059ms
[166.062s][info][gc,heap        ] GC(273) Eden regions: 0->0(556)
[166.062s][info][gc,heap        ] GC(273) Survivor regions: 1->0(2)
[166.062s][info][gc,heap        ] GC(273) Old regions: 916->97
[166.062s][info][gc,heap        ] GC(273) Humongous regions: 513->408
[166.062s][info][gc,metaspace   ] GC(273) Metaspace: 100009K(101056K)->100009K(101056K) NonClass: 78120K(78592K)->78120K(78592K) Class: 21888K(22464K)->21888K(22464K)
[166.062s][info][gc             ] GC(273) Pause Full (G1 Compaction Pause) 2858M->1006M(2868M) 40.292ms
[166.062s][info][gc,cpu         ] GC(273) User=0.14s Sys=0.00s Real=0.04s
[166.062s][info][gc,marking     ] GC(269) Concurrent Mark From Roots 62.922ms
[166.062s][info][gc,marking     ] GC(269) Concurrent Mark Abort
[166.062s][info][gc             ] GC(269) Concurrent Mark Cycle 78.615ms
[166.063s][info][gc,start       ] GC(274) Pause Young (Concurrent Start) (G1 Humongous Allocation)
[166.063s][info][gc,task        ] GC(274) Using 4 workers of 4 for evacuation
[166.064s][info][gc,phases      ] GC(274)   Pre Evacuate Collection Set: 0.17ms
[166.064s][info][gc,phases      ] GC(274)   Merge Heap Roots: 0.03ms
[166.064s][info][gc,phases      ] GC(274)   Evacuate Collection Set: 0.64ms
[166.064s][info][gc,phases      ] GC(274)   Post Evacuate Collection Set: 0.25ms
[166.064s][info][gc,phases      ] GC(274)   Other: 0.04ms
[166.064s][info][gc,heap        ] GC(274) Eden regions: 1->0(597)
[166.064s][info][gc,heap        ] GC(274) Survivor regions: 0->1(70)
[166.064s][info][gc,heap        ] GC(274) Old regions: 97->97
[166.064s][info][gc,heap        ] GC(274) Humongous regions: 419->419
[166.064s][info][gc,metaspace   ] GC(274) Metaspace: 100009K(101056K)->100009K(101056K) NonClass: 78120K(78592K)->78120K(78592K) Class: 21888K(22464K)->21888K(22464K)
[166.064s][info][gc             ] GC(274) Pause Young (Concurrent Start) (G1 Humongous Allocation) 1028M->1028M(2868M) 1.181ms
[166.064s][info][gc,cpu         ] GC(274) User=0.00s Sys=0.00s Real=0.00s
[166.064s][info][gc             ] GC(275) Concurrent Mark Cycle
[166.064s][info][gc,marking     ] GC(275) Concurrent Scan Root Regions
[166.064s][info][gc,marking     ] GC(275) Concurrent Scan Root Regions 0.087ms
[166.064s][info][gc,marking     ] GC(275) Concurrent Mark
[166.064s][info][gc,marking     ] GC(275) Concurrent Mark From Roots
[166.064s][info][gc,task        ] GC(275) Using 1 workers of 1 for marking
[166.125s][info][gc,marking     ] GC(275) Concurrent Mark From Roots 60.497ms
[166.125s][info][gc,marking     ] GC(275) Concurrent Preclean
[166.125s][info][gc,marking     ] GC(275) Concurrent Preclean 0.157ms
[166.125s][info][gc,start       ] GC(275) Pause Remark
[166.128s][info][gc             ] GC(275) Pause Remark 1610M->1610M(2868M) 3.255ms
[166.128s][info][gc,cpu         ] GC(275) User=0.01s Sys=0.00s Real=0.01s
[166.128s][info][gc,marking     ] GC(275) Concurrent Mark 64.085ms
[166.128s][info][gc,marking     ] GC(275) Concurrent Rebuild Remembered Sets and Scrub Regions
[166.149s][info][gc,marking     ] GC(275) Concurrent Rebuild Remembered Sets and Scrub Regions 21.166ms
[166.150s][info][gc,start       ] GC(275) Pause Cleanup
[166.150s][info][gc             ] GC(275) Pause Cleanup 1677M->1677M(2868M) 0.262ms
[166.150s][info][gc,cpu         ] GC(275) User=0.00s Sys=0.00s Real=0.00s
[166.150s][info][gc,marking     ] GC(275) Concurrent Clear Claimed Marks
[166.150s][info][gc,marking     ] GC(275) Concurrent Clear Claimed Marks 0.180ms
[166.150s][info][gc,marking     ] GC(275) Concurrent Cleanup for Next Mark
[166.152s][info][gc,marking     ] GC(275) Concurrent Cleanup for Next Mark 1.750ms
[166.152s][info][gc             ] GC(275) Concurrent Mark Cycle 88.351ms
[167.458s][info][gc,start       ] GC(276) Pause Young (Prepare Mixed) (G1 Evacuation Pause)
[167.458s][info][gc,task        ] GC(276) Using 4 workers of 4 for evacuation
[167.465s][info][gc,phases      ] GC(276)   Pre Evacuate Collection Set: 0.26ms
[167.466s][info][gc,phases      ] GC(276)   Merge Heap Roots: 0.12ms
[167.466s][info][gc,phases      ] GC(276)   Evacuate Collection Set: 3.15ms
[167.466s][info][gc,phases      ] GC(276)   Post Evacuate Collection Set: 3.92ms
[167.466s][info][gc,phases      ] GC(276)   Other: 0.06ms
[167.466s][info][gc,heap        ] GC(276) Eden regions: 299->0(358)
[167.466s][info][gc,heap        ] GC(276) Survivor regions: 1->0(0)
[167.466s][info][gc,heap        ] GC(276) Old regions: 97->339
[167.466s][info][gc,heap        ] GC(276) Humongous regions: 1037->587
[167.466s][info][gc,metaspace   ] GC(276) Metaspace: 100019K(101056K)->100019K(101056K) NonClass: 78131K(78592K)->78131K(78592K) Class: 21888K(22464K)->21888K(22464K)
[167.466s][info][gc             ] GC(276) Pause Young (Prepare Mixed) (G1 Evacuation Pause) (Evacuation Failure: Allocation) 2862M->1846M(2868M) 8.536ms
[167.466s][info][gc,cpu         ] GC(276) User=0.03s Sys=0.00s Real=0.00s
[167.917s][info][gc,start       ] GC(277) Pause Young (Mixed) (G1 Evacuation Pause)
[167.917s][info][gc,task        ] GC(277) Using 4 workers of 4 for evacuation
[167.925s][info][gc,phases      ] GC(277)   Pre Evacuate Collection Set: 0.20ms
[167.925s][info][gc,phases      ] GC(277)   Merge Heap Roots: 0.09ms
[167.925s][info][gc,phases      ] GC(277)   Evacuate Collection Set: 2.53ms
[167.925s][info][gc,phases      ] GC(277)   Post Evacuate Collection Set: 4.43ms
[167.925s][info][gc,phases      ] GC(277)   Other: 0.06ms
[167.925s][info][gc,heap        ] GC(277) Eden regions: 100->0(218)
[167.925s][info][gc,heap        ] GC(277) Survivor regions: 0->0(0)
[167.925s][info][gc,heap        ] GC(277) Old regions: 339->432
[167.925s][info][gc,heap        ] GC(277) Humongous regions: 995->702
[167.925s][info][gc,metaspace   ] GC(277) Metaspace: 100019K(101056K)->100019K(101056K) NonClass: 78131K(78592K)->78131K(78592K) Class: 21888K(22464K)->21888K(22464K)
[167.925s][info][gc             ] GC(277) Pause Young (Mixed) (G1 Evacuation Pause) (Evacuation Failure: Allocation) 2862M->2262M(2868M) 7.410ms
[167.925s][info][gc,cpu         ] GC(277) User=0.03s Sys=0.00s Real=0.00s
[168.127s][info][gc,start       ] GC(278) Pause Young (Concurrent Start) (G1 Humongous Allocation)
[168.127s][info][gc,task        ] GC(278) Using 4 workers of 4 for evacuation
[168.135s][info][gc,phases      ] GC(278)   Pre Evacuate Collection Set: 0.36ms
[168.135s][info][gc,phases      ] GC(278)   Merge Heap Roots: 0.15ms
[168.135s][info][gc,phases      ] GC(278)   Evacuate Collection Set: 7.07ms
[168.135s][info][gc,phases      ] GC(278)   Post Evacuate Collection Set: 0.53ms
[168.135s][info][gc,phases      ] GC(278)   Other: 0.06ms
[168.135s][info][gc,heap        ] GC(278) Eden regions: 22->0(280)
[168.135s][info][gc,heap        ] GC(278) Survivor regions: 0->11(28)
[168.135s][info][gc,heap        ] GC(278) Old regions: 432->239
[168.135s][info][gc,heap        ] GC(278) Humongous regions: 702->702
[168.135s][info][gc,metaspace   ] GC(278) Metaspace: 100019K(101056K)->100019K(101056K) NonClass: 78131K(78592K)->78131K(78592K) Class: 21888K(22464K)->21888K(22464K)
[168.135s][info][gc             ] GC(278) Pause Young (Concurrent Start) (G1 Humongous Allocation) 2305M->1899M(2868M) 8.272ms
[168.135s][info][gc,cpu         ] GC(278) User=0.03s Sys=0.00s Real=0.01s
[168.135s][info][gc             ] GC(279) Concurrent Mark Cycle
[168.135s][info][gc,marking     ] GC(279) Concurrent Scan Root Regions
[168.142s][info][gc,marking     ] GC(279) Concurrent Scan Root Regions 6.789ms
[168.142s][info][gc,marking     ] GC(279) Concurrent Mark
[168.142s][info][gc,marking     ] GC(279) Concurrent Mark From Roots
[168.142s][info][gc,task        ] GC(279) Using 1 workers of 1 for marking
[168.181s][info][gc,marking     ] GC(279) Concurrent Mark From Roots 39.137ms
[168.181s][info][gc,marking     ] GC(279) Concurrent Preclean
[168.181s][info][gc,marking     ] GC(279) Concurrent Preclean 0.115ms
[168.181s][info][gc,start       ] GC(279) Pause Remark
[168.184s][info][gc             ] GC(279) Pause Remark 1945M->1439M(2868M) 2.418ms
[168.184s][info][gc,cpu         ] GC(279) User=0.01s Sys=0.00s Real=0.00s
[168.184s][info][gc,marking     ] GC(279) Concurrent Mark 41.820ms
[168.184s][info][gc,marking     ] GC(279) Concurrent Rebuild Remembered Sets and Scrub Regions
[168.206s][info][gc,marking     ] GC(279) Concurrent Rebuild Remembered Sets and Scrub Regions 21.930ms
[168.206s][info][gc,start       ] GC(279) Pause Cleanup
[168.206s][info][gc             ] GC(279) Pause Cleanup 1444M->1444M(2868M) 0.198ms
[168.206s][info][gc,cpu         ] GC(279) User=0.00s Sys=0.00s Real=0.00s
[168.206s][info][gc,marking     ] GC(279) Concurrent Clear Claimed Marks
[168.206s][info][gc,marking     ] GC(279) Concurrent Clear Claimed Marks 0.123ms
[168.206s][info][gc,marking     ] GC(279) Concurrent Cleanup for Next Mark
[168.207s][info][gc,marking     ] GC(279) Concurrent Cleanup for Next Mark 1.185ms
[168.208s][info][gc             ] GC(279) Concurrent Mark Cycle 72.447ms
[169.353s][info][gc,start       ] GC(280) Pause Young (Prepare Mixed) (G1 Evacuation Pause)
[169.353s][info][gc,task        ] GC(280) Using 4 workers of 4 for evacuation
[169.367s][info][gc,phases      ] GC(280)   Pre Evacuate Collection Set: 0.23ms
[169.367s][info][gc,phases      ] GC(280)   Merge Heap Roots: 0.15ms
[169.367s][info][gc,phases      ] GC(280)   Evacuate Collection Set: 12.41ms
[169.367s][info][gc,phases      ] GC(280)   Post Evacuate Collection Set: 0.67ms
[169.367s][info][gc,phases      ] GC(280)   Other: 0.06ms
[169.367s][info][gc,heap        ] GC(280) Eden regions: 280->0(345)
[169.367s][info][gc,heap        ] GC(280) Survivor regions: 11->37(37)
[169.367s][info][gc,heap        ] GC(280) Old regions: 236->257
[169.367s][info][gc,heap        ] GC(280) Humongous regions: 750->527
[169.367s][info][gc,metaspace   ] GC(280) Metaspace: 100032K(101056K)->100032K(101056K) NonClass: 78143K(78592K)->78143K(78592K) Class: 21889K(22464K)->21889K(22464K)
[169.367s][info][gc             ] GC(280) Pause Young (Prepare Mixed) (G1 Evacuation Pause) 2549M->1639M(2868M) 13.630ms
[169.367s][info][gc,cpu         ] GC(280) User=0.05s Sys=0.00s Real=0.01s
[170.568s][info][gc,start       ] GC(281) Pause Young (Mixed) (G1 Humongous Allocation)
[170.568s][info][gc,task        ] GC(281) Using 4 workers of 4 for evacuation
[170.574s][info][gc,phases      ] GC(281)   Pre Evacuate Collection Set: 0.35ms
[170.574s][info][gc,phases      ] GC(281)   Merge Heap Roots: 0.12ms
[170.574s][info][gc,phases      ] GC(281)   Evacuate Collection Set: 2.73ms
[170.574s][info][gc,phases      ] GC(281)   Post Evacuate Collection Set: 2.38ms
[170.574s][info][gc,phases      ] GC(281)   Other: 0.06ms
[170.574s][info][gc,heap        ] GC(281) Eden regions: 120->0(206)
[170.574s][info][gc,heap        ] GC(281) Survivor regions: 37->0(0)
[170.574s][info][gc,heap        ] GC(281) Old regions: 257->407
[170.574s][info][gc,heap        ] GC(281) Humongous regions: 1020->672
[170.574s][info][gc,metaspace   ] GC(281) Metaspace: 100032K(101056K)->100032K(101056K) NonClass: 78143K(78592K)->78143K(78592K) Class: 21889K(22464K)->21889K(22464K)
[170.574s][info][gc             ] GC(281) Pause Young (Mixed) (G1 Humongous Allocation) (Evacuation Failure: Allocation) 2865M->2155M(2868M) 5.764ms
[170.574s][info][gc,cpu         ] GC(281) User=0.02s Sys=0.00s Real=0.00s
[170.575s][info][gc,start       ] GC(282) Pause Young (Concurrent Start) (G1 Humongous Allocation)
[170.575s][info][gc,task        ] GC(282) Using 4 workers of 4 for evacuation
[170.580s][info][gc,phases      ] GC(282)   Pre Evacuate Collection Set: 0.17ms
[170.580s][info][gc,phases      ] GC(282)   Merge Heap Roots: 0.05ms
[170.580s][info][gc,phases      ] GC(282)   Evacuate Collection Set: 3.82ms
[170.580s][info][gc,phases      ] GC(282)   Post Evacuate Collection Set: 0.55ms
[170.580s][info][gc,phases      ] GC(282)   Other: 0.04ms
[170.580s][info][gc,heap        ] GC(282) Eden regions: 2->0(284)
[170.580s][info][gc,heap        ] GC(282) Survivor regions: 0->1(26)
[170.580s][info][gc,heap        ] GC(282) Old regions: 407->301
[170.580s][info][gc,heap        ] GC(282) Humongous regions: 673->673
[170.580s][info][gc,metaspace   ] GC(282) Metaspace: 100032K(101056K)->100032K(101056K) NonClass: 78143K(78592K)->78143K(78592K) Class: 21889K(22464K)->21889K(22464K)
[170.580s][info][gc             ] GC(282) Pause Young (Concurrent Start) (G1 Humongous Allocation) 2160M->1946M(2868M) 4.706ms
[170.580s][info][gc,cpu         ] GC(282) User=0.01s Sys=0.00s Real=0.01s
[170.580s][info][gc             ] GC(283) Concurrent Mark Cycle
[170.580s][info][gc,marking     ] GC(283) Concurrent Scan Root Regions
[170.585s][info][gc,marking     ] GC(283) Concurrent Scan Root Regions 4.905ms
[170.585s][info][gc,marking     ] GC(283) Concurrent Mark
[170.585s][info][gc,marking     ] GC(283) Concurrent Mark From Roots
[170.585s][info][gc,task        ] GC(283) Using 1 workers of 1 for marking
[170.640s][info][gc,marking     ] GC(283) Concurrent Mark From Roots 55.383ms
[170.640s][info][gc,marking     ] GC(283) Concurrent Preclean
[170.640s][info][gc,marking     ] GC(283) Concurrent Preclean 0.123ms
[170.640s][info][gc,start       ] GC(283) Pause Remark
[170.647s][info][gc             ] GC(283) Pause Remark 1997M->1323M(2868M) 6.364ms
[170.647s][info][gc,cpu         ] GC(283) User=0.02s Sys=0.00s Real=0.00s
[170.647s][info][gc,marking     ] GC(283) Concurrent Mark 62.032ms
[170.647s][info][gc,marking     ] GC(283) Concurrent Rebuild Remembered Sets and Scrub Regions
[170.669s][info][gc,marking     ] GC(283) Concurrent Rebuild Remembered Sets and Scrub Regions 22.759ms
[170.670s][info][gc,start       ] GC(283) Pause Cleanup
[170.670s][info][gc             ] GC(283) Pause Cleanup 1331M->1331M(2868M) 0.106ms
[170.670s][info][gc,cpu         ] GC(283) User=0.00s Sys=0.00s Real=0.00s
[170.670s][info][gc,marking     ] GC(283) Concurrent Clear Claimed Marks
[170.670s][info][gc,marking     ] GC(283) Concurrent Clear Claimed Marks 0.135ms
[170.670s][info][gc,marking     ] GC(283) Concurrent Cleanup for Next Mark
[170.672s][info][gc,marking     ] GC(283) Concurrent Cleanup for Next Mark 2.287ms
[170.672s][info][gc             ] GC(283) Concurrent Mark Cycle 92.430ms
[171.367s][info][gc,start       ] GC(284) Pause Young (Prepare Mixed) (G1 Humongous Allocation)
[171.367s][info][gc,task        ] GC(284) Using 4 workers of 4 for evacuation
[171.371s][info][gc,phases      ] GC(284)   Pre Evacuate Collection Set: 0.27ms
[171.371s][info][gc,phases      ] GC(284)   Merge Heap Roots: 0.11ms
[171.371s][info][gc,phases      ] GC(284)   Evacuate Collection Set: 1.54ms
[171.371s][info][gc,phases      ] GC(284)   Post Evacuate Collection Set: 2.39ms
[171.371s][info][gc,phases      ] GC(284)   Other: 0.08ms
[171.371s][info][gc,heap        ] GC(284) Eden regions: 250->0(299)
[171.371s][info][gc,heap        ] GC(284) Survivor regions: 1->3(3)
[171.371s][info][gc,heap        ] GC(284) Old regions: 234->422
[171.371s][info][gc,heap        ] GC(284) Humongous regions: 946->562
[171.371s][info][gc,metaspace   ] GC(284) Metaspace: 100033K(101056K)->100033K(101056K) NonClass: 78144K(78592K)->78144K(78592K) Class: 21889K(22464K)->21889K(22464K)
[171.371s][info][gc             ] GC(284) Pause Young (Prepare Mixed) (G1 Humongous Allocation) (Evacuation Failure: Allocation) 2857M->1970M(2868M) 4.501ms
[171.371s][info][gc,cpu         ] GC(284) User=0.02s Sys=0.00s Real=0.00s
[172.602s][info][gc,start       ] GC(285) Pause Young (Mixed) (G1 Evacuation Pause)
[172.602s][info][gc,task        ] GC(285) Using 4 workers of 4 for evacuation
[172.612s][info][gc,phases      ] GC(285)   Pre Evacuate Collection Set: 0.27ms
[172.612s][info][gc,phases      ] GC(285)   Merge Heap Roots: 0.09ms
[172.612s][info][gc,phases      ] GC(285)   Evacuate Collection Set: 3.03ms
[172.612s][info][gc,phases      ] GC(285)   Post Evacuate Collection Set: 6.31ms
[172.612s][info][gc,phases      ] GC(285)   Other: 0.06ms
[172.612s][info][gc,heap        ] GC(285) Eden regions: 228->0(177)
[172.612s][info][gc,heap        ] GC(285) Survivor regions: 3->0(0)
[172.612s][info][gc,heap        ] GC(285) Old regions: 422->587
[172.612s][info][gc,heap        ] GC(285) Humongous regions: 781->597
[172.612s][info][gc,metaspace   ] GC(285) Metaspace: 100039K(101056K)->100039K(101056K) NonClass: 78150K(78592K)->78150K(78592K) Class: 21889K(22464K)->21889K(22464K)
[172.612s][info][gc             ] GC(285) Pause Young (Mixed) (G1 Evacuation Pause) (Evacuation Failure: Allocation) 2864M->2365M(2868M) 9.891ms
[172.612s][info][gc,cpu         ] GC(285) User=0.04s Sys=0.00s Real=0.01s
[172.650s][info][gc,start       ] GC(286) Pause Young (Concurrent Start) (G1 Humongous Allocation)
[172.650s][info][gc,task        ] GC(286) Using 4 workers of 4 for evacuation
[172.665s][info][gc,phases      ] GC(286)   Pre Evacuate Collection Set: 0.57ms
[172.665s][info][gc,phases      ] GC(286)   Merge Heap Roots: 0.09ms
[172.665s][info][gc,phases      ] GC(286)   Evacuate Collection Set: 13.06ms
[172.665s][info][gc,phases      ] GC(286)   Post Evacuate Collection Set: 0.48ms
[172.665s][info][gc,phases      ] GC(286)   Other: 0.06ms
[172.665s][info][gc,heap        ] GC(286) Eden regions: 22->0(262)
[172.665s][info][gc,heap        ] GC(286) Survivor regions: 0->11(23)
[172.665s][info][gc,heap        ] GC(286) Old regions: 587->374
[172.665s][info][gc,heap        ] GC(286) Humongous regions: 597->597
[172.665s][info][gc,metaspace   ] GC(286) Metaspace: 100039K(101056K)->100039K(101056K) NonClass: 78150K(78592K)->78150K(78592K) Class: 21889K(22464K)->21889K(22464K)
[172.665s][info][gc             ] GC(286) Pause Young (Concurrent Start) (G1 Humongous Allocation) 2409M->1963M(2868M) 14.347ms
[172.665s][info][gc             ] GC(287) Concurrent Mark Cycle
[172.665s][info][gc,marking     ] GC(287) Concurrent Scan Root Regions
[172.665s][info][gc,cpu         ] GC(286) User=0.05s Sys=0.01s Real=0.01s
[172.678s][info][gc,marking     ] GC(287) Concurrent Scan Root Regions 12.902ms
[172.678s][info][gc,marking     ] GC(287) Concurrent Mark
[172.678s][info][gc,marking     ] GC(287) Concurrent Mark From Roots
[172.678s][info][gc,task        ] GC(287) Using 1 workers of 1 for marking
[172.736s][info][gc,marking     ] GC(287) Concurrent Mark From Roots 58.313ms
[172.736s][info][gc,marking     ] GC(287) Concurrent Preclean
[172.736s][info][gc,marking     ] GC(287) Concurrent Preclean 0.123ms
[172.736s][info][gc,start       ] GC(287) Pause Remark
[172.739s][info][gc             ] GC(287) Pause Remark 2500M->1906M(2868M) 3.030ms
[172.739s][info][gc,cpu         ] GC(287) User=0.01s Sys=0.00s Real=0.01s
[172.739s][info][gc,marking     ] GC(287) Concurrent Mark 61.626ms
[172.739s][info][gc,marking     ] GC(287) Concurrent Rebuild Remembered Sets and Scrub Regions
[172.765s][info][gc,marking     ] GC(287) Concurrent Rebuild Remembered Sets and Scrub Regions 26.144ms
[172.766s][info][gc,start       ] GC(287) Pause Cleanup
[172.766s][info][gc             ] GC(287) Pause Cleanup 1975M->1975M(2868M) 0.105ms
[172.766s][info][gc,cpu         ] GC(287) User=0.00s Sys=0.00s Real=0.00s
[172.766s][info][gc,marking     ] GC(287) Concurrent Clear Claimed Marks
[172.766s][info][gc,marking     ] GC(287) Concurrent Clear Claimed Marks 0.145ms
[172.766s][info][gc,marking     ] GC(287) Concurrent Cleanup for Next Mark
[172.768s][info][gc,marking     ] GC(287) Concurrent Cleanup for Next Mark 2.302ms
[172.769s][info][gc             ] GC(287) Concurrent Mark Cycle 103.794ms
[173.824s][info][gc,start       ] GC(288) Pause Young (Prepare Mixed) (G1 Evacuation Pause)
[173.824s][info][gc,task        ] GC(288) Using 4 workers of 4 for evacuation
[173.831s][info][gc,phases      ] GC(288)   Pre Evacuate Collection Set: 0.22ms
[173.831s][info][gc,phases      ] GC(288)   Merge Heap Roots: 0.08ms
[173.831s][info][gc,phases      ] GC(288)   Evacuate Collection Set: 2.58ms
[173.831s][info][gc,phases      ] GC(288)   Post Evacuate Collection Set: 4.06ms
[173.831s][info][gc,phases      ] GC(288)   Other: 0.06ms
[173.831s][info][gc,heap        ] GC(288) Eden regions: 239->0(330)
[173.831s][info][gc,heap        ] GC(288) Survivor regions: 11->0(0)
[173.831s][info][gc,heap        ] GC(288) Old regions: 297->476
[173.831s][info][gc,heap        ] GC(288) Humongous regions: 887->437
[173.831s][info][gc,metaspace   ] GC(288) Metaspace: 100039K(101056K)->100039K(101056K) NonClass: 78150K(78592K)->78150K(78592K) Class: 21889K(22464K)->21889K(22464K)
[173.831s][info][gc             ] GC(288) Pause Young (Prepare Mixed) (G1 Evacuation Pause) (Evacuation Failure: Allocation) 2867M->1825M(2868M) 7.100ms
[173.832s][info][gc,cpu         ] GC(288) User=0.02s Sys=0.00s Real=0.01s
[174.542s][info][gc,start       ] GC(289) Pause Young (Mixed) (G1 Humongous Allocation)
[174.543s][info][gc,task        ] GC(289) Using 4 workers of 4 for evacuation
[174.551s][info][gc,phases      ] GC(289)   Pre Evacuate Collection Set: 0.37ms
[174.551s][info][gc,phases      ] GC(289)   Merge Heap Roots: 0.18ms
[174.551s][info][gc,phases      ] GC(289)   Evacuate Collection Set: 3.15ms
[174.551s][info][gc,phases      ] GC(289)   Post Evacuate Collection Set: 4.84ms
[174.551s][info][gc,phases      ] GC(289)   Other: 0.07ms
[174.551s][info][gc,heap        ] GC(289) Eden regions: 115->0(230)
[174.551s][info][gc,heap        ] GC(289) Survivor regions: 0->2(5)
[174.551s][info][gc,heap        ] GC(289) Old regions: 476->562
[174.551s][info][gc,heap        ] GC(289) Humongous regions: 838->523
[174.551s][info][gc,metaspace   ] GC(289) Metaspace: 100039K(101056K)->100039K(101056K) NonClass: 78150K(78592K)->78150K(78592K) Class: 21889K(22464K)->21889K(22464K)
[174.551s][info][gc             ] GC(289) Pause Young (Mixed) (G1 Humongous Allocation) (Evacuation Failure: Allocation) 2857M->2173M(2868M) 8.709ms
[174.551s][info][gc,cpu         ] GC(289) User=0.03s Sys=0.00s Real=0.01s
[174.552s][info][gc,start       ] GC(290) Pause Young (Concurrent Start) (G1 Humongous Allocation)
[174.552s][info][gc,task        ] GC(290) Using 4 workers of 4 for evacuation
[174.562s][info][gc,phases      ] GC(290)   Pre Evacuate Collection Set: 0.36ms
[174.562s][info][gc,phases      ] GC(290)   Merge Heap Roots: 0.09ms
[174.562s][info][gc,phases      ] GC(290)   Evacuate Collection Set: 9.18ms
[174.562s][info][gc,phases      ] GC(290)   Post Evacuate Collection Set: 0.67ms
[174.562s][info][gc,phases      ] GC(290)   Other: 0.07ms
[174.562s][info][gc,heap        ] GC(290) Eden regions: 2->0(335)
[174.562s][info][gc,heap        ] GC(290) Survivor regions: 2->3(29)
[174.562s][info][gc,heap        ] GC(290) Old regions: 562->398
[174.562s][info][gc,heap        ] GC(290) Humongous regions: 525->524
[174.562s][info][gc,metaspace   ] GC(290) Metaspace: 100039K(101056K)->100039K(101056K) NonClass: 78150K(78592K)->78150K(78592K) Class: 21889K(22464K)->21889K(22464K)
[174.562s][info][gc             ] GC(290) Pause Young (Concurrent Start) (G1 Humongous Allocation) 2180M->1848M(2868M) 10.456ms
[174.562s][info][gc,cpu         ] GC(290) User=0.04s Sys=0.00s Real=0.01s
[174.562s][info][gc             ] GC(291) Concurrent Mark Cycle
[174.562s][info][gc,marking     ] GC(291) Concurrent Scan Root Regions
[174.574s][info][gc,marking     ] GC(291) Concurrent Scan Root Regions 11.771ms
[174.574s][info][gc,marking     ] GC(291) Concurrent Mark
[174.574s][info][gc,marking     ] GC(291) Concurrent Mark From Roots
[174.574s][info][gc,task        ] GC(291) Using 1 workers of 1 for marking
[174.639s][info][gc,marking     ] GC(291) Concurrent Mark From Roots 64.620ms
[174.639s][info][gc,marking     ] GC(291) Concurrent Preclean
[174.639s][info][gc,marking     ] GC(291) Concurrent Preclean 0.219ms
[174.639s][info][gc,start       ] GC(291) Pause Remark
[174.644s][info][gc             ] GC(291) Pause Remark 1925M->1637M(2868M) 5.047ms
[174.644s][info][gc,cpu         ] GC(291) User=0.02s Sys=0.00s Real=0.00s
[174.644s][info][gc,marking     ] GC(291) Concurrent Mark 70.162ms
[174.644s][info][gc,marking     ] GC(291) Concurrent Rebuild Remembered Sets and Scrub Regions
[174.677s][info][gc,marking     ] GC(291) Concurrent Rebuild Remembered Sets and Scrub Regions 32.814ms
[174.677s][info][gc,start       ] GC(291) Pause Cleanup
[174.677s][info][gc             ] GC(291) Pause Cleanup 1642M->1642M(2868M) 0.115ms
[174.677s][info][gc,cpu         ] GC(291) User=0.00s Sys=0.00s Real=0.00s
[174.677s][info][gc,marking     ] GC(291) Concurrent Clear Claimed Marks
[174.678s][info][gc,marking     ] GC(291) Concurrent Clear Claimed Marks 0.134ms
[174.678s][info][gc,marking     ] GC(291) Concurrent Cleanup for Next Mark
[174.680s][info][gc,marking     ] GC(291) Concurrent Cleanup for Next Mark 1.922ms
[174.680s][info][gc             ] GC(291) Concurrent Mark Cycle 117.162ms
[175.619s][info][gc,start       ] GC(292) Pause Young (Prepare Mixed) (G1 Humongous Allocation)
[175.619s][info][gc,task        ] GC(292) Using 4 workers of 4 for evacuation
[175.625s][info][gc,phases      ] GC(292)   Pre Evacuate Collection Set: 0.41ms
[175.625s][info][gc,phases      ] GC(292)   Merge Heap Roots: 0.16ms
[175.625s][info][gc,phases      ] GC(292)   Evacuate Collection Set: 2.53ms
[175.625s][info][gc,phases      ] GC(292)   Post Evacuate Collection Set: 3.68ms
[175.625s][info][gc,phases      ] GC(292)   Other: 0.06ms
[175.625s][info][gc,heap        ] GC(292) Eden regions: 230->0(326)
[175.625s][info][gc,heap        ] GC(292) Survivor regions: 3->0(0)
[175.625s][info][gc,heap        ] GC(292) Old regions: 379->553
[175.625s][info][gc,heap        ] GC(292) Humongous regions: 822->423
[175.625s][info][gc,metaspace   ] GC(292) Metaspace: 100054K(101056K)->100054K(101056K) NonClass: 78164K(78592K)->78164K(78592K) Class: 21889K(22464K)->21889K(22464K)
[175.625s][info][gc             ] GC(292) Pause Young (Prepare Mixed) (G1 Humongous Allocation) (Evacuation Failure: Allocation) 2866M->1950M(2868M) 6.937ms
[175.626s][info][gc,cpu         ] GC(292) User=0.03s Sys=0.00s Real=0.00s
[176.311s][info][gc,start       ] GC(293) Pause Young (Mixed) (G1 Humongous Allocation)
[176.311s][info][gc,task        ] GC(293) Using 4 workers of 4 for evacuation
[176.322s][info][gc,phases      ] GC(293)   Pre Evacuate Collection Set: 0.35ms
[176.322s][info][gc,phases      ] GC(293)   Merge Heap Roots: 0.11ms
[176.322s][info][gc,phases      ] GC(293)   Evacuate Collection Set: 3.76ms
[176.322s][info][gc,phases      ] GC(293)   Post Evacuate Collection Set: 6.77ms
[176.322s][info][gc,phases      ] GC(293)   Other: 0.08ms
[176.322s][info][gc,heap        ] GC(293) Eden regions: 179->0(263)
[176.322s][info][gc,heap        ] GC(293) Survivor regions: 0->1(7)
[176.322s][info][gc,heap        ] GC(293) Old regions: 553->635
[176.322s][info][gc,heap        ] GC(293) Humongous regions: 695->445
[176.322s][info][gc,metaspace   ] GC(293) Metaspace: 100054K(101056K)->100054K(101056K) NonClass: 78164K(78592K)->78164K(78592K) Class: 21889K(22464K)->21889K(22464K)
[176.322s][info][gc             ] GC(293) Pause Young (Mixed) (G1 Humongous Allocation) (Evacuation Failure: Allocation) 2851M->2159M(2868M) 11.249ms
[176.322s][info][gc,cpu         ] GC(293) User=0.04s Sys=0.00s Real=0.01s
[176.325s][info][gc,start       ] GC(294) Pause Young (Concurrent Start) (G1 Humongous Allocation)
[176.325s][info][gc,task        ] GC(294) Using 4 workers of 4 for evacuation
[176.335s][info][gc,phases      ] GC(294)   Pre Evacuate Collection Set: 0.47ms
[176.335s][info][gc,phases      ] GC(294)   Merge Heap Roots: 0.10ms
[176.335s][info][gc,phases      ] GC(294)   Evacuate Collection Set: 8.00ms
[176.335s][info][gc,phases      ] GC(294)   Post Evacuate Collection Set: 0.75ms
[176.335s][info][gc,phases      ] GC(294)   Other: 0.07ms
[176.335s][info][gc,heap        ] GC(294) Eden regions: 1->0(429)
[176.335s][info][gc,heap        ] GC(294) Survivor regions: 1->2(33)
[176.335s][info][gc,heap        ] GC(294) Old regions: 635->395
[176.335s][info][gc,heap        ] GC(294) Humongous regions: 450->444
[176.335s][info][gc,metaspace   ] GC(294) Metaspace: 100054K(101056K)->100054K(101056K) NonClass: 78164K(78592K)->78164K(78592K) Class: 21889K(22464K)->21889K(22464K)
[176.335s][info][gc             ] GC(294) Pause Young (Concurrent Start) (G1 Humongous Allocation) 2171M->1678M(2868M) 9.791ms
[176.335s][info][gc,cpu         ] GC(294) User=0.04s Sys=0.00s Real=0.01s
[176.335s][info][gc             ] GC(295) Concurrent Mark Cycle
[176.335s][info][gc,marking     ] GC(295) Concurrent Scan Root Regions
[176.346s][info][gc,marking     ] GC(295) Concurrent Scan Root Regions 10.943ms
[176.346s][info][gc,marking     ] GC(295) Concurrent Mark
[176.346s][info][gc,marking     ] GC(295) Concurrent Mark From Roots
[176.346s][info][gc,task        ] GC(295) Using 1 workers of 1 for marking
[176.397s][info][gc,marking     ] GC(295) Concurrent Mark From Roots 51.142ms
[176.397s][info][gc,marking     ] GC(295) Concurrent Preclean
[176.397s][info][gc,marking     ] GC(295) Concurrent Preclean 0.117ms
[176.397s][info][gc,start       ] GC(295) Pause Remark
[176.400s][info][gc             ] GC(295) Pause Remark 2007M->1801M(2868M) 2.915ms
[176.400s][info][gc,cpu         ] GC(295) User=0.01s Sys=0.00s Real=0.00s
[176.400s][info][gc,marking     ] GC(295) Concurrent Mark 54.317ms
[176.400s][info][gc,marking     ] GC(295) Concurrent Rebuild Remembered Sets and Scrub Regions
[176.429s][info][gc,marking     ] GC(295) Concurrent Rebuild Remembered Sets and Scrub Regions 28.908ms
[176.429s][info][gc,start       ] GC(295) Pause Cleanup
[176.429s][info][gc             ] GC(295) Pause Cleanup 1802M->1802M(2868M) 0.091ms
[176.429s][info][gc,cpu         ] GC(295) User=0.00s Sys=0.00s Real=0.00s
[176.429s][info][gc,marking     ] GC(295) Concurrent Clear Claimed Marks
[176.430s][info][gc,marking     ] GC(295) Concurrent Clear Claimed Marks 0.156ms
[176.430s][info][gc,marking     ] GC(295) Concurrent Cleanup for Next Mark
[176.431s][info][gc,marking     ] GC(295) Concurrent Cleanup for Next Mark 1.239ms
[176.431s][info][gc             ] GC(295) Concurrent Mark Cycle 95.895ms
