[0.005s][info][gc,init] CardTable entry size: 512
[0.005s][info][gc     ] Using Parallel
[0.007s][info][gc,init] Version: 25.0.4.1+1-LTS (release)
[0.007s][info][gc,init] CPUs: 12 total, 4 available
[0.007s][info][gc,init] Memory: 4096M
[0.007s][info][gc,init] Large Page Support: Disabled
[0.007s][info][gc,init] NUMA Support: Disabled
[0.007s][info][gc,init] Compressed Oops: Enabled (Zero based)
[0.007s][info][gc,init] Alignments: Space 512K, Generation 512K, Heap 2M
[0.007s][info][gc,init] Heap Min Capacity: 8M
[0.007s][info][gc,init] Heap Initial Capacity: 2868M
[0.007s][info][gc,init] Heap Max Capacity: 2868M
[0.007s][info][gc,init] Pre-touch: Disabled
[0.007s][info][gc,init] Parallel Workers: 4
[0.014s][info][gc,metaspace] CDS archive(s) mapped at: [0x000000f800000000-0x000000f800e70000-0x000000f800e70000), size 15138816, SharedBaseAddress: 0x000000f800000000, ArchiveRelocationMode: 1.
[0.014s][info][gc,metaspace] Compressed class space mapped at: 0x000000f801000000-0x000000f841000000, reserved size: 1073741824
[0.014s][info][gc,metaspace] UseCompressedClassPointers 1, UseCompactObjectHeaders 1
[0.014s][info][gc,metaspace] Narrow klass pointer bits 22, Max shift 10
[0.014s][info][gc,metaspace] Narrow klass base: 0x000000f800000000, Narrow klass shift: 10
[0.014s][info][gc,metaspace] Encoding Range: [0x000000f800000000 - 0x000000f900000000), (4294967296 bytes)
[0.014s][info][gc,metaspace] Klass Range:    [0x000000f800010000 - 0x000000f841000000), (1090453504 bytes)
[0.014s][info][gc,metaspace] Klass ID Range:  [64 - 1064960) (1064896)
[0.014s][info][gc,metaspace] Protection zone: [0x000000f800000000 - 0x000000f800010000), (65536 bytes)
[2.243s][info][gc,start    ] GC(0) Pause Full (Metadata GC Threshold)
[2.243s][info][gc,phases,start] GC(0) Marking Phase
[2.264s][info][gc,phases      ] GC(0) Marking Phase 21.328ms
[2.264s][info][gc,phases,start] GC(0) Summary Phase
[2.264s][info][gc,phases      ] GC(0) Summary Phase 0.010ms
[2.264s][info][gc,phases,start] GC(0) Forward
[2.269s][info][gc,phases      ] GC(0) Forward 5.083ms
[2.269s][info][gc,phases,start] GC(0) Adjust Pointers
[2.278s][info][gc,phases      ] GC(0) Adjust Pointers 8.156ms
[2.278s][info][gc,phases,start] GC(0) Compaction Phase
[2.282s][info][gc,phases      ] GC(0) Compaction Phase 4.260ms
[2.282s][info][gc,phases,start] GC(0) Post Compact
[2.285s][info][gc,phases      ] GC(0) Post Compact 2.903ms
[2.285s][info][gc,heap        ] GC(0) PSYoungGen: 455280K(856576K)->0K(856576K) Eden: 455280K(734208K)->0K(734208K) From: 0K(122368K)->0K(122368K)
[2.285s][info][gc,heap        ] GC(0) ParOldGen: 1086K(1957888K)->14311K(1957888K)
[2.285s][info][gc,metaspace   ] GC(0) Metaspace: 21203K(21504K)->21203K(21504K) NonClass: 16567K(16704K)->16567K(16704K) Class: 4635K(4800K)->4635K(4800K)
[2.285s][info][gc             ] GC(0) Pause Full (Metadata GC Threshold) 445M->13M(2748M) 42.114ms
[2.285s][info][gc,cpu         ] GC(0) User=0.08s Sys=0.01s Real=0.04s
[3.097s][info][gc,start       ] GC(1) Pause Full (Metadata GC Threshold)
[3.097s][info][gc,phases,start] GC(1) Marking Phase
[3.106s][info][gc,phases      ] GC(1) Marking Phase 9.200ms
[3.106s][info][gc,phases,start] GC(1) Summary Phase
[3.106s][info][gc,phases      ] GC(1) Summary Phase 0.006ms
[3.106s][info][gc,phases,start] GC(1) Forward
[3.108s][info][gc,phases      ] GC(1) Forward 1.448ms
[3.108s][info][gc,phases,start] GC(1) Adjust Pointers
[3.113s][info][gc,phases      ] GC(1) Adjust Pointers 5.264ms
[3.113s][info][gc,phases,start] GC(1) Compaction Phase
[3.116s][info][gc,phases      ] GC(1) Compaction Phase 2.707ms
[3.116s][info][gc,phases,start] GC(1) Post Compact
[3.117s][info][gc,phases      ] GC(1) Post Compact 1.127ms
[3.117s][info][gc,heap        ] GC(1) PSYoungGen: 282424K(856576K)->0K(856576K) Eden: 282424K(734208K)->0K(734208K) From: 0K(122368K)->0K(122368K)
[3.117s][info][gc,heap        ] GC(1) ParOldGen: 14311K(1957888K)->20605K(1957888K)
[3.117s][info][gc,metaspace   ] GC(1) Metaspace: 35454K(35840K)->35454K(35840K) NonClass: 27685K(27904K)->27685K(27904K) Class: 7768K(7936K)->7768K(7936K)
[3.117s][info][gc             ] GC(1) Pause Full (Metadata GC Threshold) 289M->20M(2748M) 19.997ms
[3.117s][info][gc,cpu         ] GC(1) User=0.04s Sys=0.01s Real=0.02s
[4.989s][info][gc,start       ] GC(2) Pause Full (Metadata GC Threshold)
[4.989s][info][gc,phases,start] GC(2) Marking Phase
[5.010s][info][gc,phases      ] GC(2) Marking Phase 20.817ms
[5.010s][info][gc,phases,start] GC(2) Summary Phase
[5.010s][info][gc,phases      ] GC(2) Summary Phase 0.009ms
[5.010s][info][gc,phases,start] GC(2) Forward
[5.013s][info][gc,phases      ] GC(2) Forward 3.590ms
[5.013s][info][gc,phases,start] GC(2) Adjust Pointers
[5.028s][info][gc,phases      ] GC(2) Adjust Pointers 15.011ms
[5.028s][info][gc,phases,start] GC(2) Compaction Phase
[5.033s][info][gc,phases      ] GC(2) Compaction Phase 4.811ms
[5.033s][info][gc,phases,start] GC(2) Post Compact
[5.035s][info][gc,phases      ] GC(2) Post Compact 1.403ms
[5.035s][info][gc,heap        ] GC(2) PSYoungGen: 574380K(856576K)->0K(856576K) Eden: 574380K(734208K)->0K(734208K) From: 0K(122368K)->0K(122368K)
[5.035s][info][gc,heap        ] GC(2) ParOldGen: 20605K(1957888K)->36395K(1957888K)
[5.035s][info][gc,metaspace   ] GC(2) Metaspace: 59142K(59776K)->59142K(59776K) NonClass: 45834K(46144K)->45834K(46144K) Class: 13307K(13632K)->13307K(13632K)
[5.035s][info][gc             ] GC(2) Pause Full (Metadata GC Threshold) 581M->35M(2748M) 45.965ms
[5.035s][info][gc,cpu         ] GC(2) User=0.13s Sys=0.01s Real=0.04s
[17.482s][info][gc,start       ] GC(3) Pause Young (Allocation Failure)
[17.491s][info][gc,heap        ] GC(3) PSYoungGen: 734208K(856576K)->13654K(856576K) Eden: 734208K(734208K)->0K(734208K) From: 0K(122368K)->13654K(122368K)
[17.491s][info][gc,heap        ] GC(3) ParOldGen: 36395K(1957888K)->36403K(1957888K)
[17.491s][info][gc,metaspace   ] GC(3) Metaspace: 92410K(93312K)->92410K(93312K) NonClass: 71633K(72128K)->71633K(72128K) Class: 20777K(21184K)->20777K(21184K)
[17.491s][info][gc             ] GC(3) Pause Young (Allocation Failure) 752M->48M(2748M) 9.596ms
[17.491s][info][gc,cpu         ] GC(3) User=0.04s Sys=0.00s Real=0.01s
[288.496s][info][gc,start       ] GC(4) Pause Full (Metadata GC Threshold)
[288.496s][info][gc,phases,start] GC(4) Marking Phase
[288.542s][info][gc,phases      ] GC(4) Marking Phase 45.987ms
[288.542s][info][gc,phases,start] GC(4) Summary Phase
[288.542s][info][gc,phases      ] GC(4) Summary Phase 0.012ms
[288.542s][info][gc,phases,start] GC(4) Forward
[288.545s][info][gc,phases      ] GC(4) Forward 2.468ms
[288.545s][info][gc,phases,start] GC(4) Adjust Pointers
[288.561s][info][gc,phases      ] GC(4) Adjust Pointers 15.926ms
[288.561s][info][gc,phases,start] GC(4) Compaction Phase
[288.566s][info][gc,phases      ] GC(4) Compaction Phase 5.693ms
[288.567s][info][gc,phases,start] GC(4) Post Compact
[288.570s][info][gc,phases      ] GC(4) Post Compact 3.225ms
[288.570s][info][gc,heap        ] GC(4) PSYoungGen: 266032K(856576K)->0K(856576K) Eden: 252378K(734208K)->0K(734208K) From: 13654K(122368K)->0K(122368K)
[288.570s][info][gc,heap        ] GC(4) ParOldGen: 36403K(1957888K)->83857K(1957888K)
[288.570s][info][gc,metaspace   ] GC(4) Metaspace: 98656K(99648K)->98626K(99648K) NonClass: 76709K(77248K)->76688K(77248K) Class: 21947K(22400K)->21938K(22400K)
[288.570s][info][gc             ] GC(4) Pause Full (Metadata GC Threshold) 295M->81M(2748M) 73.549ms
[288.570s][info][gc,cpu         ] GC(4) User=0.15s Sys=0.00s Real=0.08s
[288.691s][info][gc,start       ] GC(5) Pause Young (Allocation Failure)
[288.771s][info][gc,heap        ] GC(5) PSYoungGen: 728234K(856576K)->122366K(856576K) Eden: 728234K(734208K)->0K(734208K) From: 0K(122368K)->122366K(122368K)
[288.771s][info][gc,heap        ] GC(5) ParOldGen: 83857K(1957888K)->658379K(1957888K)
[288.771s][info][gc,metaspace   ] GC(5) Metaspace: 98724K(99712K)->98724K(99712K) NonClass: 76778K(77312K)->76778K(77312K) Class: 21946K(22400K)->21946K(22400K)
[288.771s][info][gc             ] GC(5) Pause Young (Allocation Failure) 793M->762M(2748M) 80.019ms
[288.771s][info][gc,cpu         ] GC(5) User=0.13s Sys=0.26s Real=0.08s
[288.918s][info][gc,start       ] GC(6) Pause Young (Allocation Failure)
[288.991s][info][gc,heap        ] GC(6) PSYoungGen: 855663K(856576K)->122349K(856576K) Eden: 733296K(734208K)->0K(734208K) From: 122366K(122368K)->122349K(122368K)
[288.991s][info][gc,heap        ] GC(6) ParOldGen: 658379K(1957888K)->1082832K(1957888K)
[288.991s][info][gc,metaspace   ] GC(6) Metaspace: 98895K(99904K)->98895K(99904K) NonClass: 76946K(77504K)->76946K(77504K) Class: 21949K(22400K)->21949K(22400K)
[288.991s][info][gc             ] GC(6) Pause Young (Allocation Failure) 1478M->1176M(2748M) 73.780ms
[288.991s][info][gc,cpu         ] GC(6) User=0.03s Sys=0.26s Real=0.08s
[289.200s][info][gc,start       ] GC(7) Pause Young (Allocation Failure)
[289.247s][info][gc,heap        ] GC(7) PSYoungGen: 852415K(856576K)->122345K(856576K) Eden: 730066K(734208K)->0K(734208K) From: 122349K(122368K)->122345K(122368K)
[289.247s][info][gc,heap        ] GC(7) ParOldGen: 1082832K(1957888K)->1398607K(1957888K)
[289.247s][info][gc,metaspace   ] GC(7) Metaspace: 98968K(99968K)->98968K(99968K) NonClass: 77014K(77568K)->77014K(77568K) Class: 21954K(22400K)->21954K(22400K)
[289.247s][info][gc             ] GC(7) Pause Young (Allocation Failure) 1889M->1485M(2748M) 46.766ms
[289.247s][info][gc,cpu         ] GC(7) User=0.03s Sys=0.15s Real=0.04s
[289.454s][info][gc,start       ] GC(8) Pause Full (Allocation Failure)
[289.454s][info][gc,phases,start] GC(8) Marking Phase
[289.491s][info][gc,phases      ] GC(8) Marking Phase 36.840ms
[289.491s][info][gc,phases,start] GC(8) Summary Phase
[289.491s][info][gc,phases      ] GC(8) Summary Phase 0.033ms
[289.491s][info][gc,phases,start] GC(8) Forward
[289.493s][info][gc,phases      ] GC(8) Forward 1.897ms
[289.493s][info][gc,phases,start] GC(8) Adjust Pointers
[289.513s][info][gc,phases      ] GC(8) Adjust Pointers 19.753ms
[289.513s][info][gc,phases,start] GC(8) Compaction Phase
[289.566s][info][gc,phases      ] GC(8) Compaction Phase 52.883ms
[289.566s][info][gc,phases,start] GC(8) Post Compact
[289.575s][info][gc,phases      ] GC(8) Post Compact 9.638ms
[289.575s][info][gc,heap        ] GC(8) PSYoungGen: 850883K(856576K)->0K(856576K) Eden: 728538K(734208K)->0K(734208K) From: 122345K(122368K)->0K(122368K)
[289.575s][info][gc,heap        ] GC(8) ParOldGen: 1398607K(1957888K)->1736977K(1957888K)
[289.575s][info][gc,metaspace   ] GC(8) Metaspace: 99051K(100096K)->99051K(100096K) NonClass: 77097K(77696K)->77097K(77696K) Class: 21954K(22400K)->21954K(22400K)
[289.575s][info][gc             ] GC(8) Pause Full (Allocation Failure) 2196M->1696M(2748M) 121.322ms
[289.575s][info][gc,cpu         ] GC(8) User=0.20s Sys=0.16s Real=0.12s
[289.647s][info][gc,start       ] GC(9) Pause Full (Allocation Failure)
[289.647s][info][gc,phases,start] GC(9) Marking Phase
[289.711s][info][gc,phases      ] GC(9) Marking Phase 63.669ms
[289.711s][info][gc,phases,start] GC(9) Summary Phase
[289.711s][info][gc,phases      ] GC(9) Summary Phase 0.053ms
[289.711s][info][gc,phases,start] GC(9) Forward
[289.712s][info][gc,phases      ] GC(9) Forward 1.005ms
[289.712s][info][gc,phases,start] GC(9) Adjust Pointers
[289.736s][info][gc,phases      ] GC(9) Adjust Pointers 23.780ms
[289.736s][info][gc,phases,start] GC(9) Compaction Phase
[289.761s][info][gc,phases      ] GC(9) Compaction Phase 24.841ms
[289.761s][info][gc,phases,start] GC(9) Post Compact
[289.764s][info][gc,phases      ] GC(9) Post Compact 3.393ms
[289.764s][info][gc,heap        ] GC(9) PSYoungGen: 730177K(856576K)->0K(856576K) Eden: 730177K(734208K)->0K(734208K) From: 0K(122368K)->0K(122368K)
[289.764s][info][gc,heap        ] GC(9) ParOldGen: 1736977K(1957888K)->1748474K(1957888K)
[289.764s][info][gc,metaspace   ] GC(9) Metaspace: 99172K(100224K)->99172K(100224K) NonClass: 77192K(77760K)->77192K(77760K) Class: 21980K(22464K)->21980K(22464K)
[289.764s][info][gc             ] GC(9) Pause Full (Allocation Failure) 2409M->1707M(2748M) 117.177ms
[289.764s][info][gc,cpu         ] GC(9) User=0.23s Sys=0.01s Real=0.12s
[290.206s][info][gc,start       ] GC(10) Pause Full (Allocation Failure)
[290.206s][info][gc,phases,start] GC(10) Marking Phase
[290.243s][info][gc,phases      ] GC(10) Marking Phase 36.293ms
[290.243s][info][gc,phases,start] GC(10) Summary Phase
[290.243s][info][gc,phases      ] GC(10) Summary Phase 0.034ms
[290.243s][info][gc,phases,start] GC(10) Forward
[290.246s][info][gc,phases      ] GC(10) Forward 3.550ms
[290.246s][info][gc,phases,start] GC(10) Adjust Pointers
[290.266s][info][gc,phases      ] GC(10) Adjust Pointers 19.617ms
[290.266s][info][gc,phases,start] GC(10) Compaction Phase
[290.291s][info][gc,phases      ] GC(10) Compaction Phase 25.483ms
[290.291s][info][gc,phases,start] GC(10) Post Compact
[290.294s][info][gc,phases      ] GC(10) Post Compact 2.308ms
[290.294s][info][gc,heap        ] GC(10) PSYoungGen: 734208K(856576K)->0K(856576K) Eden: 734208K(734208K)->0K(734208K) From: 0K(122368K)->0K(122368K)
[290.294s][info][gc,heap        ] GC(10) ParOldGen: 1748474K(1957888K)->1839129K(1957888K)
[290.294s][info][gc,metaspace   ] GC(10) Metaspace: 99262K(100288K)->99262K(100288K) NonClass: 77277K(77824K)->77277K(77824K) Class: 21985K(22464K)->21985K(22464K)
[290.294s][info][gc             ] GC(10) Pause Full (Allocation Failure) 2424M->1796M(2748M) 87.560ms
[290.294s][info][gc,cpu         ] GC(10) User=0.24s Sys=0.01s Real=0.09s
[290.496s][info][gc,start       ] GC(11) Pause Full (Allocation Failure)
[290.496s][info][gc,phases,start] GC(11) Marking Phase
[290.527s][info][gc,phases      ] GC(11) Marking Phase 31.404ms
[290.527s][info][gc,phases,start] GC(11) Summary Phase
[290.527s][info][gc,phases      ] GC(11) Summary Phase 0.021ms
[290.527s][info][gc,phases,start] GC(11) Forward
[290.530s][info][gc,phases      ] GC(11) Forward 2.769ms
[290.530s][info][gc,phases,start] GC(11) Adjust Pointers
[290.543s][info][gc,phases      ] GC(11) Adjust Pointers 13.229ms
[290.543s][info][gc,phases,start] GC(11) Compaction Phase
[290.564s][info][gc,phases      ] GC(11) Compaction Phase 20.978ms
[290.564s][info][gc,phases,start] GC(11) Post Compact
[290.566s][info][gc,phases      ] GC(11) Post Compact 1.552ms
[290.566s][info][gc,heap        ] GC(11) PSYoungGen: 733145K(856576K)->0K(856576K) Eden: 733145K(734208K)->0K(734208K) From: 0K(122368K)->0K(122368K)
[290.566s][info][gc,heap        ] GC(11) ParOldGen: 1839129K(1957888K)->1834943K(1957888K)
[290.566s][info][gc,metaspace   ] GC(11) Metaspace: 99318K(100416K)->99318K(100416K) NonClass: 77333K(77952K)->77333K(77952K) Class: 21985K(22464K)->21985K(22464K)
[290.566s][info][gc             ] GC(11) Pause Full (Allocation Failure) 2511M->1791M(2748M) 70.159ms
[290.566s][info][gc,cpu         ] GC(11) User=0.20s Sys=0.00s Real=0.07s
[290.737s][info][gc,start       ] GC(12) Pause Full (Allocation Failure)
[290.737s][info][gc,phases,start] GC(12) Marking Phase
[290.756s][info][gc,phases      ] GC(12) Marking Phase 18.806ms
[290.756s][info][gc,phases,start] GC(12) Summary Phase
[290.756s][info][gc,phases      ] GC(12) Summary Phase 0.021ms
[290.756s][info][gc,phases,start] GC(12) Forward
[290.757s][info][gc,phases      ] GC(12) Forward 1.398ms
[290.757s][info][gc,phases,start] GC(12) Adjust Pointers
[290.770s][info][gc,phases      ] GC(12) Adjust Pointers 12.511ms
[290.770s][info][gc,phases,start] GC(12) Compaction Phase
[290.788s][info][gc,phases      ] GC(12) Compaction Phase 18.106ms
[290.788s][info][gc,phases,start] GC(12) Post Compact
[290.789s][info][gc,phases      ] GC(12) Post Compact 1.220ms
[290.789s][info][gc,heap        ] GC(12) PSYoungGen: 731217K(856576K)->0K(856576K) Eden: 731217K(734208K)->0K(734208K) From: 0K(122368K)->0K(122368K)
[290.789s][info][gc,heap        ] GC(12) ParOldGen: 1834943K(1957888K)->1710033K(1957888K)
[290.789s][info][gc,metaspace   ] GC(12) Metaspace: 99385K(100480K)->99385K(100480K) NonClass: 77399K(78016K)->77399K(78016K) Class: 21985K(22464K)->21985K(22464K)
[290.789s][info][gc             ] GC(12) Pause Full (Allocation Failure) 2506M->1669M(2748M) 52.295ms
[290.789s][info][gc,cpu         ] GC(12) User=0.16s Sys=0.00s Real=0.06s
[293.913s][info][gc,start       ] GC(13) Pause Full (Allocation Failure)
[293.914s][info][gc,phases,start] GC(13) Marking Phase
[293.946s][info][gc,phases      ] GC(13) Marking Phase 31.989ms
[293.946s][info][gc,phases,start] GC(13) Summary Phase
[293.946s][info][gc,phases      ] GC(13) Summary Phase 0.031ms
[293.946s][info][gc,phases,start] GC(13) Forward
[293.949s][info][gc,phases      ] GC(13) Forward 3.575ms
[293.949s][info][gc,phases,start] GC(13) Adjust Pointers
[293.961s][info][gc,phases      ] GC(13) Adjust Pointers 12.118ms
[293.961s][info][gc,phases,start] GC(13) Compaction Phase
[293.981s][info][gc,phases      ] GC(13) Compaction Phase 19.396ms
[293.981s][info][gc,phases,start] GC(13) Post Compact
[293.982s][info][gc,phases      ] GC(13) Post Compact 1.565ms
[293.982s][info][gc,heap        ] GC(13) PSYoungGen: 734208K(856576K)->0K(856576K) Eden: 734208K(734208K)->0K(734208K) From: 0K(122368K)->0K(122368K)
[293.982s][info][gc,heap        ] GC(13) ParOldGen: 1710033K(1957888K)->1778161K(1957888K)
[293.982s][info][gc,metaspace   ] GC(13) Metaspace: 99564K(100608K)->99564K(100608K) NonClass: 77578K(78144K)->77578K(78144K) Class: 21985K(22464K)->21985K(22464K)
[293.982s][info][gc             ] GC(13) Pause Full (Allocation Failure) 2386M->1736M(2748M) 68.997ms
[293.982s][info][gc,cpu         ] GC(13) User=0.20s Sys=0.01s Real=0.07s
[294.263s][info][gc,start       ] GC(14) Pause Full (Allocation Failure)
[294.263s][info][gc,phases,start] GC(14) Marking Phase
[294.288s][info][gc,phases      ] GC(14) Marking Phase 24.990ms
[294.288s][info][gc,phases,start] GC(14) Summary Phase
[294.288s][info][gc,phases      ] GC(14) Summary Phase 0.022ms
[294.288s][info][gc,phases,start] GC(14) Forward
[294.292s][info][gc,phases      ] GC(14) Forward 3.645ms
[294.292s][info][gc,phases,start] GC(14) Adjust Pointers
[294.304s][info][gc,phases      ] GC(14) Adjust Pointers 11.902ms
[294.304s][info][gc,phases,start] GC(14) Compaction Phase
[294.327s][info][gc,phases      ] GC(14) Compaction Phase 23.690ms
[294.328s][info][gc,phases,start] GC(14) Post Compact
[294.329s][info][gc,phases      ] GC(14) Post Compact 1.141ms
[294.329s][info][gc,heap        ] GC(14) PSYoungGen: 734208K(856576K)->0K(856576K) Eden: 734208K(734208K)->0K(734208K) From: 0K(122368K)->0K(122368K)
[294.329s][info][gc,heap        ] GC(14) ParOldGen: 1778161K(1957888K)->1845760K(1957888K)
[294.329s][info][gc,metaspace   ] GC(14) Metaspace: 99607K(100672K)->99607K(100672K) NonClass: 77621K(78208K)->77621K(78208K) Class: 21985K(22464K)->21985K(22464K)
[294.329s][info][gc             ] GC(14) Pause Full (Allocation Failure) 2453M->1802M(2748M) 65.661ms
[294.329s][info][gc,cpu         ] GC(14) User=0.20s Sys=0.01s Real=0.07s
[294.517s][info][gc,start       ] GC(15) Pause Full (Allocation Failure)
[294.518s][info][gc,phases,start] GC(15) Marking Phase
[294.542s][info][gc,phases      ] GC(15) Marking Phase 24.913ms
[294.542s][info][gc,phases,start] GC(15) Summary Phase
[294.542s][info][gc,phases      ] GC(15) Summary Phase 0.022ms
[294.542s][info][gc,phases,start] GC(15) Forward
[294.545s][info][gc,phases      ] GC(15) Forward 2.663ms
[294.545s][info][gc,phases,start] GC(15) Adjust Pointers
[294.557s][info][gc,phases      ] GC(15) Adjust Pointers 11.548ms
[294.557s][info][gc,phases,start] GC(15) Compaction Phase
[294.578s][info][gc,phases      ] GC(15) Compaction Phase 20.753ms
[294.578s][info][gc,phases,start] GC(15) Post Compact
[294.579s][info][gc,phases      ] GC(15) Post Compact 1.339ms
[294.579s][info][gc,heap        ] GC(15) PSYoungGen: 728133K(856576K)->0K(856576K) Eden: 728133K(734208K)->0K(734208K) From: 0K(122368K)->0K(122368K)
[294.579s][info][gc,heap        ] GC(15) ParOldGen: 1845760K(1957888K)->1832465K(1957888K)
[294.579s][info][gc,metaspace   ] GC(15) Metaspace: 99624K(100736K)->99624K(100736K) NonClass: 77638K(78272K)->77638K(78272K) Class: 21985K(22464K)->21985K(22464K)
[294.579s][info][gc             ] GC(15) Pause Full (Allocation Failure) 2513M->1789M(2748M) 61.584ms
[294.579s][info][gc,cpu         ] GC(15) User=0.18s Sys=0.01s Real=0.07s
[294.698s][info][gc,start       ] GC(16) Pause Full (Allocation Failure)
[294.698s][info][gc,phases,start] GC(16) Marking Phase
[294.716s][info][gc,phases      ] GC(16) Marking Phase 17.621ms
[294.716s][info][gc,phases,start] GC(16) Summary Phase
[294.716s][info][gc,phases      ] GC(16) Summary Phase 0.027ms
[294.716s][info][gc,phases,start] GC(16) Forward
[294.719s][info][gc,phases      ] GC(16) Forward 2.728ms
[294.719s][info][gc,phases,start] GC(16) Adjust Pointers
[294.735s][info][gc,phases      ] GC(16) Adjust Pointers 15.701ms
[294.735s][info][gc,phases,start] GC(16) Compaction Phase
[294.754s][info][gc,phases      ] GC(16) Compaction Phase 19.463ms
[294.754s][info][gc,phases,start] GC(16) Post Compact
[294.755s][info][gc,phases      ] GC(16) Post Compact 1.175ms
[294.755s][info][gc,heap        ] GC(16) PSYoungGen: 732166K(856576K)->0K(856576K) Eden: 732166K(734208K)->0K(734208K) From: 0K(122368K)->0K(122368K)
[294.755s][info][gc,heap        ] GC(16) ParOldGen: 1832465K(1957888K)->1723929K(1957888K)
[294.755s][info][gc,metaspace   ] GC(16) Metaspace: 99672K(100736K)->99672K(100736K) NonClass: 77687K(78272K)->77687K(78272K) Class: 21985K(22464K)->21985K(22464K)
[294.755s][info][gc             ] GC(16) Pause Full (Allocation Failure) 2504M->1683M(2748M) 56.998ms
[294.755s][info][gc,cpu         ] GC(16) User=0.18s Sys=0.00s Real=0.05s
[295.080s][info][gc,start       ] GC(17) Pause Full (Allocation Failure)
[295.080s][info][gc,phases,start] GC(17) Marking Phase
[295.107s][info][gc,phases      ] GC(17) Marking Phase 26.537ms
[295.107s][info][gc,phases,start] GC(17) Summary Phase
[295.107s][info][gc,phases      ] GC(17) Summary Phase 0.023ms
[295.107s][info][gc,phases,start] GC(17) Forward
[295.110s][info][gc,phases      ] GC(17) Forward 2.970ms
[295.110s][info][gc,phases,start] GC(17) Adjust Pointers
[295.119s][info][gc,phases      ] GC(17) Adjust Pointers 9.786ms
[295.119s][info][gc,phases,start] GC(17) Compaction Phase
[295.138s][info][gc,phases      ] GC(17) Compaction Phase 19.025ms
[295.138s][info][gc,phases,start] GC(17) Post Compact
[295.141s][info][gc,phases      ] GC(17) Post Compact 2.163ms
[295.141s][info][gc,heap        ] GC(17) PSYoungGen: 732051K(856576K)->0K(856576K) Eden: 732051K(734208K)->0K(734208K) From: 0K(122368K)->0K(122368K)
[295.141s][info][gc,heap        ] GC(17) ParOldGen: 1723929K(1957888K)->1834377K(1957888K)
[295.141s][info][gc,metaspace   ] GC(17) Metaspace: 99688K(100736K)->99688K(100736K) NonClass: 77702K(78272K)->77702K(78272K) Class: 21985K(22464K)->21985K(22464K)
[295.141s][info][gc             ] GC(17) Pause Full (Allocation Failure) 2398M->1791M(2748M) 60.736ms
[295.141s][info][gc,cpu         ] GC(17) User=0.19s Sys=0.01s Real=0.06s
[295.328s][info][gc,start       ] GC(18) Pause Full (Allocation Failure)
[295.328s][info][gc,phases,start] GC(18) Marking Phase
[295.347s][info][gc,phases      ] GC(18) Marking Phase 18.792ms
[295.347s][info][gc,phases,start] GC(18) Summary Phase
[295.347s][info][gc,phases      ] GC(18) Summary Phase 0.020ms
[295.347s][info][gc,phases,start] GC(18) Forward
[295.349s][info][gc,phases      ] GC(18) Forward 1.780ms
[295.349s][info][gc,phases,start] GC(18) Adjust Pointers
[295.359s][info][gc,phases      ] GC(18) Adjust Pointers 9.666ms
[295.359s][info][gc,phases,start] GC(18) Compaction Phase
[295.375s][info][gc,phases      ] GC(18) Compaction Phase 16.018ms
[295.375s][info][gc,phases,start] GC(18) Post Compact
[295.376s][info][gc,phases      ] GC(18) Post Compact 1.160ms
[295.376s][info][gc,heap        ] GC(18) PSYoungGen: 734208K(856576K)->0K(856576K) Eden: 734208K(734208K)->0K(734208K) From: 0K(122368K)->0K(122368K)
[295.376s][info][gc,heap        ] GC(18) ParOldGen: 1834377K(1957888K)->1780972K(1957888K)
[295.376s][info][gc,metaspace   ] GC(18) Metaspace: 99708K(100800K)->99708K(100800K) NonClass: 77722K(78336K)->77722K(78336K) Class: 21985K(22464K)->21985K(22464K)
[295.376s][info][gc             ] GC(18) Pause Full (Allocation Failure) 2508M->1739M(2748M) 47.686ms
[295.376s][info][gc,cpu         ] GC(18) User=0.16s Sys=0.00s Real=0.04s
[296.148s][info][gc,start       ] GC(19) Pause Full (Allocation Failure)
[296.148s][info][gc,phases,start] GC(19) Marking Phase
[296.223s][info][gc,phases      ] GC(19) Marking Phase 75.411ms
[296.223s][info][gc,phases,start] GC(19) Summary Phase
[296.223s][info][gc,phases      ] GC(19) Summary Phase 0.029ms
[296.223s][info][gc,phases,start] GC(19) Forward
[296.228s][info][gc,phases      ] GC(19) Forward 4.486ms
[296.228s][info][gc,phases,start] GC(19) Adjust Pointers
[296.246s][info][gc,phases      ] GC(19) Adjust Pointers 18.296ms
[296.246s][info][gc,phases,start] GC(19) Compaction Phase
[296.313s][info][gc,phases      ] GC(19) Compaction Phase 66.380ms
[296.313s][info][gc,phases,start] GC(19) Post Compact
[296.314s][info][gc,phases      ] GC(19) Post Compact 1.417ms
[296.314s][info][gc,heap        ] GC(19) PSYoungGen: 732411K(856576K)->0K(856576K) Eden: 732411K(734208K)->0K(734208K) From: 0K(122368K)->0K(122368K)
[296.314s][info][gc,heap        ] GC(19) ParOldGen: 1780972K(1957888K)->1718507K(1957888K)
[296.314s][info][gc,metaspace   ] GC(19) Metaspace: 99730K(100800K)->99730K(100800K) NonClass: 77744K(78336K)->77744K(78336K) Class: 21985K(22464K)->21985K(22464K)
[296.314s][info][gc             ] GC(19) Pause Full (Allocation Failure) 2454M->1678M(2748M) 166.392ms
[296.314s][info][gc,cpu         ] GC(19) User=0.48s Sys=0.01s Real=0.16s
[298.781s][info][gc,start       ] GC(20) Pause Full (Allocation Failure)
[298.781s][info][gc,phases,start] GC(20) Marking Phase
[298.800s][info][gc,phases      ] GC(20) Marking Phase 18.746ms
[298.800s][info][gc,phases,start] GC(20) Summary Phase
[298.800s][info][gc,phases      ] GC(20) Summary Phase 0.019ms
[298.800s][info][gc,phases,start] GC(20) Forward
[298.803s][info][gc,phases      ] GC(20) Forward 3.640ms
[298.803s][info][gc,phases,start] GC(20) Adjust Pointers
[298.815s][info][gc,phases      ] GC(20) Adjust Pointers 11.352ms
[298.815s][info][gc,phases,start] GC(20) Compaction Phase
[298.837s][info][gc,phases      ] GC(20) Compaction Phase 22.139ms
[298.837s][info][gc,phases,start] GC(20) Post Compact
[298.838s][info][gc,phases      ] GC(20) Post Compact 1.376ms
[298.838s][info][gc,heap        ] GC(20) PSYoungGen: 733748K(856576K)->0K(856576K) Eden: 733748K(734208K)->0K(734208K) From: 0K(122368K)->0K(122368K)
[298.838s][info][gc,heap        ] GC(20) ParOldGen: 1718507K(1957888K)->1795001K(1957888K)
[298.838s][info][gc,metaspace   ] GC(20) Metaspace: 99909K(100928K)->99909K(100928K) NonClass: 77923K(78464K)->77923K(78464K) Class: 21985K(22464K)->21985K(22464K)
[298.838s][info][gc             ] GC(20) Pause Full (Allocation Failure) 2394M->1752M(2748M) 57.509ms
[298.838s][info][gc,cpu         ] GC(20) User=0.19s Sys=0.00s Real=0.06s
[299.106s][info][gc,start       ] GC(21) Pause Full (Allocation Failure)
[299.106s][info][gc,phases,start] GC(21) Marking Phase
[299.125s][info][gc,phases      ] GC(21) Marking Phase 18.902ms
[299.125s][info][gc,phases,start] GC(21) Summary Phase
[299.125s][info][gc,phases      ] GC(21) Summary Phase 0.021ms
[299.125s][info][gc,phases,start] GC(21) Forward
[299.129s][info][gc,phases      ] GC(21) Forward 3.554ms
[299.129s][info][gc,phases,start] GC(21) Adjust Pointers
[299.140s][info][gc,phases      ] GC(21) Adjust Pointers 10.625ms
[299.140s][info][gc,phases,start] GC(21) Compaction Phase
[299.162s][info][gc,phases      ] GC(21) Compaction Phase 21.922ms
[299.162s][info][gc,phases,start] GC(21) Post Compact
[299.163s][info][gc,phases      ] GC(21) Post Compact 1.137ms
[299.163s][info][gc,heap        ] GC(21) PSYoungGen: 734208K(856576K)->0K(856576K) Eden: 734208K(734208K)->0K(734208K) From: 0K(122368K)->0K(122368K)
[299.163s][info][gc,heap        ] GC(21) ParOldGen: 1795001K(1957888K)->1829323K(1957888K)
[299.163s][info][gc,metaspace   ] GC(21) Metaspace: 99929K(100992K)->99929K(100992K) NonClass: 77943K(78528K)->77943K(78528K) Class: 21985K(22464K)->21985K(22464K)
[299.163s][info][gc             ] GC(21) Pause Full (Allocation Failure) 2469M->1786M(2748M) 56.464ms
[299.163s][info][gc,cpu         ] GC(21) User=0.19s Sys=0.01s Real=0.06s
[299.447s][info][gc,start       ] GC(22) Pause Full (Allocation Failure)
[299.447s][info][gc,phases,start] GC(22) Marking Phase
[299.465s][info][gc,phases      ] GC(22) Marking Phase 17.827ms
[299.465s][info][gc,phases,start] GC(22) Summary Phase
[299.465s][info][gc,phases      ] GC(22) Summary Phase 0.024ms
[299.465s][info][gc,phases,start] GC(22) Forward
[299.470s][info][gc,phases      ] GC(22) Forward 4.798ms
[299.470s][info][gc,phases,start] GC(22) Adjust Pointers
[299.482s][info][gc,phases      ] GC(22) Adjust Pointers 11.708ms
[299.482s][info][gc,phases,start] GC(22) Compaction Phase
[299.505s][info][gc,phases      ] GC(22) Compaction Phase 23.795ms
[299.506s][info][gc,phases,start] GC(22) Post Compact
[299.507s][info][gc,phases      ] GC(22) Post Compact 1.254ms
[299.507s][info][gc,heap        ] GC(22) PSYoungGen: 734048K(856576K)->0K(856576K) Eden: 734048K(734208K)->0K(734208K) From: 0K(122368K)->0K(122368K)
[299.507s][info][gc,heap        ] GC(22) ParOldGen: 1829323K(1957888K)->1870338K(1957888K)
[299.507s][info][gc,metaspace   ] GC(22) Metaspace: 99938K(100992K)->99938K(100992K) NonClass: 77952K(78528K)->77952K(78528K) Class: 21985K(22464K)->21985K(22464K)
[299.507s][info][gc             ] GC(22) Pause Full (Allocation Failure) 2503M->1826M(2748M) 59.766ms
[299.507s][info][gc,cpu         ] GC(22) User=0.19s Sys=0.01s Real=0.06s
[299.622s][info][gc,start       ] GC(23) Pause Full (Allocation Failure)
[299.622s][info][gc,phases,start] GC(23) Marking Phase
[299.640s][info][gc,phases      ] GC(23) Marking Phase 18.771ms
[299.640s][info][gc,phases,start] GC(23) Summary Phase
[299.640s][info][gc,phases      ] GC(23) Summary Phase 0.023ms
[299.640s][info][gc,phases,start] GC(23) Forward
[299.643s][info][gc,phases      ] GC(23) Forward 2.098ms
[299.643s][info][gc,phases,start] GC(23) Adjust Pointers
[299.654s][info][gc,phases      ] GC(23) Adjust Pointers 11.128ms
[299.654s][info][gc,phases,start] GC(23) Compaction Phase
[299.671s][info][gc,phases      ] GC(23) Compaction Phase 17.329ms
[299.671s][info][gc,phases,start] GC(23) Post Compact
[299.672s][info][gc,phases      ] GC(23) Post Compact 1.280ms
[299.672s][info][gc,heap        ] GC(23) PSYoungGen: 734208K(856576K)->0K(856576K) Eden: 734208K(734208K)->0K(734208K) From: 0K(122368K)->0K(122368K)
[299.672s][info][gc,heap        ] GC(23) ParOldGen: 1870338K(1957888K)->1723622K(1957888K)
[299.672s][info][gc,metaspace   ] GC(23) Metaspace: 99990K(101056K)->99990K(101056K) NonClass: 78004K(78592K)->78004K(78592K) Class: 21985K(22464K)->21985K(22464K)
[299.673s][info][gc             ] GC(23) Pause Full (Allocation Failure) 2543M->1683M(2748M) 50.889ms
[299.673s][info][gc,cpu         ] GC(23) User=0.17s Sys=0.00s Real=0.05s
[299.959s][info][gc,start       ] GC(24) Pause Full (Allocation Failure)
[299.959s][info][gc,phases,start] GC(24) Marking Phase
[299.976s][info][gc,phases      ] GC(24) Marking Phase 17.694ms
[299.977s][info][gc,phases,start] GC(24) Summary Phase
[299.977s][info][gc,phases      ] GC(24) Summary Phase 0.021ms
[299.977s][info][gc,phases,start] GC(24) Forward
[299.993s][info][gc,phases      ] GC(24) Forward 16.795ms
[299.993s][info][gc,phases,start] GC(24) Adjust Pointers
[300.006s][info][gc,phases      ] GC(24) Adjust Pointers 12.135ms
[300.006s][info][gc,phases,start] GC(24) Compaction Phase
[300.064s][info][gc,phases      ] GC(24) Compaction Phase 58.326ms
[300.064s][info][gc,phases,start] GC(24) Post Compact
[300.065s][info][gc,phases      ] GC(24) Post Compact 1.123ms
[300.065s][info][gc,heap        ] GC(24) PSYoungGen: 733629K(856576K)->0K(856576K) Eden: 733629K(734208K)->0K(734208K) From: 0K(122368K)->0K(122368K)
[300.065s][info][gc,heap        ] GC(24) ParOldGen: 1723622K(1957888K)->1698942K(1957888K)
[300.065s][info][gc,metaspace   ] GC(24) Metaspace: 100082K(101184K)->100082K(101184K) NonClass: 78096K(78720K)->78096K(78720K) Class: 21985K(22464K)->21985K(22464K)
[300.065s][info][gc             ] GC(24) Pause Full (Allocation Failure) 2399M->1659M(2748M) 106.566ms
[300.065s][info][gc,cpu         ] GC(24) User=0.32s Sys=0.00s Real=0.10s
[300.274s][info][gc,start       ] GC(25) Pause Full (Allocation Failure)
[300.275s][info][gc,phases,start] GC(25) Marking Phase
[300.292s][info][gc,phases      ] GC(25) Marking Phase 17.247ms
[300.292s][info][gc,phases,start] GC(25) Summary Phase
[300.292s][info][gc,phases      ] GC(25) Summary Phase 0.021ms
[300.292s][info][gc,phases,start] GC(25) Forward
[300.294s][info][gc,phases      ] GC(25) Forward 2.195ms
[300.294s][info][gc,phases,start] GC(25) Adjust Pointers
[300.306s][info][gc,phases      ] GC(25) Adjust Pointers 12.395ms
[300.306s][info][gc,phases,start] GC(25) Compaction Phase
[300.324s][info][gc,phases      ] GC(25) Compaction Phase 17.465ms
[300.324s][info][gc,phases,start] GC(25) Post Compact
[300.325s][info][gc,phases      ] GC(25) Post Compact 1.052ms
[300.325s][info][gc,heap        ] GC(25) PSYoungGen: 734208K(856576K)->0K(856576K) Eden: 734208K(734208K)->0K(734208K) From: 0K(122368K)->0K(122368K)
[300.325s][info][gc,heap        ] GC(25) ParOldGen: 1698942K(1957888K)->1765873K(1957888K)
[300.325s][info][gc,metaspace   ] GC(25) Metaspace: 100110K(101184K)->100110K(101184K) NonClass: 78124K(78720K)->78124K(78720K) Class: 21985K(22464K)->21985K(22464K)
[300.325s][info][gc             ] GC(25) Pause Full (Allocation Failure) 2376M->1724M(2748M) 50.607ms
[300.325s][info][gc,cpu         ] GC(25) User=0.15s Sys=0.00s Real=0.05s
[300.940s][info][gc,start       ] GC(26) Pause Full (Allocation Failure)
[300.940s][info][gc,phases,start] GC(26) Marking Phase
[300.962s][info][gc,phases      ] GC(26) Marking Phase 21.562ms
[300.962s][info][gc,phases,start] GC(26) Summary Phase
[300.962s][info][gc,phases      ] GC(26) Summary Phase 0.019ms
[300.962s][info][gc,phases,start] GC(26) Forward
[300.964s][info][gc,phases      ] GC(26) Forward 1.977ms
[300.964s][info][gc,phases,start] GC(26) Adjust Pointers
[300.974s][info][gc,phases      ] GC(26) Adjust Pointers 10.333ms
[300.974s][info][gc,phases,start] GC(26) Compaction Phase
[300.989s][info][gc,phases      ] GC(26) Compaction Phase 15.484ms
[300.990s][info][gc,phases,start] GC(26) Post Compact
[300.991s][info][gc,phases      ] GC(26) Post Compact 1.147ms
[300.991s][info][gc,heap        ] GC(26) PSYoungGen: 732379K(856576K)->0K(856576K) Eden: 732379K(734208K)->0K(734208K) From: 0K(122368K)->0K(122368K)
[300.991s][info][gc,heap        ] GC(26) ParOldGen: 1765873K(1957888K)->1679550K(1957888K)
[300.991s][info][gc,metaspace   ] GC(26) Metaspace: 100111K(101184K)->100111K(101184K) NonClass: 78126K(78720K)->78126K(78720K) Class: 21985K(22464K)->21985K(22464K)
[300.991s][info][gc             ] GC(26) Pause Full (Allocation Failure) 2439M->1640M(2748M) 50.789ms
[300.991s][info][gc,cpu         ] GC(26) User=0.15s Sys=0.00s Real=0.05s
[303.455s][info][gc,start       ] GC(27) Pause Full (Allocation Failure)
[303.455s][info][gc,phases,start] GC(27) Marking Phase
[303.473s][info][gc,phases      ] GC(27) Marking Phase 18.064ms
[303.473s][info][gc,phases,start] GC(27) Summary Phase
[303.473s][info][gc,phases      ] GC(27) Summary Phase 0.017ms
[303.473s][info][gc,phases,start] GC(27) Forward
[303.476s][info][gc,phases      ] GC(27) Forward 3.035ms
[303.476s][info][gc,phases,start] GC(27) Adjust Pointers
[303.486s][info][gc,phases      ] GC(27) Adjust Pointers 10.081ms
[303.486s][info][gc,phases,start] GC(27) Compaction Phase
[303.506s][info][gc,phases      ] GC(27) Compaction Phase 19.568ms
[303.506s][info][gc,phases,start] GC(27) Post Compact
[303.507s][info][gc,phases      ] GC(27) Post Compact 1.154ms
[303.507s][info][gc,heap        ] GC(27) PSYoungGen: 734208K(856576K)->0K(856576K) Eden: 734208K(734208K)->0K(734208K) From: 0K(122368K)->0K(122368K)
[303.507s][info][gc,heap        ] GC(27) ParOldGen: 1679550K(1957888K)->1791723K(1957888K)
[303.507s][info][gc,metaspace   ] GC(27) Metaspace: 100191K(101248K)->100191K(101248K) NonClass: 78204K(78784K)->78204K(78784K) Class: 21986K(22464K)->21986K(22464K)
[303.507s][info][gc             ] GC(27) Pause Full (Allocation Failure) 2357M->1749M(2748M) 52.199ms
[303.507s][info][gc,cpu         ] GC(27) User=0.16s Sys=0.00s Real=0.05s
[303.810s][info][gc,start       ] GC(28) Pause Full (Allocation Failure)
[303.810s][info][gc,phases,start] GC(28) Marking Phase
[303.830s][info][gc,phases      ] GC(28) Marking Phase 19.794ms
[303.830s][info][gc,phases,start] GC(28) Summary Phase
[303.830s][info][gc,phases      ] GC(28) Summary Phase 0.019ms
[303.830s][info][gc,phases,start] GC(28) Forward
[303.834s][info][gc,phases      ] GC(28) Forward 4.110ms
[303.834s][info][gc,phases,start] GC(28) Adjust Pointers
[303.846s][info][gc,phases      ] GC(28) Adjust Pointers 11.872ms
[303.846s][info][gc,phases,start] GC(28) Compaction Phase
[303.871s][info][gc,phases      ] GC(28) Compaction Phase 24.844ms
[303.871s][info][gc,phases,start] GC(28) Post Compact
[303.872s][info][gc,phases      ] GC(28) Post Compact 1.092ms
[303.872s][info][gc,heap        ] GC(28) PSYoungGen: 734208K(856576K)->0K(856576K) Eden: 734208K(734208K)->0K(734208K) From: 0K(122368K)->0K(122368K)
[303.872s][info][gc,heap        ] GC(28) ParOldGen: 1791723K(1957888K)->1859558K(1957888K)
[303.872s][info][gc,metaspace   ] GC(28) Metaspace: 100199K(101248K)->100199K(101248K) NonClass: 78212K(78784K)->78212K(78784K) Class: 21986K(22464K)->21986K(22464K)
[303.872s][info][gc             ] GC(28) Pause Full (Allocation Failure) 2466M->1815M(2748M) 61.970ms
[303.872s][info][gc,cpu         ] GC(28) User=0.20s Sys=0.00s Real=0.06s
[304.127s][info][gc,start       ] GC(29) Pause Full (Allocation Failure)
[304.127s][info][gc,phases,start] GC(29) Marking Phase
[304.147s][info][gc,phases      ] GC(29) Marking Phase 19.447ms
[304.147s][info][gc,phases,start] GC(29) Summary Phase
[304.147s][info][gc,phases      ] GC(29) Summary Phase 0.021ms
[304.147s][info][gc,phases,start] GC(29) Forward
[304.151s][info][gc,phases      ] GC(29) Forward 4.447ms
[304.151s][info][gc,phases,start] GC(29) Adjust Pointers
[304.163s][info][gc,phases      ] GC(29) Adjust Pointers 11.991ms
[304.163s][info][gc,phases,start] GC(29) Compaction Phase
[304.187s][info][gc,phases      ] GC(29) Compaction Phase 23.446ms
[304.187s][info][gc,phases,start] GC(29) Post Compact
[304.188s][info][gc,phases      ] GC(29) Post Compact 1.150ms
[304.188s][info][gc,heap        ] GC(29) PSYoungGen: 734208K(856576K)->0K(856576K) Eden: 734208K(734208K)->0K(734208K) From: 0K(122368K)->0K(122368K)
[304.188s][info][gc,heap        ] GC(29) ParOldGen: 1859558K(1957888K)->1884921K(1957888K)
[304.188s][info][gc,metaspace   ] GC(29) Metaspace: 100210K(101248K)->100210K(101248K) NonClass: 78223K(78784K)->78223K(78784K) Class: 21986K(22464K)->21986K(22464K)
[304.188s][info][gc             ] GC(29) Pause Full (Allocation Failure) 2532M->1840M(2748M) 60.719ms
[304.188s][info][gc,cpu         ] GC(29) User=0.19s Sys=0.00s Real=0.07s
[304.295s][info][gc,start       ] GC(30) Pause Full (Allocation Failure)
[304.296s][info][gc,phases,start] GC(30) Marking Phase
[304.314s][info][gc,phases      ] GC(30) Marking Phase 18.072ms
[304.314s][info][gc,phases,start] GC(30) Summary Phase
[304.314s][info][gc,phases      ] GC(30) Summary Phase 0.023ms
[304.314s][info][gc,phases,start] GC(30) Forward
[304.317s][info][gc,phases      ] GC(30) Forward 3.693ms
[304.317s][info][gc,phases,start] GC(30) Adjust Pointers
[304.329s][info][gc,phases      ] GC(30) Adjust Pointers 11.628ms
[304.329s][info][gc,phases,start] GC(30) Compaction Phase
[304.348s][info][gc,phases      ] GC(30) Compaction Phase 18.826ms
[304.348s][info][gc,phases,start] GC(30) Post Compact
[304.349s][info][gc,phases      ] GC(30) Post Compact 1.370ms
[304.349s][info][gc,heap        ] GC(30) PSYoungGen: 731425K(856576K)->0K(856576K) Eden: 731425K(734208K)->0K(734208K) From: 0K(122368K)->0K(122368K)
[304.349s][info][gc,heap        ] GC(30) ParOldGen: 1884921K(1957888K)->1781965K(1957888K)
[304.349s][info][gc,metaspace   ] GC(30) Metaspace: 100212K(101248K)->100212K(101248K) NonClass: 78226K(78784K)->78226K(78784K) Class: 21986K(22464K)->21986K(22464K)
[304.349s][info][gc             ] GC(30) Pause Full (Allocation Failure) 2555M->1740M(2748M) 53.852ms
[304.349s][info][gc,cpu         ] GC(30) User=0.16s Sys=0.00s Real=0.06s
[304.541s][info][gc,start       ] GC(31) Pause Full (Allocation Failure)
[304.541s][info][gc,phases,start] GC(31) Marking Phase
[304.562s][info][gc,phases      ] GC(31) Marking Phase 21.400ms
[304.562s][info][gc,phases,start] GC(31) Summary Phase
[304.562s][info][gc,phases      ] GC(31) Summary Phase 0.019ms
[304.562s][info][gc,phases,start] GC(31) Forward
[304.565s][info][gc,phases      ] GC(31) Forward 2.637ms
[304.565s][info][gc,phases,start] GC(31) Adjust Pointers
[304.576s][info][gc,phases      ] GC(31) Adjust Pointers 11.323ms
[304.576s][info][gc,phases,start] GC(31) Compaction Phase
[304.595s][info][gc,phases      ] GC(31) Compaction Phase 18.161ms
[304.595s][info][gc,phases,start] GC(31) Post Compact
[304.596s][info][gc,phases      ] GC(31) Post Compact 1.051ms
[304.596s][info][gc,heap        ] GC(31) PSYoungGen: 733733K(856576K)->0K(856576K) Eden: 733733K(734208K)->0K(734208K) From: 0K(122368K)->0K(122368K)
[304.596s][info][gc,heap        ] GC(31) ParOldGen: 1781965K(1957888K)->1835655K(1957888K)
[304.596s][info][gc,metaspace   ] GC(31) Metaspace: 100221K(101248K)->100221K(101248K) NonClass: 78234K(78784K)->78234K(78784K) Class: 21986K(22464K)->21986K(22464K)
[304.596s][info][gc             ] GC(31) Pause Full (Allocation Failure) 2456M->1792M(2748M) 54.807ms
[304.596s][info][gc,cpu         ] GC(31) User=0.18s Sys=0.01s Real=0.05s
[304.800s][info][gc,start       ] GC(32) Pause Full (Allocation Failure)
[304.800s][info][gc,phases,start] GC(32) Marking Phase
[304.815s][info][gc,phases      ] GC(32) Marking Phase 15.694ms
[304.815s][info][gc,phases,start] GC(32) Summary Phase
[304.815s][info][gc,phases      ] GC(32) Summary Phase 0.023ms
[304.815s][info][gc,phases,start] GC(32) Forward
[304.817s][info][gc,phases      ] GC(32) Forward 1.561ms
[304.817s][info][gc,phases,start] GC(32) Adjust Pointers
[304.827s][info][gc,phases      ] GC(32) Adjust Pointers 10.050ms
[304.827s][info][gc,phases,start] GC(32) Compaction Phase
[304.844s][info][gc,phases      ] GC(32) Compaction Phase 16.351ms
[304.844s][info][gc,phases,start] GC(32) Post Compact
[304.845s][info][gc,phases      ] GC(32) Post Compact 1.208ms
[304.845s][info][gc,heap        ] GC(32) PSYoungGen: 732876K(856576K)->0K(856576K) Eden: 732876K(734208K)->0K(734208K) From: 0K(122368K)->0K(122368K)
[304.845s][info][gc,heap        ] GC(32) ParOldGen: 1835655K(1957888K)->1711121K(1957888K)
[304.845s][info][gc,metaspace   ] GC(32) Metaspace: 100248K(101312K)->100248K(101312K) NonClass: 78262K(78848K)->78262K(78848K) Class: 21986K(22464K)->21986K(22464K)
[304.845s][info][gc             ] GC(32) Pause Full (Allocation Failure) 2508M->1671M(2748M) 45.143ms
[304.845s][info][gc,cpu         ] GC(32) User=0.14s Sys=0.00s Real=0.04s
[305.365s][info][gc,start       ] GC(33) Pause Full (Allocation Failure)
[305.365s][info][gc,phases,start] GC(33) Marking Phase
[305.381s][info][gc,phases      ] GC(33) Marking Phase 16.350ms
[305.381s][info][gc,phases,start] GC(33) Summary Phase
[305.381s][info][gc,phases      ] GC(33) Summary Phase 0.024ms
[305.381s][info][gc,phases,start] GC(33) Forward
[305.382s][info][gc,phases      ] GC(33) Forward 0.636ms
[305.382s][info][gc,phases,start] GC(33) Adjust Pointers
[305.391s][info][gc,phases      ] GC(33) Adjust Pointers 9.465ms
[305.391s][info][gc,phases,start] GC(33) Compaction Phase
[305.406s][info][gc,phases      ] GC(33) Compaction Phase 14.695ms
[305.406s][info][gc,phases,start] GC(33) Post Compact
[305.408s][info][gc,phases      ] GC(33) Post Compact 2.022ms
[305.409s][info][gc,heap        ] GC(33) PSYoungGen: 733493K(856576K)->0K(856576K) Eden: 733493K(734208K)->0K(734208K) From: 0K(122368K)->0K(122368K)
[305.409s][info][gc,heap        ] GC(33) ParOldGen: 1711121K(1957888K)->1636442K(1957888K)
[305.409s][info][gc,metaspace   ] GC(33) Metaspace: 100250K(101312K)->100250K(101312K) NonClass: 78264K(78848K)->78264K(78848K) Class: 21986K(22464K)->21986K(22464K)
[305.409s][info][gc             ] GC(33) Pause Full (Allocation Failure) 2387M->1598M(2748M) 44.503ms
[305.409s][info][gc,cpu         ] GC(33) User=0.13s Sys=0.00s Real=0.05s
[307.674s][info][gc,start       ] GC(34) Pause Full (Allocation Failure)
[307.674s][info][gc,phases,start] GC(34) Marking Phase
[307.691s][info][gc,phases      ] GC(34) Marking Phase 16.789ms
[307.691s][info][gc,phases,start] GC(34) Summary Phase
[307.691s][info][gc,phases      ] GC(34) Summary Phase 0.018ms
[307.691s][info][gc,phases,start] GC(34) Forward
[307.693s][info][gc,phases      ] GC(34) Forward 2.526ms
[307.693s][info][gc,phases,start] GC(34) Adjust Pointers
[307.703s][info][gc,phases      ] GC(34) Adjust Pointers 10.187ms
[307.703s][info][gc,phases,start] GC(34) Compaction Phase
[307.721s][info][gc,phases      ] GC(34) Compaction Phase 17.699ms
[307.721s][info][gc,phases,start] GC(34) Post Compact
[307.722s][info][gc,phases      ] GC(34) Post Compact 1.114ms
[307.722s][info][gc,heap        ] GC(34) PSYoungGen: 727559K(856576K)->0K(856576K) Eden: 727559K(734208K)->0K(734208K) From: 0K(122368K)->0K(122368K)
[307.722s][info][gc,heap        ] GC(34) ParOldGen: 1636442K(1957888K)->1729798K(1957888K)
[307.722s][info][gc,metaspace   ] GC(34) Metaspace: 100279K(101312K)->100279K(101312K) NonClass: 78292K(78848K)->78292K(78848K) Class: 21986K(22464K)->21986K(22464K)
[307.722s][info][gc             ] GC(34) Pause Full (Allocation Failure) 2308M->1689M(2748M) 48.613ms
[307.722s][info][gc,cpu         ] GC(34) User=0.16s Sys=0.00s Real=0.05s
[308.044s][info][gc,start       ] GC(35) Pause Full (Allocation Failure)
[308.044s][info][gc,phases,start] GC(35) Marking Phase
[308.065s][info][gc,phases      ] GC(35) Marking Phase 20.569ms
[308.065s][info][gc,phases,start] GC(35) Summary Phase
[308.065s][info][gc,phases      ] GC(35) Summary Phase 0.022ms
[308.065s][info][gc,phases,start] GC(35) Forward
[308.068s][info][gc,phases      ] GC(35) Forward 3.238ms
[308.068s][info][gc,phases,start] GC(35) Adjust Pointers
[308.080s][info][gc,phases      ] GC(35) Adjust Pointers 11.974ms
[308.080s][info][gc,phases,start] GC(35) Compaction Phase
[308.103s][info][gc,phases      ] GC(35) Compaction Phase 22.396ms
[308.103s][info][gc,phases,start] GC(35) Post Compact
[308.104s][info][gc,phases      ] GC(35) Post Compact 1.094ms
[308.104s][info][gc,heap        ] GC(35) PSYoungGen: 734208K(856576K)->0K(856576K) Eden: 734208K(734208K)->0K(734208K) From: 0K(122368K)->0K(122368K)
[308.104s][info][gc,heap        ] GC(35) ParOldGen: 1729798K(1957888K)->1854757K(1957888K)
[308.104s][info][gc,metaspace   ] GC(35) Metaspace: 100293K(101312K)->100293K(101312K) NonClass: 78307K(78848K)->78307K(78848K) Class: 21986K(22464K)->21986K(22464K)
[308.104s][info][gc             ] GC(35) Pause Full (Allocation Failure) 2406M->1811M(2748M) 59.514ms
[308.104s][info][gc,cpu         ] GC(35) User=0.19s Sys=0.00s Real=0.06s
[308.288s][info][gc,start       ] GC(36) Pause Full (Allocation Failure)
[308.288s][info][gc,phases,start] GC(36) Marking Phase
[308.306s][info][gc,phases      ] GC(36) Marking Phase 18.011ms
[308.306s][info][gc,phases,start] GC(36) Summary Phase
[308.306s][info][gc,phases      ] GC(36) Summary Phase 0.029ms
[308.306s][info][gc,phases,start] GC(36) Forward
[308.309s][info][gc,phases      ] GC(36) Forward 3.474ms
[308.309s][info][gc,phases,start] GC(36) Adjust Pointers
[308.322s][info][gc,phases      ] GC(36) Adjust Pointers 12.403ms
[308.322s][info][gc,phases,start] GC(36) Compaction Phase
[308.346s][info][gc,phases      ] GC(36) Compaction Phase 23.777ms
[308.346s][info][gc,phases,start] GC(36) Post Compact
[308.347s][info][gc,phases      ] GC(36) Post Compact 1.148ms
[308.347s][info][gc,heap        ] GC(36) PSYoungGen: 733756K(856576K)->0K(856576K) Eden: 733756K(734208K)->0K(734208K) From: 0K(122368K)->0K(122368K)
[308.347s][info][gc,heap        ] GC(36) ParOldGen: 1854757K(1957888K)->1888199K(1957888K)
[308.347s][info][gc,metaspace   ] GC(36) Metaspace: 100314K(101376K)->100314K(101376K) NonClass: 78328K(78912K)->78328K(78912K) Class: 21986K(22464K)->21986K(22464K)
[308.347s][info][gc             ] GC(36) Pause Full (Allocation Failure) 2527M->1843M(2748M) 59.052ms
[308.347s][info][gc,cpu         ] GC(36) User=0.19s Sys=0.01s Real=0.05s
[308.480s][info][gc,start       ] GC(37) Pause Full (Allocation Failure)
[308.480s][info][gc,phases,start] GC(37) Marking Phase
[308.498s][info][gc,phases      ] GC(37) Marking Phase 18.173ms
[308.498s][info][gc,phases,start] GC(37) Summary Phase
[308.498s][info][gc,phases      ] GC(37) Summary Phase 0.025ms
[308.498s][info][gc,phases,start] GC(37) Forward
[308.503s][info][gc,phases      ] GC(37) Forward 4.750ms
[308.503s][info][gc,phases,start] GC(37) Adjust Pointers
[308.516s][info][gc,phases      ] GC(37) Adjust Pointers 13.232ms
[308.516s][info][gc,phases,start] GC(37) Compaction Phase
[308.539s][info][gc,phases      ] GC(37) Compaction Phase 22.850ms
[308.539s][info][gc,phases,start] GC(37) Post Compact
[308.540s][info][gc,phases      ] GC(37) Post Compact 1.278ms
[308.541s][info][gc,heap        ] GC(37) PSYoungGen: 730512K(856576K)->0K(856576K) Eden: 730512K(734208K)->0K(734208K) From: 0K(122368K)->0K(122368K)
[308.541s][info][gc,heap        ] GC(37) ParOldGen: 1888199K(1957888K)->1833108K(1957888K)
[308.541s][info][gc,metaspace   ] GC(37) Metaspace: 100316K(101376K)->100316K(101376K) NonClass: 78329K(78912K)->78329K(78912K) Class: 21986K(22464K)->21986K(22464K)
[308.541s][info][gc             ] GC(37) Pause Full (Allocation Failure) 2557M->1790M(2748M) 60.507ms
[308.541s][info][gc,cpu         ] GC(37) User=0.17s Sys=0.01s Real=0.06s
[308.684s][info][gc,start       ] GC(38) Pause Full (Allocation Failure)
[308.684s][info][gc,phases,start] GC(38) Marking Phase
[308.701s][info][gc,phases      ] GC(38) Marking Phase 17.213ms
[308.701s][info][gc,phases,start] GC(38) Summary Phase
[308.701s][info][gc,phases      ] GC(38) Summary Phase 0.037ms
[308.701s][info][gc,phases,start] GC(38) Forward
[308.704s][info][gc,phases      ] GC(38) Forward 2.586ms
[308.704s][info][gc,phases,start] GC(38) Adjust Pointers
[308.715s][info][gc,phases      ] GC(38) Adjust Pointers 11.367ms
[308.715s][info][gc,phases,start] GC(38) Compaction Phase
[308.738s][info][gc,phases      ] GC(38) Compaction Phase 22.974ms
[308.738s][info][gc,phases,start] GC(38) Post Compact
[308.740s][info][gc,phases      ] GC(38) Post Compact 1.130ms
[308.740s][info][gc,heap        ] GC(38) PSYoungGen: 732812K(856576K)->0K(856576K) Eden: 732812K(734208K)->0K(734208K) From: 0K(122368K)->0K(122368K)
[308.740s][info][gc,heap        ] GC(38) ParOldGen: 1833108K(1957888K)->1802337K(1957888K)
[308.740s][info][gc,metaspace   ] GC(38) Metaspace: 100318K(101376K)->100318K(101376K) NonClass: 78331K(78912K)->78331K(78912K) Class: 21986K(22464K)->21986K(22464K)
[308.740s][info][gc             ] GC(38) Pause Full (Allocation Failure) 2505M->1760M(2748M) 55.594ms
[308.740s][info][gc,cpu         ] GC(38) User=0.17s Sys=0.00s Real=0.06s
[308.914s][info][gc,start       ] GC(39) Pause Full (Allocation Failure)
[308.914s][info][gc,phases,start] GC(39) Marking Phase
[308.931s][info][gc,phases      ] GC(39) Marking Phase 17.454ms
[308.931s][info][gc,phases,start] GC(39) Summary Phase
[308.931s][info][gc,phases      ] GC(39) Summary Phase 0.020ms
[308.931s][info][gc,phases,start] GC(39) Forward
[308.933s][info][gc,phases      ] GC(39) Forward 1.571ms
[308.933s][info][gc,phases,start] GC(39) Adjust Pointers
[308.943s][info][gc,phases      ] GC(39) Adjust Pointers 10.597ms
[308.943s][info][gc,phases,start] GC(39) Compaction Phase
[308.960s][info][gc,phases      ] GC(39) Compaction Phase 16.480ms
[308.960s][info][gc,phases,start] GC(39) Post Compact
[308.961s][info][gc,phases      ] GC(39) Post Compact 1.112ms
[308.961s][info][gc,heap        ] GC(39) PSYoungGen: 732519K(856576K)->0K(856576K) Eden: 732519K(734208K)->0K(734208K) From: 0K(122368K)->0K(122368K)
[308.961s][info][gc,heap        ] GC(39) ParOldGen: 1802337K(1957888K)->1713998K(1957888K)
[308.961s][info][gc,metaspace   ] GC(39) Metaspace: 100319K(101376K)->100319K(101376K) NonClass: 78333K(78912K)->78333K(78912K) Class: 21986K(22464K)->21986K(22464K)
[308.961s][info][gc             ] GC(39) Pause Full (Allocation Failure) 2475M->1673M(2748M) 47.427ms
[308.961s][info][gc,cpu         ] GC(39) User=0.15s Sys=0.00s Real=0.05s
[311.095s][info][gc,start       ] GC(40) Pause Full (Allocation Failure)
[311.095s][info][gc,phases,start] GC(40) Marking Phase
[311.116s][info][gc,phases      ] GC(40) Marking Phase 20.805ms
[311.116s][info][gc,phases,start] GC(40) Summary Phase
[311.116s][info][gc,phases      ] GC(40) Summary Phase 0.026ms
[311.116s][info][gc,phases,start] GC(40) Forward
[311.118s][info][gc,phases      ] GC(40) Forward 1.265ms
[311.118s][info][gc,phases,start] GC(40) Adjust Pointers
[311.129s][info][gc,phases      ] GC(40) Adjust Pointers 11.769ms
[311.129s][info][gc,phases,start] GC(40) Compaction Phase
[311.145s][info][gc,phases      ] GC(40) Compaction Phase 15.393ms
[311.145s][info][gc,phases,start] GC(40) Post Compact
[311.147s][info][gc,phases      ] GC(40) Post Compact 2.226ms
[311.147s][info][gc,heap        ] GC(40) PSYoungGen: 734208K(856576K)->0K(856576K) Eden: 734208K(734208K)->0K(734208K) From: 0K(122368K)->0K(122368K)
[311.147s][info][gc,heap        ] GC(40) ParOldGen: 1713998K(1957888K)->1635762K(1957888K)
[311.147s][info][gc,metaspace   ] GC(40) Metaspace: 100332K(101376K)->100332K(101376K) NonClass: 78346K(78912K)->78346K(78912K) Class: 21986K(22464K)->21986K(22464K)
[311.147s][info][gc             ] GC(40) Pause Full (Allocation Failure) 2390M->1597M(2748M) 51.728ms
[311.147s][info][gc,cpu         ] GC(40) User=0.15s Sys=0.00s Real=0.05s
[311.983s][info][gc,start       ] GC(41) Pause Full (Allocation Failure)
[311.983s][info][gc,phases,start] GC(41) Marking Phase
[312.017s][info][gc,phases      ] GC(41) Marking Phase 33.552ms
[312.017s][info][gc,phases,start] GC(41) Summary Phase
[312.017s][info][gc,phases      ] GC(41) Summary Phase 0.083ms
[312.017s][info][gc,phases,start] GC(41) Forward
[312.020s][info][gc,phases      ] GC(41) Forward 3.360ms
[312.020s][info][gc,phases,start] GC(41) Adjust Pointers
[312.040s][info][gc,phases      ] GC(41) Adjust Pointers 19.371ms
[312.040s][info][gc,phases,start] GC(41) Compaction Phase
[312.069s][info][gc,phases      ] GC(41) Compaction Phase 29.365ms
[312.069s][info][gc,phases,start] GC(41) Post Compact
[312.072s][info][gc,phases      ] GC(41) Post Compact 3.032ms
[312.072s][info][gc,heap        ] GC(41) PSYoungGen: 734208K(856576K)->0K(856576K) Eden: 734208K(734208K)->0K(734208K) From: 0K(122368K)->0K(122368K)
[312.072s][info][gc,heap        ] GC(41) ParOldGen: 1635762K(1957888K)->1750179K(1957888K)
[312.072s][info][gc,metaspace   ] GC(41) Metaspace: 100338K(101376K)->100338K(101376K) NonClass: 78352K(78912K)->78352K(78912K) Class: 21986K(22464K)->21986K(22464K)
[312.072s][info][gc             ] GC(41) Pause Full (Allocation Failure) 2314M->1709M(2748M) 89.200ms
[312.072s][info][gc,cpu         ] GC(41) User=0.27s Sys=0.01s Real=0.09s
[312.617s][info][gc,start       ] GC(42) Pause Full (Allocation Failure)
[312.617s][info][gc,phases,start] GC(42) Marking Phase
[312.644s][info][gc,phases      ] GC(42) Marking Phase 27.146ms
[312.644s][info][gc,phases,start] GC(42) Summary Phase
[312.644s][info][gc,phases      ] GC(42) Summary Phase 0.034ms
[312.644s][info][gc,phases,start] GC(42) Forward
[312.650s][info][gc,phases      ] GC(42) Forward 5.638ms
[312.650s][info][gc,phases,start] GC(42) Adjust Pointers
[312.666s][info][gc,phases      ] GC(42) Adjust Pointers 15.803ms
[312.666s][info][gc,phases,start] GC(42) Compaction Phase
[312.692s][info][gc,phases      ] GC(42) Compaction Phase 25.937ms
[312.692s][info][gc,phases,start] GC(42) Post Compact
[312.693s][info][gc,phases      ] GC(42) Post Compact 1.278ms
[312.693s][info][gc,heap        ] GC(42) PSYoungGen: 734208K(856576K)->0K(856576K) Eden: 734208K(734208K)->0K(734208K) From: 0K(122368K)->0K(122368K)
[312.693s][info][gc,heap        ] GC(42) ParOldGen: 1750179K(1957888K)->1846591K(1957888K)
[312.693s][info][gc,metaspace   ] GC(42) Metaspace: 100352K(101440K)->100352K(101440K) NonClass: 78366K(78976K)->78366K(78976K) Class: 21986K(22464K)->21986K(22464K)
[312.693s][info][gc             ] GC(42) Pause Full (Allocation Failure) 2426M->1803M(2748M) 76.157ms
[312.693s][info][gc,cpu         ] GC(42) User=0.22s Sys=0.00s Real=0.08s
[312.951s][info][gc,start       ] GC(43) Pause Full (Allocation Failure)
[312.951s][info][gc,phases,start] GC(43) Marking Phase
[312.974s][info][gc,phases      ] GC(43) Marking Phase 22.817ms
[312.974s][info][gc,phases,start] GC(43) Summary Phase
[312.974s][info][gc,phases      ] GC(43) Summary Phase 0.034ms
[312.974s][info][gc,phases,start] GC(43) Forward
[312.978s][info][gc,phases      ] GC(43) Forward 4.118ms
[312.978s][info][gc,phases,start] GC(43) Adjust Pointers
[312.993s][info][gc,phases      ] GC(43) Adjust Pointers 14.914ms
[312.993s][info][gc,phases,start] GC(43) Compaction Phase
[313.017s][info][gc,phases      ] GC(43) Compaction Phase 24.562ms
[313.017s][info][gc,phases,start] GC(43) Post Compact
[313.019s][info][gc,phases      ] GC(43) Post Compact 1.212ms
[313.019s][info][gc,heap        ] GC(43) PSYoungGen: 734054K(856576K)->0K(856576K) Eden: 734054K(734208K)->0K(734208K) From: 0K(122368K)->0K(122368K)
[313.019s][info][gc,heap        ] GC(43) ParOldGen: 1846591K(1957888K)->1862153K(1957888K)
[313.019s][info][gc,metaspace   ] GC(43) Metaspace: 100353K(101440K)->100353K(101440K) NonClass: 78367K(78976K)->78367K(78976K) Class: 21986K(22464K)->21986K(22464K)
[313.019s][info][gc             ] GC(43) Pause Full (Allocation Failure) 2520M->1818M(2748M) 67.874ms
[313.019s][info][gc,cpu         ] GC(43) User=0.21s Sys=0.00s Real=0.07s
[313.208s][info][gc,start       ] GC(44) Pause Full (Allocation Failure)
[313.208s][info][gc,phases,start] GC(44) Marking Phase
[313.241s][info][gc,phases      ] GC(44) Marking Phase 32.166ms
[313.241s][info][gc,phases,start] GC(44) Summary Phase
[313.241s][info][gc,phases      ] GC(44) Summary Phase 0.029ms
[313.241s][info][gc,phases,start] GC(44) Forward
[313.248s][info][gc,phases      ] GC(44) Forward 7.036ms
[313.248s][info][gc,phases,start] GC(44) Adjust Pointers
[313.268s][info][gc,phases      ] GC(44) Adjust Pointers 19.974ms
[313.268s][info][gc,phases,start] GC(44) Compaction Phase
[313.294s][info][gc,phases      ] GC(44) Compaction Phase 26.449ms
[313.294s][info][gc,phases,start] GC(44) Post Compact
[313.296s][info][gc,phases      ] GC(44) Post Compact 1.330ms
[313.296s][info][gc,heap        ] GC(44) PSYoungGen: 726267K(856576K)->0K(856576K) Eden: 726267K(734208K)->0K(734208K) From: 0K(122368K)->0K(122368K)
[313.296s][info][gc,heap        ] GC(44) ParOldGen: 1862153K(1957888K)->1848600K(1957888K)
[313.296s][info][gc,metaspace   ] GC(44) Metaspace: 100353K(101440K)->100353K(101440K) NonClass: 78367K(78976K)->78367K(78976K) Class: 21986K(22464K)->21986K(22464K)
[313.296s][info][gc             ] GC(44) Pause Full (Allocation Failure) 2527M->1805M(2748M) 87.309ms
[313.296s][info][gc,cpu         ] GC(44) User=0.24s Sys=0.00s Real=0.08s
[313.549s][info][gc,start       ] GC(45) Pause Full (Allocation Failure)
[313.549s][info][gc,phases,start] GC(45) Marking Phase
[313.569s][info][gc,phases      ] GC(45) Marking Phase 20.032ms
[313.569s][info][gc,phases,start] GC(45) Summary Phase
[313.569s][info][gc,phases      ] GC(45) Summary Phase 0.023ms
[313.569s][info][gc,phases,start] GC(45) Forward
[313.574s][info][gc,phases      ] GC(45) Forward 5.387ms
[313.574s][info][gc,phases,start] GC(45) Adjust Pointers
[313.587s][info][gc,phases      ] GC(45) Adjust Pointers 12.793ms
[313.587s][info][gc,phases,start] GC(45) Compaction Phase
[313.629s][info][gc,phases      ] GC(45) Compaction Phase 41.956ms
[313.629s][info][gc,phases,start] GC(45) Post Compact
[313.631s][info][gc,phases      ] GC(45) Post Compact 1.218ms
[313.631s][info][gc,heap        ] GC(45) PSYoungGen: 733818K(856576K)->0K(856576K) Eden: 733818K(734208K)->0K(734208K) From: 0K(122368K)->0K(122368K)
[313.631s][info][gc,heap        ] GC(45) ParOldGen: 1848600K(1957888K)->1695953K(1957888K)
[313.631s][info][gc,metaspace   ] GC(45) Metaspace: 100354K(101440K)->100354K(101440K) NonClass: 78368K(78976K)->78368K(78976K) Class: 21986K(22464K)->21986K(22464K)
[313.631s][info][gc             ] GC(45) Pause Full (Allocation Failure) 2521M->1656M(2748M) 81.783ms
[313.631s][info][gc,cpu         ] GC(45) User=0.27s Sys=0.00s Real=0.08s
[313.881s][info][gc,start       ] GC(46) Pause Full (Allocation Failure)
[313.881s][info][gc,phases,start] GC(46) Marking Phase
[313.900s][info][gc,phases      ] GC(46) Marking Phase 19.422ms
[313.900s][info][gc,phases,start] GC(46) Summary Phase
[313.900s][info][gc,phases      ] GC(46) Summary Phase 0.030ms
[313.900s][info][gc,phases,start] GC(46) Forward
[313.902s][info][gc,phases      ] GC(46) Forward 1.392ms
[313.902s][info][gc,phases,start] GC(46) Adjust Pointers
[313.914s][info][gc,phases      ] GC(46) Adjust Pointers 11.987ms
[313.914s][info][gc,phases,start] GC(46) Compaction Phase
[313.928s][info][gc,phases      ] GC(46) Compaction Phase 14.527ms
[313.929s][info][gc,phases,start] GC(46) Post Compact
[313.930s][info][gc,phases      ] GC(46) Post Compact 1.309ms
[313.930s][info][gc,heap        ] GC(46) PSYoungGen: 730309K(856576K)->0K(856576K) Eden: 730309K(734208K)->0K(734208K) From: 0K(122368K)->0K(122368K)
[313.930s][info][gc,heap        ] GC(46) ParOldGen: 1695953K(1957888K)->1677043K(1957888K)
[313.930s][info][gc,metaspace   ] GC(46) Metaspace: 100363K(101440K)->100363K(101440K) NonClass: 78377K(78976K)->78377K(78976K) Class: 21986K(22464K)->21986K(22464K)
[313.930s][info][gc             ] GC(46) Pause Full (Allocation Failure) 2369M->1637M(2748M) 48.943ms
[313.930s][info][gc,cpu         ] GC(46) User=0.15s Sys=0.00s Real=0.05s
[316.486s][info][gc,start       ] GC(47) Pause Full (Allocation Failure)
[316.486s][info][gc,phases,start] GC(47) Marking Phase
[316.505s][info][gc,phases      ] GC(47) Marking Phase 19.232ms
[316.505s][info][gc,phases,start] GC(47) Summary Phase
[316.505s][info][gc,phases      ] GC(47) Summary Phase 0.018ms
[316.505s][info][gc,phases,start] GC(47) Forward
[316.507s][info][gc,phases      ] GC(47) Forward 1.550ms
[316.507s][info][gc,phases,start] GC(47) Adjust Pointers
[316.517s][info][gc,phases      ] GC(47) Adjust Pointers 10.541ms
[316.517s][info][gc,phases,start] GC(47) Compaction Phase
[316.533s][info][gc,phases      ] GC(47) Compaction Phase 15.563ms
[316.533s][info][gc,phases,start] GC(47) Post Compact
[316.534s][info][gc,phases      ] GC(47) Post Compact 1.116ms
[316.534s][info][gc,heap        ] GC(47) PSYoungGen: 734208K(856576K)->0K(856576K) Eden: 734208K(734208K)->0K(734208K) From: 0K(122368K)->0K(122368K)
[316.534s][info][gc,heap        ] GC(47) ParOldGen: 1677043K(1957888K)->1649956K(1957888K)
[316.534s][info][gc,metaspace   ] GC(47) Metaspace: 100372K(101440K)->100372K(101440K) NonClass: 78386K(78976K)->78386K(78976K) Class: 21986K(22464K)->21986K(22464K)
[316.534s][info][gc             ] GC(47) Pause Full (Allocation Failure) 2354M->1611M(2748M) 48.275ms
[316.534s][info][gc,cpu         ] GC(47) User=0.15s Sys=0.00s Real=0.05s
[317.373s][info][gc,start       ] GC(48) Pause Full (Allocation Failure)
[317.373s][info][gc,phases,start] GC(48) Marking Phase
[317.414s][info][gc,phases      ] GC(48) Marking Phase 41.173ms
[317.414s][info][gc,phases,start] GC(48) Summary Phase
[317.414s][info][gc,phases      ] GC(48) Summary Phase 0.023ms
[317.414s][info][gc,phases,start] GC(48) Forward
[317.417s][info][gc,phases      ] GC(48) Forward 3.155ms
[317.417s][info][gc,phases,start] GC(48) Adjust Pointers
[317.432s][info][gc,phases      ] GC(48) Adjust Pointers 14.586ms
[317.432s][info][gc,phases,start] GC(48) Compaction Phase
[317.456s][info][gc,phases      ] GC(48) Compaction Phase 23.500ms
[317.456s][info][gc,phases,start] GC(48) Post Compact
[317.457s][info][gc,phases      ] GC(48) Post Compact 1.294ms
[317.457s][info][gc,heap        ] GC(48) PSYoungGen: 734208K(856576K)->0K(856576K) Eden: 734208K(734208K)->0K(734208K) From: 0K(122368K)->0K(122368K)
[317.457s][info][gc,heap        ] GC(48) ParOldGen: 1649956K(1957888K)->1783355K(1957888K)
[317.457s][info][gc,metaspace   ] GC(48) Metaspace: 100374K(101440K)->100374K(101440K) NonClass: 78388K(78976K)->78388K(78976K) Class: 21986K(22464K)->21986K(22464K)
[317.457s][info][gc             ] GC(48) Pause Full (Allocation Failure) 2328M->1741M(2748M) 84.111ms
[317.457s][info][gc,cpu         ] GC(48) User=0.25s Sys=0.01s Real=0.08s
[317.794s][info][gc,start       ] GC(49) Pause Full (Allocation Failure)
[317.794s][info][gc,phases,start] GC(49) Marking Phase
[317.819s][info][gc,phases      ] GC(49) Marking Phase 25.198ms
[317.819s][info][gc,phases,start] GC(49) Summary Phase
[317.819s][info][gc,phases      ] GC(49) Summary Phase 0.039ms
[317.819s][info][gc,phases,start] GC(49) Forward
[317.825s][info][gc,phases      ] GC(49) Forward 6.031ms
[317.825s][info][gc,phases,start] GC(49) Adjust Pointers
[317.841s][info][gc,phases      ] GC(49) Adjust Pointers 15.380ms
[317.841s][info][gc,phases,start] GC(49) Compaction Phase
[317.866s][info][gc,phases      ] GC(49) Compaction Phase 24.962ms
[317.866s][info][gc,phases,start] GC(49) Post Compact
[317.868s][info][gc,phases      ] GC(49) Post Compact 2.151ms
[317.868s][info][gc,heap        ] GC(49) PSYoungGen: 734208K(856576K)->0K(856576K) Eden: 734208K(734208K)->0K(734208K) From: 0K(122368K)->0K(122368K)
[317.868s][info][gc,heap        ] GC(49) ParOldGen: 1783355K(1957888K)->1866354K(1957888K)
[317.868s][info][gc,metaspace   ] GC(49) Metaspace: 100375K(101440K)->100375K(101440K) NonClass: 78388K(78976K)->78388K(78976K) Class: 21986K(22464K)->21986K(22464K)
[317.868s][info][gc             ] GC(49) Pause Full (Allocation Failure) 2458M->1822M(2748M) 74.002ms
[317.868s][info][gc,cpu         ] GC(49) User=0.23s Sys=0.01s Real=0.08s
[318.115s][info][gc,start       ] GC(50) Pause Full (Allocation Failure)
[318.115s][info][gc,phases,start] GC(50) Marking Phase
[318.135s][info][gc,phases      ] GC(50) Marking Phase 19.639ms
[318.135s][info][gc,phases,start] GC(50) Summary Phase
[318.135s][info][gc,phases      ] GC(50) Summary Phase 0.024ms
[318.135s][info][gc,phases,start] GC(50) Forward
[318.138s][info][gc,phases      ] GC(50) Forward 3.710ms
[318.138s][info][gc,phases,start] GC(50) Adjust Pointers
[318.152s][info][gc,phases      ] GC(50) Adjust Pointers 13.745ms
[318.152s][info][gc,phases,start] GC(50) Compaction Phase
[318.179s][info][gc,phases      ] GC(50) Compaction Phase 26.753ms
[318.179s][info][gc,phases,start] GC(50) Post Compact
[318.180s][info][gc,phases      ] GC(50) Post Compact 1.210ms
[318.180s][info][gc,heap        ] GC(50) PSYoungGen: 730186K(856576K)->0K(856576K) Eden: 730186K(734208K)->0K(734208K) From: 0K(122368K)->0K(122368K)
[318.180s][info][gc,heap        ] GC(50) ParOldGen: 1866354K(1957888K)->1856256K(1957888K)
[318.180s][info][gc,metaspace   ] GC(50) Metaspace: 100379K(101440K)->100379K(101440K) NonClass: 78392K(78976K)->78392K(78976K) Class: 21986K(22464K)->21986K(22464K)
[318.180s][info][gc             ] GC(50) Pause Full (Allocation Failure) 2535M->1812M(2748M) 65.353ms
[318.180s][info][gc,cpu         ] GC(50) User=0.21s Sys=0.00s Real=0.07s
[318.349s][info][gc,start       ] GC(51) Pause Full (Allocation Failure)
[318.349s][info][gc,phases,start] GC(51) Marking Phase
[318.372s][info][gc,phases      ] GC(51) Marking Phase 23.252ms
[318.372s][info][gc,phases,start] GC(51) Summary Phase
[318.372s][info][gc,phases      ] GC(51) Summary Phase 0.026ms
[318.372s][info][gc,phases,start] GC(51) Forward
[318.375s][info][gc,phases      ] GC(51) Forward 2.984ms
[318.375s][info][gc,phases,start] GC(51) Adjust Pointers
[318.388s][info][gc,phases      ] GC(51) Adjust Pointers 13.016ms
[318.388s][info][gc,phases,start] GC(51) Compaction Phase
[318.409s][info][gc,phases      ] GC(51) Compaction Phase 20.905ms
[318.409s][info][gc,phases,start] GC(51) Post Compact
[318.410s][info][gc,phases      ] GC(51) Post Compact 1.125ms
[318.410s][info][gc,heap        ] GC(51) PSYoungGen: 733705K(856576K)->0K(856576K) Eden: 733705K(734208K)->0K(734208K) From: 0K(122368K)->0K(122368K)
[318.410s][info][gc,heap        ] GC(51) ParOldGen: 1856256K(1957888K)->1796612K(1957888K)
[318.410s][info][gc,metaspace   ] GC(51) Metaspace: 100390K(101440K)->100390K(101440K) NonClass: 78404K(78976K)->78404K(78976K) Class: 21986K(22464K)->21986K(22464K)
[318.410s][info][gc             ] GC(51) Pause Full (Allocation Failure) 2529M->1754M(2748M) 61.539ms
[318.410s][info][gc,cpu         ] GC(51) User=0.20s Sys=0.00s Real=0.06s
[318.639s][info][gc,start       ] GC(52) Pause Full (Allocation Failure)
[318.639s][info][gc,phases,start] GC(52) Marking Phase
[318.656s][info][gc,phases      ] GC(52) Marking Phase 17.491ms
[318.656s][info][gc,phases,start] GC(52) Summary Phase
[318.656s][info][gc,phases      ] GC(52) Summary Phase 0.021ms
[318.656s][info][gc,phases,start] GC(52) Forward
[318.659s][info][gc,phases      ] GC(52) Forward 2.948ms
[318.659s][info][gc,phases,start] GC(52) Adjust Pointers
[318.672s][info][gc,phases      ] GC(52) Adjust Pointers 12.767ms
[318.672s][info][gc,phases,start] GC(52) Compaction Phase
[318.693s][info][gc,phases      ] GC(52) Compaction Phase 20.957ms
[318.693s][info][gc,phases,start] GC(52) Post Compact
[318.694s][info][gc,phases      ] GC(52) Post Compact 1.088ms
[318.694s][info][gc,heap        ] GC(52) PSYoungGen: 732710K(856576K)->0K(856576K) Eden: 732710K(734208K)->0K(734208K) From: 0K(122368K)->0K(122368K)
[318.694s][info][gc,heap        ] GC(52) ParOldGen: 1796612K(1957888K)->1816951K(1957888K)
[318.694s][info][gc,metaspace   ] GC(52) Metaspace: 100391K(101440K)->100391K(101440K) NonClass: 78405K(78976K)->78405K(78976K) Class: 21986K(22464K)->21986K(22464K)
[318.694s][info][gc             ] GC(52) Pause Full (Allocation Failure) 2470M->1774M(2748M) 55.552ms
[318.694s][info][gc,cpu         ] GC(52) User=0.18s Sys=0.00s Real=0.05s
[318.986s][info][gc,start       ] GC(53) Pause Full (Allocation Failure)
[318.986s][info][gc,phases,start] GC(53) Marking Phase
[319.005s][info][gc,phases      ] GC(53) Marking Phase 18.666ms
[319.005s][info][gc,phases,start] GC(53) Summary Phase
[319.005s][info][gc,phases      ] GC(53) Summary Phase 0.021ms
[319.005s][info][gc,phases,start] GC(53) Forward
[319.006s][info][gc,phases      ] GC(53) Forward 1.184ms
[319.006s][info][gc,phases,start] GC(53) Adjust Pointers
[319.018s][info][gc,phases      ] GC(53) Adjust Pointers 11.774ms
[319.018s][info][gc,phases,start] GC(53) Compaction Phase
[319.034s][info][gc,phases      ] GC(53) Compaction Phase 15.975ms
[319.034s][info][gc,phases,start] GC(53) Post Compact
[319.035s][info][gc,phases      ] GC(53) Post Compact 1.129ms
[319.035s][info][gc,heap        ] GC(53) PSYoungGen: 730517K(856576K)->0K(856576K) Eden: 730517K(734208K)->0K(734208K) From: 0K(122368K)->0K(122368K)
[319.035s][info][gc,heap        ] GC(53) ParOldGen: 1816951K(1957888K)->1655168K(1957888K)
[319.035s][info][gc,metaspace   ] GC(53) Metaspace: 100403K(101440K)->100403K(101440K) NonClass: 78416K(78976K)->78416K(78976K) Class: 21986K(22464K)->21986K(22464K)
[319.035s][info][gc             ] GC(53) Pause Full (Allocation Failure) 2487M->1616M(2748M) 49.027ms
[319.035s][info][gc,cpu         ] GC(53) User=0.15s Sys=0.01s Real=0.05s
[321.627s][info][gc,start       ] GC(54) Pause Full (Allocation Failure)
[321.627s][info][gc,phases,start] GC(54) Marking Phase
[321.656s][info][gc,phases      ] GC(54) Marking Phase 28.950ms
[321.656s][info][gc,phases,start] GC(54) Summary Phase
[321.656s][info][gc,phases      ] GC(54) Summary Phase 0.029ms
[321.656s][info][gc,phases,start] GC(54) Forward
[321.659s][info][gc,phases      ] GC(54) Forward 2.451ms
[321.659s][info][gc,phases,start] GC(54) Adjust Pointers
[321.671s][info][gc,phases      ] GC(54) Adjust Pointers 12.545ms
[321.671s][info][gc,phases,start] GC(54) Compaction Phase
[321.711s][info][gc,phases      ] GC(54) Compaction Phase 39.953ms
[321.711s][info][gc,phases,start] GC(54) Post Compact
[321.712s][info][gc,phases      ] GC(54) Post Compact 1.084ms
[321.712s][info][gc,heap        ] GC(54) PSYoungGen: 734208K(856576K)->0K(856576K) Eden: 734208K(734208K)->0K(734208K) From: 0K(122368K)->0K(122368K)
[321.713s][info][gc,heap        ] GC(54) ParOldGen: 1655168K(1957888K)->1662441K(1957888K)
[321.713s][info][gc,metaspace   ] GC(54) Metaspace: 100408K(101504K)->100408K(101504K) NonClass: 78422K(79040K)->78422K(79040K) Class: 21986K(22464K)->21986K(22464K)
[321.713s][info][gc             ] GC(54) Pause Full (Allocation Failure) 2333M->1623M(2748M) 85.296ms
[321.713s][info][gc,cpu         ] GC(54) User=0.27s Sys=0.01s Real=0.09s
[322.251s][info][gc,start       ] GC(55) Pause Full (Allocation Failure)
[322.251s][info][gc,phases,start] GC(55) Marking Phase
[322.274s][info][gc,phases      ] GC(55) Marking Phase 23.221ms
[322.274s][info][gc,phases,start] GC(55) Summary Phase
[322.274s][info][gc,phases      ] GC(55) Summary Phase 0.023ms
[322.274s][info][gc,phases,start] GC(55) Forward
[322.277s][info][gc,phases      ] GC(55) Forward 2.787ms
[322.277s][info][gc,phases,start] GC(55) Adjust Pointers
[322.290s][info][gc,phases      ] GC(55) Adjust Pointers 13.016ms
[322.290s][info][gc,phases,start] GC(55) Compaction Phase
[322.317s][info][gc,phases      ] GC(55) Compaction Phase 27.686ms
[322.318s][info][gc,phases,start] GC(55) Post Compact
[322.319s][info][gc,phases      ] GC(55) Post Compact 1.126ms
[322.319s][info][gc,heap        ] GC(55) PSYoungGen: 734208K(856576K)->0K(856576K) Eden: 734208K(734208K)->0K(734208K) From: 0K(122368K)->0K(122368K)
[322.319s][info][gc,heap        ] GC(55) ParOldGen: 1662441K(1957888K)->1769470K(1957888K)
[322.319s][info][gc,metaspace   ] GC(55) Metaspace: 100416K(101504K)->100416K(101504K) NonClass: 78430K(79040K)->78430K(79040K) Class: 21986K(22464K)->21986K(22464K)
[322.319s][info][gc             ] GC(55) Pause Full (Allocation Failure) 2340M->1727M(2748M) 68.161ms
[322.319s][info][gc,cpu         ] GC(55) User=0.21s Sys=0.01s Real=0.07s
[322.600s][info][gc,start       ] GC(56) Pause Full (Allocation Failure)
[322.600s][info][gc,phases,start] GC(56) Marking Phase
[322.621s][info][gc,phases      ] GC(56) Marking Phase 21.030ms
[322.621s][info][gc,phases,start] GC(56) Summary Phase
[322.621s][info][gc,phases      ] GC(56) Summary Phase 0.022ms
[322.621s][info][gc,phases,start] GC(56) Forward
[322.624s][info][gc,phases      ] GC(56) Forward 3.503ms
[322.624s][info][gc,phases,start] GC(56) Adjust Pointers
[322.637s][info][gc,phases      ] GC(56) Adjust Pointers 12.697ms
[322.637s][info][gc,phases,start] GC(56) Compaction Phase
[322.660s][info][gc,phases      ] GC(56) Compaction Phase 23.193ms
[322.660s][info][gc,phases,start] GC(56) Post Compact
[322.661s][info][gc,phases      ] GC(56) Post Compact 1.187ms
[322.661s][info][gc,heap        ] GC(56) PSYoungGen: 733751K(856576K)->0K(856576K) Eden: 733751K(734208K)->0K(734208K) From: 0K(122368K)->0K(122368K)
[322.661s][info][gc,heap        ] GC(56) ParOldGen: 1769470K(1957888K)->1843386K(1957888K)
[322.661s][info][gc,metaspace   ] GC(56) Metaspace: 100416K(101504K)->100416K(101504K) NonClass: 78430K(79040K)->78430K(79040K) Class: 21986K(22464K)->21986K(22464K)
[322.661s][info][gc             ] GC(56) Pause Full (Allocation Failure) 2444M->1800M(2748M) 61.846ms
[322.661s][info][gc,cpu         ] GC(56) User=0.19s Sys=0.01s Real=0.06s
[322.910s][info][gc,start       ] GC(57) Pause Full (Allocation Failure)
[322.910s][info][gc,phases,start] GC(57) Marking Phase
[322.931s][info][gc,phases      ] GC(57) Marking Phase 21.182ms
[322.931s][info][gc,phases,start] GC(57) Summary Phase
[322.931s][info][gc,phases      ] GC(57) Summary Phase 0.024ms
[322.931s][info][gc,phases,start] GC(57) Forward
[322.935s][info][gc,phases      ] GC(57) Forward 4.284ms
[322.935s][info][gc,phases,start] GC(57) Adjust Pointers
[322.950s][info][gc,phases      ] GC(57) Adjust Pointers 13.996ms
[322.950s][info][gc,phases,start] GC(57) Compaction Phase
[322.972s][info][gc,phases      ] GC(57) Compaction Phase 22.370ms
[322.972s][info][gc,phases,start] GC(57) Post Compact
[322.973s][info][gc,phases      ] GC(57) Post Compact 1.160ms
[322.973s][info][gc,heap        ] GC(57) PSYoungGen: 734208K(856576K)->0K(856576K) Eden: 734208K(734208K)->0K(734208K) From: 0K(122368K)->0K(122368K)
[322.973s][info][gc,heap        ] GC(57) ParOldGen: 1843386K(1957888K)->1851517K(1957888K)
[322.973s][info][gc,metaspace   ] GC(57) Metaspace: 100417K(101504K)->100417K(101504K) NonClass: 78430K(79040K)->78430K(79040K) Class: 21986K(22464K)->21986K(22464K)
[322.973s][info][gc             ] GC(57) Pause Full (Allocation Failure) 2517M->1808M(2748M) 63.383ms
[322.973s][info][gc,cpu         ] GC(57) User=0.20s Sys=0.00s Real=0.06s
[323.109s][info][gc,start       ] GC(58) Pause Full (Allocation Failure)
[323.109s][info][gc,phases,start] GC(58) Marking Phase
[323.131s][info][gc,phases      ] GC(58) Marking Phase 22.524ms
[323.131s][info][gc,phases,start] GC(58) Summary Phase
[323.131s][info][gc,phases      ] GC(58) Summary Phase 0.023ms
[323.131s][info][gc,phases,start] GC(58) Forward
[323.135s][info][gc,phases      ] GC(58) Forward 3.919ms
[323.135s][info][gc,phases,start] GC(58) Adjust Pointers
[323.151s][info][gc,phases      ] GC(58) Adjust Pointers 15.254ms
[323.151s][info][gc,phases,start] GC(58) Compaction Phase
[323.172s][info][gc,phases      ] GC(58) Compaction Phase 21.145ms
[323.172s][info][gc,phases,start] GC(58) Post Compact
[323.173s][info][gc,phases      ] GC(58) Post Compact 1.192ms
[323.173s][info][gc,heap        ] GC(58) PSYoungGen: 734206K(856576K)->0K(856576K) Eden: 734206K(734208K)->0K(734208K) From: 0K(122368K)->0K(122368K)
[323.173s][info][gc,heap        ] GC(58) ParOldGen: 1851517K(1957888K)->1791982K(1957888K)
[323.173s][info][gc,metaspace   ] GC(58) Metaspace: 100417K(101504K)->100417K(101504K) NonClass: 78430K(79040K)->78430K(79040K) Class: 21986K(22464K)->21986K(22464K)
[323.173s][info][gc             ] GC(58) Pause Full (Allocation Failure) 2525M->1749M(2748M) 64.307ms
[323.173s][info][gc,cpu         ] GC(58) User=0.19s Sys=0.00s Real=0.06s
[323.412s][info][gc,start       ] GC(59) Pause Full (Allocation Failure)
[323.412s][info][gc,phases,start] GC(59) Marking Phase
[323.436s][info][gc,phases      ] GC(59) Marking Phase 24.076ms
[323.436s][info][gc,phases,start] GC(59) Summary Phase
[323.436s][info][gc,phases      ] GC(59) Summary Phase 0.023ms
[323.436s][info][gc,phases,start] GC(59) Forward
[323.439s][info][gc,phases      ] GC(59) Forward 2.469ms
[323.439s][info][gc,phases,start] GC(59) Adjust Pointers
[323.453s][info][gc,phases      ] GC(59) Adjust Pointers 14.296ms
[323.453s][info][gc,phases,start] GC(59) Compaction Phase
[323.473s][info][gc,phases      ] GC(59) Compaction Phase 20.225ms
[323.473s][info][gc,phases,start] GC(59) Post Compact
[323.475s][info][gc,phases      ] GC(59) Post Compact 1.235ms
[323.475s][info][gc,heap        ] GC(59) PSYoungGen: 731011K(856576K)->0K(856576K) Eden: 731011K(734208K)->0K(734208K) From: 0K(122368K)->0K(122368K)
[323.475s][info][gc,heap        ] GC(59) ParOldGen: 1791982K(1957888K)->1800551K(1957888K)
[323.475s][info][gc,metaspace   ] GC(59) Metaspace: 100419K(101504K)->100419K(101504K) NonClass: 78432K(79040K)->78432K(79040K) Class: 21986K(22464K)->21986K(22464K)
[323.475s][info][gc             ] GC(59) Pause Full (Allocation Failure) 2463M->1758M(2748M) 62.627ms
[323.475s][info][gc,cpu         ] GC(59) User=0.19s Sys=0.00s Real=0.06s
[323.766s][info][gc,start       ] GC(60) Pause Full (Allocation Failure)
[323.766s][info][gc,phases,start] GC(60) Marking Phase
[323.785s][info][gc,phases      ] GC(60) Marking Phase 19.670ms
[323.786s][info][gc,phases,start] GC(60) Summary Phase
[323.786s][info][gc,phases      ] GC(60) Summary Phase 0.020ms
[323.786s][info][gc,phases,start] GC(60) Forward
[323.787s][info][gc,phases      ] GC(60) Forward 1.040ms
[323.787s][info][gc,phases,start] GC(60) Adjust Pointers
[323.799s][info][gc,phases      ] GC(60) Adjust Pointers 12.161ms
[323.799s][info][gc,phases,start] GC(60) Compaction Phase
[323.814s][info][gc,phases      ] GC(60) Compaction Phase 15.280ms
[323.814s][info][gc,phases,start] GC(60) Post Compact
[323.815s][info][gc,phases      ] GC(60) Post Compact 1.185ms
[323.815s][info][gc,heap        ] GC(60) PSYoungGen: 732764K(856576K)->0K(856576K) Eden: 732764K(734208K)->0K(734208K) From: 0K(122368K)->0K(122368K)
[323.815s][info][gc,heap        ] GC(60) ParOldGen: 1800551K(1957888K)->1648539K(1957888K)
[323.815s][info][gc,metaspace   ] GC(60) Metaspace: 100421K(101504K)->100421K(101504K) NonClass: 78434K(79040K)->78434K(79040K) Class: 21986K(22464K)->21986K(22464K)
[323.815s][info][gc             ] GC(60) Pause Full (Allocation Failure) 2473M->1609M(2748M) 49.595ms
[323.815s][info][gc,cpu         ] GC(60) User=0.14s Sys=0.00s Real=0.05s
[326.659s][info][gc,start       ] GC(61) Pause Full (Allocation Failure)
[326.659s][info][gc,phases,start] GC(61) Marking Phase
[326.684s][info][gc,phases      ] GC(61) Marking Phase 25.098ms
[326.684s][info][gc,phases,start] GC(61) Summary Phase
[326.684s][info][gc,phases      ] GC(61) Summary Phase 0.020ms
[326.684s][info][gc,phases,start] GC(61) Forward
[326.688s][info][gc,phases      ] GC(61) Forward 4.258ms
[326.688s][info][gc,phases,start] GC(61) Adjust Pointers
[326.708s][info][gc,phases      ] GC(61) Adjust Pointers 19.856ms
[326.708s][info][gc,phases,start] GC(61) Compaction Phase
[326.732s][info][gc,phases      ] GC(61) Compaction Phase 23.169ms
[326.732s][info][gc,phases,start] GC(61) Post Compact
[326.733s][info][gc,phases      ] GC(61) Post Compact 1.683ms
[326.733s][info][gc,heap        ] GC(61) PSYoungGen: 734208K(856576K)->0K(856576K) Eden: 734208K(734208K)->0K(734208K) From: 0K(122368K)->0K(122368K)
[326.733s][info][gc,heap        ] GC(61) ParOldGen: 1648539K(1957888K)->1704448K(1957888K)
[326.733s][info][gc,metaspace   ] GC(61) Metaspace: 100436K(101504K)->100436K(101504K) NonClass: 78450K(79040K)->78450K(79040K) Class: 21986K(22464K)->21986K(22464K)
[326.733s][info][gc             ] GC(61) Pause Full (Allocation Failure) 2326M->1664M(2748M) 74.472ms
[326.733s][info][gc,cpu         ] GC(61) User=0.21s Sys=0.01s Real=0.07s
[327.149s][info][gc,start       ] GC(62) Pause Full (Allocation Failure)
[327.149s][info][gc,phases,start] GC(62) Marking Phase
[327.173s][info][gc,phases      ] GC(62) Marking Phase 23.525ms
[327.173s][info][gc,phases,start] GC(62) Summary Phase
[327.173s][info][gc,phases      ] GC(62) Summary Phase 0.023ms
[327.173s][info][gc,phases,start] GC(62) Forward
[327.176s][info][gc,phases      ] GC(62) Forward 3.600ms
[327.176s][info][gc,phases,start] GC(62) Adjust Pointers
[327.193s][info][gc,phases      ] GC(62) Adjust Pointers 17.053ms
[327.193s][info][gc,phases,start] GC(62) Compaction Phase
[327.228s][info][gc,phases      ] GC(62) Compaction Phase 34.221ms
[327.228s][info][gc,phases,start] GC(62) Post Compact
[327.229s][info][gc,phases      ] GC(62) Post Compact 1.146ms
[327.229s][info][gc,heap        ] GC(62) PSYoungGen: 733472K(856576K)->0K(856576K) Eden: 733472K(734208K)->0K(734208K) From: 0K(122368K)->0K(122368K)
[327.229s][info][gc,heap        ] GC(62) ParOldGen: 1704448K(1957888K)->1867522K(1957888K)
[327.229s][info][gc,metaspace   ] GC(62) Metaspace: 100436K(101504K)->100436K(101504K) NonClass: 78450K(79040K)->78450K(79040K) Class: 21986K(22464K)->21986K(22464K)
[327.229s][info][gc             ] GC(62) Pause Full (Allocation Failure) 2380M->1823M(2748M) 79.948ms
[327.229s][info][gc,cpu         ] GC(62) User=0.26s Sys=0.00s Real=0.08s
[327.497s][info][gc,start       ] GC(63) Pause Full (Allocation Failure)
[327.497s][info][gc,phases,start] GC(63) Marking Phase
[327.516s][info][gc,phases      ] GC(63) Marking Phase 18.592ms
[327.516s][info][gc,phases,start] GC(63) Summary Phase
[327.516s][info][gc,phases      ] GC(63) Summary Phase 0.022ms
[327.516s][info][gc,phases,start] GC(63) Forward
[327.520s][info][gc,phases      ] GC(63) Forward 3.995ms
[327.520s][info][gc,phases,start] GC(63) Adjust Pointers
[327.535s][info][gc,phases      ] GC(63) Adjust Pointers 15.195ms
[327.535s][info][gc,phases,start] GC(63) Compaction Phase
[327.560s][info][gc,phases      ] GC(63) Compaction Phase 25.256ms
[327.560s][info][gc,phases,start] GC(63) Post Compact
[327.562s][info][gc,phases      ] GC(63) Post Compact 1.402ms
[327.562s][info][gc,heap        ] GC(63) PSYoungGen: 733865K(856576K)->0K(856576K) Eden: 733865K(734208K)->0K(734208K) From: 0K(122368K)->0K(122368K)
[327.562s][info][gc,heap        ] GC(63) ParOldGen: 1867522K(1957888K)->1842032K(1957888K)
[327.562s][info][gc,metaspace   ] GC(63) Metaspace: 100436K(101504K)->100436K(101504K) NonClass: 78450K(79040K)->78450K(79040K) Class: 21986K(22464K)->21986K(22464K)
[327.562s][info][gc             ] GC(63) Pause Full (Allocation Failure) 2540M->1798M(2748M) 64.779ms
[327.562s][info][gc,cpu         ] GC(63) User=0.20s Sys=0.01s Real=0.07s
[327.877s][info][gc,start       ] GC(64) Pause Full (Allocation Failure)
[327.877s][info][gc,phases,start] GC(64) Marking Phase
[327.906s][info][gc,phases      ] GC(64) Marking Phase 28.910ms
[327.906s][info][gc,phases,start] GC(64) Summary Phase
[327.906s][info][gc,phases      ] GC(64) Summary Phase 0.027ms
[327.906s][info][gc,phases,start] GC(64) Forward
[327.912s][info][gc,phases      ] GC(64) Forward 5.901ms
[327.912s][info][gc,phases,start] GC(64) Adjust Pointers
[327.927s][info][gc,phases      ] GC(64) Adjust Pointers 15.205ms
[327.927s][info][gc,phases,start] GC(64) Compaction Phase
[327.952s][info][gc,phases      ] GC(64) Compaction Phase 25.084ms
[327.952s][info][gc,phases,start] GC(64) Post Compact
[327.954s][info][gc,phases      ] GC(64) Post Compact 2.176ms
[327.954s][info][gc,heap        ] GC(64) PSYoungGen: 734208K(856576K)->0K(856576K) Eden: 734208K(734208K)->0K(734208K) From: 0K(122368K)->0K(122368K)
[327.954s][info][gc,heap        ] GC(64) ParOldGen: 1842032K(1957888K)->1875044K(1957888K)
[327.954s][info][gc,metaspace   ] GC(64) Metaspace: 100438K(101504K)->100438K(101504K) NonClass: 78452K(79040K)->78452K(79040K) Class: 21986K(22464K)->21986K(22464K)
[327.954s][info][gc             ] GC(64) Pause Full (Allocation Failure) 2515M->1831M(2748M) 77.581ms
[327.954s][info][gc,cpu         ] GC(64) User=0.23s Sys=0.01s Real=0.08s
[328.078s][info][gc,start       ] GC(65) Pause Full (Allocation Failure)
[328.078s][info][gc,phases,start] GC(65) Marking Phase
[328.104s][info][gc,phases      ] GC(65) Marking Phase 25.846ms
[328.104s][info][gc,phases,start] GC(65) Summary Phase
[328.104s][info][gc,phases      ] GC(65) Summary Phase 0.026ms
[328.104s][info][gc,phases,start] GC(65) Forward
[328.107s][info][gc,phases      ] GC(65) Forward 3.507ms
[328.107s][info][gc,phases,start] GC(65) Adjust Pointers
[328.128s][info][gc,phases      ] GC(65) Adjust Pointers 20.628ms
[328.128s][info][gc,phases,start] GC(65) Compaction Phase
[328.151s][info][gc,phases      ] GC(65) Compaction Phase 22.939ms
[328.151s][info][gc,phases,start] GC(65) Post Compact
[328.152s][info][gc,phases      ] GC(65) Post Compact 1.303ms
[328.152s][info][gc,heap        ] GC(65) PSYoungGen: 734208K(856576K)->0K(856576K) Eden: 734208K(734208K)->0K(734208K) From: 0K(122368K)->0K(122368K)
[328.152s][info][gc,heap        ] GC(65) ParOldGen: 1875044K(1957888K)->1818071K(1957888K)
[328.152s][info][gc,metaspace   ] GC(65) Metaspace: 100480K(101504K)->100480K(101504K) NonClass: 78493K(79040K)->78493K(79040K) Class: 21986K(22464K)->21986K(22464K)
[328.153s][info][gc             ] GC(65) Pause Full (Allocation Failure) 2548M->1775M(2748M) 74.521ms
[328.153s][info][gc,cpu         ] GC(65) User=0.21s Sys=0.00s Real=0.07s
[328.468s][info][gc,start       ] GC(66) Pause Full (Allocation Failure)
[328.468s][info][gc,phases,start] GC(66) Marking Phase
[328.498s][info][gc,phases      ] GC(66) Marking Phase 30.345ms
[328.498s][info][gc,phases,start] GC(66) Summary Phase
[328.498s][info][gc,phases      ] GC(66) Summary Phase 0.022ms
[328.498s][info][gc,phases,start] GC(66) Forward
[328.504s][info][gc,phases      ] GC(66) Forward 5.761ms
[328.504s][info][gc,phases,start] GC(66) Adjust Pointers
[328.519s][info][gc,phases      ] GC(66) Adjust Pointers 14.588ms
[328.519s][info][gc,phases,start] GC(66) Compaction Phase
[328.575s][info][gc,phases      ] GC(66) Compaction Phase 56.599ms
[328.576s][info][gc,phases,start] GC(66) Post Compact
[328.577s][info][gc,phases      ] GC(66) Post Compact 1.731ms
[328.577s][info][gc,heap        ] GC(66) PSYoungGen: 730871K(856576K)->0K(856576K) Eden: 730871K(734208K)->0K(734208K) From: 0K(122368K)->0K(122368K)
[328.577s][info][gc,heap        ] GC(66) ParOldGen: 1818071K(1957888K)->1675467K(1957888K)
[328.577s][info][gc,metaspace   ] GC(66) Metaspace: 100482K(101504K)->100482K(101504K) NonClass: 78495K(79040K)->78495K(79040K) Class: 21986K(22464K)->21986K(22464K)
[328.577s][info][gc             ] GC(66) Pause Full (Allocation Failure) 2489M->1636M(2748M) 109.606ms
[328.578s][info][gc,cpu         ] GC(66) User=0.37s Sys=0.01s Real=0.10s
[329.103s][info][gc,start       ] GC(67) Pause Full (Allocation Failure)
[329.103s][info][gc,phases,start] GC(67) Marking Phase
[329.123s][info][gc,phases      ] GC(67) Marking Phase 20.014ms
[329.123s][info][gc,phases,start] GC(67) Summary Phase
[329.123s][info][gc,phases      ] GC(67) Summary Phase 0.024ms
[329.123s][info][gc,phases,start] GC(67) Forward
[329.124s][info][gc,phases      ] GC(67) Forward 1.111ms
[329.124s][info][gc,phases,start] GC(67) Adjust Pointers
[329.138s][info][gc,phases      ] GC(67) Adjust Pointers 13.838ms
[329.138s][info][gc,phases,start] GC(67) Compaction Phase
[329.155s][info][gc,phases      ] GC(67) Compaction Phase 16.587ms
[329.155s][info][gc,phases,start] GC(67) Post Compact
[329.156s][info][gc,phases      ] GC(67) Post Compact 1.173ms
[329.156s][info][gc,heap        ] GC(67) PSYoungGen: 734208K(856576K)->0K(856576K) Eden: 734208K(734208K)->0K(734208K) From: 0K(122368K)->0K(122368K)
[329.156s][info][gc,heap        ] GC(67) ParOldGen: 1675467K(1957888K)->1633370K(1957888K)
[329.156s][info][gc,metaspace   ] GC(67) Metaspace: 100487K(101568K)->100487K(101568K) NonClass: 78501K(79104K)->78501K(79104K) Class: 21986K(22464K)->21986K(22464K)
[329.156s][info][gc             ] GC(67) Pause Full (Allocation Failure) 2353M->1595M(2748M) 53.035ms
[329.156s][info][gc,cpu         ] GC(67) User=0.16s Sys=0.01s Real=0.05s
[332.457s][info][gc,start       ] GC(68) Pause Full (Allocation Failure)
[332.457s][info][gc,phases,start] GC(68) Marking Phase
[332.480s][info][gc,phases      ] GC(68) Marking Phase 23.287ms
[332.480s][info][gc,phases,start] GC(68) Summary Phase
[332.480s][info][gc,phases      ] GC(68) Summary Phase 0.031ms
[332.480s][info][gc,phases,start] GC(68) Forward
[332.484s][info][gc,phases      ] GC(68) Forward 3.968ms
[332.484s][info][gc,phases,start] GC(68) Adjust Pointers
[332.499s][info][gc,phases      ] GC(68) Adjust Pointers 14.981ms
[332.499s][info][gc,phases,start] GC(68) Compaction Phase
[332.520s][info][gc,phases      ] GC(68) Compaction Phase 20.877ms
[332.520s][info][gc,phases,start] GC(68) Post Compact
[332.521s][info][gc,phases      ] GC(68) Post Compact 1.261ms
[332.521s][info][gc,heap        ] GC(68) PSYoungGen: 720896K(856576K)->0K(856576K) Eden: 720896K(734208K)->0K(734208K) From: 0K(122368K)->0K(122368K)
[332.521s][info][gc,heap        ] GC(68) ParOldGen: 1633370K(1957888K)->1746036K(1957888K)
[332.521s][info][gc,metaspace   ] GC(68) Metaspace: 100552K(101632K)->100552K(101632K) NonClass: 78565K(79168K)->78565K(79168K) Class: 21986K(22464K)->21986K(22464K)
[332.521s][info][gc             ] GC(68) Pause Full (Allocation Failure) 2299M->1705M(2748M) 64.705ms
[332.521s][info][gc,cpu         ] GC(68) User=0.19s Sys=0.00s Real=0.07s
[332.864s][info][gc,start       ] GC(69) Pause Full (Allocation Failure)
[332.864s][info][gc,phases,start] GC(69) Marking Phase
[332.886s][info][gc,phases      ] GC(69) Marking Phase 22.215ms
[332.886s][info][gc,phases,start] GC(69) Summary Phase
[332.886s][info][gc,phases      ] GC(69) Summary Phase 0.021ms
[332.886s][info][gc,phases,start] GC(69) Forward
[332.890s][info][gc,phases      ] GC(69) Forward 3.482ms
[332.890s][info][gc,phases,start] GC(69) Adjust Pointers
[332.903s][info][gc,phases      ] GC(69) Adjust Pointers 13.502ms
[332.903s][info][gc,phases,start] GC(69) Compaction Phase
[332.927s][info][gc,phases      ] GC(69) Compaction Phase 23.227ms
[332.927s][info][gc,phases,start] GC(69) Post Compact
[332.928s][info][gc,phases      ] GC(69) Post Compact 1.089ms
[332.928s][info][gc,heap        ] GC(69) PSYoungGen: 730093K(856576K)->0K(856576K) Eden: 730093K(734208K)->0K(734208K) From: 0K(122368K)->0K(122368K)
[332.928s][info][gc,heap        ] GC(69) ParOldGen: 1746036K(1957888K)->1866399K(1957888K)
[332.928s][info][gc,metaspace   ] GC(69) Metaspace: 100553K(101632K)->100553K(101632K) NonClass: 78566K(79168K)->78566K(79168K) Class: 21986K(22464K)->21986K(22464K)
[332.928s][info][gc             ] GC(69) Pause Full (Allocation Failure) 2418M->1822M(2748M) 63.904ms
[332.928s][info][gc,cpu         ] GC(69) User=0.20s Sys=0.00s Real=0.07s
[333.169s][info][gc,start       ] GC(70) Pause Full (Allocation Failure)
[333.169s][info][gc,phases,start] GC(70) Marking Phase
[333.192s][info][gc,phases      ] GC(70) Marking Phase 23.026ms
[333.192s][info][gc,phases,start] GC(70) Summary Phase
[333.192s][info][gc,phases      ] GC(70) Summary Phase 0.020ms
[333.192s][info][gc,phases,start] GC(70) Forward
[333.197s][info][gc,phases      ] GC(70) Forward 4.750ms
[333.197s][info][gc,phases,start] GC(70) Adjust Pointers
[333.213s][info][gc,phases      ] GC(70) Adjust Pointers 16.434ms
[333.213s][info][gc,phases,start] GC(70) Compaction Phase
[333.238s][info][gc,phases      ] GC(70) Compaction Phase 24.556ms
[333.238s][info][gc,phases,start] GC(70) Post Compact
[333.239s][info][gc,phases      ] GC(70) Post Compact 1.229ms
[333.239s][info][gc,heap        ] GC(70) PSYoungGen: 734208K(856576K)->0K(856576K) Eden: 734208K(734208K)->0K(734208K) From: 0K(122368K)->0K(122368K)
[333.239s][info][gc,heap        ] GC(70) ParOldGen: 1866399K(1957888K)->1859734K(1957888K)
[333.239s][info][gc,metaspace   ] GC(70) Metaspace: 100553K(101632K)->100553K(101632K) NonClass: 78566K(79168K)->78566K(79168K) Class: 21986K(22464K)->21986K(22464K)
[333.239s][info][gc             ] GC(70) Pause Full (Allocation Failure) 2539M->1816M(2748M) 70.415ms
[333.239s][info][gc,cpu         ] GC(70) User=0.21s Sys=0.01s Real=0.07s
[333.462s][info][gc,start       ] GC(71) Pause Full (Allocation Failure)
[333.462s][info][gc,phases,start] GC(71) Marking Phase
[333.485s][info][gc,phases      ] GC(71) Marking Phase 22.750ms
[333.485s][info][gc,phases,start] GC(71) Summary Phase
[333.485s][info][gc,phases      ] GC(71) Summary Phase 0.028ms
[333.485s][info][gc,phases,start] GC(71) Forward
[333.490s][info][gc,phases      ] GC(71) Forward 5.360ms
[333.490s][info][gc,phases,start] GC(71) Adjust Pointers
[333.504s][info][gc,phases      ] GC(71) Adjust Pointers 14.008ms
[333.504s][info][gc,phases,start] GC(71) Compaction Phase
[333.528s][info][gc,phases      ] GC(71) Compaction Phase 23.542ms
[333.528s][info][gc,phases,start] GC(71) Post Compact
[333.529s][info][gc,phases      ] GC(71) Post Compact 1.222ms
[333.529s][info][gc,heap        ] GC(71) PSYoungGen: 728182K(856576K)->0K(856576K) Eden: 728182K(734208K)->0K(734208K) From: 0K(122368K)->0K(122368K)
[333.529s][info][gc,heap        ] GC(71) ParOldGen: 1859734K(1957888K)->1880262K(1957888K)
[333.529s][info][gc,metaspace   ] GC(71) Metaspace: 100553K(101632K)->100553K(101632K) NonClass: 78566K(79168K)->78566K(79168K) Class: 21986K(22464K)->21986K(22464K)
[333.529s][info][gc             ] GC(71) Pause Full (Allocation Failure) 2527M->1836M(2748M) 67.240ms
[333.529s][info][gc,cpu         ] GC(71) User=0.21s Sys=0.01s Real=0.07s
[333.617s][info][gc,start       ] GC(72) Pause Full (Allocation Failure)
[333.617s][info][gc,phases,start] GC(72) Marking Phase
[333.638s][info][gc,phases      ] GC(72) Marking Phase 21.402ms
[333.638s][info][gc,phases,start] GC(72) Summary Phase
[333.638s][info][gc,phases      ] GC(72) Summary Phase 0.025ms
[333.638s][info][gc,phases,start] GC(72) Forward
[333.641s][info][gc,phases      ] GC(72) Forward 2.564ms
[333.641s][info][gc,phases,start] GC(72) Adjust Pointers
[333.656s][info][gc,phases      ] GC(72) Adjust Pointers 14.861ms
[333.656s][info][gc,phases,start] GC(72) Compaction Phase
[333.676s][info][gc,phases      ] GC(72) Compaction Phase 20.551ms
[333.676s][info][gc,phases,start] GC(72) Post Compact
[333.678s][info][gc,phases      ] GC(72) Post Compact 1.330ms
[333.678s][info][gc,heap        ] GC(72) PSYoungGen: 730322K(856576K)->0K(856576K) Eden: 730322K(734208K)->0K(734208K) From: 0K(122368K)->0K(122368K)
[333.678s][info][gc,heap        ] GC(72) ParOldGen: 1880262K(1957888K)->1805001K(1957888K)
[333.678s][info][gc,metaspace   ] GC(72) Metaspace: 100553K(101632K)->100553K(101632K) NonClass: 78566K(79168K)->78566K(79168K) Class: 21986K(22464K)->21986K(22464K)
[333.678s][info][gc             ] GC(72) Pause Full (Allocation Failure) 2549M->1762M(2748M) 60.989ms
[333.678s][info][gc,cpu         ] GC(72) User=0.19s Sys=0.00s Real=0.07s
[333.991s][info][gc,start       ] GC(73) Pause Full (Allocation Failure)
[333.991s][info][gc,phases,start] GC(73) Marking Phase
[334.018s][info][gc,phases      ] GC(73) Marking Phase 26.863ms
[334.018s][info][gc,phases,start] GC(73) Summary Phase
[334.018s][info][gc,phases      ] GC(73) Summary Phase 0.023ms
[334.018s][info][gc,phases,start] GC(73) Forward
[334.022s][info][gc,phases      ] GC(73) Forward 3.703ms
[334.022s][info][gc,phases,start] GC(73) Adjust Pointers
[334.037s][info][gc,phases      ] GC(73) Adjust Pointers 15.489ms
[334.037s][info][gc,phases,start] GC(73) Compaction Phase
[334.060s][info][gc,phases      ] GC(73) Compaction Phase 23.126ms
[334.060s][info][gc,phases,start] GC(73) Post Compact
[334.062s][info][gc,phases      ] GC(73) Post Compact 1.527ms
[334.062s][info][gc,heap        ] GC(73) PSYoungGen: 733692K(856576K)->0K(856576K) Eden: 733692K(734208K)->0K(734208K) From: 0K(122368K)->0K(122368K)
[334.062s][info][gc,heap        ] GC(73) ParOldGen: 1805001K(1957888K)->1803629K(1957888K)
[334.062s][info][gc,metaspace   ] GC(73) Metaspace: 100553K(101632K)->100553K(101632K) NonClass: 78566K(79168K)->78566K(79168K) Class: 21986K(22464K)->21986K(22464K)
[334.062s][info][gc             ] GC(73) Pause Full (Allocation Failure) 2479M->1761M(2748M) 71.070ms
[334.062s][info][gc,cpu         ] GC(73) User=0.21s Sys=0.00s Real=0.07s
[334.627s][info][gc,start       ] GC(74) Pause Full (Allocation Failure)
[334.627s][info][gc,phases,start] GC(74) Marking Phase
[334.648s][info][gc,phases      ] GC(74) Marking Phase 21.508ms
[334.648s][info][gc,phases,start] GC(74) Summary Phase
[334.648s][info][gc,phases      ] GC(74) Summary Phase 0.021ms
[334.648s][info][gc,phases,start] GC(74) Forward
[334.650s][info][gc,phases      ] GC(74) Forward 1.933ms
[334.650s][info][gc,phases,start] GC(74) Adjust Pointers
[334.669s][info][gc,phases      ] GC(74) Adjust Pointers 18.676ms
[334.669s][info][gc,phases,start] GC(74) Compaction Phase
[334.684s][info][gc,phases      ] GC(74) Compaction Phase 15.063ms
[334.684s][info][gc,phases,start] GC(74) Post Compact
[334.685s][info][gc,phases      ] GC(74) Post Compact 1.200ms
[334.685s][info][gc,heap        ] GC(74) PSYoungGen: 734208K(856576K)->0K(856576K) Eden: 734208K(734208K)->0K(734208K) From: 0K(122368K)->0K(122368K)
[334.685s][info][gc,heap        ] GC(74) ParOldGen: 1803629K(1957888K)->1638889K(1957888K)
[334.685s][info][gc,metaspace   ] GC(74) Metaspace: 100553K(101632K)->100553K(101632K) NonClass: 78566K(79168K)->78566K(79168K) Class: 21986K(22464K)->21986K(22464K)
[334.685s][info][gc             ] GC(74) Pause Full (Allocation Failure) 2478M->1600M(2748M) 58.646ms
[334.685s][info][gc,cpu         ] GC(74) User=0.17s Sys=0.01s Real=0.06s
[337.533s][info][gc,start       ] GC(75) Pause Full (Allocation Failure)
[337.533s][info][gc,phases,start] GC(75) Marking Phase
[337.556s][info][gc,phases      ] GC(75) Marking Phase 22.861ms
[337.556s][info][gc,phases,start] GC(75) Summary Phase
[337.556s][info][gc,phases      ] GC(75) Summary Phase 0.021ms
[337.556s][info][gc,phases,start] GC(75) Forward
[337.559s][info][gc,phases      ] GC(75) Forward 3.257ms
[337.559s][info][gc,phases,start] GC(75) Adjust Pointers
[337.571s][info][gc,phases      ] GC(75) Adjust Pointers 12.256ms
[337.571s][info][gc,phases,start] GC(75) Compaction Phase
[337.590s][info][gc,phases      ] GC(75) Compaction Phase 18.482ms
[337.590s][info][gc,phases,start] GC(75) Post Compact
[337.591s][info][gc,phases      ] GC(75) Post Compact 1.110ms
[337.591s][info][gc,heap        ] GC(75) PSYoungGen: 734208K(856576K)->0K(856576K) Eden: 734208K(734208K)->0K(734208K) From: 0K(122368K)->0K(122368K)
[337.591s][info][gc,heap        ] GC(75) ParOldGen: 1638889K(1957888K)->1743585K(1957888K)
[337.591s][info][gc,metaspace   ] GC(75) Metaspace: 100557K(101632K)->100557K(101632K) NonClass: 78570K(79168K)->78570K(79168K) Class: 21986K(22464K)->21986K(22464K)
[337.591s][info][gc             ] GC(75) Pause Full (Allocation Failure) 2317M->1702M(2748M) 58.260ms
[337.591s][info][gc,cpu         ] GC(75) User=0.18s Sys=0.01s Real=0.06s
[337.912s][info][gc,start       ] GC(76) Pause Full (Allocation Failure)
[337.912s][info][gc,phases,start] GC(76) Marking Phase
[337.930s][info][gc,phases      ] GC(76) Marking Phase 17.812ms
[337.930s][info][gc,phases,start] GC(76) Summary Phase
[337.930s][info][gc,phases      ] GC(76) Summary Phase 0.021ms
[337.930s][info][gc,phases,start] GC(76) Forward
[337.932s][info][gc,phases      ] GC(76) Forward 2.754ms
[337.932s][info][gc,phases,start] GC(76) Adjust Pointers
[337.946s][info][gc,phases      ] GC(76) Adjust Pointers 13.849ms
[337.946s][info][gc,phases,start] GC(76) Compaction Phase
[337.967s][info][gc,phases      ] GC(76) Compaction Phase 20.929ms
[337.967s][info][gc,phases,start] GC(76) Post Compact
[337.968s][info][gc,phases      ] GC(76) Post Compact 1.124ms
[337.968s][info][gc,heap        ] GC(76) PSYoungGen: 729564K(856576K)->0K(856576K) Eden: 729564K(734208K)->0K(734208K) From: 0K(122368K)->0K(122368K)
[337.968s][info][gc,heap        ] GC(76) ParOldGen: 1743585K(1957888K)->1815147K(1957888K)
[337.968s][info][gc,metaspace   ] GC(76) Metaspace: 100557K(101632K)->100557K(101632K) NonClass: 78570K(79168K)->78570K(79168K) Class: 21986K(22464K)->21986K(22464K)
[337.969s][info][gc             ] GC(76) Pause Full (Allocation Failure) 2415M->1772M(2748M) 56.712ms
[337.969s][info][gc,cpu         ] GC(76) User=0.17s Sys=0.00s Real=0.06s
[338.292s][info][gc,start       ] GC(77) Pause Full (Allocation Failure)
[338.292s][info][gc,phases,start] GC(77) Marking Phase
[338.322s][info][gc,phases      ] GC(77) Marking Phase 29.759ms
[338.322s][info][gc,phases,start] GC(77) Summary Phase
[338.322s][info][gc,phases      ] GC(77) Summary Phase 0.022ms
[338.322s][info][gc,phases,start] GC(77) Forward
[338.327s][info][gc,phases      ] GC(77) Forward 4.832ms
[338.327s][info][gc,phases,start] GC(77) Adjust Pointers
[338.341s][info][gc,phases      ] GC(77) Adjust Pointers 14.614ms
[338.341s][info][gc,phases,start] GC(77) Compaction Phase
[338.367s][info][gc,phases      ] GC(77) Compaction Phase 26.302ms
[338.368s][info][gc,phases,start] GC(77) Post Compact
[338.369s][info][gc,phases      ] GC(77) Post Compact 1.226ms
[338.369s][info][gc,heap        ] GC(77) PSYoungGen: 730841K(856576K)->0K(856576K) Eden: 730841K(734208K)->0K(734208K) From: 0K(122368K)->0K(122368K)
[338.369s][info][gc,heap        ] GC(77) ParOldGen: 1815147K(1957888K)->1901746K(1957888K)
[338.369s][info][gc,metaspace   ] GC(77) Metaspace: 100568K(101632K)->100568K(101632K) NonClass: 78581K(79168K)->78581K(79168K) Class: 21986K(22464K)->21986K(22464K)
[338.369s][info][gc             ] GC(77) Pause Full (Allocation Failure) 2486M->1857M(2748M) 77.032ms
[338.369s][info][gc,cpu         ] GC(77) User=0.23s Sys=0.01s Real=0.08s
[338.539s][info][gc,start       ] GC(78) Pause Full (Allocation Failure)
[338.539s][info][gc,phases,start] GC(78) Marking Phase
[338.560s][info][gc,phases      ] GC(78) Marking Phase 20.691ms
[338.560s][info][gc,phases,start] GC(78) Summary Phase
[338.560s][info][gc,phases      ] GC(78) Summary Phase 0.022ms
[338.560s][info][gc,phases,start] GC(78) Forward
[338.564s][info][gc,phases      ] GC(78) Forward 4.335ms
[338.564s][info][gc,phases,start] GC(78) Adjust Pointers
[338.578s][info][gc,phases      ] GC(78) Adjust Pointers 13.753ms
[338.578s][info][gc,phases,start] GC(78) Compaction Phase
[338.601s][info][gc,phases      ] GC(78) Compaction Phase 22.853ms
[338.601s][info][gc,phases,start] GC(78) Post Compact
[338.602s][info][gc,phases      ] GC(78) Post Compact 1.561ms
[338.602s][info][gc,heap        ] GC(78) PSYoungGen: 733856K(856576K)->0K(856576K) Eden: 733856K(734208K)->0K(734208K) From: 0K(122368K)->0K(122368K)
[338.602s][info][gc,heap        ] GC(78) ParOldGen: 1901746K(1957888K)->1873468K(1957888K)
[338.602s][info][gc,metaspace   ] GC(78) Metaspace: 100570K(101632K)->100570K(101632K) NonClass: 78583K(79168K)->78583K(79168K) Class: 21986K(22464K)->21986K(22464K)
[338.602s][info][gc             ] GC(78) Pause Full (Allocation Failure) 2573M->1829M(2748M) 63.468ms
[338.602s][info][gc,cpu         ] GC(78) User=0.19s Sys=0.01s Real=0.06s
[338.657s][info][gc,start       ] GC(79) Pause Full (Allocation Failure)
[338.657s][info][gc,phases,start] GC(79) Marking Phase
[338.678s][info][gc,phases      ] GC(79) Marking Phase 21.529ms
[338.678s][info][gc,phases,start] GC(79) Summary Phase
[338.678s][info][gc,phases      ] GC(79) Summary Phase 0.020ms
[338.678s][info][gc,phases,start] GC(79) Forward
[338.681s][info][gc,phases      ] GC(79) Forward 2.310ms
[338.681s][info][gc,phases,start] GC(79) Adjust Pointers
[338.698s][info][gc,phases      ] GC(79) Adjust Pointers 17.397ms
[338.698s][info][gc,phases,start] GC(79) Compaction Phase
[338.716s][info][gc,phases      ] GC(79) Compaction Phase 18.217ms
[338.716s][info][gc,phases,start] GC(79) Post Compact
[338.718s][info][gc,phases      ] GC(79) Post Compact 1.135ms
[338.718s][info][gc,heap        ] GC(79) PSYoungGen: 730409K(856576K)->0K(856576K) Eden: 730409K(734208K)->0K(734208K) From: 0K(122368K)->0K(122368K)
[338.718s][info][gc,heap        ] GC(79) ParOldGen: 1873468K(1957888K)->1779040K(1957888K)
[338.718s][info][gc,metaspace   ] GC(79) Metaspace: 100573K(101632K)->100573K(101632K) NonClass: 78586K(79168K)->78586K(79168K) Class: 21986K(22464K)->21986K(22464K)
[338.718s][info][gc             ] GC(79) Pause Full (Allocation Failure) 2542M->1737M(2748M) 60.789ms
[338.718s][info][gc,cpu         ] GC(79) User=0.18s Sys=0.00s Real=0.06s
[339.083s][info][gc,start       ] GC(80) Pause Full (Allocation Failure)
[339.083s][info][gc,phases,start] GC(80) Marking Phase
[339.109s][info][gc,phases      ] GC(80) Marking Phase 25.770ms
[339.109s][info][gc,phases,start] GC(80) Summary Phase
[339.109s][info][gc,phases      ] GC(80) Summary Phase 0.020ms
[339.109s][info][gc,phases,start] GC(80) Forward
[339.112s][info][gc,phases      ] GC(80) Forward 2.910ms
[339.112s][info][gc,phases,start] GC(80) Adjust Pointers
[339.125s][info][gc,phases      ] GC(80) Adjust Pointers 12.753ms
[339.125s][info][gc,phases,start] GC(80) Compaction Phase
[339.142s][info][gc,phases      ] GC(80) Compaction Phase 17.136ms
[339.142s][info][gc,phases,start] GC(80) Post Compact
[339.144s][info][gc,phases      ] GC(80) Post Compact 2.337ms
[339.144s][info][gc,heap        ] GC(80) PSYoungGen: 734070K(856576K)->0K(856576K) Eden: 734070K(734208K)->0K(734208K) From: 0K(122368K)->0K(122368K)
[339.144s][info][gc,heap        ] GC(80) ParOldGen: 1779040K(1957888K)->1758693K(1957888K)
[339.144s][info][gc,metaspace   ] GC(80) Metaspace: 100573K(101632K)->100573K(101632K) NonClass: 78587K(79168K)->78587K(79168K) Class: 21986K(22464K)->21986K(22464K)
[339.144s][info][gc             ] GC(80) Pause Full (Allocation Failure) 2454M->1717M(2748M) 61.223ms
[339.144s][info][gc,cpu         ] GC(80) User=0.17s Sys=0.01s Real=0.06s
[340.038s][info][gc,start       ] GC(81) Pause Full (Allocation Failure)
[340.038s][info][gc,phases,start] GC(81) Marking Phase
[340.068s][info][gc,phases      ] GC(81) Marking Phase 30.234ms
[340.068s][info][gc,phases,start] GC(81) Summary Phase
[340.068s][info][gc,phases      ] GC(81) Summary Phase 0.024ms
[340.068s][info][gc,phases,start] GC(81) Forward
[340.069s][info][gc,phases      ] GC(81) Forward 1.631ms
[340.069s][info][gc,phases,start] GC(81) Adjust Pointers
[340.081s][info][gc,phases      ] GC(81) Adjust Pointers 11.295ms
[340.081s][info][gc,phases,start] GC(81) Compaction Phase
[340.097s][info][gc,phases      ] GC(81) Compaction Phase 15.745ms
[340.097s][info][gc,phases,start] GC(81) Post Compact
[340.098s][info][gc,phases      ] GC(81) Post Compact 1.219ms
[340.098s][info][gc,heap        ] GC(81) PSYoungGen: 733375K(856576K)->0K(856576K) Eden: 733375K(734208K)->0K(734208K) From: 0K(122368K)->0K(122368K)
[340.098s][info][gc,heap        ] GC(81) ParOldGen: 1758693K(1957888K)->1651505K(1957888K)
[340.098s][info][gc,metaspace   ] GC(81) Metaspace: 100573K(101632K)->100573K(101632K) NonClass: 78587K(79168K)->78587K(79168K) Class: 21986K(22464K)->21986K(22464K)
[340.098s][info][gc             ] GC(81) Pause Full (Allocation Failure) 2433M->1612M(2748M) 60.383ms
[340.098s][info][gc,cpu         ] GC(81) User=0.17s Sys=0.00s Real=0.07s
[342.499s][info][gc,start       ] GC(82) Pause Full (Allocation Failure)
[342.499s][info][gc,phases,start] GC(82) Marking Phase
[342.520s][info][gc,phases      ] GC(82) Marking Phase 20.356ms
[342.520s][info][gc,phases,start] GC(82) Summary Phase
[342.520s][info][gc,phases      ] GC(82) Summary Phase 0.036ms
[342.520s][info][gc,phases,start] GC(82) Forward
[342.523s][info][gc,phases      ] GC(82) Forward 3.132ms
[342.523s][info][gc,phases,start] GC(82) Adjust Pointers
[342.535s][info][gc,phases      ] GC(82) Adjust Pointers 11.647ms
[342.535s][info][gc,phases,start] GC(82) Compaction Phase
[342.553s][info][gc,phases      ] GC(82) Compaction Phase 17.941ms
[342.553s][info][gc,phases,start] GC(82) Post Compact
[342.555s][info][gc,phases      ] GC(82) Post Compact 2.227ms
[342.555s][info][gc,heap        ] GC(82) PSYoungGen: 733995K(856576K)->0K(856576K) Eden: 733995K(734208K)->0K(734208K) From: 0K(122368K)->0K(122368K)
[342.555s][info][gc,heap        ] GC(82) ParOldGen: 1651505K(1957888K)->1757759K(1957888K)
[342.555s][info][gc,metaspace   ] GC(82) Metaspace: 100586K(101632K)->100586K(101632K) NonClass: 78599K(79168K)->78599K(79168K) Class: 21986K(22464K)->21986K(22464K)
[342.555s][info][gc             ] GC(82) Pause Full (Allocation Failure) 2329M->1716M(2748M) 55.659ms
[342.555s][info][gc,cpu         ] GC(82) User=0.16s Sys=0.01s Real=0.05s
[342.907s][info][gc,start       ] GC(83) Pause Full (Allocation Failure)
[342.907s][info][gc,phases,start] GC(83) Marking Phase
[342.930s][info][gc,phases      ] GC(83) Marking Phase 22.254ms
[342.930s][info][gc,phases,start] GC(83) Summary Phase
[342.930s][info][gc,phases      ] GC(83) Summary Phase 0.025ms
[342.930s][info][gc,phases,start] GC(83) Forward
[342.931s][info][gc,phases      ] GC(83) Forward 1.832ms
[342.931s][info][gc,phases,start] GC(83) Adjust Pointers
[342.946s][info][gc,phases      ] GC(83) Adjust Pointers 14.222ms
[342.946s][info][gc,phases,start] GC(83) Compaction Phase
[342.966s][info][gc,phases      ] GC(83) Compaction Phase 20.454ms
[342.966s][info][gc,phases,start] GC(83) Post Compact
[342.967s][info][gc,phases      ] GC(83) Post Compact 1.104ms
[342.967s][info][gc,heap        ] GC(83) PSYoungGen: 734208K(856576K)->0K(856576K) Eden: 734208K(734208K)->0K(734208K) From: 0K(122368K)->0K(122368K)
[342.967s][info][gc,heap        ] GC(83) ParOldGen: 1757759K(1957888K)->1741452K(1957888K)
[342.967s][info][gc,metaspace   ] GC(83) Metaspace: 100589K(101632K)->100589K(101632K) NonClass: 78601K(79168K)->78601K(79168K) Class: 21987K(22464K)->21987K(22464K)
[342.967s][info][gc             ] GC(83) Pause Full (Allocation Failure) 2433M->1700M(2748M) 60.157ms
[342.967s][info][gc,cpu         ] GC(83) User=0.18s Sys=0.01s Real=0.06s
[343.292s][info][gc,start       ] GC(84) Pause Full (Allocation Failure)
[343.292s][info][gc,phases,start] GC(84) Marking Phase
[343.316s][info][gc,phases      ] GC(84) Marking Phase 23.932ms
[343.316s][info][gc,phases,start] GC(84) Summary Phase
[343.316s][info][gc,phases      ] GC(84) Summary Phase 0.066ms
[343.316s][info][gc,phases,start] GC(84) Forward
[343.323s][info][gc,phases      ] GC(84) Forward 6.802ms
[343.323s][info][gc,phases,start] GC(84) Adjust Pointers
[343.340s][info][gc,phases      ] GC(84) Adjust Pointers 16.775ms
[343.340s][info][gc,phases,start] GC(84) Compaction Phase
[343.369s][info][gc,phases      ] GC(84) Compaction Phase 28.680ms
[343.369s][info][gc,phases,start] GC(84) Post Compact
[343.370s][info][gc,phases      ] GC(84) Post Compact 1.179ms
[343.370s][info][gc,heap        ] GC(84) PSYoungGen: 730554K(856576K)->0K(856576K) Eden: 730554K(734208K)->0K(734208K) From: 0K(122368K)->0K(122368K)
[343.370s][info][gc,heap        ] GC(84) ParOldGen: 1741452K(1957888K)->1911581K(1957888K)
[343.370s][info][gc,metaspace   ] GC(84) Metaspace: 100589K(101632K)->100589K(101632K) NonClass: 78601K(79168K)->78601K(79168K) Class: 21987K(22464K)->21987K(22464K)
[343.370s][info][gc             ] GC(84) Pause Full (Allocation Failure) 2414M->1866M(2748M) 77.779ms
[343.370s][info][gc,cpu         ] GC(84) User=0.24s Sys=0.01s Real=0.08s
[343.563s][info][gc,start       ] GC(85) Pause Full (Allocation Failure)
[343.563s][info][gc,phases,start] GC(85) Marking Phase
[343.584s][info][gc,phases      ] GC(85) Marking Phase 21.335ms
[343.584s][info][gc,phases,start] GC(85) Summary Phase
[343.584s][info][gc,phases      ] GC(85) Summary Phase 0.023ms
[343.584s][info][gc,phases,start] GC(85) Forward
[343.588s][info][gc,phases      ] GC(85) Forward 3.897ms
[343.588s][info][gc,phases,start] GC(85) Adjust Pointers
[343.602s][info][gc,phases      ] GC(85) Adjust Pointers 13.362ms
[343.602s][info][gc,phases,start] GC(85) Compaction Phase
[343.624s][info][gc,phases      ] GC(85) Compaction Phase 21.725ms
[343.624s][info][gc,phases,start] GC(85) Post Compact
[343.625s][info][gc,phases      ] GC(85) Post Compact 1.224ms
[343.625s][info][gc,heap        ] GC(85) PSYoungGen: 734208K(856576K)->0K(856576K) Eden: 734208K(734208K)->0K(734208K) From: 0K(122368K)->0K(122368K)
[343.625s][info][gc,heap        ] GC(85) ParOldGen: 1911581K(1957888K)->1845947K(1957888K)
[343.625s][info][gc,metaspace   ] GC(85) Metaspace: 100595K(101632K)->100595K(101632K) NonClass: 78607K(79168K)->78607K(79168K) Class: 21987K(22464K)->21987K(22464K)
[343.625s][info][gc             ] GC(85) Pause Full (Allocation Failure) 2583M->1802M(2748M) 61.806ms
[343.625s][info][gc,cpu         ] GC(85) User=0.18s Sys=0.01s Real=0.06s
[343.724s][info][gc,start       ] GC(86) Pause Full (Allocation Failure)
[343.724s][info][gc,phases,start] GC(86) Marking Phase
[343.744s][info][gc,phases      ] GC(86) Marking Phase 19.672ms
[343.744s][info][gc,phases,start] GC(86) Summary Phase
[343.744s][info][gc,phases      ] GC(86) Summary Phase 0.023ms
[343.744s][info][gc,phases,start] GC(86) Forward
[343.746s][info][gc,phases      ] GC(86) Forward 2.390ms
[343.746s][info][gc,phases,start] GC(86) Adjust Pointers
[343.759s][info][gc,phases      ] GC(86) Adjust Pointers 13.461ms
[343.760s][info][gc,phases,start] GC(86) Compaction Phase
[343.777s][info][gc,phases      ] GC(86) Compaction Phase 17.881ms
[343.777s][info][gc,phases,start] GC(86) Post Compact
[343.779s][info][gc,phases      ] GC(86) Post Compact 1.242ms
[343.779s][info][gc,heap        ] GC(86) PSYoungGen: 730726K(856576K)->0K(856576K) Eden: 730726K(734208K)->0K(734208K) From: 0K(122368K)->0K(122368K)
[343.779s][info][gc,heap        ] GC(86) ParOldGen: 1845947K(1957888K)->1756161K(1957888K)
[343.779s][info][gc,metaspace   ] GC(86) Metaspace: 100603K(101632K)->100603K(101632K) NonClass: 78615K(79168K)->78615K(79168K) Class: 21987K(22464K)->21987K(22464K)
[343.779s][info][gc             ] GC(86) Pause Full (Allocation Failure) 2516M->1715M(2748M) 54.918ms
[343.779s][info][gc,cpu         ] GC(86) User=0.16s Sys=0.01s Real=0.06s
[344.058s][info][gc,start       ] GC(87) Pause Full (Allocation Failure)
[344.058s][info][gc,phases,start] GC(87) Marking Phase
[344.076s][info][gc,phases      ] GC(87) Marking Phase 17.736ms
[344.076s][info][gc,phases,start] GC(87) Summary Phase
[344.076s][info][gc,phases      ] GC(87) Summary Phase 0.021ms
[344.076s][info][gc,phases,start] GC(87) Forward
[344.090s][info][gc,phases      ] GC(87) Forward 13.949ms
[344.090s][info][gc,phases,start] GC(87) Adjust Pointers
[344.110s][info][gc,phases      ] GC(87) Adjust Pointers 20.378ms
[344.110s][info][gc,phases,start] GC(87) Compaction Phase
[344.157s][info][gc,phases      ] GC(87) Compaction Phase 46.878ms
[344.157s][info][gc,phases,start] GC(87) Post Compact
[344.158s][info][gc,phases      ] GC(87) Post Compact 1.152ms
[344.158s][info][gc,heap        ] GC(87) PSYoungGen: 733899K(856576K)->0K(856576K) Eden: 733899K(734208K)->0K(734208K) From: 0K(122368K)->0K(122368K)
[344.158s][info][gc,heap        ] GC(87) ParOldGen: 1756161K(1957888K)->1650151K(1957888K)
[344.158s][info][gc,metaspace   ] GC(87) Metaspace: 100605K(101632K)->100605K(101632K) NonClass: 78618K(79168K)->78618K(79168K) Class: 21987K(22464K)->21987K(22464K)
[344.158s][info][gc             ] GC(87) Pause Full (Allocation Failure) 2431M->1611M(2748M) 100.580ms
[344.158s][info][gc,cpu         ] GC(87) User=0.31s Sys=0.01s Real=0.10s
[345.067s][info][gc,start       ] GC(88) Pause Full (Allocation Failure)
[345.067s][info][gc,phases,start] GC(88) Marking Phase
[345.083s][info][gc,phases      ] GC(88) Marking Phase 15.811ms
[345.083s][info][gc,phases,start] GC(88) Summary Phase
[345.083s][info][gc,phases      ] GC(88) Summary Phase 0.028ms
[345.083s][info][gc,phases,start] GC(88) Forward
[345.083s][info][gc,phases      ] GC(88) Forward 0.571ms
[345.083s][info][gc,phases,start] GC(88) Adjust Pointers
[345.095s][info][gc,phases      ] GC(88) Adjust Pointers 12.006ms
[345.095s][info][gc,phases,start] GC(88) Compaction Phase
[345.107s][info][gc,phases      ] GC(88) Compaction Phase 11.922ms
[345.107s][info][gc,phases,start] GC(88) Post Compact
[345.108s][info][gc,phases      ] GC(88) Post Compact 1.013ms
[345.108s][info][gc,heap        ] GC(88) PSYoungGen: 728358K(856576K)->0K(856576K) Eden: 728358K(734208K)->0K(734208K) From: 0K(122368K)->0K(122368K)
[345.108s][info][gc,heap        ] GC(88) ParOldGen: 1650151K(1957888K)->1630600K(1957888K)
[345.108s][info][gc,metaspace   ] GC(88) Metaspace: 100630K(101632K)->100630K(101632K) NonClass: 78643K(79168K)->78643K(79168K) Class: 21987K(22464K)->21987K(22464K)
[345.108s][info][gc             ] GC(88) Pause Full (Allocation Failure) 2322M->1592M(2748M) 41.536ms
[345.108s][info][gc,cpu         ] GC(88) User=0.12s Sys=0.01s Real=0.05s
[347.589s][info][gc,start       ] GC(89) Pause Full (Allocation Failure)
[347.589s][info][gc,phases,start] GC(89) Marking Phase
[347.610s][info][gc,phases      ] GC(89) Marking Phase 20.845ms
[347.610s][info][gc,phases,start] GC(89) Summary Phase
[347.610s][info][gc,phases      ] GC(89) Summary Phase 0.020ms
[347.610s][info][gc,phases,start] GC(89) Forward
[347.612s][info][gc,phases      ] GC(89) Forward 2.676ms
[347.612s][info][gc,phases,start] GC(89) Adjust Pointers
[347.625s][info][gc,phases      ] GC(89) Adjust Pointers 12.889ms
[347.625s][info][gc,phases,start] GC(89) Compaction Phase
[347.646s][info][gc,phases      ] GC(89) Compaction Phase 20.994ms
[347.646s][info][gc,phases,start] GC(89) Post Compact
[347.648s][info][gc,phases      ] GC(89) Post Compact 1.133ms
[347.648s][info][gc,heap        ] GC(89) PSYoungGen: 734208K(856576K)->0K(856576K) Eden: 734208K(734208K)->0K(734208K) From: 0K(122368K)->0K(122368K)
[347.648s][info][gc,heap        ] GC(89) ParOldGen: 1630600K(1957888K)->1768826K(1957888K)
[347.648s][info][gc,metaspace   ] GC(89) Metaspace: 100631K(101632K)->100631K(101632K) NonClass: 78644K(79168K)->78644K(79168K) Class: 21987K(22464K)->21987K(22464K)
[347.648s][info][gc             ] GC(89) Pause Full (Allocation Failure) 2309M->1727M(2748M) 58.833ms
[347.648s][info][gc,cpu         ] GC(89) User=0.18s Sys=0.00s Real=0.05s
[347.927s][info][gc,start       ] GC(90) Pause Full (Allocation Failure)
[347.927s][info][gc,phases,start] GC(90) Marking Phase
[347.952s][info][gc,phases      ] GC(90) Marking Phase 24.994ms
[347.952s][info][gc,phases,start] GC(90) Summary Phase
[347.952s][info][gc,phases      ] GC(90) Summary Phase 0.021ms
[347.952s][info][gc,phases,start] GC(90) Forward
[347.956s][info][gc,phases      ] GC(90) Forward 3.657ms
[347.956s][info][gc,phases,start] GC(90) Adjust Pointers
[347.972s][info][gc,phases      ] GC(90) Adjust Pointers 16.293ms
[347.972s][info][gc,phases,start] GC(90) Compaction Phase
[347.993s][info][gc,phases      ] GC(90) Compaction Phase 20.616ms
[347.993s][info][gc,phases,start] GC(90) Post Compact
[347.994s][info][gc,phases      ] GC(90) Post Compact 1.125ms
[347.994s][info][gc,heap        ] GC(90) PSYoungGen: 734208K(856576K)->0K(856576K) Eden: 734208K(734208K)->0K(734208K) From: 0K(122368K)->0K(122368K)
[347.994s][info][gc,heap        ] GC(90) ParOldGen: 1768826K(1957888K)->1761304K(1957888K)
[347.994s][info][gc,metaspace   ] GC(90) Metaspace: 100635K(101632K)->100635K(101632K) NonClass: 78648K(79168K)->78648K(79168K) Class: 21987K(22464K)->21987K(22464K)
[347.994s][info][gc             ] GC(90) Pause Full (Allocation Failure) 2444M->1720M(2748M) 66.967ms
[347.994s][info][gc,cpu         ] GC(90) User=0.19s Sys=0.01s Real=0.07s
[348.275s][info][gc,start       ] GC(91) Pause Full (Allocation Failure)
[348.275s][info][gc,phases,start] GC(91) Marking Phase
[348.300s][info][gc,phases      ] GC(91) Marking Phase 24.953ms
[348.300s][info][gc,phases,start] GC(91) Summary Phase
[348.300s][info][gc,phases      ] GC(91) Summary Phase 0.022ms
[348.300s][info][gc,phases,start] GC(91) Forward
[348.304s][info][gc,phases      ] GC(91) Forward 3.780ms
[348.304s][info][gc,phases,start] GC(91) Adjust Pointers
[348.353s][info][gc,phases      ] GC(91) Adjust Pointers 49.262ms
[348.353s][info][gc,phases,start] GC(91) Compaction Phase
[348.419s][info][gc,phases      ] GC(91) Compaction Phase 65.482ms
[348.419s][info][gc,phases,start] GC(91) Post Compact
[348.420s][info][gc,phases      ] GC(91) Post Compact 1.566ms
[348.420s][info][gc,heap        ] GC(91) PSYoungGen: 734208K(856576K)->0K(856576K) Eden: 734208K(734208K)->0K(734208K) From: 0K(122368K)->0K(122368K)
[348.420s][info][gc,heap        ] GC(91) ParOldGen: 1761304K(1957888K)->1869256K(1957888K)
[348.420s][info][gc,metaspace   ] GC(91) Metaspace: 100635K(101632K)->100635K(101632K) NonClass: 78648K(79168K)->78648K(79168K) Class: 21987K(22464K)->21987K(22464K)
[348.421s][info][gc             ] GC(91) Pause Full (Allocation Failure) 2437M->1825M(2748M) 145.521ms
[348.421s][info][gc,cpu         ] GC(91) User=0.48s Sys=0.02s Real=0.15s
[348.566s][info][gc,start       ] GC(92) Pause Full (Allocation Failure)
[348.566s][info][gc,phases,start] GC(92) Marking Phase
[348.585s][info][gc,phases      ] GC(92) Marking Phase 19.448ms
[348.585s][info][gc,phases,start] GC(92) Summary Phase
[348.585s][info][gc,phases      ] GC(92) Summary Phase 0.022ms
[348.585s][info][gc,phases,start] GC(92) Forward
[348.588s][info][gc,phases      ] GC(92) Forward 3.048ms
[348.588s][info][gc,phases,start] GC(92) Adjust Pointers
[348.602s][info][gc,phases      ] GC(92) Adjust Pointers 13.539ms
[348.602s][info][gc,phases,start] GC(92) Compaction Phase
[348.622s][info][gc,phases      ] GC(92) Compaction Phase 19.630ms
[348.622s][info][gc,phases,start] GC(92) Post Compact
[348.623s][info][gc,phases      ] GC(92) Post Compact 1.122ms
[348.623s][info][gc,heap        ] GC(92) PSYoungGen: 730868K(856576K)->0K(856576K) Eden: 730868K(734208K)->0K(734208K) From: 0K(122368K)->0K(122368K)
[348.623s][info][gc,heap        ] GC(92) ParOldGen: 1869256K(1957888K)->1788519K(1957888K)
[348.623s][info][gc,metaspace   ] GC(92) Metaspace: 100641K(101696K)->100641K(101696K) NonClass: 78654K(79232K)->78654K(79232K) Class: 21987K(22464K)->21987K(22464K)
[348.623s][info][gc             ] GC(92) Pause Full (Allocation Failure) 2539M->1746M(2748M) 57.011ms
[348.623s][info][gc,cpu         ] GC(92) User=0.17s Sys=0.01s Real=0.06s
[348.905s][info][gc,start       ] GC(93) Pause Full (Allocation Failure)
[348.905s][info][gc,phases,start] GC(93) Marking Phase
[348.924s][info][gc,phases      ] GC(93) Marking Phase 19.143ms
[348.924s][info][gc,phases,start] GC(93) Summary Phase
[348.924s][info][gc,phases      ] GC(93) Summary Phase 0.020ms
[348.924s][info][gc,phases,start] GC(93) Forward
[348.929s][info][gc,phases      ] GC(93) Forward 4.390ms
[348.929s][info][gc,phases,start] GC(93) Adjust Pointers
[348.943s][info][gc,phases      ] GC(93) Adjust Pointers 14.618ms
[348.943s][info][gc,phases,start] GC(93) Compaction Phase
[348.963s][info][gc,phases      ] GC(93) Compaction Phase 19.373ms
[348.963s][info][gc,phases,start] GC(93) Post Compact
[348.964s][info][gc,phases      ] GC(93) Post Compact 1.098ms
[348.964s][info][gc,heap        ] GC(93) PSYoungGen: 726922K(856576K)->0K(856576K) Eden: 726922K(734208K)->0K(734208K) From: 0K(122368K)->0K(122368K)
[348.964s][info][gc,heap        ] GC(93) ParOldGen: 1788519K(1957888K)->1837653K(1957888K)
[348.964s][info][gc,metaspace   ] GC(93) Metaspace: 100642K(101696K)->100642K(101696K) NonClass: 78654K(79232K)->78654K(79232K) Class: 21987K(22464K)->21987K(22464K)
[348.964s][info][gc             ] GC(93) Pause Full (Allocation Failure) 2456M->1794M(2748M) 58.941ms
[348.964s][info][gc,cpu         ] GC(93) User=0.17s Sys=0.00s Real=0.06s
[349.176s][info][gc,start       ] GC(94) Pause Full (Allocation Failure)
[349.176s][info][gc,phases,start] GC(94) Marking Phase
[349.195s][info][gc,phases      ] GC(94) Marking Phase 18.989ms
[349.195s][info][gc,phases,start] GC(94) Summary Phase
[349.195s][info][gc,phases      ] GC(94) Summary Phase 0.020ms
[349.195s][info][gc,phases,start] GC(94) Forward
[349.197s][info][gc,phases      ] GC(94) Forward 1.983ms
[349.197s][info][gc,phases,start] GC(94) Adjust Pointers
[349.209s][info][gc,phases      ] GC(94) Adjust Pointers 12.124ms
[349.209s][info][gc,phases,start] GC(94) Compaction Phase
[349.226s][info][gc,phases      ] GC(94) Compaction Phase 17.114ms
[349.226s][info][gc,phases,start] GC(94) Post Compact
[349.227s][info][gc,phases      ] GC(94) Post Compact 1.133ms
[349.227s][info][gc,heap        ] GC(94) PSYoungGen: 732103K(856576K)->0K(856576K) Eden: 732103K(734208K)->0K(734208K) From: 0K(122368K)->0K(122368K)
[349.227s][info][gc,heap        ] GC(94) ParOldGen: 1837653K(1957888K)->1740772K(1957888K)
[349.227s][info][gc,metaspace   ] GC(94) Metaspace: 100643K(101696K)->100643K(101696K) NonClass: 78655K(79232K)->78655K(79232K) Class: 21987K(22464K)->21987K(22464K)
[349.228s][info][gc             ] GC(94) Pause Full (Allocation Failure) 2509M->1699M(2748M) 51.593ms
[349.228s][info][gc,cpu         ] GC(94) User=0.15s Sys=0.00s Real=0.05s
[351.543s][info][gc,start       ] GC(95) Pause Full (Allocation Failure)
[351.543s][info][gc,phases,start] GC(95) Marking Phase
[351.578s][info][gc,phases      ] GC(95) Marking Phase 35.296ms
[351.578s][info][gc,phases,start] GC(95) Summary Phase
[351.578s][info][gc,phases      ] GC(95) Summary Phase 0.024ms
[351.578s][info][gc,phases,start] GC(95) Forward
[351.580s][info][gc,phases      ] GC(95) Forward 2.027ms
[351.580s][info][gc,phases,start] GC(95) Adjust Pointers
[351.594s][info][gc,phases      ] GC(95) Adjust Pointers 13.875ms
[351.594s][info][gc,phases,start] GC(95) Compaction Phase
[351.611s][info][gc,phases      ] GC(95) Compaction Phase 16.690ms
[351.611s][info][gc,phases,start] GC(95) Post Compact
[351.613s][info][gc,phases      ] GC(95) Post Compact 1.939ms
[351.613s][info][gc,heap        ] GC(95) PSYoungGen: 731809K(856576K)->0K(856576K) Eden: 731809K(734208K)->0K(734208K) From: 0K(122368K)->0K(122368K)
[351.613s][info][gc,heap        ] GC(95) ParOldGen: 1740772K(1957888K)->1660776K(1957888K)
[351.613s][info][gc,metaspace   ] GC(95) Metaspace: 100647K(101696K)->100647K(101696K) NonClass: 78660K(79232K)->78660K(79232K) Class: 21987K(22464K)->21987K(22464K)
[351.613s][info][gc             ] GC(95) Pause Full (Allocation Failure) 2414M->1621M(2748M) 70.233ms
[351.613s][info][gc,cpu         ] GC(95) User=0.19s Sys=0.01s Real=0.07s
[352.706s][info][gc,start       ] GC(96) Pause Full (Allocation Failure)
[352.706s][info][gc,phases,start] GC(96) Marking Phase
[352.728s][info][gc,phases      ] GC(96) Marking Phase 21.568ms
[352.728s][info][gc,phases,start] GC(96) Summary Phase
[352.728s][info][gc,phases      ] GC(96) Summary Phase 0.020ms
[352.728s][info][gc,phases,start] GC(96) Forward
[352.730s][info][gc,phases      ] GC(96) Forward 2.225ms
[352.730s][info][gc,phases,start] GC(96) Adjust Pointers
[352.743s][info][gc,phases      ] GC(96) Adjust Pointers 13.392ms
[352.743s][info][gc,phases,start] GC(96) Compaction Phase
[352.763s][info][gc,phases      ] GC(96) Compaction Phase 19.773ms
[352.763s][info][gc,phases,start] GC(96) Post Compact
[352.765s][info][gc,phases      ] GC(96) Post Compact 1.339ms
[352.765s][info][gc,heap        ] GC(96) PSYoungGen: 734208K(856576K)->0K(856576K) Eden: 734208K(734208K)->0K(734208K) From: 0K(122368K)->0K(122368K)
[352.765s][info][gc,heap        ] GC(96) ParOldGen: 1660776K(1957888K)->1734216K(1957888K)
[352.765s][info][gc,metaspace   ] GC(96) Metaspace: 100650K(101696K)->100650K(101696K) NonClass: 78662K(79232K)->78662K(79232K) Class: 21987K(22464K)->21987K(22464K)
[352.765s][info][gc             ] GC(96) Pause Full (Allocation Failure) 2338M->1693M(2748M) 58.621ms
[352.765s][info][gc,cpu         ] GC(96) User=0.17s Sys=0.01s Real=0.06s
[353.115s][info][gc,start       ] GC(97) Pause Full (Allocation Failure)
[353.115s][info][gc,phases,start] GC(97) Marking Phase
[353.140s][info][gc,phases      ] GC(97) Marking Phase 25.091ms
[353.140s][info][gc,phases,start] GC(97) Summary Phase
[353.140s][info][gc,phases      ] GC(97) Summary Phase 0.021ms
[353.140s][info][gc,phases,start] GC(97) Forward
[353.145s][info][gc,phases      ] GC(97) Forward 4.543ms
[353.145s][info][gc,phases,start] GC(97) Adjust Pointers
[353.161s][info][gc,phases      ] GC(97) Adjust Pointers 16.415ms
[353.161s][info][gc,phases,start] GC(97) Compaction Phase
[353.185s][info][gc,phases      ] GC(97) Compaction Phase 24.251ms
[353.185s][info][gc,phases,start] GC(97) Post Compact
[353.187s][info][gc,phases      ] GC(97) Post Compact 1.418ms
[353.187s][info][gc,heap        ] GC(97) PSYoungGen: 734208K(856576K)->0K(856576K) Eden: 734208K(734208K)->0K(734208K) From: 0K(122368K)->0K(122368K)
[353.187s][info][gc,heap        ] GC(97) ParOldGen: 1734216K(1957888K)->1817716K(1957888K)
[353.187s][info][gc,metaspace   ] GC(97) Metaspace: 100652K(101696K)->100652K(101696K) NonClass: 78664K(79232K)->78664K(79232K) Class: 21987K(22464K)->21987K(22464K)
[353.187s][info][gc             ] GC(97) Pause Full (Allocation Failure) 2410M->1775M(2748M) 71.979ms
[353.187s][info][gc,cpu         ] GC(97) User=0.21s Sys=0.00s Real=0.07s
[353.385s][info][gc,start       ] GC(98) Pause Full (Allocation Failure)
[353.385s][info][gc,phases,start] GC(98) Marking Phase
[353.416s][info][gc,phases      ] GC(98) Marking Phase 31.515ms
[353.416s][info][gc,phases,start] GC(98) Summary Phase
[353.416s][info][gc,phases      ] GC(98) Summary Phase 0.022ms
[353.416s][info][gc,phases,start] GC(98) Forward
[353.421s][info][gc,phases      ] GC(98) Forward 4.178ms
[353.421s][info][gc,phases,start] GC(98) Adjust Pointers
[353.436s][info][gc,phases      ] GC(98) Adjust Pointers 15.011ms
[353.436s][info][gc,phases,start] GC(98) Compaction Phase
[353.459s][info][gc,phases      ] GC(98) Compaction Phase 22.814ms
[353.459s][info][gc,phases,start] GC(98) Post Compact
[353.460s][info][gc,phases      ] GC(98) Post Compact 1.409ms
[353.460s][info][gc,heap        ] GC(98) PSYoungGen: 731284K(856576K)->0K(856576K) Eden: 731284K(734208K)->0K(734208K) From: 0K(122368K)->0K(122368K)
[353.460s][info][gc,heap        ] GC(98) ParOldGen: 1817716K(1957888K)->1833215K(1957888K)
[353.460s][info][gc,metaspace   ] GC(98) Metaspace: 100652K(101696K)->100652K(101696K) NonClass: 78664K(79232K)->78664K(79232K) Class: 21987K(22464K)->21987K(22464K)
[353.460s][info][gc             ] GC(98) Pause Full (Allocation Failure) 2489M->1790M(2748M) 75.566ms
[353.460s][info][gc,cpu         ] GC(98) User=0.21s Sys=0.01s Real=0.08s
[353.615s][info][gc,start       ] GC(99) Pause Full (Allocation Failure)
[353.615s][info][gc,phases,start] GC(99) Marking Phase
[353.637s][info][gc,phases      ] GC(99) Marking Phase 22.124ms
[353.637s][info][gc,phases,start] GC(99) Summary Phase
[353.637s][info][gc,phases      ] GC(99) Summary Phase 0.023ms
[353.637s][info][gc,phases,start] GC(99) Forward
[353.639s][info][gc,phases      ] GC(99) Forward 1.814ms
[353.639s][info][gc,phases,start] GC(99) Adjust Pointers
[353.652s][info][gc,phases      ] GC(99) Adjust Pointers 13.046ms
[353.652s][info][gc,phases,start] GC(99) Compaction Phase
[353.671s][info][gc,phases      ] GC(99) Compaction Phase 18.805ms
[353.671s][info][gc,phases,start] GC(99) Post Compact
[353.672s][info][gc,phases      ] GC(99) Post Compact 1.190ms
[353.672s][info][gc,heap        ] GC(99) PSYoungGen: 733517K(856576K)->0K(856576K) Eden: 733517K(734208K)->0K(734208K) From: 0K(122368K)->0K(122368K)
[353.672s][info][gc,heap        ] GC(99) ParOldGen: 1833215K(1957888K)->1740926K(1957888K)
[353.672s][info][gc,metaspace   ] GC(99) Metaspace: 100652K(101696K)->100652K(101696K) NonClass: 78664K(79232K)->78664K(79232K) Class: 21987K(22464K)->21987K(22464K)
[353.672s][info][gc             ] GC(99) Pause Full (Allocation Failure) 2506M->1700M(2748M) 57.245ms
[353.672s][info][gc,cpu         ] GC(99) User=0.18s Sys=0.00s Real=0.06s
[353.926s][info][gc,start       ] GC(100) Pause Full (Allocation Failure)
[353.926s][info][gc,phases,start] GC(100) Marking Phase
[353.953s][info][gc,phases      ] GC(100) Marking Phase 27.198ms
[353.953s][info][gc,phases,start] GC(100) Summary Phase
[353.953s][info][gc,phases      ] GC(100) Summary Phase 0.019ms
[353.953s][info][gc,phases,start] GC(100) Forward
[353.957s][info][gc,phases      ] GC(100) Forward 4.107ms
[353.958s][info][gc,phases,start] GC(100) Adjust Pointers
[353.975s][info][gc,phases      ] GC(100) Adjust Pointers 17.111ms
[353.975s][info][gc,phases,start] GC(100) Compaction Phase
[353.997s][info][gc,phases      ] GC(100) Compaction Phase 22.322ms
[353.997s][info][gc,phases,start] GC(100) Post Compact
[353.998s][info][gc,phases      ] GC(100) Post Compact 1.253ms
[353.998s][info][gc,heap        ] GC(100) PSYoungGen: 734208K(856576K)->0K(856576K) Eden: 734208K(734208K)->0K(734208K) From: 0K(122368K)->0K(122368K)
[353.998s][info][gc,heap        ] GC(100) ParOldGen: 1740926K(1957888K)->1833632K(1957888K)
[353.998s][info][gc,metaspace   ] GC(100) Metaspace: 100652K(101696K)->100652K(101696K) NonClass: 78664K(79232K)->78664K(79232K) Class: 21987K(22464K)->21987K(22464K)
[353.998s][info][gc             ] GC(100) Pause Full (Allocation Failure) 2417M->1790M(2748M) 72.296ms
[353.998s][info][gc,cpu         ] GC(100) User=0.21s Sys=0.01s Real=0.08s
[354.140s][info][gc,start       ] GC(101) Pause Full (Allocation Failure)
[354.140s][info][gc,phases,start] GC(101) Marking Phase
[354.158s][info][gc,phases      ] GC(101) Marking Phase 18.341ms
[354.158s][info][gc,phases,start] GC(101) Summary Phase
[354.158s][info][gc,phases      ] GC(101) Summary Phase 0.020ms
[354.158s][info][gc,phases,start] GC(101) Forward
[354.160s][info][gc,phases      ] GC(101) Forward 1.410ms
[354.160s][info][gc,phases,start] GC(101) Adjust Pointers
[354.173s][info][gc,phases      ] GC(101) Adjust Pointers 12.817ms
[354.173s][info][gc,phases,start] GC(101) Compaction Phase
[354.190s][info][gc,phases      ] GC(101) Compaction Phase 17.728ms
[354.190s][info][gc,phases,start] GC(101) Post Compact
[354.192s][info][gc,phases      ] GC(101) Post Compact 1.371ms
[354.192s][info][gc,heap        ] GC(101) PSYoungGen: 730113K(856576K)->0K(856576K) Eden: 730113K(734208K)->0K(734208K) From: 0K(122368K)->0K(122368K)
[354.192s][info][gc,heap        ] GC(101) ParOldGen: 1833632K(1957888K)->1696324K(1957888K)
[354.192s][info][gc,metaspace   ] GC(101) Metaspace: 100652K(101696K)->100652K(101696K) NonClass: 78664K(79232K)->78664K(79232K) Class: 21987K(22464K)->21987K(22464K)
[354.192s][info][gc             ] GC(101) Pause Full (Allocation Failure) 2503M->1656M(2748M) 51.954ms
[354.192s][info][gc,cpu         ] GC(101) User=0.15s Sys=0.00s Real=0.05s
[356.329s][info][gc,start       ] GC(102) Pause Full (Allocation Failure)
[356.329s][info][gc,phases,start] GC(102) Marking Phase
[356.356s][info][gc,phases      ] GC(102) Marking Phase 26.619ms
[356.356s][info][gc,phases,start] GC(102) Summary Phase
[356.356s][info][gc,phases      ] GC(102) Summary Phase 0.020ms
[356.356s][info][gc,phases,start] GC(102) Forward
[356.357s][info][gc,phases      ] GC(102) Forward 1.196ms
[356.357s][info][gc,phases,start] GC(102) Adjust Pointers
[356.372s][info][gc,phases      ] GC(102) Adjust Pointers 14.952ms
[356.372s][info][gc,phases,start] GC(102) Compaction Phase
[356.390s][info][gc,phases      ] GC(102) Compaction Phase 18.008ms
[356.390s][info][gc,phases,start] GC(102) Post Compact
[356.392s][info][gc,phases      ] GC(102) Post Compact 1.721ms
[356.392s][info][gc,heap        ] GC(102) PSYoungGen: 732393K(856576K)->0K(856576K) Eden: 732393K(734208K)->0K(734208K) From: 0K(122368K)->0K(122368K)
[356.392s][info][gc,heap        ] GC(102) ParOldGen: 1696324K(1957888K)->1635650K(1957888K)
[356.392s][info][gc,metaspace   ] GC(102) Metaspace: 100657K(101696K)->100657K(101696K) NonClass: 78670K(79232K)->78670K(79232K) Class: 21987K(22464K)->21987K(22464K)
[356.392s][info][gc             ] GC(102) Pause Full (Allocation Failure) 2371M->1597M(2748M) 62.862ms
[356.392s][info][gc,cpu         ] GC(102) User=0.18s Sys=0.00s Real=0.06s
[357.488s][info][gc,start       ] GC(103) Pause Full (Allocation Failure)
[357.489s][info][gc,phases,start] GC(103) Marking Phase
[357.518s][info][gc,phases      ] GC(103) Marking Phase 29.416ms
[357.518s][info][gc,phases,start] GC(103) Summary Phase
[357.518s][info][gc,phases      ] GC(103) Summary Phase 0.023ms
[357.518s][info][gc,phases,start] GC(103) Forward
[357.520s][info][gc,phases      ] GC(103) Forward 2.393ms
[357.520s][info][gc,phases,start] GC(103) Adjust Pointers
[357.536s][info][gc,phases      ] GC(103) Adjust Pointers 15.439ms
[357.536s][info][gc,phases,start] GC(103) Compaction Phase
[357.556s][info][gc,phases      ] GC(103) Compaction Phase 19.738ms
[357.556s][info][gc,phases,start] GC(103) Post Compact
[357.560s][info][gc,phases      ] GC(103) Post Compact 3.851ms
[357.560s][info][gc,heap        ] GC(103) PSYoungGen: 734208K(856576K)->0K(856576K) Eden: 734208K(734208K)->0K(734208K) From: 0K(122368K)->0K(122368K)
[357.560s][info][gc,heap        ] GC(103) ParOldGen: 1635650K(1957888K)->1725903K(1957888K)
[357.560s][info][gc,metaspace   ] GC(103) Metaspace: 100666K(101760K)->100666K(101760K) NonClass: 78678K(79296K)->78678K(79296K) Class: 21987K(22464K)->21987K(22464K)
[357.560s][info][gc             ] GC(103) Pause Full (Allocation Failure) 2314M->1685M(2748M) 71.317ms
[357.560s][info][gc,cpu         ] GC(103) User=0.22s Sys=0.00s Real=0.07s
[357.962s][info][gc,start       ] GC(104) Pause Full (Allocation Failure)
[357.962s][info][gc,phases,start] GC(104) Marking Phase
[357.987s][info][gc,phases      ] GC(104) Marking Phase 24.975ms
[357.987s][info][gc,phases,start] GC(104) Summary Phase
[357.987s][info][gc,phases      ] GC(104) Summary Phase 0.024ms
[357.987s][info][gc,phases,start] GC(104) Forward
[357.991s][info][gc,phases      ] GC(104) Forward 3.874ms
[357.991s][info][gc,phases,start] GC(104) Adjust Pointers
[358.008s][info][gc,phases      ] GC(104) Adjust Pointers 17.042ms
[358.008s][info][gc,phases,start] GC(104) Compaction Phase
[358.037s][info][gc,phases      ] GC(104) Compaction Phase 28.804ms
[358.037s][info][gc,phases,start] GC(104) Post Compact
[358.038s][info][gc,phases      ] GC(104) Post Compact 1.299ms
[358.038s][info][gc,heap        ] GC(104) PSYoungGen: 734208K(856576K)->0K(856576K) Eden: 734208K(734208K)->0K(734208K) From: 0K(122368K)->0K(122368K)
[358.038s][info][gc,heap        ] GC(104) ParOldGen: 1725903K(1957888K)->1834052K(1957888K)
[358.038s][info][gc,metaspace   ] GC(104) Metaspace: 100672K(101760K)->100672K(101760K) NonClass: 78685K(79296K)->78685K(79296K) Class: 21987K(22464K)->21987K(22464K)
[358.038s][info][gc             ] GC(104) Pause Full (Allocation Failure) 2402M->1791M(2748M) 76.305ms
[358.038s][info][gc,cpu         ] GC(104) User=0.24s Sys=0.00s Real=0.08s
[358.209s][info][gc,start       ] GC(105) Pause Full (Allocation Failure)
[358.209s][info][gc,phases,start] GC(105) Marking Phase
[358.236s][info][gc,phases      ] GC(105) Marking Phase 27.241ms
[358.236s][info][gc,phases,start] GC(105) Summary Phase
[358.237s][info][gc,phases      ] GC(105) Summary Phase 0.030ms
[358.237s][info][gc,phases,start] GC(105) Forward
[358.240s][info][gc,phases      ] GC(105) Forward 3.853ms
[358.240s][info][gc,phases,start] GC(105) Adjust Pointers
[358.255s][info][gc,phases      ] GC(105) Adjust Pointers 14.867ms
[358.255s][info][gc,phases,start] GC(105) Compaction Phase
[358.276s][info][gc,phases      ] GC(105) Compaction Phase 21.097ms
[358.276s][info][gc,phases,start] GC(105) Post Compact
[358.278s][info][gc,phases      ] GC(105) Post Compact 1.172ms
[358.278s][info][gc,heap        ] GC(105) PSYoungGen: 732615K(856576K)->0K(856576K) Eden: 732615K(734208K)->0K(734208K) From: 0K(122368K)->0K(122368K)
[358.278s][info][gc,heap        ] GC(105) ParOldGen: 1834052K(1957888K)->1809058K(1957888K)
[358.278s][info][gc,metaspace   ] GC(105) Metaspace: 100672K(101760K)->100672K(101760K) NonClass: 78685K(79296K)->78685K(79296K) Class: 21987K(22464K)->21987K(22464K)
[358.278s][info][gc             ] GC(105) Pause Full (Allocation Failure) 2506M->1766M(2748M) 68.518ms
[358.278s][info][gc,cpu         ] GC(105) User=0.20s Sys=0.00s Real=0.07s
[358.487s][info][gc,start       ] GC(106) Pause Full (Allocation Failure)
[358.487s][info][gc,phases,start] GC(106) Marking Phase
[358.511s][info][gc,phases      ] GC(106) Marking Phase 23.659ms
[358.511s][info][gc,phases,start] GC(106) Summary Phase
[358.511s][info][gc,phases      ] GC(106) Summary Phase 0.021ms
[358.511s][info][gc,phases,start] GC(106) Forward
[358.513s][info][gc,phases      ] GC(106) Forward 2.382ms
[358.513s][info][gc,phases,start] GC(106) Adjust Pointers
[358.532s][info][gc,phases      ] GC(106) Adjust Pointers 18.482ms
[358.532s][info][gc,phases,start] GC(106) Compaction Phase
[358.554s][info][gc,phases      ] GC(106) Compaction Phase 22.767ms
[358.554s][info][gc,phases,start] GC(106) Post Compact
[358.556s][info][gc,phases      ] GC(106) Post Compact 1.177ms
[358.556s][info][gc,heap        ] GC(106) PSYoungGen: 732462K(856576K)->0K(856576K) Eden: 732462K(734208K)->0K(734208K) From: 0K(122368K)->0K(122368K)
[358.556s][info][gc,heap        ] GC(106) ParOldGen: 1809058K(1957888K)->1772197K(1957888K)
[358.556s][info][gc,metaspace   ] GC(106) Metaspace: 100672K(101760K)->100672K(101760K) NonClass: 78685K(79296K)->78685K(79296K) Class: 21987K(22464K)->21987K(22464K)
[358.556s][info][gc             ] GC(106) Pause Full (Allocation Failure) 2481M->1730M(2748M) 68.801ms
[358.556s][info][gc,cpu         ] GC(106) User=0.20s Sys=0.00s Real=0.07s
[358.829s][info][gc,start       ] GC(107) Pause Full (Allocation Failure)
[358.829s][info][gc,phases,start] GC(107) Marking Phase
[358.849s][info][gc,phases      ] GC(107) Marking Phase 19.969ms
[358.849s][info][gc,phases,start] GC(107) Summary Phase
[358.849s][info][gc,phases      ] GC(107) Summary Phase 0.024ms
[358.849s][info][gc,phases,start] GC(107) Forward
[358.853s][info][gc,phases      ] GC(107) Forward 3.866ms
[358.853s][info][gc,phases,start] GC(107) Adjust Pointers
[358.868s][info][gc,phases      ] GC(107) Adjust Pointers 15.016ms
[358.868s][info][gc,phases,start] GC(107) Compaction Phase
[358.888s][info][gc,phases      ] GC(107) Compaction Phase 20.531ms
[358.888s][info][gc,phases,start] GC(107) Post Compact
[358.890s][info][gc,phases      ] GC(107) Post Compact 1.131ms
[358.891s][info][gc,heap        ] GC(107) PSYoungGen: 731981K(856576K)->0K(856576K) Eden: 731981K(734208K)->0K(734208K) From: 0K(122368K)->0K(122368K)
[358.891s][info][gc,heap        ] GC(107) ParOldGen: 1772197K(1957888K)->1819869K(1957888K)
[358.891s][info][gc,metaspace   ] GC(107) Metaspace: 100674K(101760K)->100674K(101760K) NonClass: 78687K(79296K)->78687K(79296K) Class: 21987K(22464K)->21987K(22464K)
[358.891s][info][gc             ] GC(107) Pause Full (Allocation Failure) 2445M->1777M(2748M) 61.754ms
[358.891s][info][gc,cpu         ] GC(107) User=0.18s Sys=0.00s Real=0.06s
[359.084s][info][gc,start       ] GC(108) Pause Full (Allocation Failure)
[359.084s][info][gc,phases,start] GC(108) Marking Phase
[359.102s][info][gc,phases      ] GC(108) Marking Phase 17.908ms
[359.102s][info][gc,phases,start] GC(108) Summary Phase
[359.102s][info][gc,phases      ] GC(108) Summary Phase 0.020ms
[359.102s][info][gc,phases,start] GC(108) Forward
[359.107s][info][gc,phases      ] GC(108) Forward 4.999ms
[359.107s][info][gc,phases,start] GC(108) Adjust Pointers
[359.121s][info][gc,phases      ] GC(108) Adjust Pointers 14.618ms
[359.121s][info][gc,phases,start] GC(108) Compaction Phase
[359.160s][info][gc,phases      ] GC(108) Compaction Phase 38.499ms
[359.160s][info][gc,phases,start] GC(108) Post Compact
[359.161s][info][gc,phases      ] GC(108) Post Compact 1.103ms
[359.161s][info][gc,heap        ] GC(108) PSYoungGen: 733217K(856576K)->0K(856576K) Eden: 733217K(734208K)->0K(734208K) From: 0K(122368K)->0K(122368K)
[359.161s][info][gc,heap        ] GC(108) ParOldGen: 1819869K(1957888K)->1592144K(1957888K)
[359.161s][info][gc,metaspace   ] GC(108) Metaspace: 100674K(101760K)->100674K(101760K) NonClass: 78687K(79296K)->78687K(79296K) Class: 21987K(22464K)->21987K(22464K)
[359.161s][info][gc             ] GC(108) Pause Full (Allocation Failure) 2493M->1554M(2748M) 77.473ms
[359.161s][info][gc,cpu         ] GC(108) User=0.24s Sys=0.00s Real=0.08s
[361.555s][info][gc,start       ] GC(109) Pause Full (Allocation Failure)
[361.555s][info][gc,phases,start] GC(109) Marking Phase
[361.579s][info][gc,phases      ] GC(109) Marking Phase 23.828ms
[361.579s][info][gc,phases,start] GC(109) Summary Phase
[361.579s][info][gc,phases      ] GC(109) Summary Phase 0.018ms
[361.579s][info][gc,phases,start] GC(109) Forward
[361.581s][info][gc,phases      ] GC(109) Forward 2.359ms
[361.581s][info][gc,phases,start] GC(109) Adjust Pointers
[361.598s][info][gc,phases      ] GC(109) Adjust Pointers 16.744ms
[361.598s][info][gc,phases,start] GC(109) Compaction Phase
[361.614s][info][gc,phases      ] GC(109) Compaction Phase 15.656ms
[361.614s][info][gc,phases,start] GC(109) Post Compact
[361.615s][info][gc,phases      ] GC(109) Post Compact 1.664ms
[361.615s][info][gc,heap        ] GC(109) PSYoungGen: 734208K(856576K)->0K(856576K) Eden: 734208K(734208K)->0K(734208K) From: 0K(122368K)->0K(122368K)
[361.615s][info][gc,heap        ] GC(109) ParOldGen: 1592144K(1957888K)->1668484K(1957888K)
[361.615s][info][gc,metaspace   ] GC(109) Metaspace: 100679K(101760K)->100679K(101760K) NonClass: 78692K(79296K)->78692K(79296K) Class: 21987K(22464K)->21987K(22464K)
[361.615s][info][gc             ] GC(109) Pause Full (Allocation Failure) 2271M->1629M(2748M) 60.681ms
[361.615s][info][gc,cpu         ] GC(109) User=0.17s Sys=0.01s Real=0.06s
[362.395s][info][gc,start       ] GC(110) Pause Full (Allocation Failure)
[362.395s][info][gc,phases,start] GC(110) Marking Phase
[362.417s][info][gc,phases      ] GC(110) Marking Phase 21.926ms
[362.417s][info][gc,phases,start] GC(110) Summary Phase
[362.417s][info][gc,phases      ] GC(110) Summary Phase 0.022ms
[362.417s][info][gc,phases,start] GC(110) Forward
[362.419s][info][gc,phases      ] GC(110) Forward 2.299ms
[362.419s][info][gc,phases,start] GC(110) Adjust Pointers
[362.433s][info][gc,phases      ] GC(110) Adjust Pointers 13.438ms
[362.433s][info][gc,phases,start] GC(110) Compaction Phase
[362.452s][info][gc,phases      ] GC(110) Compaction Phase 19.247ms
[362.452s][info][gc,phases,start] GC(110) Post Compact
[362.453s][info][gc,phases      ] GC(110) Post Compact 1.123ms
[362.453s][info][gc,heap        ] GC(110) PSYoungGen: 734208K(856576K)->0K(856576K) Eden: 734208K(734208K)->0K(734208K) From: 0K(122368K)->0K(122368K)
[362.453s][info][gc,heap        ] GC(110) ParOldGen: 1668484K(1957888K)->1715778K(1957888K)
[362.453s][info][gc,metaspace   ] GC(110) Metaspace: 100679K(101760K)->100679K(101760K) NonClass: 78692K(79296K)->78692K(79296K) Class: 21987K(22464K)->21987K(22464K)
[362.453s][info][gc             ] GC(110) Pause Full (Allocation Failure) 2346M->1675M(2748M) 58.314ms
[362.453s][info][gc,cpu         ] GC(110) User=0.17s Sys=0.01s Real=0.06s
[362.721s][info][gc,start       ] GC(111) Pause Full (Allocation Failure)
[362.721s][info][gc,phases,start] GC(111) Marking Phase
[362.740s][info][gc,phases      ] GC(111) Marking Phase 18.492ms
[362.740s][info][gc,phases,start] GC(111) Summary Phase
[362.740s][info][gc,phases      ] GC(111) Summary Phase 0.023ms
[362.740s][info][gc,phases,start] GC(111) Forward
[362.743s][info][gc,phases      ] GC(111) Forward 2.894ms
[362.743s][info][gc,phases,start] GC(111) Adjust Pointers
[362.757s][info][gc,phases      ] GC(111) Adjust Pointers 14.235ms
[362.757s][info][gc,phases,start] GC(111) Compaction Phase
[362.782s][info][gc,phases      ] GC(111) Compaction Phase 25.519ms
[362.783s][info][gc,phases,start] GC(111) Post Compact
[362.784s][info][gc,phases      ] GC(111) Post Compact 1.271ms
[362.784s][info][gc,heap        ] GC(111) PSYoungGen: 729348K(856576K)->0K(856576K) Eden: 729348K(734208K)->0K(734208K) From: 0K(122368K)->0K(122368K)
[362.784s][info][gc,heap        ] GC(111) ParOldGen: 1715778K(1957888K)->1877530K(1957888K)
[362.784s][info][gc,metaspace   ] GC(111) Metaspace: 100679K(101760K)->100679K(101760K) NonClass: 78692K(79296K)->78692K(79296K) Class: 21987K(22464K)->21987K(22464K)
[362.784s][info][gc             ] GC(111) Pause Full (Allocation Failure) 2387M->1833M(2748M) 63.206ms
[362.784s][info][gc,cpu         ] GC(111) User=0.26s Sys=0.00s Real=0.06s
[362.931s][info][gc,start       ] GC(112) Pause Full (Allocation Failure)
[362.931s][info][gc,phases,start] GC(112) Marking Phase
[362.953s][info][gc,phases      ] GC(112) Marking Phase 22.070ms
[362.953s][info][gc,phases,start] GC(112) Summary Phase
[362.953s][info][gc,phases      ] GC(112) Summary Phase 0.037ms
[362.953s][info][gc,phases,start] GC(112) Forward
[362.957s][info][gc,phases      ] GC(112) Forward 4.331ms
[362.957s][info][gc,phases,start] GC(112) Adjust Pointers
[362.975s][info][gc,phases      ] GC(112) Adjust Pointers 17.568ms
[362.975s][info][gc,phases,start] GC(112) Compaction Phase
[362.995s][info][gc,phases      ] GC(112) Compaction Phase 20.133ms
[362.995s][info][gc,phases,start] GC(112) Post Compact
[362.997s][info][gc,phases      ] GC(112) Post Compact 1.488ms
[362.997s][info][gc,heap        ] GC(112) PSYoungGen: 730380K(856576K)->0K(856576K) Eden: 730380K(734208K)->0K(734208K) From: 0K(122368K)->0K(122368K)
[362.997s][info][gc,heap        ] GC(112) ParOldGen: 1877530K(1957888K)->1737443K(1957888K)
[362.997s][info][gc,metaspace   ] GC(112) Metaspace: 100679K(101760K)->100679K(101760K) NonClass: 78692K(79296K)->78692K(79296K) Class: 21987K(22464K)->21987K(22464K)
[362.997s][info][gc             ] GC(112) Pause Full (Allocation Failure) 2546M->1696M(2748M) 65.889ms
[362.997s][info][gc,cpu         ] GC(112) User=0.25s Sys=0.00s Real=0.06s
[363.300s][info][gc,start       ] GC(113) Pause Full (Allocation Failure)
[363.301s][info][gc,phases,start] GC(113) Marking Phase
[363.324s][info][gc,phases      ] GC(113) Marking Phase 23.562ms
[363.324s][info][gc,phases,start] GC(113) Summary Phase
[363.324s][info][gc,phases      ] GC(113) Summary Phase 0.019ms
[363.324s][info][gc,phases,start] GC(113) Forward
[363.328s][info][gc,phases      ] GC(113) Forward 4.166ms
[363.328s][info][gc,phases,start] GC(113) Adjust Pointers
[363.350s][info][gc,phases      ] GC(113) Adjust Pointers 21.200ms
[363.350s][info][gc,phases,start] GC(113) Compaction Phase
[363.375s][info][gc,phases      ] GC(113) Compaction Phase 25.387ms
[363.375s][info][gc,phases,start] GC(113) Post Compact
[363.376s][info][gc,phases      ] GC(113) Post Compact 1.196ms
[363.376s][info][gc,heap        ] GC(113) PSYoungGen: 734208K(856576K)->0K(856576K) Eden: 734208K(734208K)->0K(734208K) From: 0K(122368K)->0K(122368K)
[363.376s][info][gc,heap        ] GC(113) ParOldGen: 1737443K(1957888K)->1858136K(1957888K)
[363.376s][info][gc,metaspace   ] GC(113) Metaspace: 100679K(101760K)->100679K(101760K) NonClass: 78692K(79296K)->78692K(79296K) Class: 21987K(22464K)->21987K(22464K)
[363.376s][info][gc             ] GC(113) Pause Full (Allocation Failure) 2413M->1814M(2748M) 75.808ms
[363.376s][info][gc,cpu         ] GC(113) User=0.23s Sys=0.01s Real=0.07s
[363.527s][info][gc,start       ] GC(114) Pause Full (Allocation Failure)
[363.527s][info][gc,phases,start] GC(114) Marking Phase
[363.549s][info][gc,phases      ] GC(114) Marking Phase 21.779ms
[363.549s][info][gc,phases,start] GC(114) Summary Phase
[363.549s][info][gc,phases      ] GC(114) Summary Phase 0.030ms
[363.549s][info][gc,phases,start] GC(114) Forward
[363.552s][info][gc,phases      ] GC(114) Forward 3.672ms
[363.552s][info][gc,phases,start] GC(114) Adjust Pointers
[363.566s][info][gc,phases      ] GC(114) Adjust Pointers 13.941ms
[363.566s][info][gc,phases,start] GC(114) Compaction Phase
[363.586s][info][gc,phases      ] GC(114) Compaction Phase 19.425ms
[363.586s][info][gc,phases,start] GC(114) Post Compact
[363.587s][info][gc,phases      ] GC(114) Post Compact 1.155ms
[363.587s][info][gc,heap        ] GC(114) PSYoungGen: 734167K(856576K)->0K(856576K) Eden: 734167K(734208K)->0K(734208K) From: 0K(122368K)->0K(122368K)
[363.587s][info][gc,heap        ] GC(114) ParOldGen: 1858136K(1957888K)->1813145K(1957888K)
[363.587s][info][gc,metaspace   ] GC(114) Metaspace: 100680K(101760K)->100680K(101760K) NonClass: 78693K(79296K)->78693K(79296K) Class: 21987K(22464K)->21987K(22464K)
[363.587s][info][gc             ] GC(114) Pause Full (Allocation Failure) 2531M->1770M(2748M) 60.249ms
[363.587s][info][gc,cpu         ] GC(114) User=0.18s Sys=0.00s Real=0.06s
[363.758s][info][gc,start       ] GC(115) Pause Full (Allocation Failure)
[363.759s][info][gc,phases,start] GC(115) Marking Phase
[363.778s][info][gc,phases      ] GC(115) Marking Phase 19.843ms
[363.778s][info][gc,phases,start] GC(115) Summary Phase
[363.778s][info][gc,phases      ] GC(115) Summary Phase 0.023ms
[363.778s][info][gc,phases,start] GC(115) Forward
[363.779s][info][gc,phases      ] GC(115) Forward 1.047ms
[363.780s][info][gc,phases,start] GC(115) Adjust Pointers
[363.792s][info][gc,phases      ] GC(115) Adjust Pointers 12.548ms
[363.792s][info][gc,phases,start] GC(115) Compaction Phase
[363.808s][info][gc,phases      ] GC(115) Compaction Phase 16.024ms
[363.808s][info][gc,phases,start] GC(115) Post Compact
[363.810s][info][gc,phases      ] GC(115) Post Compact 1.370ms
[363.810s][info][gc,heap        ] GC(115) PSYoungGen: 732494K(856576K)->0K(856576K) Eden: 732494K(734208K)->0K(734208K) From: 0K(122368K)->0K(122368K)
[363.810s][info][gc,heap        ] GC(115) ParOldGen: 1813145K(1957888K)->1671946K(1957888K)
[363.810s][info][gc,metaspace   ] GC(115) Metaspace: 100683K(101760K)->100683K(101760K) NonClass: 78695K(79296K)->78695K(79296K) Class: 21987K(22464K)->21987K(22464K)
[363.810s][info][gc             ] GC(115) Pause Full (Allocation Failure) 2485M->1632M(2748M) 51.110ms
[363.810s][info][gc,cpu         ] GC(115) User=0.15s Sys=0.00s Real=0.05s
[366.293s][info][gc,start       ] GC(116) Pause Full (Allocation Failure)
[366.293s][info][gc,phases,start] GC(116) Marking Phase
[366.310s][info][gc,phases      ] GC(116) Marking Phase 16.661ms
[366.310s][info][gc,phases,start] GC(116) Summary Phase
[366.310s][info][gc,phases      ] GC(116) Summary Phase 0.018ms
[366.310s][info][gc,phases,start] GC(116) Forward
[366.313s][info][gc,phases      ] GC(116) Forward 3.011ms
[366.313s][info][gc,phases,start] GC(116) Adjust Pointers
[366.326s][info][gc,phases      ] GC(116) Adjust Pointers 13.080ms
[366.326s][info][gc,phases,start] GC(116) Compaction Phase
[366.341s][info][gc,phases      ] GC(116) Compaction Phase 15.179ms
[366.341s][info][gc,phases,start] GC(116) Post Compact
[366.342s][info][gc,phases      ] GC(116) Post Compact 1.038ms
[366.342s][info][gc,heap        ] GC(116) PSYoungGen: 734208K(856576K)->0K(856576K) Eden: 734208K(734208K)->0K(734208K) From: 0K(122368K)->0K(122368K)
[366.342s][info][gc,heap        ] GC(116) ParOldGen: 1671946K(1957888K)->1696025K(1957888K)
[366.342s][info][gc,metaspace   ] GC(116) Metaspace: 100694K(101760K)->100694K(101760K) NonClass: 78706K(79296K)->78706K(79296K) Class: 21987K(22464K)->21987K(22464K)
[366.342s][info][gc             ] GC(116) Pause Full (Allocation Failure) 2349M->1656M(2748M) 49.175ms
[366.342s][info][gc,cpu         ] GC(116) User=0.14s Sys=0.01s Real=0.05s
[367.029s][info][gc,start       ] GC(117) Pause Full (Allocation Failure)
[367.029s][info][gc,phases,start] GC(117) Marking Phase
[367.051s][info][gc,phases      ] GC(117) Marking Phase 22.545ms
[367.051s][info][gc,phases,start] GC(117) Summary Phase
[367.051s][info][gc,phases      ] GC(117) Summary Phase 0.021ms
[367.051s][info][gc,phases,start] GC(117) Forward
[367.055s][info][gc,phases      ] GC(117) Forward 3.547ms
[367.055s][info][gc,phases,start] GC(117) Adjust Pointers
[367.070s][info][gc,phases      ] GC(117) Adjust Pointers 15.227ms
[367.070s][info][gc,phases,start] GC(117) Compaction Phase
[367.090s][info][gc,phases      ] GC(117) Compaction Phase 20.053ms
[367.090s][info][gc,phases,start] GC(117) Post Compact
[367.091s][info][gc,phases      ] GC(117) Post Compact 1.078ms
[367.091s][info][gc,heap        ] GC(117) PSYoungGen: 734208K(856576K)->0K(856576K) Eden: 734208K(734208K)->0K(734208K) From: 0K(122368K)->0K(122368K)
[367.091s][info][gc,heap        ] GC(117) ParOldGen: 1696025K(1957888K)->1753940K(1957888K)
[367.091s][info][gc,metaspace   ] GC(117) Metaspace: 100694K(101760K)->100694K(101760K) NonClass: 78706K(79296K)->78706K(79296K) Class: 21987K(22464K)->21987K(22464K)
[367.092s][info][gc             ] GC(117) Pause Full (Allocation Failure) 2373M->1712M(2748M) 62.742ms
[367.092s][info][gc,cpu         ] GC(117) User=0.18s Sys=0.00s Real=0.06s
[367.383s][info][gc,start       ] GC(118) Pause Full (Allocation Failure)
[367.383s][info][gc,phases,start] GC(118) Marking Phase
[367.406s][info][gc,phases      ] GC(118) Marking Phase 23.578ms
[367.406s][info][gc,phases,start] GC(118) Summary Phase
[367.407s][info][gc,phases      ] GC(118) Summary Phase 0.026ms
[367.407s][info][gc,phases,start] GC(118) Forward
[367.410s][info][gc,phases      ] GC(118) Forward 3.297ms
[367.410s][info][gc,phases,start] GC(118) Adjust Pointers
[367.430s][info][gc,phases      ] GC(118) Adjust Pointers 20.001ms
[367.430s][info][gc,phases,start] GC(118) Compaction Phase
[367.460s][info][gc,phases      ] GC(118) Compaction Phase 29.616ms
[367.460s][info][gc,phases,start] GC(118) Post Compact
[367.461s][info][gc,phases      ] GC(118) Post Compact 1.191ms
[367.461s][info][gc,heap        ] GC(118) PSYoungGen: 732768K(856576K)->0K(856576K) Eden: 732768K(734208K)->0K(734208K) From: 0K(122368K)->0K(122368K)
[367.461s][info][gc,heap        ] GC(118) ParOldGen: 1753940K(1957888K)->1892740K(1957888K)
[367.461s][info][gc,metaspace   ] GC(118) Metaspace: 100698K(101760K)->100698K(101760K) NonClass: 78710K(79296K)->78710K(79296K) Class: 21987K(22464K)->21987K(22464K)
[367.461s][info][gc             ] GC(118) Pause Full (Allocation Failure) 2428M->1848M(2748M) 77.962ms
[367.461s][info][gc,cpu         ] GC(118) User=0.22s Sys=0.01s Real=0.08s
[367.566s][info][gc,start       ] GC(119) Pause Full (Allocation Failure)
[367.566s][info][gc,phases,start] GC(119) Marking Phase
[367.587s][info][gc,phases      ] GC(119) Marking Phase 21.388ms
[367.587s][info][gc,phases,start] GC(119) Summary Phase
[367.587s][info][gc,phases      ] GC(119) Summary Phase 0.021ms
[367.587s][info][gc,phases,start] GC(119) Forward
[367.589s][info][gc,phases      ] GC(119) Forward 1.218ms
[367.589s][info][gc,phases,start] GC(119) Adjust Pointers
[367.604s][info][gc,phases      ] GC(119) Adjust Pointers 15.019ms
[367.604s][info][gc,phases,start] GC(119) Compaction Phase
[367.621s][info][gc,phases      ] GC(119) Compaction Phase 17.603ms
[367.621s][info][gc,phases,start] GC(119) Post Compact
[367.622s][info][gc,phases      ] GC(119) Post Compact 1.153ms
[367.622s][info][gc,heap        ] GC(119) PSYoungGen: 731412K(856576K)->0K(856576K) Eden: 731412K(734208K)->0K(734208K) From: 0K(122368K)->0K(122368K)
[367.622s][info][gc,heap        ] GC(119) ParOldGen: 1892740K(1957888K)->1697081K(1957888K)
[367.622s][info][gc,metaspace   ] GC(119) Metaspace: 100701K(101760K)->100701K(101760K) NonClass: 78714K(79296K)->78714K(79296K) Class: 21987K(22464K)->21987K(22464K)
[367.623s][info][gc             ] GC(119) Pause Full (Allocation Failure) 2562M->1657M(2748M) 56.675ms
[367.623s][info][gc,cpu         ] GC(119) User=0.17s Sys=0.00s Real=0.06s
[367.955s][info][gc,start       ] GC(120) Pause Full (Allocation Failure)
[367.955s][info][gc,phases,start] GC(120) Marking Phase
[367.977s][info][gc,phases      ] GC(120) Marking Phase 22.262ms
[367.977s][info][gc,phases,start] GC(120) Summary Phase
[367.977s][info][gc,phases      ] GC(120) Summary Phase 0.023ms
[367.977s][info][gc,phases,start] GC(120) Forward
[367.981s][info][gc,phases      ] GC(120) Forward 3.772ms
[367.981s][info][gc,phases,start] GC(120) Adjust Pointers
[367.996s][info][gc,phases      ] GC(120) Adjust Pointers 14.879ms
[367.996s][info][gc,phases,start] GC(120) Compaction Phase
[368.019s][info][gc,phases      ] GC(120) Compaction Phase 23.654ms
[368.019s][info][gc,phases,start] GC(120) Post Compact
[368.020s][info][gc,phases      ] GC(120) Post Compact 1.164ms
[368.020s][info][gc,heap        ] GC(120) PSYoungGen: 734206K(856576K)->0K(856576K) Eden: 734206K(734208K)->0K(734208K) From: 0K(122368K)->0K(122368K)
[368.020s][info][gc,heap        ] GC(120) ParOldGen: 1697081K(1957888K)->1864213K(1957888K)
[368.020s][info][gc,metaspace   ] GC(120) Metaspace: 100701K(101760K)->100701K(101760K) NonClass: 78714K(79296K)->78714K(79296K) Class: 21987K(22464K)->21987K(22464K)
[368.020s][info][gc             ] GC(120) Pause Full (Allocation Failure) 2374M->1820M(2748M) 65.992ms
[368.021s][info][gc,cpu         ] GC(120) User=0.21s Sys=0.01s Real=0.07s
[368.124s][info][gc,start       ] GC(121) Pause Full (Allocation Failure)
[368.124s][info][gc,phases,start] GC(121) Marking Phase
[368.144s][info][gc,phases      ] GC(121) Marking Phase 20.322ms
[368.144s][info][gc,phases,start] GC(121) Summary Phase
[368.144s][info][gc,phases      ] GC(121) Summary Phase 0.019ms
[368.144s][info][gc,phases,start] GC(121) Forward
[368.147s][info][gc,phases      ] GC(121) Forward 2.206ms
[368.147s][info][gc,phases,start] GC(121) Adjust Pointers
[368.159s][info][gc,phases      ] GC(121) Adjust Pointers 12.832ms
[368.159s][info][gc,phases,start] GC(121) Compaction Phase
[368.176s][info][gc,phases      ] GC(121) Compaction Phase 16.064ms
[368.176s][info][gc,phases,start] GC(121) Post Compact
[368.177s][info][gc,phases      ] GC(121) Post Compact 1.148ms
[368.177s][info][gc,heap        ] GC(121) PSYoungGen: 733685K(856576K)->0K(856576K) Eden: 733685K(734208K)->0K(734208K) From: 0K(122368K)->0K(122368K)
[368.177s][info][gc,heap        ] GC(121) ParOldGen: 1864213K(1957888K)->1791631K(1957888K)
[368.177s][info][gc,metaspace   ] GC(121) Metaspace: 100701K(101760K)->100701K(101760K) NonClass: 78714K(79296K)->78714K(79296K) Class: 21987K(22464K)->21987K(22464K)
[368.177s][info][gc             ] GC(121) Pause Full (Allocation Failure) 2537M->1749M(2748M) 52.794ms
[368.177s][info][gc,cpu         ] GC(121) User=0.16s Sys=0.00s Real=0.05s
[368.410s][info][gc,start       ] GC(122) Pause Full (Allocation Failure)
[368.410s][info][gc,phases,start] GC(122) Marking Phase
[368.428s][info][gc,phases      ] GC(122) Marking Phase 18.483ms
[368.428s][info][gc,phases,start] GC(122) Summary Phase
[368.428s][info][gc,phases      ] GC(122) Summary Phase 0.020ms
[368.428s][info][gc,phases,start] GC(122) Forward
[368.429s][info][gc,phases      ] GC(122) Forward 0.943ms
[368.429s][info][gc,phases,start] GC(122) Adjust Pointers
[368.442s][info][gc,phases      ] GC(122) Adjust Pointers 12.671ms
[368.442s][info][gc,phases,start] GC(122) Compaction Phase
[368.457s][info][gc,phases      ] GC(122) Compaction Phase 15.037ms
[368.457s][info][gc,phases,start] GC(122) Post Compact
[368.458s][info][gc,phases      ] GC(122) Post Compact 1.176ms
[368.458s][info][gc,heap        ] GC(122) PSYoungGen: 731194K(856576K)->0K(856576K) Eden: 731194K(734208K)->0K(734208K) From: 0K(122368K)->0K(122368K)
[368.458s][info][gc,heap        ] GC(122) ParOldGen: 1791631K(1957888K)->1641793K(1957888K)
[368.458s][info][gc,metaspace   ] GC(122) Metaspace: 100701K(101760K)->100701K(101760K) NonClass: 78714K(79296K)->78714K(79296K) Class: 21987K(22464K)->21987K(22464K)
[368.458s][info][gc             ] GC(122) Pause Full (Allocation Failure) 2463M->1603M(2748M) 48.566ms
[368.458s][info][gc,cpu         ] GC(122) User=0.14s Sys=0.00s Real=0.05s
[370.874s][info][gc,start       ] GC(123) Pause Full (Allocation Failure)
[370.874s][info][gc,phases,start] GC(123) Marking Phase
[370.890s][info][gc,phases      ] GC(123) Marking Phase 16.194ms
[370.890s][info][gc,phases,start] GC(123) Summary Phase
[370.890s][info][gc,phases      ] GC(123) Summary Phase 0.017ms
[370.890s][info][gc,phases,start] GC(123) Forward
[370.893s][info][gc,phases      ] GC(123) Forward 2.210ms
[370.893s][info][gc,phases,start] GC(123) Adjust Pointers
[370.904s][info][gc,phases      ] GC(123) Adjust Pointers 11.642ms
[370.904s][info][gc,phases,start] GC(123) Compaction Phase
[370.921s][info][gc,phases      ] GC(123) Compaction Phase 16.636ms
[370.921s][info][gc,phases,start] GC(123) Post Compact
[370.922s][info][gc,phases      ] GC(123) Post Compact 1.167ms
[370.922s][info][gc,heap        ] GC(123) PSYoungGen: 727917K(856576K)->0K(856576K) Eden: 727917K(734208K)->0K(734208K) From: 0K(122368K)->0K(122368K)
[370.922s][info][gc,heap        ] GC(123) ParOldGen: 1641793K(1957888K)->1710764K(1957888K)
[370.922s][info][gc,metaspace   ] GC(123) Metaspace: 100704K(101760K)->100704K(101760K) NonClass: 78716K(79296K)->78716K(79296K) Class: 21988K(22464K)->21988K(22464K)
[370.922s][info][gc             ] GC(123) Pause Full (Allocation Failure) 2314M->1670M(2748M) 48.112ms
[370.922s][info][gc,cpu         ] GC(123) User=0.15s Sys=0.00s Real=0.05s
[371.540s][info][gc,start       ] GC(124) Pause Full (Allocation Failure)
[371.540s][info][gc,phases,start] GC(124) Marking Phase
[371.561s][info][gc,phases      ] GC(124) Marking Phase 21.218ms
[371.561s][info][gc,phases,start] GC(124) Summary Phase
[371.561s][info][gc,phases      ] GC(124) Summary Phase 0.063ms
[371.561s][info][gc,phases,start] GC(124) Forward
[371.565s][info][gc,phases      ] GC(124) Forward 3.752ms
[371.565s][info][gc,phases,start] GC(124) Adjust Pointers
[371.578s][info][gc,phases      ] GC(124) Adjust Pointers 13.331ms
[371.578s][info][gc,phases,start] GC(124) Compaction Phase
[371.598s][info][gc,phases      ] GC(124) Compaction Phase 19.785ms
[371.598s][info][gc,phases,start] GC(124) Post Compact
[371.599s][info][gc,phases      ] GC(124) Post Compact 1.130ms
[371.599s][info][gc,heap        ] GC(124) PSYoungGen: 734208K(856576K)->0K(856576K) Eden: 734208K(734208K)->0K(734208K) From: 0K(122368K)->0K(122368K)
[371.599s][info][gc,heap        ] GC(124) ParOldGen: 1710764K(1957888K)->1776741K(1957888K)
[371.599s][info][gc,metaspace   ] GC(124) Metaspace: 100704K(101760K)->100704K(101760K) NonClass: 78716K(79296K)->78716K(79296K) Class: 21988K(22464K)->21988K(22464K)
[371.599s][info][gc             ] GC(124) Pause Full (Allocation Failure) 2387M->1735M(2748M) 59.529ms
[371.599s][info][gc,cpu         ] GC(124) User=0.18s Sys=0.00s Real=0.06s
[371.876s][info][gc,start       ] GC(125) Pause Full (Allocation Failure)
[371.876s][info][gc,phases,start] GC(125) Marking Phase
[371.896s][info][gc,phases      ] GC(125) Marking Phase 20.525ms
[371.896s][info][gc,phases,start] GC(125) Summary Phase
[371.896s][info][gc,phases      ] GC(125) Summary Phase 0.020ms
[371.896s][info][gc,phases,start] GC(125) Forward
[371.901s][info][gc,phases      ] GC(125) Forward 4.120ms
[371.901s][info][gc,phases,start] GC(125) Adjust Pointers
[371.915s][info][gc,phases      ] GC(125) Adjust Pointers 13.968ms
[371.915s][info][gc,phases,start] GC(125) Compaction Phase
[371.941s][info][gc,phases      ] GC(125) Compaction Phase 26.516ms
[371.941s][info][gc,phases,start] GC(125) Post Compact
[371.942s][info][gc,phases      ] GC(125) Post Compact 1.086ms
[371.942s][info][gc,heap        ] GC(125) PSYoungGen: 726301K(856576K)->0K(856576K) Eden: 726301K(734208K)->0K(734208K) From: 0K(122368K)->0K(122368K)
[371.942s][info][gc,heap        ] GC(125) ParOldGen: 1776741K(1957888K)->1928557K(1957888K)
[371.942s][info][gc,metaspace   ] GC(125) Metaspace: 100704K(101760K)->100704K(101760K) NonClass: 78716K(79296K)->78716K(79296K) Class: 21988K(22464K)->21988K(22464K)
[371.942s][info][gc             ] GC(125) Pause Full (Allocation Failure) 2444M->1883M(2748M) 66.460ms
[371.942s][info][gc,cpu         ] GC(125) User=0.21s Sys=0.00s Real=0.07s
[372.018s][info][gc,start       ] GC(126) Pause Full (Allocation Failure)
[372.018s][info][gc,phases,start] GC(126) Marking Phase
[372.037s][info][gc,phases      ] GC(126) Marking Phase 19.873ms
[372.037s][info][gc,phases,start] GC(126) Summary Phase
[372.037s][info][gc,phases      ] GC(126) Summary Phase 0.020ms
[372.037s][info][gc,phases,start] GC(126) Forward
[372.039s][info][gc,phases      ] GC(126) Forward 1.424ms
[372.039s][info][gc,phases,start] GC(126) Adjust Pointers
[372.053s][info][gc,phases      ] GC(126) Adjust Pointers 13.904ms
[372.053s][info][gc,phases,start] GC(126) Compaction Phase
[372.069s][info][gc,phases      ] GC(126) Compaction Phase 16.467ms
[372.069s][info][gc,phases,start] GC(126) Post Compact
[372.071s][info][gc,phases      ] GC(126) Post Compact 1.395ms
[372.071s][info][gc,heap        ] GC(126) PSYoungGen: 734208K(856576K)->0K(856576K) Eden: 734208K(734208K)->0K(734208K) From: 0K(122368K)->0K(122368K)
[372.071s][info][gc,heap        ] GC(126) ParOldGen: 1928557K(1957888K)->1664998K(1957888K)
[372.071s][info][gc,metaspace   ] GC(126) Metaspace: 100704K(101760K)->100704K(101760K) NonClass: 78716K(79296K)->78716K(79296K) Class: 21988K(22464K)->21988K(22464K)
[372.071s][info][gc             ] GC(126) Pause Full (Allocation Failure) 2600M->1625M(2748M) 53.391ms
[372.071s][info][gc,cpu         ] GC(126) User=0.15s Sys=0.00s Real=0.06s
[372.459s][info][gc,start       ] GC(127) Pause Full (Allocation Failure)
[372.459s][info][gc,phases,start] GC(127) Marking Phase
[372.481s][info][gc,phases      ] GC(127) Marking Phase 22.232ms
[372.481s][info][gc,phases,start] GC(127) Summary Phase
[372.481s][info][gc,phases      ] GC(127) Summary Phase 0.019ms
[372.481s][info][gc,phases,start] GC(127) Forward
[372.485s][info][gc,phases      ] GC(127) Forward 4.021ms
[372.485s][info][gc,phases,start] GC(127) Adjust Pointers
[372.501s][info][gc,phases      ] GC(127) Adjust Pointers 15.258ms
[372.501s][info][gc,phases,start] GC(127) Compaction Phase
[372.525s][info][gc,phases      ] GC(127) Compaction Phase 23.988ms
[372.525s][info][gc,phases,start] GC(127) Post Compact
[372.526s][info][gc,phases      ] GC(127) Post Compact 1.089ms
[372.526s][info][gc,heap        ] GC(127) PSYoungGen: 734208K(856576K)->0K(856576K) Eden: 734208K(734208K)->0K(734208K) From: 0K(122368K)->0K(122368K)
[372.526s][info][gc,heap        ] GC(127) ParOldGen: 1664998K(1957888K)->1896807K(1957888K)
[372.526s][info][gc,metaspace   ] GC(127) Metaspace: 100704K(101760K)->100704K(101760K) NonClass: 78716K(79296K)->78716K(79296K) Class: 21988K(22464K)->21988K(22464K)
[372.526s][info][gc             ] GC(127) Pause Full (Allocation Failure) 2342M->1852M(2748M) 66.876ms
[372.526s][info][gc,cpu         ] GC(127) User=0.21s Sys=0.01s Real=0.06s
[372.591s][info][gc,start       ] GC(128) Pause Full (Allocation Failure)
[372.591s][info][gc,phases,start] GC(128) Marking Phase
[372.611s][info][gc,phases      ] GC(128) Marking Phase 19.778ms
[372.611s][info][gc,phases,start] GC(128) Summary Phase
[372.611s][info][gc,phases      ] GC(128) Summary Phase 0.019ms
[372.611s][info][gc,phases,start] GC(128) Forward
[372.613s][info][gc,phases      ] GC(128) Forward 1.939ms
[372.613s][info][gc,phases,start] GC(128) Adjust Pointers
[372.625s][info][gc,phases      ] GC(128) Adjust Pointers 12.785ms
[372.625s][info][gc,phases,start] GC(128) Compaction Phase
[372.641s][info][gc,phases      ] GC(128) Compaction Phase 15.345ms
[372.641s][info][gc,phases,start] GC(128) Post Compact
[372.642s][info][gc,phases      ] GC(128) Post Compact 1.124ms
[372.642s][info][gc,heap        ] GC(128) PSYoungGen: 732832K(856576K)->0K(856576K) Eden: 732832K(734208K)->0K(734208K) From: 0K(122368K)->0K(122368K)
[372.642s][info][gc,heap        ] GC(128) ParOldGen: 1896807K(1957888K)->1812008K(1957888K)
[372.642s][info][gc,metaspace   ] GC(128) Metaspace: 100707K(101760K)->100707K(101760K) NonClass: 78718K(79296K)->78718K(79296K) Class: 21988K(22464K)->21988K(22464K)
[372.642s][info][gc             ] GC(128) Pause Full (Allocation Failure) 2568M->1769M(2748M) 51.194ms
[372.642s][info][gc,cpu         ] GC(128) User=0.19s Sys=0.00s Real=0.05s
[373.155s][info][gc,start       ] GC(129) Pause Full (Allocation Failure)
[373.155s][info][gc,phases,start] GC(129) Marking Phase
[373.175s][info][gc,phases      ] GC(129) Marking Phase 19.474ms
[373.175s][info][gc,phases,start] GC(129) Summary Phase
[373.175s][info][gc,phases      ] GC(129) Summary Phase 0.017ms
[373.175s][info][gc,phases,start] GC(129) Forward
[373.179s][info][gc,phases      ] GC(129) Forward 4.187ms
[373.179s][info][gc,phases,start] GC(129) Adjust Pointers
[373.191s][info][gc,phases      ] GC(129) Adjust Pointers 12.160ms
[373.191s][info][gc,phases,start] GC(129) Compaction Phase
[373.228s][info][gc,phases      ] GC(129) Compaction Phase 37.220ms
[373.229s][info][gc,phases,start] GC(129) Post Compact
[373.230s][info][gc,phases      ] GC(129) Post Compact 1.206ms
[373.230s][info][gc,heap        ] GC(129) PSYoungGen: 734208K(856576K)->0K(856576K) Eden: 734208K(734208K)->0K(734208K) From: 0K(122368K)->0K(122368K)
[373.230s][info][gc,heap        ] GC(129) ParOldGen: 1812008K(1957888K)->1541703K(1957888K)
[373.230s][info][gc,metaspace   ] GC(129) Metaspace: 100707K(101760K)->100707K(101760K) NonClass: 78718K(79296K)->78718K(79296K) Class: 21988K(22464K)->21988K(22464K)
[373.230s][info][gc             ] GC(129) Pause Full (Allocation Failure) 2486M->1505M(2748M) 75.302ms
[373.230s][info][gc,cpu         ] GC(129) User=0.24s Sys=0.00s Real=0.08s
[375.402s][info][gc,start       ] GC(130) Pause Full (Allocation Failure)
[375.402s][info][gc,phases,start] GC(130) Marking Phase
[375.420s][info][gc,phases      ] GC(130) Marking Phase 17.825ms
[375.420s][info][gc,phases,start] GC(130) Summary Phase
[375.420s][info][gc,phases      ] GC(130) Summary Phase 0.022ms
[375.420s][info][gc,phases,start] GC(130) Forward
[375.422s][info][gc,phases      ] GC(130) Forward 1.844ms
[375.422s][info][gc,phases,start] GC(130) Adjust Pointers
[375.433s][info][gc,phases      ] GC(130) Adjust Pointers 11.425ms
[375.433s][info][gc,phases,start] GC(130) Compaction Phase
[375.445s][info][gc,phases      ] GC(130) Compaction Phase 11.421ms
[375.445s][info][gc,phases,start] GC(130) Post Compact
[375.446s][info][gc,phases      ] GC(130) Post Compact 0.976ms
[375.446s][info][gc,heap        ] GC(130) PSYoungGen: 731438K(856576K)->0K(856576K) Eden: 731438K(734208K)->0K(734208K) From: 0K(122368K)->0K(122368K)
[375.446s][info][gc,heap        ] GC(130) ParOldGen: 1541703K(1957888K)->1698603K(1957888K)
[375.446s][info][gc,metaspace   ] GC(130) Metaspace: 100727K(101824K)->100727K(101824K) NonClass: 78737K(79360K)->78737K(79360K) Class: 21989K(22464K)->21989K(22464K)
[375.446s][info][gc             ] GC(130) Pause Full (Allocation Failure) 2219M->1658M(2748M) 43.742ms
[375.446s][info][gc,cpu         ] GC(130) User=0.12s Sys=0.00s Real=0.04s
[376.227s][info][gc,start       ] GC(131) Pause Full (Allocation Failure)
[376.227s][info][gc,phases,start] GC(131) Marking Phase
[376.256s][info][gc,phases      ] GC(131) Marking Phase 28.832ms
[376.256s][info][gc,phases,start] GC(131) Summary Phase
[376.256s][info][gc,phases      ] GC(131) Summary Phase 0.032ms
[376.256s][info][gc,phases,start] GC(131) Forward
[376.259s][info][gc,phases      ] GC(131) Forward 3.458ms
[376.259s][info][gc,phases,start] GC(131) Adjust Pointers
[376.274s][info][gc,phases      ] GC(131) Adjust Pointers 14.510ms
[376.274s][info][gc,phases,start] GC(131) Compaction Phase
[376.296s][info][gc,phases      ] GC(131) Compaction Phase 21.908ms
[376.296s][info][gc,phases,start] GC(131) Post Compact
[376.297s][info][gc,phases      ] GC(131) Post Compact 1.275ms
[376.297s][info][gc,heap        ] GC(131) PSYoungGen: 732293K(856576K)->0K(856576K) Eden: 732293K(734208K)->0K(734208K) From: 0K(122368K)->0K(122368K)
[376.297s][info][gc,heap        ] GC(131) ParOldGen: 1698603K(1957888K)->1809080K(1957888K)
[376.297s][info][gc,metaspace   ] GC(131) Metaspace: 100728K(101824K)->100728K(101824K) NonClass: 78738K(79360K)->78738K(79360K) Class: 21989K(22464K)->21989K(22464K)
[376.297s][info][gc             ] GC(131) Pause Full (Allocation Failure) 2373M->1766M(2748M) 70.375ms
[376.297s][info][gc,cpu         ] GC(131) User=0.21s Sys=0.00s Real=0.07s
[376.523s][info][gc,start       ] GC(132) Pause Full (Allocation Failure)
[376.523s][info][gc,phases,start] GC(132) Marking Phase
[376.542s][info][gc,phases      ] GC(132) Marking Phase 19.073ms
[376.543s][info][gc,phases,start] GC(132) Summary Phase
[376.543s][info][gc,phases      ] GC(132) Summary Phase 0.021ms
[376.543s][info][gc,phases,start] GC(132) Forward
[376.546s][info][gc,phases      ] GC(132) Forward 3.176ms
[376.546s][info][gc,phases,start] GC(132) Adjust Pointers
[376.560s][info][gc,phases      ] GC(132) Adjust Pointers 14.155ms
[376.560s][info][gc,phases,start] GC(132) Compaction Phase
[376.581s][info][gc,phases      ] GC(132) Compaction Phase 21.349ms
[376.581s][info][gc,phases,start] GC(132) Post Compact
[376.582s][info][gc,phases      ] GC(132) Post Compact 1.158ms
[376.583s][info][gc,heap        ] GC(132) PSYoungGen: 734208K(856576K)->0K(856576K) Eden: 734208K(734208K)->0K(734208K) From: 0K(122368K)->0K(122368K)
[376.583s][info][gc,heap        ] GC(132) ParOldGen: 1809080K(1957888K)->1842870K(1957888K)
[376.583s][info][gc,metaspace   ] GC(132) Metaspace: 100728K(101824K)->100728K(101824K) NonClass: 78738K(79360K)->78738K(79360K) Class: 21989K(22464K)->21989K(22464K)
[376.583s][info][gc             ] GC(132) Pause Full (Allocation Failure) 2483M->1799M(2748M) 59.162ms
[376.583s][info][gc,cpu         ] GC(132) User=0.18s Sys=0.00s Real=0.06s
[376.752s][info][gc,start       ] GC(133) Pause Full (Allocation Failure)
[376.752s][info][gc,phases,start] GC(133) Marking Phase
[376.776s][info][gc,phases      ] GC(133) Marking Phase 23.742ms
[376.776s][info][gc,phases,start] GC(133) Summary Phase
[376.776s][info][gc,phases      ] GC(133) Summary Phase 0.021ms
[376.776s][info][gc,phases,start] GC(133) Forward
[376.778s][info][gc,phases      ] GC(133) Forward 2.198ms
[376.778s][info][gc,phases,start] GC(133) Adjust Pointers
[376.793s][info][gc,phases      ] GC(133) Adjust Pointers 14.890ms
[376.793s][info][gc,phases,start] GC(133) Compaction Phase
[376.811s][info][gc,phases      ] GC(133) Compaction Phase 17.782ms
[376.811s][info][gc,phases,start] GC(133) Post Compact
[376.812s][info][gc,phases      ] GC(133) Post Compact 1.261ms
[376.812s][info][gc,heap        ] GC(133) PSYoungGen: 734208K(856576K)->0K(856576K) Eden: 734208K(734208K)->0K(734208K) From: 0K(122368K)->0K(122368K)
[376.812s][info][gc,heap        ] GC(133) ParOldGen: 1842870K(1957888K)->1694279K(1957888K)
[376.812s][info][gc,metaspace   ] GC(133) Metaspace: 100741K(101824K)->100741K(101824K) NonClass: 78751K(79360K)->78751K(79360K) Class: 21989K(22464K)->21989K(22464K)
[376.812s][info][gc             ] GC(133) Pause Full (Allocation Failure) 2516M->1654M(2748M) 60.193ms
[376.812s][info][gc,cpu         ] GC(133) User=0.17s Sys=0.00s Real=0.06s
[377.199s][info][gc,start       ] GC(134) Pause Full (Allocation Failure)
[377.199s][info][gc,phases,start] GC(134) Marking Phase
[377.228s][info][gc,phases      ] GC(134) Marking Phase 29.026ms
[377.228s][info][gc,phases,start] GC(134) Summary Phase
[377.228s][info][gc,phases      ] GC(134) Summary Phase 0.021ms
[377.228s][info][gc,phases,start] GC(134) Forward
[377.231s][info][gc,phases      ] GC(134) Forward 3.223ms
[377.231s][info][gc,phases,start] GC(134) Adjust Pointers
[377.247s][info][gc,phases      ] GC(134) Adjust Pointers 16.075ms
[377.247s][info][gc,phases,start] GC(134) Compaction Phase
[377.269s][info][gc,phases      ] GC(134) Compaction Phase 22.016ms
[377.269s][info][gc,phases,start] GC(134) Post Compact
[377.271s][info][gc,phases      ] GC(134) Post Compact 1.317ms
[377.271s][info][gc,heap        ] GC(134) PSYoungGen: 733742K(856576K)->0K(856576K) Eden: 733742K(734208K)->0K(734208K) From: 0K(122368K)->0K(122368K)
[377.271s][info][gc,heap        ] GC(134) ParOldGen: 1694279K(1957888K)->1864867K(1957888K)
[377.271s][info][gc,metaspace   ] GC(134) Metaspace: 100741K(101824K)->100741K(101824K) NonClass: 78751K(79360K)->78751K(79360K) Class: 21989K(22464K)->21989K(22464K)
[377.271s][info][gc             ] GC(134) Pause Full (Allocation Failure) 2371M->1821M(2748M) 71.941ms
[377.271s][info][gc,cpu         ] GC(134) User=0.22s Sys=0.00s Real=0.07s
[377.405s][info][gc,start       ] GC(135) Pause Full (Allocation Failure)
[377.405s][info][gc,phases,start] GC(135) Marking Phase
[377.431s][info][gc,phases      ] GC(135) Marking Phase 25.963ms
[377.431s][info][gc,phases,start] GC(135) Summary Phase
[377.431s][info][gc,phases      ] GC(135) Summary Phase 0.025ms
[377.431s][info][gc,phases,start] GC(135) Forward
[377.433s][info][gc,phases      ] GC(135) Forward 2.075ms
[377.433s][info][gc,phases,start] GC(135) Adjust Pointers
[377.447s][info][gc,phases      ] GC(135) Adjust Pointers 13.824ms
[377.447s][info][gc,phases,start] GC(135) Compaction Phase
[377.463s][info][gc,phases      ] GC(135) Compaction Phase 15.796ms
[377.463s][info][gc,phases,start] GC(135) Post Compact
[377.464s][info][gc,phases      ] GC(135) Post Compact 1.315ms
[377.464s][info][gc,heap        ] GC(135) PSYoungGen: 732916K(856576K)->0K(856576K) Eden: 732916K(734208K)->0K(734208K) From: 0K(122368K)->0K(122368K)
[377.464s][info][gc,heap        ] GC(135) ParOldGen: 1864867K(1957888K)->1752908K(1957888K)
[377.464s][info][gc,metaspace   ] GC(135) Metaspace: 100741K(101824K)->100741K(101824K) NonClass: 78751K(79360K)->78751K(79360K) Class: 21989K(22464K)->21989K(22464K)
[377.464s][info][gc             ] GC(135) Pause Full (Allocation Failure) 2536M->1711M(2748M) 59.267ms
[377.464s][info][gc,cpu         ] GC(135) User=0.17s Sys=0.01s Real=0.06s
[378.209s][info][gc,start       ] GC(136) Pause Full (Allocation Failure)
[378.209s][info][gc,phases,start] GC(136) Marking Phase
[378.230s][info][gc,phases      ] GC(136) Marking Phase 20.573ms
[378.230s][info][gc,phases,start] GC(136) Summary Phase
[378.230s][info][gc,phases      ] GC(136) Summary Phase 0.020ms
[378.230s][info][gc,phases,start] GC(136) Forward
[378.230s][info][gc,phases      ] GC(136) Forward 0.688ms
[378.230s][info][gc,phases,start] GC(136) Adjust Pointers
[378.244s][info][gc,phases      ] GC(136) Adjust Pointers 13.392ms
[378.244s][info][gc,phases,start] GC(136) Compaction Phase
[378.259s][info][gc,phases      ] GC(136) Compaction Phase 15.475ms
[378.259s][info][gc,phases,start] GC(136) Post Compact
[378.261s][info][gc,phases      ] GC(136) Post Compact 1.406ms
[378.261s][info][gc,heap        ] GC(136) PSYoungGen: 731704K(856576K)->0K(856576K) Eden: 731704K(734208K)->0K(734208K) From: 0K(122368K)->0K(122368K)
[378.261s][info][gc,heap        ] GC(136) ParOldGen: 1752908K(1957888K)->1658242K(1957888K)
[378.261s][info][gc,metaspace   ] GC(136) Metaspace: 100741K(101824K)->100741K(101824K) NonClass: 78751K(79360K)->78751K(79360K) Class: 21989K(22464K)->21989K(22464K)
[378.261s][info][gc             ] GC(136) Pause Full (Allocation Failure) 2426M->1619M(2748M) 51.825ms
[378.261s][info][gc,cpu         ] GC(136) User=0.15s Sys=0.01s Real=0.05s
[380.492s][info][gc,start       ] GC(137) Pause Full (Allocation Failure)
[380.492s][info][gc,phases,start] GC(137) Marking Phase
[380.510s][info][gc,phases      ] GC(137) Marking Phase 17.871ms
[380.510s][info][gc,phases,start] GC(137) Summary Phase
[380.510s][info][gc,phases      ] GC(137) Summary Phase 0.019ms
[380.510s][info][gc,phases,start] GC(137) Forward
[380.511s][info][gc,phases      ] GC(137) Forward 1.274ms
[380.511s][info][gc,phases,start] GC(137) Adjust Pointers
[380.523s][info][gc,phases      ] GC(137) Adjust Pointers 11.985ms
[380.523s][info][gc,phases,start] GC(137) Compaction Phase
[380.539s][info][gc,phases      ] GC(137) Compaction Phase 15.859ms
[380.539s][info][gc,phases,start] GC(137) Post Compact
[380.541s][info][gc,phases      ] GC(137) Post Compact 1.600ms
[380.541s][info][gc,heap        ] GC(137) PSYoungGen: 732646K(856576K)->0K(856576K) Eden: 732646K(734208K)->0K(734208K) From: 0K(122368K)->0K(122368K)
[380.541s][info][gc,heap        ] GC(137) ParOldGen: 1658242K(1957888K)->1676364K(1957888K)
[380.541s][info][gc,metaspace   ] GC(137) Metaspace: 100742K(101824K)->100742K(101824K) NonClass: 78752K(79360K)->78752K(79360K) Class: 21989K(22464K)->21989K(22464K)
[380.541s][info][gc             ] GC(137) Pause Full (Allocation Failure) 2334M->1637M(2748M) 48.795ms
[380.541s][info][gc,cpu         ] GC(137) User=0.14s Sys=0.01s Real=0.05s
[381.143s][info][gc,start       ] GC(138) Pause Full (Allocation Failure)
[381.143s][info][gc,phases,start] GC(138) Marking Phase
[381.169s][info][gc,phases      ] GC(138) Marking Phase 25.567ms
[381.169s][info][gc,phases,start] GC(138) Summary Phase
[381.169s][info][gc,phases      ] GC(138) Summary Phase 0.025ms
[381.169s][info][gc,phases,start] GC(138) Forward
[381.174s][info][gc,phases      ] GC(138) Forward 4.817ms
[381.174s][info][gc,phases,start] GC(138) Adjust Pointers
[381.190s][info][gc,phases      ] GC(138) Adjust Pointers 15.603ms
[381.190s][info][gc,phases,start] GC(138) Compaction Phase
[381.231s][info][gc,phases      ] GC(138) Compaction Phase 41.857ms
[381.231s][info][gc,phases,start] GC(138) Post Compact
[381.233s][info][gc,phases      ] GC(138) Post Compact 1.706ms
[381.233s][info][gc,heap        ] GC(138) PSYoungGen: 734208K(856576K)->0K(856576K) Eden: 734208K(734208K)->0K(734208K) From: 0K(122368K)->0K(122368K)
[381.233s][info][gc,heap        ] GC(138) ParOldGen: 1676364K(1957888K)->1825424K(1957888K)
[381.233s][info][gc,metaspace   ] GC(138) Metaspace: 100744K(101824K)->100744K(101824K) NonClass: 78754K(79360K)->78754K(79360K) Class: 21990K(22464K)->21990K(22464K)
[381.233s][info][gc             ] GC(138) Pause Full (Allocation Failure) 2354M->1782M(2748M) 89.855ms
[381.233s][info][gc,cpu         ] GC(138) User=0.28s Sys=0.00s Real=0.09s
[381.430s][info][gc,start       ] GC(139) Pause Full (Allocation Failure)
[381.430s][info][gc,phases,start] GC(139) Marking Phase
[381.449s][info][gc,phases      ] GC(139) Marking Phase 19.447ms
[381.449s][info][gc,phases,start] GC(139) Summary Phase
[381.449s][info][gc,phases      ] GC(139) Summary Phase 0.021ms
[381.449s][info][gc,phases,start] GC(139) Forward
[381.453s][info][gc,phases      ] GC(139) Forward 3.174ms
[381.453s][info][gc,phases,start] GC(139) Adjust Pointers
[381.467s][info][gc,phases      ] GC(139) Adjust Pointers 13.966ms
[381.467s][info][gc,phases,start] GC(139) Compaction Phase
[381.488s][info][gc,phases      ] GC(139) Compaction Phase 21.169ms
[381.488s][info][gc,phases,start] GC(139) Post Compact
[381.489s][info][gc,phases      ] GC(139) Post Compact 1.219ms
[381.489s][info][gc,heap        ] GC(139) PSYoungGen: 733817K(856576K)->0K(856576K) Eden: 733817K(734208K)->0K(734208K) From: 0K(122368K)->0K(122368K)
[381.489s][info][gc,heap        ] GC(139) ParOldGen: 1825424K(1957888K)->1814678K(1957888K)
[381.489s][info][gc,metaspace   ] GC(139) Metaspace: 100744K(101824K)->100744K(101824K) NonClass: 78754K(79360K)->78754K(79360K) Class: 21990K(22464K)->21990K(22464K)
[381.489s][info][gc             ] GC(139) Pause Full (Allocation Failure) 2499M->1772M(2748M) 59.303ms
[381.489s][info][gc,cpu         ] GC(139) User=0.19s Sys=0.00s Real=0.06s
[381.746s][info][gc,start       ] GC(140) Pause Full (Allocation Failure)
[381.746s][info][gc,phases,start] GC(140) Marking Phase
[381.769s][info][gc,phases      ] GC(140) Marking Phase 22.710ms
[381.769s][info][gc,phases,start] GC(140) Summary Phase
[381.769s][info][gc,phases      ] GC(140) Summary Phase 0.023ms
[381.769s][info][gc,phases,start] GC(140) Forward
[381.772s][info][gc,phases      ] GC(140) Forward 3.660ms
[381.772s][info][gc,phases,start] GC(140) Adjust Pointers
[381.789s][info][gc,phases      ] GC(140) Adjust Pointers 16.778ms
[381.789s][info][gc,phases,start] GC(140) Compaction Phase
[381.810s][info][gc,phases      ] GC(140) Compaction Phase 20.803ms
[381.810s][info][gc,phases,start] GC(140) Post Compact
[381.811s][info][gc,phases      ] GC(140) Post Compact 1.177ms
[381.811s][info][gc,heap        ] GC(140) PSYoungGen: 733956K(856576K)->0K(856576K) Eden: 733956K(734208K)->0K(734208K) From: 0K(122368K)->0K(122368K)
[381.811s][info][gc,heap        ] GC(140) ParOldGen: 1814678K(1957888K)->1732229K(1957888K)
[381.811s][info][gc,metaspace   ] GC(140) Metaspace: 100748K(101824K)->100748K(101824K) NonClass: 78757K(79360K)->78757K(79360K) Class: 21990K(22464K)->21990K(22464K)
[381.811s][info][gc             ] GC(140) Pause Full (Allocation Failure) 2488M->1691M(2748M) 65.447ms
[381.811s][info][gc,cpu         ] GC(140) User=0.19s Sys=0.01s Real=0.07s
[382.111s][info][gc,start       ] GC(141) Pause Full (Allocation Failure)
[382.111s][info][gc,phases,start] GC(141) Marking Phase
[382.135s][info][gc,phases      ] GC(141) Marking Phase 24.339ms
[382.135s][info][gc,phases,start] GC(141) Summary Phase
[382.135s][info][gc,phases      ] GC(141) Summary Phase 0.021ms
[382.135s][info][gc,phases,start] GC(141) Forward
[382.142s][info][gc,phases      ] GC(141) Forward 7.184ms
[382.142s][info][gc,phases,start] GC(141) Adjust Pointers
[382.159s][info][gc,phases      ] GC(141) Adjust Pointers 16.272ms
[382.159s][info][gc,phases,start] GC(141) Compaction Phase
[382.188s][info][gc,phases      ] GC(141) Compaction Phase 28.887ms
[382.188s][info][gc,phases,start] GC(141) Post Compact
[382.189s][info][gc,phases      ] GC(141) Post Compact 1.564ms
[382.190s][info][gc,heap        ] GC(141) PSYoungGen: 733285K(856576K)->0K(856576K) Eden: 733285K(734208K)->0K(734208K) From: 0K(122368K)->0K(122368K)
[382.190s][info][gc,heap        ] GC(141) ParOldGen: 1732229K(1957888K)->1839730K(1957888K)
[382.190s][info][gc,metaspace   ] GC(141) Metaspace: 100748K(101824K)->100748K(101824K) NonClass: 78757K(79360K)->78757K(79360K) Class: 21990K(22464K)->21990K(22464K)
[382.190s][info][gc             ] GC(141) Pause Full (Allocation Failure) 2407M->1796M(2748M) 78.706ms
[382.190s][info][gc,cpu         ] GC(141) User=0.23s Sys=0.01s Real=0.08s
[382.326s][info][gc,start       ] GC(142) Pause Full (Allocation Failure)
[382.326s][info][gc,phases,start] GC(142) Marking Phase
[382.346s][info][gc,phases      ] GC(142) Marking Phase 19.804ms
[382.346s][info][gc,phases,start] GC(142) Summary Phase
[382.346s][info][gc,phases      ] GC(142) Summary Phase 0.022ms
[382.346s][info][gc,phases,start] GC(142) Forward
[382.348s][info][gc,phases      ] GC(142) Forward 1.745ms
[382.348s][info][gc,phases,start] GC(142) Adjust Pointers
[382.361s][info][gc,phases      ] GC(142) Adjust Pointers 13.868ms
[382.361s][info][gc,phases,start] GC(142) Compaction Phase
[382.376s][info][gc,phases      ] GC(142) Compaction Phase 14.287ms
[382.376s][info][gc,phases,start] GC(142) Post Compact
[382.377s][info][gc,phases      ] GC(142) Post Compact 1.144ms
[382.377s][info][gc,heap        ] GC(142) PSYoungGen: 731197K(856576K)->0K(856576K) Eden: 731197K(734208K)->0K(734208K) From: 0K(122368K)->0K(122368K)
[382.377s][info][gc,heap        ] GC(142) ParOldGen: 1839730K(1957888K)->1737944K(1957888K)
[382.377s][info][gc,metaspace   ] GC(142) Metaspace: 100748K(101824K)->100748K(101824K) NonClass: 78757K(79360K)->78757K(79360K) Class: 21990K(22464K)->21990K(22464K)
[382.377s][info][gc             ] GC(142) Pause Full (Allocation Failure) 2510M->1697M(2748M) 51.081ms
[382.377s][info][gc,cpu         ] GC(142) User=0.15s Sys=0.00s Real=0.05s
[384.217s][info][gc,start       ] GC(143) Pause Full (Allocation Failure)
[384.217s][info][gc,phases,start] GC(143) Marking Phase
[384.241s][info][gc,phases      ] GC(143) Marking Phase 24.450ms
[384.241s][info][gc,phases,start] GC(143) Summary Phase
[384.241s][info][gc,phases      ] GC(143) Summary Phase 0.021ms
[384.241s][info][gc,phases,start] GC(143) Forward
[384.243s][info][gc,phases      ] GC(143) Forward 1.948ms
[384.243s][info][gc,phases,start] GC(143) Adjust Pointers
[384.255s][info][gc,phases      ] GC(143) Adjust Pointers 11.644ms
[384.255s][info][gc,phases,start] GC(143) Compaction Phase
[384.269s][info][gc,phases      ] GC(143) Compaction Phase 14.264ms
[384.269s][info][gc,phases,start] GC(143) Post Compact
[384.270s][info][gc,phases      ] GC(143) Post Compact 1.298ms
[384.270s][info][gc,heap        ] GC(143) PSYoungGen: 734208K(856576K)->0K(856576K) Eden: 734208K(734208K)->0K(734208K) From: 0K(122368K)->0K(122368K)
[384.270s][info][gc,heap        ] GC(143) ParOldGen: 1737944K(1957888K)->1654974K(1957888K)
[384.270s][info][gc,metaspace   ] GC(143) Metaspace: 100768K(101824K)->100768K(101824K) NonClass: 78777K(79360K)->78777K(79360K) Class: 21991K(22464K)->21991K(22464K)
[384.270s][info][gc             ] GC(143) Pause Full (Allocation Failure) 2414M->1616M(2748M) 53.824ms
[384.270s][info][gc,cpu         ] GC(143) User=0.16s Sys=0.00s Real=0.06s
[385.981s][info][gc,start       ] GC(144) Pause Full (Allocation Failure)
[385.981s][info][gc,phases,start] GC(144) Marking Phase
[386.006s][info][gc,phases      ] GC(144) Marking Phase 25.091ms
[386.006s][info][gc,phases,start] GC(144) Summary Phase
[386.006s][info][gc,phases      ] GC(144) Summary Phase 0.019ms
[386.006s][info][gc,phases,start] GC(144) Forward
[386.008s][info][gc,phases      ] GC(144) Forward 1.708ms
[386.008s][info][gc,phases,start] GC(144) Adjust Pointers
[386.020s][info][gc,phases      ] GC(144) Adjust Pointers 12.570ms
[386.020s][info][gc,phases,start] GC(144) Compaction Phase
[386.093s][info][gc,phases      ] GC(144) Compaction Phase 73.279ms
[386.094s][info][gc,phases,start] GC(144) Post Compact
[386.097s][info][gc,phases      ] GC(144) Post Compact 3.355ms
[386.097s][info][gc,heap        ] GC(144) PSYoungGen: 734208K(856576K)->0K(856576K) Eden: 734208K(734208K)->0K(734208K) From: 0K(122368K)->0K(122368K)
[386.097s][info][gc,heap        ] GC(144) ParOldGen: 1654974K(1957888K)->1678815K(1957888K)
[386.097s][info][gc,metaspace   ] GC(144) Metaspace: 100768K(101824K)->100768K(101824K) NonClass: 78777K(79360K)->78777K(79360K) Class: 21991K(22464K)->21991K(22464K)
[386.097s][info][gc             ] GC(144) Pause Full (Allocation Failure) 2333M->1639M(2748M) 116.339ms
[386.097s][info][gc,cpu         ] GC(144) User=0.40s Sys=0.00s Real=0.11s
[386.662s][info][gc,start       ] GC(145) Pause Full (Allocation Failure)
[386.662s][info][gc,phases,start] GC(145) Marking Phase
[386.690s][info][gc,phases      ] GC(145) Marking Phase 28.068ms
[386.690s][info][gc,phases,start] GC(145) Summary Phase
[386.690s][info][gc,phases      ] GC(145) Summary Phase 0.022ms
[386.690s][info][gc,phases,start] GC(145) Forward
[386.694s][info][gc,phases      ] GC(145) Forward 3.863ms
[386.694s][info][gc,phases,start] GC(145) Adjust Pointers
[386.713s][info][gc,phases      ] GC(145) Adjust Pointers 18.377ms
[386.713s][info][gc,phases,start] GC(145) Compaction Phase
[386.740s][info][gc,phases      ] GC(145) Compaction Phase 27.484ms
[386.740s][info][gc,phases,start] GC(145) Post Compact
[386.742s][info][gc,phases      ] GC(145) Post Compact 1.674ms
[386.742s][info][gc,heap        ] GC(145) PSYoungGen: 734208K(856576K)->0K(856576K) Eden: 734208K(734208K)->0K(734208K) From: 0K(122368K)->0K(122368K)
[386.742s][info][gc,heap        ] GC(145) ParOldGen: 1678815K(1957888K)->1817209K(1957888K)
[386.742s][info][gc,metaspace   ] GC(145) Metaspace: 100770K(101824K)->100770K(101824K) NonClass: 78779K(79360K)->78779K(79360K) Class: 21991K(22464K)->21991K(22464K)
[386.742s][info][gc             ] GC(145) Pause Full (Allocation Failure) 2356M->1774M(2748M) 79.731ms
[386.742s][info][gc,cpu         ] GC(145) User=0.24s Sys=0.00s Real=0.08s
[386.994s][info][gc,start       ] GC(146) Pause Full (Allocation Failure)
[386.994s][info][gc,phases,start] GC(146) Marking Phase
[387.015s][info][gc,phases      ] GC(146) Marking Phase 21.552ms
[387.015s][info][gc,phases,start] GC(146) Summary Phase
[387.015s][info][gc,phases      ] GC(146) Summary Phase 0.023ms
[387.016s][info][gc,phases,start] GC(146) Forward
[387.019s][info][gc,phases      ] GC(146) Forward 3.752ms
[387.019s][info][gc,phases,start] GC(146) Adjust Pointers
[387.037s][info][gc,phases      ] GC(146) Adjust Pointers 17.625ms
[387.037s][info][gc,phases,start] GC(146) Compaction Phase
[387.060s][info][gc,phases      ] GC(146) Compaction Phase 22.948ms
[387.060s][info][gc,phases,start] GC(146) Post Compact
[387.062s][info][gc,phases      ] GC(146) Post Compact 1.638ms
[387.062s][info][gc,heap        ] GC(146) PSYoungGen: 732671K(856576K)->0K(856576K) Eden: 732671K(734208K)->0K(734208K) From: 0K(122368K)->0K(122368K)
[387.062s][info][gc,heap        ] GC(146) ParOldGen: 1817209K(1957888K)->1815678K(1957888K)
[387.062s][info][gc,metaspace   ] GC(146) Metaspace: 100770K(101824K)->100770K(101824K) NonClass: 78779K(79360K)->78779K(79360K) Class: 21991K(22464K)->21991K(22464K)
[387.062s][info][gc             ] GC(146) Pause Full (Allocation Failure) 2490M->1773M(2748M) 67.877ms
[387.062s][info][gc,cpu         ] GC(146) User=0.21s Sys=0.00s Real=0.07s
[387.400s][info][gc,start       ] GC(147) Pause Full (Allocation Failure)
[387.400s][info][gc,phases,start] GC(147) Marking Phase
[387.430s][info][gc,phases      ] GC(147) Marking Phase 29.780ms
[387.430s][info][gc,phases,start] GC(147) Summary Phase
[387.430s][info][gc,phases      ] GC(147) Summary Phase 0.038ms
[387.430s][info][gc,phases,start] GC(147) Forward
[387.433s][info][gc,phases      ] GC(147) Forward 3.738ms
[387.433s][info][gc,phases,start] GC(147) Adjust Pointers
[387.452s][info][gc,phases      ] GC(147) Adjust Pointers 18.465ms
[387.452s][info][gc,phases,start] GC(147) Compaction Phase
[387.474s][info][gc,phases      ] GC(147) Compaction Phase 21.541ms
[387.474s][info][gc,phases,start] GC(147) Post Compact
[387.476s][info][gc,phases      ] GC(147) Post Compact 2.544ms
[387.476s][info][gc,heap        ] GC(147) PSYoungGen: 734208K(856576K)->0K(856576K) Eden: 734208K(734208K)->0K(734208K) From: 0K(122368K)->0K(122368K)
[387.476s][info][gc,heap        ] GC(147) ParOldGen: 1815678K(1957888K)->1750574K(1957888K)
[387.476s][info][gc,metaspace   ] GC(147) Metaspace: 100770K(101824K)->100770K(101824K) NonClass: 78779K(79360K)->78779K(79360K) Class: 21991K(22464K)->21991K(22464K)
[387.476s][info][gc             ] GC(147) Pause Full (Allocation Failure) 2490M->1709M(2748M) 76.403ms
[387.476s][info][gc,cpu         ] GC(147) User=0.21s Sys=0.01s Real=0.07s
[387.793s][info][gc,start       ] GC(148) Pause Full (Allocation Failure)
[387.793s][info][gc,phases,start] GC(148) Marking Phase
[387.816s][info][gc,phases      ] GC(148) Marking Phase 23.136ms
[387.816s][info][gc,phases,start] GC(148) Summary Phase
[387.816s][info][gc,phases      ] GC(148) Summary Phase 0.021ms
[387.816s][info][gc,phases,start] GC(148) Forward
[387.819s][info][gc,phases      ] GC(148) Forward 2.796ms
[387.819s][info][gc,phases,start] GC(148) Adjust Pointers
[387.834s][info][gc,phases      ] GC(148) Adjust Pointers 14.572ms
[387.834s][info][gc,phases,start] GC(148) Compaction Phase
[387.857s][info][gc,phases      ] GC(148) Compaction Phase 23.087ms
[387.857s][info][gc,phases,start] GC(148) Post Compact
[387.858s][info][gc,phases      ] GC(148) Post Compact 1.119ms
[387.858s][info][gc,heap        ] GC(148) PSYoungGen: 734026K(856576K)->0K(856576K) Eden: 734026K(734208K)->0K(734208K) From: 0K(122368K)->0K(122368K)
[387.858s][info][gc,heap        ] GC(148) ParOldGen: 1750574K(1957888K)->1842293K(1957888K)
[387.858s][info][gc,metaspace   ] GC(148) Metaspace: 100770K(101824K)->100770K(101824K) NonClass: 78779K(79360K)->78779K(79360K) Class: 21991K(22464K)->21991K(22464K)
[387.858s][info][gc             ] GC(148) Pause Full (Allocation Failure) 2426M->1799M(2748M) 64.993ms
[387.858s][info][gc,cpu         ] GC(148) User=0.20s Sys=0.00s Real=0.07s
[387.976s][info][gc,start       ] GC(149) Pause Full (Allocation Failure)
[387.976s][info][gc,phases,start] GC(149) Marking Phase
[387.997s][info][gc,phases      ] GC(149) Marking Phase 21.470ms
[387.997s][info][gc,phases,start] GC(149) Summary Phase
[387.997s][info][gc,phases      ] GC(149) Summary Phase 0.024ms
[387.997s][info][gc,phases,start] GC(149) Forward
[387.999s][info][gc,phases      ] GC(149) Forward 1.313ms
[387.999s][info][gc,phases,start] GC(149) Adjust Pointers
[388.016s][info][gc,phases      ] GC(149) Adjust Pointers 16.862ms
[388.016s][info][gc,phases,start] GC(149) Compaction Phase
[388.031s][info][gc,phases      ] GC(149) Compaction Phase 14.873ms
[388.031s][info][gc,phases,start] GC(149) Post Compact
[388.032s][info][gc,phases      ] GC(149) Post Compact 1.152ms
[388.032s][info][gc,heap        ] GC(149) PSYoungGen: 730926K(856576K)->0K(856576K) Eden: 730926K(734208K)->0K(734208K) From: 0K(122368K)->0K(122368K)
[388.032s][info][gc,heap        ] GC(149) ParOldGen: 1842293K(1957888K)->1703951K(1957888K)
[388.032s][info][gc,metaspace   ] GC(149) Metaspace: 100770K(101824K)->100770K(101824K) NonClass: 78779K(79360K)->78779K(79360K) Class: 21991K(22464K)->21991K(22464K)
[388.032s][info][gc             ] GC(149) Pause Full (Allocation Failure) 2512M->1664M(2748M) 55.979ms
[388.032s][info][gc,cpu         ] GC(149) User=0.16s Sys=0.00s Real=0.06s
[390.060s][info][gc,start       ] GC(150) Pause Full (Allocation Failure)
[390.060s][info][gc,phases,start] GC(150) Marking Phase
[390.079s][info][gc,phases      ] GC(150) Marking Phase 19.289ms
[390.079s][info][gc,phases,start] GC(150) Summary Phase
[390.079s][info][gc,phases      ] GC(150) Summary Phase 0.019ms
[390.079s][info][gc,phases,start] GC(150) Forward
[390.084s][info][gc,phases      ] GC(150) Forward 4.436ms
[390.084s][info][gc,phases,start] GC(150) Adjust Pointers
[390.098s][info][gc,phases      ] GC(150) Adjust Pointers 14.389ms
[390.098s][info][gc,phases,start] GC(150) Compaction Phase
[390.142s][info][gc,phases      ] GC(150) Compaction Phase 43.702ms
[390.142s][info][gc,phases,start] GC(150) Post Compact
[390.143s][info][gc,phases      ] GC(150) Post Compact 1.124ms
[390.143s][info][gc,heap        ] GC(150) PSYoungGen: 733183K(856576K)->0K(856576K) Eden: 733183K(734208K)->0K(734208K) From: 0K(122368K)->0K(122368K)
[390.143s][info][gc,heap        ] GC(150) ParOldGen: 1703951K(1957888K)->1548840K(1957888K)
[390.143s][info][gc,metaspace   ] GC(150) Metaspace: 100785K(101824K)->100785K(101824K) NonClass: 78794K(79360K)->78794K(79360K) Class: 21991K(22464K)->21991K(22464K)
[390.143s][info][gc             ] GC(150) Pause Full (Allocation Failure) 2380M->1512M(2748M) 83.354ms
[390.143s][info][gc,cpu         ] GC(150) User=0.26s Sys=0.00s Real=0.08s
[391.254s][info][gc,start       ] GC(151) Pause Full (Allocation Failure)
[391.254s][info][gc,phases,start] GC(151) Marking Phase
[391.274s][info][gc,phases      ] GC(151) Marking Phase 19.896ms
[391.274s][info][gc,phases,start] GC(151) Summary Phase
[391.274s][info][gc,phases      ] GC(151) Summary Phase 0.032ms
[391.274s][info][gc,phases,start] GC(151) Forward
[391.276s][info][gc,phases      ] GC(151) Forward 1.765ms
[391.276s][info][gc,phases,start] GC(151) Adjust Pointers
[391.288s][info][gc,phases      ] GC(151) Adjust Pointers 12.580ms
[391.288s][info][gc,phases,start] GC(151) Compaction Phase
[391.305s][info][gc,phases      ] GC(151) Compaction Phase 16.080ms
[391.305s][info][gc,phases,start] GC(151) Post Compact
[391.306s][info][gc,phases      ] GC(151) Post Compact 1.035ms
[391.306s][info][gc,heap        ] GC(151) PSYoungGen: 730461K(856576K)->0K(856576K) Eden: 730461K(734208K)->0K(734208K) From: 0K(122368K)->0K(122368K)
[391.306s][info][gc,heap        ] GC(151) ParOldGen: 1548840K(1957888K)->1686239K(1957888K)
[391.306s][info][gc,metaspace   ] GC(151) Metaspace: 100794K(101824K)->100794K(101824K) NonClass: 78802K(79360K)->78802K(79360K) Class: 21991K(22464K)->21991K(22464K)
[391.306s][info][gc             ] GC(151) Pause Full (Allocation Failure) 2225M->1646M(2748M) 51.625ms
[391.306s][info][gc,cpu         ] GC(151) User=0.15s Sys=0.00s Real=0.05s
[391.712s][info][gc,start       ] GC(152) Pause Full (Allocation Failure)
[391.712s][info][gc,phases,start] GC(152) Marking Phase
[391.732s][info][gc,phases      ] GC(152) Marking Phase 20.203ms
[391.732s][info][gc,phases,start] GC(152) Summary Phase
[391.732s][info][gc,phases      ] GC(152) Summary Phase 0.019ms
[391.732s][info][gc,phases,start] GC(152) Forward
[391.735s][info][gc,phases      ] GC(152) Forward 3.022ms
[391.735s][info][gc,phases,start] GC(152) Adjust Pointers
[391.752s][info][gc,phases      ] GC(152) Adjust Pointers 16.740ms
[391.752s][info][gc,phases,start] GC(152) Compaction Phase
[391.774s][info][gc,phases      ] GC(152) Compaction Phase 22.087ms
[391.774s][info][gc,phases,start] GC(152) Post Compact
[391.775s][info][gc,phases      ] GC(152) Post Compact 1.070ms
[391.775s][info][gc,heap        ] GC(152) PSYoungGen: 734006K(856576K)->0K(856576K) Eden: 734006K(734208K)->0K(734208K) From: 0K(122368K)->0K(122368K)
[391.775s][info][gc,heap        ] GC(152) ParOldGen: 1686239K(1957888K)->1832657K(1957888K)
[391.775s][info][gc,metaspace   ] GC(152) Metaspace: 100795K(101824K)->100795K(101824K) NonClass: 78803K(79360K)->78803K(79360K) Class: 21991K(22464K)->21991K(22464K)
[391.775s][info][gc             ] GC(152) Pause Full (Allocation Failure) 2363M->1789M(2748M) 63.378ms
[391.775s][info][gc,cpu         ] GC(152) User=0.20s Sys=0.00s Real=0.06s
[391.981s][info][gc,start       ] GC(153) Pause Full (Allocation Failure)
[391.981s][info][gc,phases,start] GC(153) Marking Phase
[391.999s][info][gc,phases      ] GC(153) Marking Phase 18.630ms
[391.999s][info][gc,phases,start] GC(153) Summary Phase
[391.999s][info][gc,phases      ] GC(153) Summary Phase 0.020ms
[391.999s][info][gc,phases,start] GC(153) Forward
[392.002s][info][gc,phases      ] GC(153) Forward 2.169ms
[392.002s][info][gc,phases,start] GC(153) Adjust Pointers
[392.016s][info][gc,phases      ] GC(153) Adjust Pointers 13.948ms
[392.016s][info][gc,phases,start] GC(153) Compaction Phase
[392.036s][info][gc,phases      ] GC(153) Compaction Phase 20.472ms
[392.036s][info][gc,phases,start] GC(153) Post Compact
[392.037s][info][gc,phases      ] GC(153) Post Compact 1.089ms
[392.037s][info][gc,heap        ] GC(153) PSYoungGen: 734167K(856576K)->0K(856576K) Eden: 734167K(734208K)->0K(734208K) From: 0K(122368K)->0K(122368K)
[392.037s][info][gc,heap        ] GC(153) ParOldGen: 1832657K(1957888K)->1801615K(1957888K)
[392.037s][info][gc,metaspace   ] GC(153) Metaspace: 100795K(101824K)->100795K(101824K) NonClass: 78803K(79360K)->78803K(79360K) Class: 21991K(22464K)->21991K(22464K)
[392.037s][info][gc             ] GC(153) Pause Full (Allocation Failure) 2506M->1759M(2748M) 56.535ms
[392.037s][info][gc,cpu         ] GC(153) User=0.17s Sys=0.00s Real=0.05s
[392.298s][info][gc,start       ] GC(154) Pause Full (Allocation Failure)
[392.298s][info][gc,phases,start] GC(154) Marking Phase
[392.322s][info][gc,phases      ] GC(154) Marking Phase 23.547ms
[392.322s][info][gc,phases,start] GC(154) Summary Phase
[392.322s][info][gc,phases      ] GC(154) Summary Phase 0.020ms
[392.322s][info][gc,phases,start] GC(154) Forward
[392.326s][info][gc,phases      ] GC(154) Forward 3.577ms
[392.326s][info][gc,phases,start] GC(154) Adjust Pointers
[392.341s][info][gc,phases      ] GC(154) Adjust Pointers 15.007ms
[392.341s][info][gc,phases,start] GC(154) Compaction Phase
[392.362s][info][gc,phases      ] GC(154) Compaction Phase 20.969ms
[392.362s][info][gc,phases,start] GC(154) Post Compact
[392.363s][info][gc,phases      ] GC(154) Post Compact 1.156ms
[392.363s][info][gc,heap        ] GC(154) PSYoungGen: 734208K(856576K)->0K(856576K) Eden: 734208K(734208K)->0K(734208K) From: 0K(122368K)->0K(122368K)
[392.363s][info][gc,heap        ] GC(154) ParOldGen: 1801615K(1957888K)->1784254K(1957888K)
[392.363s][info][gc,metaspace   ] GC(154) Metaspace: 100795K(101824K)->100795K(101824K) NonClass: 78803K(79360K)->78803K(79360K) Class: 21991K(22464K)->21991K(22464K)
[392.363s][info][gc             ] GC(154) Pause Full (Allocation Failure) 2476M->1742M(2748M) 64.540ms
[392.363s][info][gc,cpu         ] GC(154) User=0.19s Sys=0.01s Real=0.06s
[392.588s][info][gc,start       ] GC(155) Pause Full (Allocation Failure)
[392.588s][info][gc,phases,start] GC(155) Marking Phase
[392.608s][info][gc,phases      ] GC(155) Marking Phase 20.119ms
[392.608s][info][gc,phases,start] GC(155) Summary Phase
[392.608s][info][gc,phases      ] GC(155) Summary Phase 0.019ms
[392.608s][info][gc,phases,start] GC(155) Forward
[392.611s][info][gc,phases      ] GC(155) Forward 2.562ms
[392.611s][info][gc,phases,start] GC(155) Adjust Pointers
[392.625s][info][gc,phases      ] GC(155) Adjust Pointers 13.961ms
[392.625s][info][gc,phases,start] GC(155) Compaction Phase
[392.645s][info][gc,phases      ] GC(155) Compaction Phase 20.200ms
[392.645s][info][gc,phases,start] GC(155) Post Compact
[392.646s][info][gc,phases      ] GC(155) Post Compact 1.159ms
[392.646s][info][gc,heap        ] GC(155) PSYoungGen: 734208K(856576K)->0K(856576K) Eden: 734208K(734208K)->0K(734208K) From: 0K(122368K)->0K(122368K)
[392.646s][info][gc,heap        ] GC(155) ParOldGen: 1784254K(1957888K)->1810842K(1957888K)
[392.646s][info][gc,metaspace   ] GC(155) Metaspace: 100795K(101824K)->100795K(101824K) NonClass: 78803K(79360K)->78803K(79360K) Class: 21991K(22464K)->21991K(22464K)
[392.646s][info][gc             ] GC(155) Pause Full (Allocation Failure) 2459M->1768M(2748M) 58.299ms
[392.646s][info][gc,cpu         ] GC(155) User=0.17s Sys=0.00s Real=0.05s
[392.760s][info][gc,start       ] GC(156) Pause Full (Allocation Failure)
[392.760s][info][gc,phases,start] GC(156) Marking Phase
[392.777s][info][gc,phases      ] GC(156) Marking Phase 17.456ms
[392.777s][info][gc,phases,start] GC(156) Summary Phase
[392.777s][info][gc,phases      ] GC(156) Summary Phase 0.023ms
[392.777s][info][gc,phases,start] GC(156) Forward
[392.778s][info][gc,phases      ] GC(156) Forward 1.091ms
[392.778s][info][gc,phases,start] GC(156) Adjust Pointers
[392.793s][info][gc,phases      ] GC(156) Adjust Pointers 14.572ms
[392.793s][info][gc,phases,start] GC(156) Compaction Phase
[392.808s][info][gc,phases      ] GC(156) Compaction Phase 15.358ms
[392.808s][info][gc,phases,start] GC(156) Post Compact
[392.810s][info][gc,phases      ] GC(156) Post Compact 1.098ms
[392.810s][info][gc,heap        ] GC(156) PSYoungGen: 731482K(856576K)->0K(856576K) Eden: 731482K(734208K)->0K(734208K) From: 0K(122368K)->0K(122368K)
[392.810s][info][gc,heap        ] GC(156) ParOldGen: 1810842K(1957888K)->1683731K(1957888K)
[392.810s][info][gc,metaspace   ] GC(156) Metaspace: 100795K(101824K)->100795K(101824K) NonClass: 78803K(79360K)->78803K(79360K) Class: 21991K(22464K)->21991K(22464K)
[392.810s][info][gc             ] GC(156) Pause Full (Allocation Failure) 2482M->1644M(2748M) 49.764ms
[392.810s][info][gc,cpu         ] GC(156) User=0.14s Sys=0.00s Real=0.05s
[394.814s][info][gc,start       ] GC(157) Pause Full (Allocation Failure)
[394.814s][info][gc,phases,start] GC(157) Marking Phase
[394.831s][info][gc,phases      ] GC(157) Marking Phase 17.070ms
[394.831s][info][gc,phases,start] GC(157) Summary Phase
[394.832s][info][gc,phases      ] GC(157) Summary Phase 0.016ms
[394.832s][info][gc,phases,start] GC(157) Forward
[394.834s][info][gc,phases      ] GC(157) Forward 2.126ms
[394.834s][info][gc,phases,start] GC(157) Adjust Pointers
[394.846s][info][gc,phases      ] GC(157) Adjust Pointers 12.691ms
[394.846s][info][gc,phases,start] GC(157) Compaction Phase
[394.862s][info][gc,phases      ] GC(157) Compaction Phase 15.696ms
[394.862s][info][gc,phases,start] GC(157) Post Compact
[394.863s][info][gc,phases      ] GC(157) Post Compact 1.097ms
[394.863s][info][gc,heap        ] GC(157) PSYoungGen: 734208K(856576K)->0K(856576K) Eden: 734208K(734208K)->0K(734208K) From: 0K(122368K)->0K(122368K)
[394.863s][info][gc,heap        ] GC(157) ParOldGen: 1683731K(1957888K)->1675143K(1957888K)
[394.863s][info][gc,metaspace   ] GC(157) Metaspace: 100809K(101824K)->100809K(101824K) NonClass: 78817K(79360K)->78817K(79360K) Class: 21991K(22464K)->21991K(22464K)
[394.863s][info][gc             ] GC(157) Pause Full (Allocation Failure) 2361M->1635M(2748M) 48.865ms
[394.863s][info][gc,cpu         ] GC(157) User=0.14s Sys=0.00s Real=0.05s
[395.794s][info][gc,start       ] GC(158) Pause Full (Allocation Failure)
[395.794s][info][gc,phases,start] GC(158) Marking Phase
[395.816s][info][gc,phases      ] GC(158) Marking Phase 22.152ms
[395.816s][info][gc,phases,start] GC(158) Summary Phase
[395.816s][info][gc,phases      ] GC(158) Summary Phase 0.019ms
[395.816s][info][gc,phases,start] GC(158) Forward
[395.818s][info][gc,phases      ] GC(158) Forward 2.249ms
[395.818s][info][gc,phases,start] GC(158) Adjust Pointers
[395.833s][info][gc,phases      ] GC(158) Adjust Pointers 14.219ms
[395.833s][info][gc,phases,start] GC(158) Compaction Phase
[395.851s][info][gc,phases      ] GC(158) Compaction Phase 17.772ms
[395.851s][info][gc,phases,start] GC(158) Post Compact
[395.852s][info][gc,phases      ] GC(158) Post Compact 1.340ms
[395.852s][info][gc,heap        ] GC(158) PSYoungGen: 727591K(856576K)->0K(856576K) Eden: 727591K(734208K)->0K(734208K) From: 0K(122368K)->0K(122368K)
[395.852s][info][gc,heap        ] GC(158) ParOldGen: 1675143K(1957888K)->1705624K(1957888K)
[395.852s][info][gc,metaspace   ] GC(158) Metaspace: 100809K(101824K)->100809K(101824K) NonClass: 78817K(79360K)->78817K(79360K) Class: 21991K(22464K)->21991K(22464K)
[395.852s][info][gc             ] GC(158) Pause Full (Allocation Failure) 2346M->1665M(2748M) 58.029ms
[395.852s][info][gc,cpu         ] GC(158) User=0.17s Sys=0.01s Real=0.06s
[396.230s][info][gc,start       ] GC(159) Pause Full (Allocation Failure)
[396.230s][info][gc,phases,start] GC(159) Marking Phase
[396.255s][info][gc,phases      ] GC(159) Marking Phase 24.674ms
[396.255s][info][gc,phases,start] GC(159) Summary Phase
[396.255s][info][gc,phases      ] GC(159) Summary Phase 0.029ms
[396.255s][info][gc,phases,start] GC(159) Forward
[396.258s][info][gc,phases      ] GC(159) Forward 2.962ms
[396.258s][info][gc,phases,start] GC(159) Adjust Pointers
[396.272s][info][gc,phases      ] GC(159) Adjust Pointers 14.892ms
[396.272s][info][gc,phases,start] GC(159) Compaction Phase
[396.295s][info][gc,phases      ] GC(159) Compaction Phase 22.384ms
[396.295s][info][gc,phases,start] GC(159) Post Compact
[396.296s][info][gc,phases      ] GC(159) Post Compact 1.163ms
[396.296s][info][gc,heap        ] GC(159) PSYoungGen: 731503K(856576K)->0K(856576K) Eden: 731503K(734208K)->0K(734208K) From: 0K(122368K)->0K(122368K)
[396.296s][info][gc,heap        ] GC(159) ParOldGen: 1705624K(1957888K)->1827280K(1957888K)
[396.296s][info][gc,metaspace   ] GC(159) Metaspace: 100810K(101824K)->100810K(101824K) NonClass: 78819K(79360K)->78819K(79360K) Class: 21991K(22464K)->21991K(22464K)
[396.296s][info][gc             ] GC(159) Pause Full (Allocation Failure) 2380M->1784M(2748M) 66.400ms
[396.296s][info][gc,cpu         ] GC(159) User=0.20s Sys=0.01s Real=0.06s
[396.549s][info][gc,start       ] GC(160) Pause Full (Allocation Failure)
[396.549s][info][gc,phases,start] GC(160) Marking Phase
[396.578s][info][gc,phases      ] GC(160) Marking Phase 29.611ms
[396.578s][info][gc,phases,start] GC(160) Summary Phase
[396.578s][info][gc,phases      ] GC(160) Summary Phase 0.021ms
[396.578s][info][gc,phases,start] GC(160) Forward
[396.581s][info][gc,phases      ] GC(160) Forward 2.722ms
[396.581s][info][gc,phases,start] GC(160) Adjust Pointers
[396.596s][info][gc,phases      ] GC(160) Adjust Pointers 14.559ms
[396.596s][info][gc,phases,start] GC(160) Compaction Phase
[396.616s][info][gc,phases      ] GC(160) Compaction Phase 20.455ms
[396.616s][info][gc,phases,start] GC(160) Post Compact
[396.618s][info][gc,phases      ] GC(160) Post Compact 1.145ms
[396.618s][info][gc,heap        ] GC(160) PSYoungGen: 734208K(856576K)->0K(856576K) Eden: 734208K(734208K)->0K(734208K) From: 0K(122368K)->0K(122368K)
[396.618s][info][gc,heap        ] GC(160) ParOldGen: 1827280K(1957888K)->1794732K(1957888K)
[396.618s][info][gc,metaspace   ] GC(160) Metaspace: 100812K(101824K)->100812K(101824K) NonClass: 78820K(79360K)->78820K(79360K) Class: 21991K(22464K)->21991K(22464K)
[396.618s][info][gc             ] GC(160) Pause Full (Allocation Failure) 2501M->1752M(2748M) 68.748ms
[396.618s][info][gc,cpu         ] GC(160) User=0.21s Sys=0.00s Real=0.06s
[397.013s][info][gc,start       ] GC(161) Pause Full (Allocation Failure)
[397.013s][info][gc,phases,start] GC(161) Marking Phase
[397.043s][info][gc,phases      ] GC(161) Marking Phase 30.016ms
[397.043s][info][gc,phases,start] GC(161) Summary Phase
[397.043s][info][gc,phases      ] GC(161) Summary Phase 0.021ms
[397.043s][info][gc,phases,start] GC(161) Forward
[397.047s][info][gc,phases      ] GC(161) Forward 3.537ms
[397.047s][info][gc,phases,start] GC(161) Adjust Pointers
[397.063s][info][gc,phases      ] GC(161) Adjust Pointers 16.036ms
[397.063s][info][gc,phases,start] GC(161) Compaction Phase
[397.084s][info][gc,phases      ] GC(161) Compaction Phase 21.520ms
[397.084s][info][gc,phases,start] GC(161) Post Compact
[397.086s][info][gc,phases      ] GC(161) Post Compact 1.276ms
[397.086s][info][gc,heap        ] GC(161) PSYoungGen: 734208K(856576K)->0K(856576K) Eden: 734208K(734208K)->0K(734208K) From: 0K(122368K)->0K(122368K)
[397.086s][info][gc,heap        ] GC(161) ParOldGen: 1794732K(1957888K)->1795836K(1957888K)
[397.086s][info][gc,metaspace   ] GC(161) Metaspace: 100812K(101824K)->100812K(101824K) NonClass: 78820K(79360K)->78820K(79360K) Class: 21991K(22464K)->21991K(22464K)
[397.086s][info][gc             ] GC(161) Pause Full (Allocation Failure) 2469M->1753M(2748M) 72.739ms
[397.086s][info][gc,cpu         ] GC(161) User=0.20s Sys=0.01s Real=0.07s
[397.366s][info][gc,start       ] GC(162) Pause Full (Allocation Failure)
[397.366s][info][gc,phases,start] GC(162) Marking Phase
[397.391s][info][gc,phases      ] GC(162) Marking Phase 25.079ms
[397.391s][info][gc,phases,start] GC(162) Summary Phase
[397.391s][info][gc,phases      ] GC(162) Summary Phase 0.042ms
[397.391s][info][gc,phases,start] GC(162) Forward
[397.397s][info][gc,phases      ] GC(162) Forward 5.498ms
[397.397s][info][gc,phases,start] GC(162) Adjust Pointers
[397.418s][info][gc,phases      ] GC(162) Adjust Pointers 20.526ms
[397.418s][info][gc,phases,start] GC(162) Compaction Phase
[397.438s][info][gc,phases      ] GC(162) Compaction Phase 20.888ms
[397.439s][info][gc,phases,start] GC(162) Post Compact
[397.440s][info][gc,phases      ] GC(162) Post Compact 1.383ms
[397.440s][info][gc,heap        ] GC(162) PSYoungGen: 731335K(856576K)->0K(856576K) Eden: 731335K(734208K)->0K(734208K) From: 0K(122368K)->0K(122368K)
[397.440s][info][gc,heap        ] GC(162) ParOldGen: 1795836K(1957888K)->1797572K(1957888K)
[397.440s][info][gc,metaspace   ] GC(162) Metaspace: 100812K(101824K)->100812K(101824K) NonClass: 78820K(79360K)->78820K(79360K) Class: 21991K(22464K)->21991K(22464K)
[397.440s][info][gc             ] GC(162) Pause Full (Allocation Failure) 2467M->1755M(2748M) 73.738ms
[397.440s][info][gc,cpu         ] GC(162) User=0.21s Sys=0.00s Real=0.08s
[397.535s][info][gc,start       ] GC(163) Pause Full (Allocation Failure)
[397.535s][info][gc,phases,start] GC(163) Marking Phase
[397.554s][info][gc,phases      ] GC(163) Marking Phase 19.675ms
[397.554s][info][gc,phases,start] GC(163) Summary Phase
[397.555s][info][gc,phases      ] GC(163) Summary Phase 0.021ms
[397.555s][info][gc,phases,start] GC(163) Forward
[397.555s][info][gc,phases      ] GC(163) Forward 0.808ms
[397.555s][info][gc,phases,start] GC(163) Adjust Pointers
[397.569s][info][gc,phases      ] GC(163) Adjust Pointers 13.756ms
[397.569s][info][gc,phases,start] GC(163) Compaction Phase
[397.585s][info][gc,phases      ] GC(163) Compaction Phase 15.848ms
[397.585s][info][gc,phases,start] GC(163) Post Compact
[397.586s][info][gc,phases      ] GC(163) Post Compact 1.163ms
[397.586s][info][gc,heap        ] GC(163) PSYoungGen: 733068K(856576K)->0K(856576K) Eden: 733068K(734208K)->0K(734208K) From: 0K(122368K)->0K(122368K)
[397.586s][info][gc,heap        ] GC(163) ParOldGen: 1797572K(1957888K)->1666209K(1957888K)
[397.586s][info][gc,metaspace   ] GC(163) Metaspace: 100812K(101824K)->100812K(101824K) NonClass: 78820K(79360K)->78820K(79360K) Class: 21991K(22464K)->21991K(22464K)
[397.586s][info][gc             ] GC(163) Pause Full (Allocation Failure) 2471M->1627M(2748M) 51.484ms
[397.586s][info][gc,cpu         ] GC(163) User=0.15s Sys=0.01s Real=0.05s
[399.987s][info][gc,start       ] GC(164) Pause Full (Allocation Failure)
[399.987s][info][gc,phases,start] GC(164) Marking Phase
[400.015s][info][gc,phases      ] GC(164) Marking Phase 28.007ms
[400.015s][info][gc,phases,start] GC(164) Summary Phase
[400.015s][info][gc,phases      ] GC(164) Summary Phase 0.017ms
[400.015s][info][gc,phases,start] GC(164) Forward
[400.018s][info][gc,phases      ] GC(164) Forward 2.769ms
[400.018s][info][gc,phases,start] GC(164) Adjust Pointers
[400.030s][info][gc,phases      ] GC(164) Adjust Pointers 11.937ms
[400.030s][info][gc,phases,start] GC(164) Compaction Phase
[400.049s][info][gc,phases      ] GC(164) Compaction Phase 18.993ms
[400.049s][info][gc,phases,start] GC(164) Post Compact
[400.051s][info][gc,phases      ] GC(164) Post Compact 2.019ms
[400.051s][info][gc,heap        ] GC(164) PSYoungGen: 732245K(856576K)->0K(856576K) Eden: 732245K(734208K)->0K(734208K) From: 0K(122368K)->0K(122368K)
[400.051s][info][gc,heap        ] GC(164) ParOldGen: 1666209K(1957888K)->1703603K(1957888K)
[400.051s][info][gc,metaspace   ] GC(164) Metaspace: 100832K(101888K)->100832K(101888K) NonClass: 78840K(79424K)->78840K(79424K) Class: 21991K(22464K)->21991K(22464K)
[400.051s][info][gc             ] GC(164) Pause Full (Allocation Failure) 2342M->1663M(2748M) 63.942ms
[400.051s][info][gc,cpu         ] GC(164) User=0.19s Sys=0.00s Real=0.07s
[400.901s][info][gc,start       ] GC(165) Pause Full (Allocation Failure)
[400.901s][info][gc,phases,start] GC(165) Marking Phase
[400.922s][info][gc,phases      ] GC(165) Marking Phase 20.192ms
[400.922s][info][gc,phases,start] GC(165) Summary Phase
[400.922s][info][gc,phases      ] GC(165) Summary Phase 0.017ms
[400.922s][info][gc,phases,start] GC(165) Forward
[400.924s][info][gc,phases      ] GC(165) Forward 2.313ms
[400.924s][info][gc,phases,start] GC(165) Adjust Pointers
[400.938s][info][gc,phases      ] GC(165) Adjust Pointers 13.697ms
[400.938s][info][gc,phases,start] GC(165) Compaction Phase
[400.955s][info][gc,phases      ] GC(165) Compaction Phase 17.111ms
[400.955s][info][gc,phases,start] GC(165) Post Compact
[400.956s][info][gc,phases      ] GC(165) Post Compact 1.115ms
[400.956s][info][gc,heap        ] GC(165) PSYoungGen: 734208K(856576K)->0K(856576K) Eden: 734208K(734208K)->0K(734208K) From: 0K(122368K)->0K(122368K)
[400.956s][info][gc,heap        ] GC(165) ParOldGen: 1703603K(1957888K)->1712413K(1957888K)
[400.956s][info][gc,metaspace   ] GC(165) Metaspace: 100832K(101888K)->100832K(101888K) NonClass: 78840K(79424K)->78840K(79424K) Class: 21991K(22464K)->21991K(22464K)
[400.956s][info][gc             ] GC(165) Pause Full (Allocation Failure) 2380M->1672M(2748M) 54.713ms
[400.956s][info][gc,cpu         ] GC(165) User=0.17s Sys=0.00s Real=0.05s
[401.264s][info][gc,start       ] GC(166) Pause Full (Allocation Failure)
[401.264s][info][gc,phases,start] GC(166) Marking Phase
[401.286s][info][gc,phases      ] GC(166) Marking Phase 21.702ms
[401.286s][info][gc,phases,start] GC(166) Summary Phase
[401.286s][info][gc,phases      ] GC(166) Summary Phase 0.020ms
[401.286s][info][gc,phases,start] GC(166) Forward
[401.289s][info][gc,phases      ] GC(166) Forward 3.266ms
[401.289s][info][gc,phases,start] GC(166) Adjust Pointers
[401.304s][info][gc,phases      ] GC(166) Adjust Pointers 14.899ms
[401.304s][info][gc,phases,start] GC(166) Compaction Phase
[401.326s][info][gc,phases      ] GC(166) Compaction Phase 22.562ms
[401.327s][info][gc,phases,start] GC(166) Post Compact
[401.328s][info][gc,phases      ] GC(166) Post Compact 1.188ms
[401.328s][info][gc,heap        ] GC(166) PSYoungGen: 733896K(856576K)->0K(856576K) Eden: 733896K(734208K)->0K(734208K) From: 0K(122368K)->0K(122368K)
[401.328s][info][gc,heap        ] GC(166) ParOldGen: 1712413K(1957888K)->1838561K(1957888K)
[401.328s][info][gc,metaspace   ] GC(166) Metaspace: 100834K(101888K)->100834K(101888K) NonClass: 78842K(79424K)->78842K(79424K) Class: 21991K(22464K)->21991K(22464K)
[401.328s][info][gc             ] GC(166) Pause Full (Allocation Failure) 2388M->1795M(2748M) 63.888ms
[401.328s][info][gc,cpu         ] GC(166) User=0.19s Sys=0.01s Real=0.07s
[401.607s][info][gc,start       ] GC(167) Pause Full (Allocation Failure)
[401.607s][info][gc,phases,start] GC(167) Marking Phase
[401.627s][info][gc,phases      ] GC(167) Marking Phase 19.870ms
[401.627s][info][gc,phases,start] GC(167) Summary Phase
[401.627s][info][gc,phases      ] GC(167) Summary Phase 0.034ms
[401.627s][info][gc,phases,start] GC(167) Forward
[401.630s][info][gc,phases      ] GC(167) Forward 2.932ms
[401.630s][info][gc,phases,start] GC(167) Adjust Pointers
[401.645s][info][gc,phases      ] GC(167) Adjust Pointers 15.115ms
[401.645s][info][gc,phases,start] GC(167) Compaction Phase
[401.667s][info][gc,phases      ] GC(167) Compaction Phase 21.657ms
[401.667s][info][gc,phases,start] GC(167) Post Compact
[401.668s][info][gc,phases      ] GC(167) Post Compact 1.184ms
[401.668s][info][gc,heap        ] GC(167) PSYoungGen: 732370K(856576K)->0K(856576K) Eden: 732370K(734208K)->0K(734208K) From: 0K(122368K)->0K(122368K)
[401.668s][info][gc,heap        ] GC(167) ParOldGen: 1838561K(1957888K)->1840253K(1957888K)
[401.668s][info][gc,metaspace   ] GC(167) Metaspace: 100834K(101888K)->100834K(101888K) NonClass: 78842K(79424K)->78842K(79424K) Class: 21991K(22464K)->21991K(22464K)
[401.668s][info][gc             ] GC(167) Pause Full (Allocation Failure) 2510M->1797M(2748M) 61.057ms
[401.668s][info][gc,cpu         ] GC(167) User=0.20s Sys=0.00s Real=0.07s
[401.946s][info][gc,start       ] GC(168) Pause Full (Allocation Failure)
[401.946s][info][gc,phases,start] GC(168) Marking Phase
[401.969s][info][gc,phases      ] GC(168) Marking Phase 23.284ms
[401.969s][info][gc,phases,start] GC(168) Summary Phase
[401.969s][info][gc,phases      ] GC(168) Summary Phase 0.024ms
[401.969s][info][gc,phases,start] GC(168) Forward
[401.973s][info][gc,phases      ] GC(168) Forward 3.864ms
[401.973s][info][gc,phases,start] GC(168) Adjust Pointers
[401.989s][info][gc,phases      ] GC(168) Adjust Pointers 16.055ms
[401.989s][info][gc,phases,start] GC(168) Compaction Phase
[402.011s][info][gc,phases      ] GC(168) Compaction Phase 21.480ms
[402.011s][info][gc,phases,start] GC(168) Post Compact
[402.012s][info][gc,phases      ] GC(168) Post Compact 1.159ms
[402.012s][info][gc,heap        ] GC(168) PSYoungGen: 734208K(856576K)->0K(856576K) Eden: 734208K(734208K)->0K(734208K) From: 0K(122368K)->0K(122368K)
[402.012s][info][gc,heap        ] GC(168) ParOldGen: 1840253K(1957888K)->1802259K(1957888K)
[402.012s][info][gc,metaspace   ] GC(168) Metaspace: 100834K(101888K)->100834K(101888K) NonClass: 78843K(79424K)->78843K(79424K) Class: 21991K(22464K)->21991K(22464K)
[402.012s][info][gc             ] GC(168) Pause Full (Allocation Failure) 2514M->1760M(2748M) 66.095ms
[402.012s][info][gc,cpu         ] GC(168) User=0.19s Sys=0.00s Real=0.07s
[402.259s][info][gc,start       ] GC(169) Pause Full (Allocation Failure)
[402.259s][info][gc,phases,start] GC(169) Marking Phase
[402.283s][info][gc,phases      ] GC(169) Marking Phase 24.055ms
[402.283s][info][gc,phases,start] GC(169) Summary Phase
[402.283s][info][gc,phases      ] GC(169) Summary Phase 0.020ms
[402.283s][info][gc,phases,start] GC(169) Forward
[402.286s][info][gc,phases      ] GC(169) Forward 3.364ms
[402.286s][info][gc,phases,start] GC(169) Adjust Pointers
[402.299s][info][gc,phases      ] GC(169) Adjust Pointers 13.036ms
[402.299s][info][gc,phases,start] GC(169) Compaction Phase
[402.318s][info][gc,phases      ] GC(169) Compaction Phase 18.813ms
[402.318s][info][gc,phases,start] GC(169) Post Compact
[402.319s][info][gc,phases      ] GC(169) Post Compact 1.093ms
[402.319s][info][gc,heap        ] GC(169) PSYoungGen: 734208K(856576K)->0K(856576K) Eden: 734208K(734208K)->0K(734208K) From: 0K(122368K)->0K(122368K)
[402.319s][info][gc,heap        ] GC(169) ParOldGen: 1802259K(1957888K)->1777769K(1957888K)
[402.319s][info][gc,metaspace   ] GC(169) Metaspace: 100834K(101888K)->100834K(101888K) NonClass: 78843K(79424K)->78843K(79424K) Class: 21991K(22464K)->21991K(22464K)
[402.319s][info][gc             ] GC(169) Pause Full (Allocation Failure) 2477M->1736M(2748M) 60.587ms
[402.319s][info][gc,cpu         ] GC(169) User=0.17s Sys=0.00s Real=0.06s
[402.575s][info][gc,start       ] GC(170) Pause Full (Allocation Failure)
[402.575s][info][gc,phases,start] GC(170) Marking Phase
[402.595s][info][gc,phases      ] GC(170) Marking Phase 19.804ms
[402.595s][info][gc,phases,start] GC(170) Summary Phase
[402.595s][info][gc,phases      ] GC(170) Summary Phase 0.018ms
[402.595s][info][gc,phases,start] GC(170) Forward
[402.596s][info][gc,phases      ] GC(170) Forward 0.833ms
[402.596s][info][gc,phases,start] GC(170) Adjust Pointers
[402.609s][info][gc,phases      ] GC(170) Adjust Pointers 12.975ms
[402.609s][info][gc,phases,start] GC(170) Compaction Phase
[402.624s][info][gc,phases      ] GC(170) Compaction Phase 15.098ms
[402.624s][info][gc,phases,start] GC(170) Post Compact
[402.625s][info][gc,phases      ] GC(170) Post Compact 1.105ms
[402.625s][info][gc,heap        ] GC(170) PSYoungGen: 729117K(856576K)->0K(856576K) Eden: 729117K(734208K)->0K(734208K) From: 0K(122368K)->0K(122368K)
[402.625s][info][gc,heap        ] GC(170) ParOldGen: 1777769K(1957888K)->1641622K(1957888K)
[402.625s][info][gc,metaspace   ] GC(170) Metaspace: 100834K(101888K)->100834K(101888K) NonClass: 78843K(79424K)->78843K(79424K) Class: 21991K(22464K)->21991K(22464K)
[402.625s][info][gc             ] GC(170) Pause Full (Allocation Failure) 2448M->1603M(2748M) 50.041ms
[402.625s][info][gc,cpu         ] GC(170) User=0.15s Sys=0.00s Real=0.05s
[404.769s][info][gc,start       ] GC(171) Pause Full (Allocation Failure)
[404.769s][info][gc,phases,start] GC(171) Marking Phase
[404.789s][info][gc,phases      ] GC(171) Marking Phase 19.485ms
[404.789s][info][gc,phases,start] GC(171) Summary Phase
[404.789s][info][gc,phases      ] GC(171) Summary Phase 0.019ms
[404.789s][info][gc,phases,start] GC(171) Forward
[404.791s][info][gc,phases      ] GC(171) Forward 1.960ms
[404.791s][info][gc,phases,start] GC(171) Adjust Pointers
[404.803s][info][gc,phases      ] GC(171) Adjust Pointers 12.778ms
[404.803s][info][gc,phases,start] GC(171) Compaction Phase
[404.824s][info][gc,phases      ] GC(171) Compaction Phase 20.736ms
[404.824s][info][gc,phases,start] GC(171) Post Compact
[404.825s][info][gc,phases      ] GC(171) Post Compact 1.055ms
[404.825s][info][gc,heap        ] GC(171) PSYoungGen: 734208K(856576K)->0K(856576K) Eden: 734208K(734208K)->0K(734208K) From: 0K(122368K)->0K(122368K)
[404.825s][info][gc,heap        ] GC(171) ParOldGen: 1641622K(1957888K)->1609917K(1957888K)
[404.825s][info][gc,metaspace   ] GC(171) Metaspace: 100862K(101888K)->100862K(101888K) NonClass: 78871K(79424K)->78871K(79424K) Class: 21991K(22464K)->21991K(22464K)
[404.825s][info][gc             ] GC(171) Pause Full (Allocation Failure) 2320M->1572M(2748M) 56.250ms
[404.825s][info][gc,cpu         ] GC(171) User=0.17s Sys=0.00s Real=0.05s
[405.558s][info][gc,start       ] GC(172) Pause Full (Allocation Failure)
[405.558s][info][gc,phases,start] GC(172) Marking Phase
[405.578s][info][gc,phases      ] GC(172) Marking Phase 20.363ms
[405.578s][info][gc,phases,start] GC(172) Summary Phase
[405.578s][info][gc,phases      ] GC(172) Summary Phase 0.021ms
[405.578s][info][gc,phases,start] GC(172) Forward
[405.581s][info][gc,phases      ] GC(172) Forward 2.321ms
[405.581s][info][gc,phases,start] GC(172) Adjust Pointers
[405.594s][info][gc,phases      ] GC(172) Adjust Pointers 13.612ms
[405.594s][info][gc,phases,start] GC(172) Compaction Phase
[405.611s][info][gc,phases      ] GC(172) Compaction Phase 16.706ms
[405.611s][info][gc,phases,start] GC(172) Post Compact
[405.612s][info][gc,phases      ] GC(172) Post Compact 1.101ms
[405.612s][info][gc,heap        ] GC(172) PSYoungGen: 734208K(856576K)->0K(856576K) Eden: 734208K(734208K)->0K(734208K) From: 0K(122368K)->0K(122368K)
[405.612s][info][gc,heap        ] GC(172) ParOldGen: 1609917K(1957888K)->1732963K(1957888K)
[405.612s][info][gc,metaspace   ] GC(172) Metaspace: 100866K(101888K)->100866K(101888K) NonClass: 78874K(79424K)->78874K(79424K) Class: 21991K(22464K)->21991K(22464K)
[405.612s][info][gc             ] GC(172) Pause Full (Allocation Failure) 2289M->1692M(2748M) 54.366ms
[405.612s][info][gc,cpu         ] GC(172) User=0.15s Sys=0.00s Real=0.05s
[405.900s][info][gc,start       ] GC(173) Pause Full (Allocation Failure)
[405.900s][info][gc,phases,start] GC(173) Marking Phase
[405.922s][info][gc,phases      ] GC(173) Marking Phase 21.273ms
[405.922s][info][gc,phases,start] GC(173) Summary Phase
[405.922s][info][gc,phases      ] GC(173) Summary Phase 0.028ms
[405.922s][info][gc,phases,start] GC(173) Forward
[405.925s][info][gc,phases      ] GC(173) Forward 3.471ms
[405.925s][info][gc,phases,start] GC(173) Adjust Pointers
[405.941s][info][gc,phases      ] GC(173) Adjust Pointers 16.112ms
[405.941s][info][gc,phases,start] GC(173) Compaction Phase
[405.966s][info][gc,phases      ] GC(173) Compaction Phase 25.010ms
[405.966s][info][gc,phases,start] GC(173) Post Compact
[405.968s][info][gc,phases      ] GC(173) Post Compact 1.228ms
[405.968s][info][gc,heap        ] GC(173) PSYoungGen: 733189K(856576K)->0K(856576K) Eden: 733189K(734208K)->0K(734208K) From: 0K(122368K)->0K(122368K)
[405.968s][info][gc,heap        ] GC(173) ParOldGen: 1732963K(1957888K)->1821815K(1957888K)
[405.968s][info][gc,metaspace   ] GC(173) Metaspace: 100875K(101888K)->100875K(101888K) NonClass: 78882K(79424K)->78882K(79424K) Class: 21992K(22464K)->21992K(22464K)
[405.968s][info][gc             ] GC(173) Pause Full (Allocation Failure) 2408M->1779M(2748M) 67.411ms
[405.968s][info][gc,cpu         ] GC(173) User=0.21s Sys=0.00s Real=0.07s
[406.202s][info][gc,start       ] GC(174) Pause Full (Allocation Failure)
[406.202s][info][gc,phases,start] GC(174) Marking Phase
[406.226s][info][gc,phases      ] GC(174) Marking Phase 23.912ms
[406.226s][info][gc,phases,start] GC(174) Summary Phase
[406.226s][info][gc,phases      ] GC(174) Summary Phase 0.037ms
[406.226s][info][gc,phases,start] GC(174) Forward
[406.229s][info][gc,phases      ] GC(174) Forward 3.230ms
[406.229s][info][gc,phases,start] GC(174) Adjust Pointers
[406.245s][info][gc,phases      ] GC(174) Adjust Pointers 15.721ms
[406.245s][info][gc,phases,start] GC(174) Compaction Phase
[406.268s][info][gc,phases      ] GC(174) Compaction Phase 23.298ms
[406.268s][info][gc,phases,start] GC(174) Post Compact
[406.269s][info][gc,phases      ] GC(174) Post Compact 1.167ms
[406.269s][info][gc,heap        ] GC(174) PSYoungGen: 730849K(856576K)->0K(856576K) Eden: 730849K(734208K)->0K(734208K) From: 0K(122368K)->0K(122368K)
[406.269s][info][gc,heap        ] GC(174) ParOldGen: 1821815K(1957888K)->1809122K(1957888K)
[406.269s][info][gc,metaspace   ] GC(174) Metaspace: 100875K(101888K)->100875K(101888K) NonClass: 78882K(79424K)->78882K(79424K) Class: 21992K(22464K)->21992K(22464K)
[406.269s][info][gc             ] GC(174) Pause Full (Allocation Failure) 2492M->1766M(2748M) 67.616ms
[406.269s][info][gc,cpu         ] GC(174) User=0.20s Sys=0.00s Real=0.07s
[406.495s][info][gc,start       ] GC(175) Pause Full (Allocation Failure)
[406.495s][info][gc,phases,start] GC(175) Marking Phase
[406.516s][info][gc,phases      ] GC(175) Marking Phase 21.180ms
[406.516s][info][gc,phases,start] GC(175) Summary Phase
[406.516s][info][gc,phases      ] GC(175) Summary Phase 0.021ms
[406.516s][info][gc,phases,start] GC(175) Forward
[406.520s][info][gc,phases      ] GC(175) Forward 3.439ms
[406.520s][info][gc,phases,start] GC(175) Adjust Pointers
[406.534s][info][gc,phases      ] GC(175) Adjust Pointers 14.532ms
[406.534s][info][gc,phases,start] GC(175) Compaction Phase
[406.556s][info][gc,phases      ] GC(175) Compaction Phase 21.459ms
[406.556s][info][gc,phases,start] GC(175) Post Compact
[406.557s][info][gc,phases      ] GC(175) Post Compact 1.229ms
[406.557s][info][gc,heap        ] GC(175) PSYoungGen: 731637K(856576K)->0K(856576K) Eden: 731637K(734208K)->0K(734208K) From: 0K(122368K)->0K(122368K)
[406.557s][info][gc,heap        ] GC(175) ParOldGen: 1809122K(1957888K)->1822377K(1957888K)
[406.557s][info][gc,metaspace   ] GC(175) Metaspace: 100875K(101888K)->100875K(101888K) NonClass: 78882K(79424K)->78882K(79424K) Class: 21992K(22464K)->21992K(22464K)
[406.557s][info][gc             ] GC(175) Pause Full (Allocation Failure) 2481M->1779M(2748M) 62.116ms
[406.557s][info][gc,cpu         ] GC(175) User=0.18s Sys=0.00s Real=0.06s
[406.748s][info][gc,start       ] GC(176) Pause Full (Allocation Failure)
[406.748s][info][gc,phases,start] GC(176) Marking Phase
[406.768s][info][gc,phases      ] GC(176) Marking Phase 20.559ms
[406.768s][info][gc,phases,start] GC(176) Summary Phase
[406.768s][info][gc,phases      ] GC(176) Summary Phase 0.020ms
[406.768s][info][gc,phases,start] GC(176) Forward
[406.771s][info][gc,phases      ] GC(176) Forward 2.986ms
[406.771s][info][gc,phases,start] GC(176) Adjust Pointers
[406.786s][info][gc,phases      ] GC(176) Adjust Pointers 14.829ms
[406.786s][info][gc,phases,start] GC(176) Compaction Phase
[406.806s][info][gc,phases      ] GC(176) Compaction Phase 19.935ms
[406.806s][info][gc,phases,start] GC(176) Post Compact
[406.807s][info][gc,phases      ] GC(176) Post Compact 1.085ms
[406.807s][info][gc,heap        ] GC(176) PSYoungGen: 734208K(856576K)->0K(856576K) Eden: 734208K(734208K)->0K(734208K) From: 0K(122368K)->0K(122368K)
[406.807s][info][gc,heap        ] GC(176) ParOldGen: 1822377K(1957888K)->1748417K(1957888K)
[406.807s][info][gc,metaspace   ] GC(176) Metaspace: 100875K(101888K)->100875K(101888K) NonClass: 78882K(79424K)->78882K(79424K) Class: 21992K(22464K)->21992K(22464K)
[406.807s][info][gc             ] GC(176) Pause Full (Allocation Failure) 2496M->1707M(2748M) 59.609ms
[406.807s][info][gc,cpu         ] GC(176) User=0.17s Sys=0.01s Real=0.06s
[407.317s][info][gc,start       ] GC(177) Pause Full (Allocation Failure)
[407.317s][info][gc,phases,start] GC(177) Marking Phase
[407.349s][info][gc,phases      ] GC(177) Marking Phase 32.205ms
[407.349s][info][gc,phases,start] GC(177) Summary Phase
[407.350s][info][gc,phases      ] GC(177) Summary Phase 0.019ms
[407.350s][info][gc,phases,start] GC(177) Forward
[407.351s][info][gc,phases      ] GC(177) Forward 1.112ms
[407.351s][info][gc,phases,start] GC(177) Adjust Pointers
[407.363s][info][gc,phases      ] GC(177) Adjust Pointers 12.080ms
[407.363s][info][gc,phases,start] GC(177) Compaction Phase
[407.374s][info][gc,phases      ] GC(177) Compaction Phase 11.228ms
[407.374s][info][gc,phases,start] GC(177) Post Compact
[407.375s][info][gc,phases      ] GC(177) Post Compact 1.141ms
[407.375s][info][gc,heap        ] GC(177) PSYoungGen: 734208K(856576K)->0K(856576K) Eden: 734208K(734208K)->0K(734208K) From: 0K(122368K)->0K(122368K)
[407.375s][info][gc,heap        ] GC(177) ParOldGen: 1748417K(1957888K)->1640727K(1957888K)
[407.375s][info][gc,metaspace   ] GC(177) Metaspace: 100875K(101888K)->100875K(101888K) NonClass: 78882K(79424K)->78882K(79424K) Class: 21992K(22464K)->21992K(22464K)
[407.375s][info][gc             ] GC(177) Pause Full (Allocation Failure) 2424M->1602M(2748M) 58.077ms
[407.375s][info][gc,cpu         ] GC(177) User=0.17s Sys=0.01s Real=0.06s
[408.966s][info][gc,start       ] GC(178) Pause Full (Allocation Failure)
[408.966s][info][gc,phases,start] GC(178) Marking Phase
[408.983s][info][gc,phases      ] GC(178) Marking Phase 17.147ms
[408.983s][info][gc,phases,start] GC(178) Summary Phase
[408.983s][info][gc,phases      ] GC(178) Summary Phase 0.019ms
[408.983s][info][gc,phases,start] GC(178) Forward
[408.985s][info][gc,phases      ] GC(178) Forward 1.840ms
[408.985s][info][gc,phases,start] GC(178) Adjust Pointers
[408.997s][info][gc,phases      ] GC(178) Adjust Pointers 12.051ms
[408.997s][info][gc,phases,start] GC(178) Compaction Phase
[409.013s][info][gc,phases      ] GC(178) Compaction Phase 16.552ms
[409.014s][info][gc,phases,start] GC(178) Post Compact
[409.015s][info][gc,phases      ] GC(178) Post Compact 1.208ms
[409.015s][info][gc,heap        ] GC(178) PSYoungGen: 734208K(856576K)->0K(856576K) Eden: 734208K(734208K)->0K(734208K) From: 0K(122368K)->0K(122368K)
[409.015s][info][gc,heap        ] GC(178) ParOldGen: 1640727K(1957888K)->1695750K(1957888K)
[409.015s][info][gc,metaspace   ] GC(178) Metaspace: 100875K(101888K)->100875K(101888K) NonClass: 78882K(79424K)->78882K(79424K) Class: 21992K(22464K)->21992K(22464K)
[409.015s][info][gc             ] GC(178) Pause Full (Allocation Failure) 2319M->1656M(2748M) 49.061ms
[409.015s][info][gc,cpu         ] GC(178) User=0.15s Sys=0.00s Real=0.05s
[409.635s][info][gc,start       ] GC(179) Pause Full (Allocation Failure)
[409.635s][info][gc,phases,start] GC(179) Marking Phase
[409.653s][info][gc,phases      ] GC(179) Marking Phase 17.490ms
[409.653s][info][gc,phases,start] GC(179) Summary Phase
[409.653s][info][gc,phases      ] GC(179) Summary Phase 0.019ms
[409.653s][info][gc,phases,start] GC(179) Forward
[409.654s][info][gc,phases      ] GC(179) Forward 1.821ms
[409.654s][info][gc,phases,start] GC(179) Adjust Pointers
[409.668s][info][gc,phases      ] GC(179) Adjust Pointers 13.418ms
[409.668s][info][gc,phases,start] GC(179) Compaction Phase
[409.685s][info][gc,phases      ] GC(179) Compaction Phase 16.938ms
[409.685s][info][gc,phases,start] GC(179) Post Compact
[409.686s][info][gc,phases      ] GC(179) Post Compact 1.077ms
[409.686s][info][gc,heap        ] GC(179) PSYoungGen: 728255K(856576K)->0K(856576K) Eden: 728255K(734208K)->0K(734208K) From: 0K(122368K)->0K(122368K)
[409.686s][info][gc,heap        ] GC(179) ParOldGen: 1695750K(1957888K)->1723946K(1957888K)
[409.686s][info][gc,metaspace   ] GC(179) Metaspace: 100906K(101952K)->100906K(101952K) NonClass: 78910K(79488K)->78910K(79488K) Class: 21995K(22464K)->21995K(22464K)
[409.686s][info][gc             ] GC(179) Pause Full (Allocation Failure) 2367M->1683M(2748M) 50.984ms
[409.686s][info][gc,cpu         ] GC(179) User=0.15s Sys=0.00s Real=0.05s
[410.000s][info][gc,start       ] GC(180) Pause Full (Allocation Failure)
[410.000s][info][gc,phases,start] GC(180) Marking Phase
[410.019s][info][gc,phases      ] GC(180) Marking Phase 19.132ms
[410.019s][info][gc,phases,start] GC(180) Summary Phase
[410.019s][info][gc,phases      ] GC(180) Summary Phase 0.021ms
[410.019s][info][gc,phases,start] GC(180) Forward
[410.022s][info][gc,phases      ] GC(180) Forward 3.417ms
[410.022s][info][gc,phases,start] GC(180) Adjust Pointers
[410.039s][info][gc,phases      ] GC(180) Adjust Pointers 16.536ms
[410.039s][info][gc,phases,start] GC(180) Compaction Phase
[410.062s][info][gc,phases      ] GC(180) Compaction Phase 22.628ms
[410.062s][info][gc,phases,start] GC(180) Post Compact
[410.063s][info][gc,phases      ] GC(180) Post Compact 1.325ms
[410.063s][info][gc,heap        ] GC(180) PSYoungGen: 732087K(856576K)->0K(856576K) Eden: 732087K(734208K)->0K(734208K) From: 0K(122368K)->0K(122368K)
[410.063s][info][gc,heap        ] GC(180) ParOldGen: 1723946K(1957888K)->1820288K(1957888K)
[410.063s][info][gc,metaspace   ] GC(180) Metaspace: 100906K(101952K)->100906K(101952K) NonClass: 78910K(79488K)->78910K(79488K) Class: 21995K(22464K)->21995K(22464K)
[410.063s][info][gc             ] GC(180) Pause Full (Allocation Failure) 2398M->1777M(2748M) 63.274ms
[410.063s][info][gc,cpu         ] GC(180) User=0.20s Sys=0.00s Real=0.06s
[410.270s][info][gc,start       ] GC(181) Pause Full (Allocation Failure)
[410.270s][info][gc,phases,start] GC(181) Marking Phase
[410.287s][info][gc,phases      ] GC(181) Marking Phase 17.405ms
[410.287s][info][gc,phases,start] GC(181) Summary Phase
[410.287s][info][gc,phases      ] GC(181) Summary Phase 0.023ms
[410.287s][info][gc,phases,start] GC(181) Forward
[410.291s][info][gc,phases      ] GC(181) Forward 3.545ms
[410.291s][info][gc,phases,start] GC(181) Adjust Pointers
[410.305s][info][gc,phases      ] GC(181) Adjust Pointers 14.383ms
[410.305s][info][gc,phases,start] GC(181) Compaction Phase
[410.326s][info][gc,phases      ] GC(181) Compaction Phase 20.381ms
[410.326s][info][gc,phases,start] GC(181) Post Compact
[410.327s][info][gc,phases      ] GC(181) Post Compact 1.116ms
[410.327s][info][gc,heap        ] GC(181) PSYoungGen: 728363K(856576K)->0K(856576K) Eden: 728363K(734208K)->0K(734208K) From: 0K(122368K)->0K(122368K)
[410.327s][info][gc,heap        ] GC(181) ParOldGen: 1820288K(1957888K)->1781650K(1957888K)
[410.327s][info][gc,metaspace   ] GC(181) Metaspace: 100906K(101952K)->100906K(101952K) NonClass: 78910K(79488K)->78910K(79488K) Class: 21995K(22464K)->21995K(22464K)
[410.327s][info][gc             ] GC(181) Pause Full (Allocation Failure) 2488M->1739M(2748M) 57.062ms
[410.327s][info][gc,cpu         ] GC(181) User=0.17s Sys=0.00s Real=0.05s
[410.583s][info][gc,start       ] GC(182) Pause Full (Allocation Failure)
[410.583s][info][gc,phases,start] GC(182) Marking Phase
[410.604s][info][gc,phases      ] GC(182) Marking Phase 21.804ms
[410.604s][info][gc,phases,start] GC(182) Summary Phase
[410.604s][info][gc,phases      ] GC(182) Summary Phase 0.020ms
[410.604s][info][gc,phases,start] GC(182) Forward
[410.608s][info][gc,phases      ] GC(182) Forward 3.636ms
[410.608s][info][gc,phases,start] GC(182) Adjust Pointers
[410.623s][info][gc,phases      ] GC(182) Adjust Pointers 14.672ms
[410.623s][info][gc,phases,start] GC(182) Compaction Phase
[410.644s][info][gc,phases      ] GC(182) Compaction Phase 21.047ms
[410.644s][info][gc,phases,start] GC(182) Post Compact
[410.645s][info][gc,phases      ] GC(182) Post Compact 1.424ms
[410.645s][info][gc,heap        ] GC(182) PSYoungGen: 731505K(856576K)->0K(856576K) Eden: 731505K(734208K)->0K(734208K) From: 0K(122368K)->0K(122368K)
[410.645s][info][gc,heap        ] GC(182) ParOldGen: 1781650K(1957888K)->1821162K(1957888K)
[410.645s][info][gc,metaspace   ] GC(182) Metaspace: 100906K(101952K)->100906K(101952K) NonClass: 78910K(79488K)->78910K(79488K) Class: 21995K(22464K)->21995K(22464K)
[410.645s][info][gc             ] GC(182) Pause Full (Allocation Failure) 2454M->1778M(2748M) 62.831ms
[410.645s][info][gc,cpu         ] GC(182) User=0.18s Sys=0.01s Real=0.06s
[410.808s][info][gc,start       ] GC(183) Pause Full (Allocation Failure)
[410.808s][info][gc,phases,start] GC(183) Marking Phase
[410.830s][info][gc,phases      ] GC(183) Marking Phase 22.321ms
[410.830s][info][gc,phases,start] GC(183) Summary Phase
[410.830s][info][gc,phases      ] GC(183) Summary Phase 0.020ms
[410.830s][info][gc,phases,start] GC(183) Forward
[410.833s][info][gc,phases      ] GC(183) Forward 2.515ms
[410.833s][info][gc,phases,start] GC(183) Adjust Pointers
[410.848s][info][gc,phases      ] GC(183) Adjust Pointers 15.314ms
[410.848s][info][gc,phases,start] GC(183) Compaction Phase
[410.878s][info][gc,phases      ] GC(183) Compaction Phase 29.391ms
[410.878s][info][gc,phases,start] GC(183) Post Compact
[410.880s][info][gc,phases      ] GC(183) Post Compact 2.016ms
[410.880s][info][gc,heap        ] GC(183) PSYoungGen: 730970K(856576K)->0K(856576K) Eden: 730970K(734208K)->0K(734208K) From: 0K(122368K)->0K(122368K)
[410.880s][info][gc,heap        ] GC(183) ParOldGen: 1821162K(1957888K)->1746685K(1957888K)
[410.880s][info][gc,metaspace   ] GC(183) Metaspace: 100906K(101952K)->100906K(101952K) NonClass: 78910K(79488K)->78910K(79488K) Class: 21995K(22464K)->21995K(22464K)
[410.880s][info][gc             ] GC(183) Pause Full (Allocation Failure) 2492M->1705M(2748M) 71.873ms
[410.880s][info][gc,cpu         ] GC(183) User=0.23s Sys=0.00s Real=0.07s
[411.661s][info][gc,start       ] GC(184) Pause Full (Allocation Failure)
[411.661s][info][gc,phases,start] GC(184) Marking Phase
[411.685s][info][gc,phases      ] GC(184) Marking Phase 24.175ms
[411.685s][info][gc,phases,start] GC(184) Summary Phase
[411.685s][info][gc,phases      ] GC(184) Summary Phase 0.020ms
[411.685s][info][gc,phases,start] GC(184) Forward
[411.685s][info][gc,phases      ] GC(184) Forward 0.437ms
[411.685s][info][gc,phases,start] GC(184) Adjust Pointers
[411.700s][info][gc,phases      ] GC(184) Adjust Pointers 14.667ms
[411.700s][info][gc,phases,start] GC(184) Compaction Phase
[411.728s][info][gc,phases      ] GC(184) Compaction Phase 27.606ms
[411.728s][info][gc,phases,start] GC(184) Post Compact
[411.729s][info][gc,phases      ] GC(184) Post Compact 1.426ms
[411.729s][info][gc,heap        ] GC(184) PSYoungGen: 731604K(856576K)->0K(856576K) Eden: 731604K(734208K)->0K(734208K) From: 0K(122368K)->0K(122368K)
[411.729s][info][gc,heap        ] GC(184) ParOldGen: 1746685K(1957888K)->1621888K(1957888K)
[411.729s][info][gc,metaspace   ] GC(184) Metaspace: 100906K(101952K)->100906K(101952K) NonClass: 78910K(79488K)->78910K(79488K) Class: 21995K(22464K)->21995K(22464K)
[411.729s][info][gc             ] GC(184) Pause Full (Allocation Failure) 2420M->1583M(2748M) 68.661ms
[411.729s][info][gc,cpu         ] GC(184) User=0.21s Sys=0.00s Real=0.07s
[413.389s][info][gc,start       ] GC(185) Pause Full (Allocation Failure)
[413.389s][info][gc,phases,start] GC(185) Marking Phase
[413.412s][info][gc,phases      ] GC(185) Marking Phase 22.404ms
[413.412s][info][gc,phases,start] GC(185) Summary Phase
[413.412s][info][gc,phases      ] GC(185) Summary Phase 0.018ms
[413.412s][info][gc,phases,start] GC(185) Forward
[413.414s][info][gc,phases      ] GC(185) Forward 2.218ms
[413.414s][info][gc,phases,start] GC(185) Adjust Pointers
[413.427s][info][gc,phases      ] GC(185) Adjust Pointers 12.634ms
[413.427s][info][gc,phases,start] GC(185) Compaction Phase
[413.444s][info][gc,phases      ] GC(185) Compaction Phase 17.075ms
[413.444s][info][gc,phases,start] GC(185) Post Compact
[413.445s][info][gc,phases      ] GC(185) Post Compact 1.083ms
[413.445s][info][gc,heap        ] GC(185) PSYoungGen: 732425K(856576K)->0K(856576K) Eden: 732425K(734208K)->0K(734208K) From: 0K(122368K)->0K(122368K)
[413.445s][info][gc,heap        ] GC(185) ParOldGen: 1621888K(1957888K)->1716733K(1957888K)
[413.445s][info][gc,metaspace   ] GC(185) Metaspace: 100912K(101952K)->100912K(101952K) NonClass: 78917K(79488K)->78917K(79488K) Class: 21995K(22464K)->21995K(22464K)
[413.445s][info][gc             ] GC(185) Pause Full (Allocation Failure) 2299M->1676M(2748M) 55.660ms
[413.445s][info][gc,cpu         ] GC(185) User=0.16s Sys=0.00s Real=0.05s
[414.053s][info][gc,start       ] GC(186) Pause Full (Allocation Failure)
[414.053s][info][gc,phases,start] GC(186) Marking Phase
[414.075s][info][gc,phases      ] GC(186) Marking Phase 21.145ms
[414.075s][info][gc,phases,start] GC(186) Summary Phase
[414.075s][info][gc,phases      ] GC(186) Summary Phase 0.024ms
[414.075s][info][gc,phases,start] GC(186) Forward
[414.076s][info][gc,phases      ] GC(186) Forward 1.781ms
[414.076s][info][gc,phases,start] GC(186) Adjust Pointers
[414.090s][info][gc,phases      ] GC(186) Adjust Pointers 13.910ms
[414.090s][info][gc,phases,start] GC(186) Compaction Phase
[414.108s][info][gc,phases      ] GC(186) Compaction Phase 17.126ms
[414.108s][info][gc,phases,start] GC(186) Post Compact
[414.109s][info][gc,phases      ] GC(186) Post Compact 1.213ms
[414.109s][info][gc,heap        ] GC(186) PSYoungGen: 734208K(856576K)->0K(856576K) Eden: 734208K(734208K)->0K(734208K) From: 0K(122368K)->0K(122368K)
[414.109s][info][gc,heap        ] GC(186) ParOldGen: 1716733K(1957888K)->1693021K(1957888K)
[414.109s][info][gc,metaspace   ] GC(186) Metaspace: 100912K(101952K)->100912K(101952K) NonClass: 78917K(79488K)->78917K(79488K) Class: 21995K(22464K)->21995K(22464K)
[414.109s][info][gc             ] GC(186) Pause Full (Allocation Failure) 2393M->1653M(2748M) 55.471ms
[414.109s][info][gc,cpu         ] GC(186) User=0.15s Sys=0.00s Real=0.06s
[414.558s][info][gc,start       ] GC(187) Pause Full (Allocation Failure)
[414.558s][info][gc,phases,start] GC(187) Marking Phase
[414.583s][info][gc,phases      ] GC(187) Marking Phase 25.439ms
[414.583s][info][gc,phases,start] GC(187) Summary Phase
[414.583s][info][gc,phases      ] GC(187) Summary Phase 0.025ms
[414.583s][info][gc,phases,start] GC(187) Forward
[414.586s][info][gc,phases      ] GC(187) Forward 3.117ms
[414.586s][info][gc,phases,start] GC(187) Adjust Pointers
[414.601s][info][gc,phases      ] GC(187) Adjust Pointers 14.612ms
[414.601s][info][gc,phases,start] GC(187) Compaction Phase
[414.624s][info][gc,phases      ] GC(187) Compaction Phase 22.893ms
[414.624s][info][gc,phases,start] GC(187) Post Compact
[414.625s][info][gc,phases      ] GC(187) Post Compact 1.354ms
[414.625s][info][gc,heap        ] GC(187) PSYoungGen: 734208K(856576K)->0K(856576K) Eden: 734208K(734208K)->0K(734208K) From: 0K(122368K)->0K(122368K)
[414.625s][info][gc,heap        ] GC(187) ParOldGen: 1693021K(1957888K)->1823818K(1957888K)
[414.625s][info][gc,metaspace   ] GC(187) Metaspace: 100916K(102016K)->100916K(102016K) NonClass: 78921K(79552K)->78921K(79552K) Class: 21995K(22464K)->21995K(22464K)
[414.625s][info][gc             ] GC(187) Pause Full (Allocation Failure) 2370M->1781M(2748M) 67.688ms
[414.625s][info][gc,cpu         ] GC(187) User=0.20s Sys=0.00s Real=0.07s
[414.833s][info][gc,start       ] GC(188) Pause Full (Allocation Failure)
[414.833s][info][gc,phases,start] GC(188) Marking Phase
[414.851s][info][gc,phases      ] GC(188) Marking Phase 18.420ms
[414.851s][info][gc,phases,start] GC(188) Summary Phase
[414.851s][info][gc,phases      ] GC(188) Summary Phase 0.022ms
[414.851s][info][gc,phases,start] GC(188) Forward
[414.854s][info][gc,phases      ] GC(188) Forward 2.376ms
[414.854s][info][gc,phases,start] GC(188) Adjust Pointers
[414.868s][info][gc,phases      ] GC(188) Adjust Pointers 13.918ms
[414.868s][info][gc,phases,start] GC(188) Compaction Phase
[414.887s][info][gc,phases      ] GC(188) Compaction Phase 18.927ms
[414.887s][info][gc,phases,start] GC(188) Post Compact
[414.888s][info][gc,phases      ] GC(188) Post Compact 1.136ms
[414.888s][info][gc,heap        ] GC(188) PSYoungGen: 732970K(856576K)->0K(856576K) Eden: 732970K(734208K)->0K(734208K) From: 0K(122368K)->0K(122368K)
[414.888s][info][gc,heap        ] GC(188) ParOldGen: 1823818K(1957888K)->1758696K(1957888K)
[414.888s][info][gc,metaspace   ] GC(188) Metaspace: 100925K(102016K)->100925K(102016K) NonClass: 78928K(79552K)->78928K(79552K) Class: 21997K(22464K)->21997K(22464K)
[414.888s][info][gc             ] GC(188) Pause Full (Allocation Failure) 2496M->1717M(2748M) 55.000ms
[414.888s][info][gc,cpu         ] GC(188) User=0.16s Sys=0.00s Real=0.06s
[415.176s][info][gc,start       ] GC(189) Pause Full (Allocation Failure)
[415.176s][info][gc,phases,start] GC(189) Marking Phase
[415.197s][info][gc,phases      ] GC(189) Marking Phase 20.715ms
[415.197s][info][gc,phases,start] GC(189) Summary Phase
[415.197s][info][gc,phases      ] GC(189) Summary Phase 0.021ms
[415.197s][info][gc,phases,start] GC(189) Forward
[415.199s][info][gc,phases      ] GC(189) Forward 2.667ms
[415.199s][info][gc,phases,start] GC(189) Adjust Pointers
[415.213s][info][gc,phases      ] GC(189) Adjust Pointers 13.826ms
[415.213s][info][gc,phases,start] GC(189) Compaction Phase
[415.236s][info][gc,phases      ] GC(189) Compaction Phase 22.812ms
[415.236s][info][gc,phases,start] GC(189) Post Compact
[415.237s][info][gc,phases      ] GC(189) Post Compact 1.293ms
[415.237s][info][gc,heap        ] GC(189) PSYoungGen: 734033K(856576K)->0K(856576K) Eden: 734033K(734208K)->0K(734208K) From: 0K(122368K)->0K(122368K)
[415.237s][info][gc,heap        ] GC(189) ParOldGen: 1758696K(1957888K)->1826830K(1957888K)
[415.237s][info][gc,metaspace   ] GC(189) Metaspace: 100925K(102016K)->100925K(102016K) NonClass: 78928K(79552K)->78928K(79552K) Class: 21997K(22464K)->21997K(22464K)
[415.237s][info][gc             ] GC(189) Pause Full (Allocation Failure) 2434M->1784M(2748M) 61.691ms
[415.238s][info][gc,cpu         ] GC(189) User=0.19s Sys=0.00s Real=0.06s
[415.460s][info][gc,start       ] GC(190) Pause Full (Allocation Failure)
[415.460s][info][gc,phases,start] GC(190) Marking Phase
[415.481s][info][gc,phases      ] GC(190) Marking Phase 20.757ms
[415.481s][info][gc,phases,start] GC(190) Summary Phase
[415.481s][info][gc,phases      ] GC(190) Summary Phase 0.048ms
[415.481s][info][gc,phases,start] GC(190) Forward
[415.483s][info][gc,phases      ] GC(190) Forward 2.449ms
[415.483s][info][gc,phases,start] GC(190) Adjust Pointers
[415.497s][info][gc,phases      ] GC(190) Adjust Pointers 13.984ms
[415.497s][info][gc,phases,start] GC(190) Compaction Phase
[415.518s][info][gc,phases      ] GC(190) Compaction Phase 20.573ms
[415.518s][info][gc,phases,start] GC(190) Post Compact
[415.519s][info][gc,phases      ] GC(190) Post Compact 1.180ms
[415.519s][info][gc,heap        ] GC(190) PSYoungGen: 732881K(856576K)->0K(856576K) Eden: 732881K(734208K)->0K(734208K) From: 0K(122368K)->0K(122368K)
[415.519s][info][gc,heap        ] GC(190) ParOldGen: 1826830K(1957888K)->1734658K(1957888K)
[415.519s][info][gc,metaspace   ] GC(190) Metaspace: 100925K(102016K)->100925K(102016K) NonClass: 78928K(79552K)->78928K(79552K) Class: 21997K(22464K)->21997K(22464K)
[415.519s][info][gc             ] GC(190) Pause Full (Allocation Failure) 2499M->1694M(2748M) 59.606ms
[415.519s][info][gc,cpu         ] GC(190) User=0.17s Sys=0.01s Real=0.06s
[417.037s][info][gc,start       ] GC(191) Pause Full (Allocation Failure)
[417.038s][info][gc,phases,start] GC(191) Marking Phase
[417.063s][info][gc,phases      ] GC(191) Marking Phase 25.094ms
[417.063s][info][gc,phases,start] GC(191) Summary Phase
[417.063s][info][gc,phases      ] GC(191) Summary Phase 0.018ms
[417.063s][info][gc,phases,start] GC(191) Forward
[417.065s][info][gc,phases      ] GC(191) Forward 2.313ms
[417.065s][info][gc,phases,start] GC(191) Adjust Pointers
[417.078s][info][gc,phases      ] GC(191) Adjust Pointers 12.942ms
[417.078s][info][gc,phases,start] GC(191) Compaction Phase
[417.093s][info][gc,phases      ] GC(191) Compaction Phase 14.986ms
[417.093s][info][gc,phases,start] GC(191) Post Compact
[417.095s][info][gc,phases      ] GC(191) Post Compact 2.460ms
[417.095s][info][gc,heap        ] GC(191) PSYoungGen: 734208K(856576K)->0K(856576K) Eden: 734208K(734208K)->0K(734208K) From: 0K(122368K)->0K(122368K)
[417.095s][info][gc,heap        ] GC(191) ParOldGen: 1734658K(1957888K)->1661221K(1957888K)
[417.095s][info][gc,metaspace   ] GC(191) Metaspace: 100929K(102016K)->100929K(102016K) NonClass: 78931K(79552K)->78931K(79552K) Class: 21997K(22464K)->21997K(22464K)
[417.096s][info][gc             ] GC(191) Pause Full (Allocation Failure) 2411M->1622M(2748M) 58.060ms
[417.096s][info][gc,cpu         ] GC(191) User=0.16s Sys=0.01s Real=0.06s
[418.240s][info][gc,start       ] GC(192) Pause Full (Allocation Failure)
[418.240s][info][gc,phases,start] GC(192) Marking Phase
[418.260s][info][gc,phases      ] GC(192) Marking Phase 20.065ms
[418.260s][info][gc,phases,start] GC(192) Summary Phase
[418.260s][info][gc,phases      ] GC(192) Summary Phase 0.024ms
[418.260s][info][gc,phases,start] GC(192) Forward
[418.264s][info][gc,phases      ] GC(192) Forward 3.884ms
[418.264s][info][gc,phases,start] GC(192) Adjust Pointers
[418.279s][info][gc,phases      ] GC(192) Adjust Pointers 14.818ms
[418.279s][info][gc,phases,start] GC(192) Compaction Phase
[418.326s][info][gc,phases      ] GC(192) Compaction Phase 47.160ms
[418.326s][info][gc,phases,start] GC(192) Post Compact
[418.327s][info][gc,phases      ] GC(192) Post Compact 1.153ms
[418.327s][info][gc,heap        ] GC(192) PSYoungGen: 729269K(856576K)->0K(856576K) Eden: 729269K(734208K)->0K(734208K) From: 0K(122368K)->0K(122368K)
[418.327s][info][gc,heap        ] GC(192) ParOldGen: 1661221K(1957888K)->1618611K(1957888K)
[418.327s][info][gc,metaspace   ] GC(192) Metaspace: 100933K(102016K)->100933K(102016K) NonClass: 78935K(79552K)->78935K(79552K) Class: 21997K(22464K)->21997K(22464K)
[418.327s][info][gc             ] GC(192) Pause Full (Allocation Failure) 2334M->1580M(2748M) 87.423ms
[418.327s][info][gc,cpu         ] GC(192) User=0.29s Sys=0.00s Real=0.08s
[419.119s][info][gc,start       ] GC(193) Pause Full (Allocation Failure)
[419.120s][info][gc,phases,start] GC(193) Marking Phase
[419.148s][info][gc,phases      ] GC(193) Marking Phase 27.964ms
[419.148s][info][gc,phases,start] GC(193) Summary Phase
[419.148s][info][gc,phases      ] GC(193) Summary Phase 0.023ms
[419.148s][info][gc,phases,start] GC(193) Forward
[419.150s][info][gc,phases      ] GC(193) Forward 2.449ms
[419.150s][info][gc,phases,start] GC(193) Adjust Pointers
[419.168s][info][gc,phases      ] GC(193) Adjust Pointers 18.291ms
[419.168s][info][gc,phases,start] GC(193) Compaction Phase
[419.183s][info][gc,phases      ] GC(193) Compaction Phase 14.717ms
[419.183s][info][gc,phases,start] GC(193) Post Compact
[419.184s][info][gc,phases      ] GC(193) Post Compact 1.268ms
[419.185s][info][gc,heap        ] GC(193) PSYoungGen: 734208K(856576K)->0K(856576K) Eden: 734208K(734208K)->0K(734208K) From: 0K(122368K)->0K(122368K)
[419.185s][info][gc,heap        ] GC(193) ParOldGen: 1618611K(1957888K)->1706877K(1957888K)
[419.185s][info][gc,metaspace   ] GC(193) Metaspace: 100933K(102016K)->100933K(102016K) NonClass: 78935K(79552K)->78935K(79552K) Class: 21997K(22464K)->21997K(22464K)
[419.185s][info][gc             ] GC(193) Pause Full (Allocation Failure) 2297M->1666M(2748M) 65.066ms
[419.185s][info][gc,cpu         ] GC(193) User=0.17s Sys=0.01s Real=0.06s
[419.747s][info][gc,start       ] GC(194) Pause Full (Allocation Failure)
[419.748s][info][gc,phases,start] GC(194) Marking Phase
[419.772s][info][gc,phases      ] GC(194) Marking Phase 24.454ms
[419.772s][info][gc,phases,start] GC(194) Summary Phase
[419.772s][info][gc,phases      ] GC(194) Summary Phase 0.022ms
[419.772s][info][gc,phases,start] GC(194) Forward
[419.776s][info][gc,phases      ] GC(194) Forward 4.366ms
[419.776s][info][gc,phases,start] GC(194) Adjust Pointers
[419.794s][info][gc,phases      ] GC(194) Adjust Pointers 17.376ms
[419.794s][info][gc,phases,start] GC(194) Compaction Phase
[419.814s][info][gc,phases      ] GC(194) Compaction Phase 19.988ms
[419.814s][info][gc,phases,start] GC(194) Post Compact
[419.815s][info][gc,phases      ] GC(194) Post Compact 1.201ms
[419.815s][info][gc,heap        ] GC(194) PSYoungGen: 729889K(856576K)->0K(856576K) Eden: 729889K(734208K)->0K(734208K) From: 0K(122368K)->0K(122368K)
[419.815s][info][gc,heap        ] GC(194) ParOldGen: 1706877K(1957888K)->1844273K(1957888K)
[419.815s][info][gc,metaspace   ] GC(194) Metaspace: 100933K(102016K)->100933K(102016K) NonClass: 78936K(79552K)->78936K(79552K) Class: 21997K(22464K)->21997K(22464K)
[419.815s][info][gc             ] GC(194) Pause Full (Allocation Failure) 2379M->1801M(2748M) 67.623ms
[419.815s][info][gc,cpu         ] GC(194) User=0.21s Sys=0.00s Real=0.07s
[420.035s][info][gc,start       ] GC(195) Pause Full (Allocation Failure)
[420.035s][info][gc,phases,start] GC(195) Marking Phase
[420.098s][info][gc,phases      ] GC(195) Marking Phase 63.509ms
[420.098s][info][gc,phases,start] GC(195) Summary Phase
[420.098s][info][gc,phases      ] GC(195) Summary Phase 0.043ms
[420.098s][info][gc,phases,start] GC(195) Forward
[420.104s][info][gc,phases      ] GC(195) Forward 5.554ms
[420.104s][info][gc,phases,start] GC(195) Adjust Pointers
[420.132s][info][gc,phases      ] GC(195) Adjust Pointers 27.423ms
[420.132s][info][gc,phases,start] GC(195) Compaction Phase
[420.152s][info][gc,phases      ] GC(195) Compaction Phase 20.292ms
[420.152s][info][gc,phases,start] GC(195) Post Compact
[420.154s][info][gc,phases      ] GC(195) Post Compact 1.635ms
[420.154s][info][gc,heap        ] GC(195) PSYoungGen: 734208K(856576K)->0K(856576K) Eden: 734208K(734208K)->0K(734208K) From: 0K(122368K)->0K(122368K)
[420.154s][info][gc,heap        ] GC(195) ParOldGen: 1844273K(1957888K)->1765205K(1957888K)
[420.154s][info][gc,metaspace   ] GC(195) Metaspace: 100934K(102016K)->100934K(102016K) NonClass: 78937K(79552K)->78937K(79552K) Class: 21997K(22464K)->21997K(22464K)
[420.154s][info][gc             ] GC(195) Pause Full (Allocation Failure) 2518M->1723M(2748M) 119.082ms
[420.154s][info][gc,cpu         ] GC(195) User=0.28s Sys=0.00s Real=0.12s
[420.821s][info][gc,start       ] GC(196) Pause Full (Allocation Failure)
[420.821s][info][gc,phases,start] GC(196) Marking Phase
[420.849s][info][gc,phases      ] GC(196) Marking Phase 27.640ms
[420.849s][info][gc,phases,start] GC(196) Summary Phase
[420.849s][info][gc,phases      ] GC(196) Summary Phase 0.025ms
[420.849s][info][gc,phases,start] GC(196) Forward
[420.852s][info][gc,phases      ] GC(196) Forward 3.731ms
[420.852s][info][gc,phases,start] GC(196) Adjust Pointers
[420.868s][info][gc,phases      ] GC(196) Adjust Pointers 15.867ms
[420.868s][info][gc,phases,start] GC(196) Compaction Phase
[420.905s][info][gc,phases      ] GC(196) Compaction Phase 36.513ms
[420.905s][info][gc,phases,start] GC(196) Post Compact
[420.907s][info][gc,phases      ] GC(196) Post Compact 1.877ms
[420.907s][info][gc,heap        ] GC(196) PSYoungGen: 730707K(856576K)->0K(856576K) Eden: 730707K(734208K)->0K(734208K) From: 0K(122368K)->0K(122368K)
[420.907s][info][gc,heap        ] GC(196) ParOldGen: 1765205K(1957888K)->1851192K(1957888K)
[420.907s][info][gc,metaspace   ] GC(196) Metaspace: 100934K(102016K)->100934K(102016K) NonClass: 78937K(79552K)->78937K(79552K) Class: 21997K(22464K)->21997K(22464K)
[420.907s][info][gc             ] GC(196) Pause Full (Allocation Failure) 2437M->1807M(2748M) 86.057ms
[420.907s][info][gc,cpu         ] GC(196) User=0.25s Sys=0.01s Real=0.08s
[421.147s][info][gc,start       ] GC(197) Pause Full (Allocation Failure)
[421.147s][info][gc,phases,start] GC(197) Marking Phase
[421.172s][info][gc,phases      ] GC(197) Marking Phase 25.019ms
[421.172s][info][gc,phases,start] GC(197) Summary Phase
[421.172s][info][gc,phases      ] GC(197) Summary Phase 0.024ms
[421.172s][info][gc,phases,start] GC(197) Forward
[421.174s][info][gc,phases      ] GC(197) Forward 2.356ms
[421.174s][info][gc,phases,start] GC(197) Adjust Pointers
[421.192s][info][gc,phases      ] GC(197) Adjust Pointers 17.427ms
[421.192s][info][gc,phases,start] GC(197) Compaction Phase
[421.210s][info][gc,phases      ] GC(197) Compaction Phase 17.963ms
[421.210s][info][gc,phases,start] GC(197) Post Compact
[421.211s][info][gc,phases      ] GC(197) Post Compact 1.317ms
[421.211s][info][gc,heap        ] GC(197) PSYoungGen: 732328K(856576K)->0K(856576K) Eden: 732328K(734208K)->0K(734208K) From: 0K(122368K)->0K(122368K)
[421.211s][info][gc,heap        ] GC(197) ParOldGen: 1851192K(1957888K)->1706900K(1957888K)
[421.211s][info][gc,metaspace   ] GC(197) Metaspace: 100934K(102016K)->100934K(102016K) NonClass: 78937K(79552K)->78937K(79552K) Class: 21997K(22464K)->21997K(22464K)
[421.211s][info][gc             ] GC(197) Pause Full (Allocation Failure) 2522M->1666M(2748M) 64.439ms
[421.211s][info][gc,cpu         ] GC(197) User=0.18s Sys=0.01s Real=0.07s
[423.020s][info][gc,start       ] GC(198) Pause Full (Allocation Failure)
[423.020s][info][gc,phases,start] GC(198) Marking Phase
[423.054s][info][gc,phases      ] GC(198) Marking Phase 34.251ms
[423.054s][info][gc,phases,start] GC(198) Summary Phase
[423.054s][info][gc,phases      ] GC(198) Summary Phase 0.019ms
[423.054s][info][gc,phases,start] GC(198) Forward
[423.058s][info][gc,phases      ] GC(198) Forward 3.405ms
[423.058s][info][gc,phases,start] GC(198) Adjust Pointers
[423.079s][info][gc,phases      ] GC(198) Adjust Pointers 21.531ms
[423.080s][info][gc,phases,start] GC(198) Compaction Phase
[423.106s][info][gc,phases      ] GC(198) Compaction Phase 26.591ms
[423.106s][info][gc,phases,start] GC(198) Post Compact
[423.110s][info][gc,phases      ] GC(198) Post Compact 3.448ms
[423.110s][info][gc,heap        ] GC(198) PSYoungGen: 734208K(856576K)->0K(856576K) Eden: 734208K(734208K)->0K(734208K) From: 0K(122368K)->0K(122368K)
[423.110s][info][gc,heap        ] GC(198) ParOldGen: 1706900K(1957888K)->1695021K(1957888K)
[423.110s][info][gc,metaspace   ] GC(198) Metaspace: 100949K(102016K)->100949K(102016K) NonClass: 78952K(79552K)->78952K(79552K) Class: 21997K(22464K)->21997K(22464K)
[423.110s][info][gc             ] GC(198) Pause Full (Allocation Failure) 2383M->1655M(2748M) 90.059ms
[423.110s][info][gc,cpu         ] GC(198) User=0.25s Sys=0.01s Real=0.09s
[424.177s][info][gc,start       ] GC(199) Pause Full (Allocation Failure)
[424.177s][info][gc,phases,start] GC(199) Marking Phase
[424.200s][info][gc,phases      ] GC(199) Marking Phase 22.555ms
[424.200s][info][gc,phases,start] GC(199) Summary Phase
[424.200s][info][gc,phases      ] GC(199) Summary Phase 0.022ms
[424.200s][info][gc,phases,start] GC(199) Forward
[424.202s][info][gc,phases      ] GC(199) Forward 1.876ms
[424.202s][info][gc,phases,start] GC(199) Adjust Pointers
[424.215s][info][gc,phases      ] GC(199) Adjust Pointers 13.327ms
[424.215s][info][gc,phases,start] GC(199) Compaction Phase
[424.258s][info][gc,phases      ] GC(199) Compaction Phase 42.355ms
[424.258s][info][gc,phases,start] GC(199) Post Compact
[424.259s][info][gc,phases      ] GC(199) Post Compact 1.129ms
[424.259s][info][gc,heap        ] GC(199) PSYoungGen: 733220K(856576K)->0K(856576K) Eden: 733220K(734208K)->0K(734208K) From: 0K(122368K)->0K(122368K)
[424.259s][info][gc,heap        ] GC(199) ParOldGen: 1695021K(1957888K)->1718086K(1957888K)
[424.259s][info][gc,metaspace   ] GC(199) Metaspace: 100949K(102016K)->100949K(102016K) NonClass: 78952K(79552K)->78952K(79552K) Class: 21997K(22464K)->21997K(22464K)
[424.259s][info][gc             ] GC(199) Pause Full (Allocation Failure) 2371M->1677M(2748M) 81.477ms
[424.259s][info][gc,cpu         ] GC(199) User=0.26s Sys=0.01s Real=0.09s
[424.884s][info][gc,start       ] GC(200) Pause Full (Allocation Failure)
[424.884s][info][gc,phases,start] GC(200) Marking Phase
[424.906s][info][gc,phases      ] GC(200) Marking Phase 22.143ms
[424.906s][info][gc,phases,start] GC(200) Summary Phase
[424.906s][info][gc,phases      ] GC(200) Summary Phase 0.020ms
[424.906s][info][gc,phases,start] GC(200) Forward
[424.908s][info][gc,phases      ] GC(200) Forward 2.426ms
[424.908s][info][gc,phases,start] GC(200) Adjust Pointers
[424.924s][info][gc,phases      ] GC(200) Adjust Pointers 15.142ms
[424.924s][info][gc,phases,start] GC(200) Compaction Phase
[424.940s][info][gc,phases      ] GC(200) Compaction Phase 16.605ms
[424.940s][info][gc,phases,start] GC(200) Post Compact
[424.942s][info][gc,phases      ] GC(200) Post Compact 1.211ms
[424.942s][info][gc,heap        ] GC(200) PSYoungGen: 733106K(856576K)->0K(856576K) Eden: 733106K(734208K)->0K(734208K) From: 0K(122368K)->0K(122368K)
[424.942s][info][gc,heap        ] GC(200) ParOldGen: 1718086K(1957888K)->1707929K(1957888K)
[424.942s][info][gc,metaspace   ] GC(200) Metaspace: 100950K(102016K)->100950K(102016K) NonClass: 78953K(79552K)->78953K(79552K) Class: 21997K(22464K)->21997K(22464K)
[424.942s][info][gc             ] GC(200) Pause Full (Allocation Failure) 2393M->1667M(2748M) 57.879ms
[424.942s][info][gc,cpu         ] GC(200) User=0.17s Sys=0.00s Real=0.06s
[425.381s][info][gc,start       ] GC(201) Pause Full (Allocation Failure)
[425.381s][info][gc,phases,start] GC(201) Marking Phase
[425.406s][info][gc,phases      ] GC(201) Marking Phase 25.276ms
[425.406s][info][gc,phases,start] GC(201) Summary Phase
[425.406s][info][gc,phases      ] GC(201) Summary Phase 0.022ms
[425.406s][info][gc,phases,start] GC(201) Forward
[425.410s][info][gc,phases      ] GC(201) Forward 3.661ms
[425.410s][info][gc,phases,start] GC(201) Adjust Pointers
[425.425s][info][gc,phases      ] GC(201) Adjust Pointers 15.659ms
[425.426s][info][gc,phases,start] GC(201) Compaction Phase
[425.453s][info][gc,phases      ] GC(201) Compaction Phase 27.792ms
[425.453s][info][gc,phases,start] GC(201) Post Compact
[425.455s][info][gc,phases      ] GC(201) Post Compact 1.367ms
[425.455s][info][gc,heap        ] GC(201) PSYoungGen: 733525K(856576K)->0K(856576K) Eden: 733525K(734208K)->0K(734208K) From: 0K(122368K)->0K(122368K)
[425.455s][info][gc,heap        ] GC(201) ParOldGen: 1707929K(1957888K)->1866803K(1957888K)
[425.455s][info][gc,metaspace   ] GC(201) Metaspace: 100950K(102016K)->100950K(102016K) NonClass: 78953K(79552K)->78953K(79552K) Class: 21997K(22464K)->21997K(22464K)
[425.455s][info][gc             ] GC(201) Pause Full (Allocation Failure) 2384M->1823M(2748M) 74.114ms
[425.455s][info][gc,cpu         ] GC(201) User=0.23s Sys=0.01s Real=0.07s
[425.648s][info][gc,start       ] GC(202) Pause Full (Allocation Failure)
[425.648s][info][gc,phases,start] GC(202) Marking Phase
[425.672s][info][gc,phases      ] GC(202) Marking Phase 24.599ms
[425.672s][info][gc,phases,start] GC(202) Summary Phase
[425.672s][info][gc,phases      ] GC(202) Summary Phase 0.024ms
[425.672s][info][gc,phases,start] GC(202) Forward
[425.674s][info][gc,phases      ] GC(202) Forward 1.768ms
[425.674s][info][gc,phases,start] GC(202) Adjust Pointers
[425.690s][info][gc,phases      ] GC(202) Adjust Pointers 15.456ms
[425.690s][info][gc,phases,start] GC(202) Compaction Phase
[425.708s][info][gc,phases      ] GC(202) Compaction Phase 18.340ms
[425.708s][info][gc,phases,start] GC(202) Post Compact
[425.709s][info][gc,phases      ] GC(202) Post Compact 1.182ms
[425.709s][info][gc,heap        ] GC(202) PSYoungGen: 731990K(856576K)->0K(856576K) Eden: 731990K(734208K)->0K(734208K) From: 0K(122368K)->0K(122368K)
[425.709s][info][gc,heap        ] GC(202) ParOldGen: 1866803K(1957888K)->1703508K(1957888K)
[425.709s][info][gc,metaspace   ] GC(202) Metaspace: 100950K(102016K)->100950K(102016K) NonClass: 78953K(79552K)->78953K(79552K) Class: 21997K(22464K)->21997K(22464K)
[425.709s][info][gc             ] GC(202) Pause Full (Allocation Failure) 2537M->1663M(2748M) 61.578ms
[425.709s][info][gc,cpu         ] GC(202) User=0.17s Sys=0.00s Real=0.06s
[426.152s][info][gc,start       ] GC(203) Pause Full (Allocation Failure)
[426.152s][info][gc,phases,start] GC(203) Marking Phase
[426.177s][info][gc,phases      ] GC(203) Marking Phase 24.652ms
[426.177s][info][gc,phases,start] GC(203) Summary Phase
[426.177s][info][gc,phases      ] GC(203) Summary Phase 0.023ms
[426.177s][info][gc,phases,start] GC(203) Forward
[426.180s][info][gc,phases      ] GC(203) Forward 3.119ms
[426.180s][info][gc,phases,start] GC(203) Adjust Pointers
[426.199s][info][gc,phases      ] GC(203) Adjust Pointers 19.130ms
[426.199s][info][gc,phases,start] GC(203) Compaction Phase
[426.224s][info][gc,phases      ] GC(203) Compaction Phase 24.691ms
[426.224s][info][gc,phases,start] GC(203) Post Compact
[426.225s][info][gc,phases      ] GC(203) Post Compact 1.339ms
[426.225s][info][gc,heap        ] GC(203) PSYoungGen: 734208K(856576K)->0K(856576K) Eden: 734208K(734208K)->0K(734208K) From: 0K(122368K)->0K(122368K)
[426.225s][info][gc,heap        ] GC(203) ParOldGen: 1703508K(1957888K)->1856648K(1957888K)
[426.225s][info][gc,metaspace   ] GC(203) Metaspace: 100950K(102016K)->100950K(102016K) NonClass: 78953K(79552K)->78953K(79552K) Class: 21997K(22464K)->21997K(22464K)
[426.225s][info][gc             ] GC(203) Pause Full (Allocation Failure) 2380M->1813M(2748M) 73.259ms
[426.225s][info][gc,cpu         ] GC(203) User=0.22s Sys=0.00s Real=0.07s
[426.467s][info][gc,start       ] GC(204) Pause Full (Allocation Failure)
[426.467s][info][gc,phases,start] GC(204) Marking Phase
[426.491s][info][gc,phases      ] GC(204) Marking Phase 24.038ms
[426.491s][info][gc,phases,start] GC(204) Summary Phase
[426.491s][info][gc,phases      ] GC(204) Summary Phase 0.031ms
[426.491s][info][gc,phases,start] GC(204) Forward
[426.493s][info][gc,phases      ] GC(204) Forward 1.920ms
[426.493s][info][gc,phases,start] GC(204) Adjust Pointers
[426.509s][info][gc,phases      ] GC(204) Adjust Pointers 16.004ms
[426.509s][info][gc,phases,start] GC(204) Compaction Phase
[426.526s][info][gc,phases      ] GC(204) Compaction Phase 17.400ms
[426.527s][info][gc,phases,start] GC(204) Post Compact
[426.528s][info][gc,phases      ] GC(204) Post Compact 1.164ms
[426.528s][info][gc,heap        ] GC(204) PSYoungGen: 733878K(856576K)->0K(856576K) Eden: 733878K(734208K)->0K(734208K) From: 0K(122368K)->0K(122368K)
[426.528s][info][gc,heap        ] GC(204) ParOldGen: 1856648K(1957888K)->1692690K(1957888K)
[426.528s][info][gc,metaspace   ] GC(204) Metaspace: 100950K(102016K)->100950K(102016K) NonClass: 78953K(79552K)->78953K(79552K) Class: 21997K(22464K)->21997K(22464K)
[426.528s][info][gc             ] GC(204) Pause Full (Allocation Failure) 2529M->1653M(2748M) 60.784ms
[426.528s][info][gc,cpu         ] GC(204) User=0.17s Sys=0.00s Real=0.07s
[428.540s][info][gc,start       ] GC(205) Pause Full (Allocation Failure)
[428.540s][info][gc,phases,start] GC(205) Marking Phase
[428.563s][info][gc,phases      ] GC(205) Marking Phase 23.223ms
[428.563s][info][gc,phases,start] GC(205) Summary Phase
[428.563s][info][gc,phases      ] GC(205) Summary Phase 0.020ms
[428.563s][info][gc,phases,start] GC(205) Forward
[428.566s][info][gc,phases      ] GC(205) Forward 2.850ms
[428.566s][info][gc,phases,start] GC(205) Adjust Pointers
[428.579s][info][gc,phases      ] GC(205) Adjust Pointers 12.618ms
[428.579s][info][gc,phases,start] GC(205) Compaction Phase
[428.595s][info][gc,phases      ] GC(205) Compaction Phase 16.852ms
[428.596s][info][gc,phases,start] GC(205) Post Compact
[428.597s][info][gc,phases      ] GC(205) Post Compact 1.199ms
[428.597s][info][gc,heap        ] GC(205) PSYoungGen: 734192K(856576K)->0K(856576K) Eden: 734192K(734208K)->0K(734208K) From: 0K(122368K)->0K(122368K)
[428.597s][info][gc,heap        ] GC(205) ParOldGen: 1692690K(1957888K)->1715413K(1957888K)
[428.597s][info][gc,metaspace   ] GC(205) Metaspace: 100954K(102016K)->100954K(102016K) NonClass: 78956K(79552K)->78956K(79552K) Class: 21997K(22464K)->21997K(22464K)
[428.597s][info][gc             ] GC(205) Pause Full (Allocation Failure) 2370M->1675M(2748M) 57.003ms
[428.597s][info][gc,cpu         ] GC(205) User=0.16s Sys=0.00s Real=0.05s
[429.476s][info][gc,start       ] GC(206) Pause Full (Allocation Failure)
[429.476s][info][gc,phases,start] GC(206) Marking Phase
[429.495s][info][gc,phases      ] GC(206) Marking Phase 19.311ms
[429.495s][info][gc,phases,start] GC(206) Summary Phase
[429.495s][info][gc,phases      ] GC(206) Summary Phase 0.017ms
[429.495s][info][gc,phases,start] GC(206) Forward
[429.497s][info][gc,phases      ] GC(206) Forward 1.782ms
[429.497s][info][gc,phases,start] GC(206) Adjust Pointers
[429.509s][info][gc,phases      ] GC(206) Adjust Pointers 11.984ms
[429.509s][info][gc,phases,start] GC(206) Compaction Phase
[429.527s][info][gc,phases      ] GC(206) Compaction Phase 17.854ms
[429.527s][info][gc,phases,start] GC(206) Post Compact
[429.528s][info][gc,phases      ] GC(206) Post Compact 1.045ms
[429.528s][info][gc,heap        ] GC(206) PSYoungGen: 731679K(856576K)->0K(856576K) Eden: 731679K(734208K)->0K(734208K) From: 0K(122368K)->0K(122368K)
[429.528s][info][gc,heap        ] GC(206) ParOldGen: 1715413K(1957888K)->1733152K(1957888K)
[429.528s][info][gc,metaspace   ] GC(206) Metaspace: 100971K(102016K)->100971K(102016K) NonClass: 78972K(79552K)->78972K(79552K) Class: 21998K(22464K)->21998K(22464K)
[429.528s][info][gc             ] GC(206) Pause Full (Allocation Failure) 2389M->1692M(2748M) 52.179ms
[429.528s][info][gc,cpu         ] GC(206) User=0.16s Sys=0.00s Real=0.06s
[430.109s][info][gc,start       ] GC(207) Pause Full (Allocation Failure)
[430.109s][info][gc,phases,start] GC(207) Marking Phase
[430.130s][info][gc,phases      ] GC(207) Marking Phase 20.239ms
[430.130s][info][gc,phases,start] GC(207) Summary Phase
[430.130s][info][gc,phases      ] GC(207) Summary Phase 0.022ms
[430.130s][info][gc,phases,start] GC(207) Forward
[430.131s][info][gc,phases      ] GC(207) Forward 1.793ms
[430.131s][info][gc,phases,start] GC(207) Adjust Pointers
[430.145s][info][gc,phases      ] GC(207) Adjust Pointers 13.229ms
[430.145s][info][gc,phases,start] GC(207) Compaction Phase
[430.161s][info][gc,phases      ] GC(207) Compaction Phase 15.963ms
[430.161s][info][gc,phases,start] GC(207) Post Compact
[430.162s][info][gc,phases      ] GC(207) Post Compact 1.260ms
[430.162s][info][gc,heap        ] GC(207) PSYoungGen: 730996K(856576K)->0K(856576K) Eden: 730996K(734208K)->0K(734208K) From: 0K(122368K)->0K(122368K)
[430.162s][info][gc,heap        ] GC(207) ParOldGen: 1733152K(1957888K)->1686605K(1957888K)
[430.162s][info][gc,metaspace   ] GC(207) Metaspace: 100971K(102016K)->100971K(102016K) NonClass: 78972K(79552K)->78972K(79552K) Class: 21998K(22464K)->21998K(22464K)
[430.162s][info][gc             ] GC(207) Pause Full (Allocation Failure) 2406M->1647M(2748M) 52.774ms
[430.162s][info][gc,cpu         ] GC(207) User=0.16s Sys=0.00s Real=0.05s
[430.615s][info][gc,start       ] GC(208) Pause Full (Allocation Failure)
[430.615s][info][gc,phases,start] GC(208) Marking Phase
[430.640s][info][gc,phases      ] GC(208) Marking Phase 25.613ms
[430.641s][info][gc,phases,start] GC(208) Summary Phase
[430.641s][info][gc,phases      ] GC(208) Summary Phase 0.022ms
[430.641s][info][gc,phases,start] GC(208) Forward
[430.644s][info][gc,phases      ] GC(208) Forward 3.386ms
[430.644s][info][gc,phases,start] GC(208) Adjust Pointers
[430.661s][info][gc,phases      ] GC(208) Adjust Pointers 17.127ms
[430.661s][info][gc,phases,start] GC(208) Compaction Phase
[430.685s][info][gc,phases      ] GC(208) Compaction Phase 24.205ms
[430.685s][info][gc,phases,start] GC(208) Post Compact
[430.687s][info][gc,phases      ] GC(208) Post Compact 1.117ms
[430.687s][info][gc,heap        ] GC(208) PSYoungGen: 733472K(856576K)->0K(856576K) Eden: 733472K(734208K)->0K(734208K) From: 0K(122368K)->0K(122368K)
[430.687s][info][gc,heap        ] GC(208) ParOldGen: 1686605K(1957888K)->1850678K(1957888K)
[430.687s][info][gc,metaspace   ] GC(208) Metaspace: 100973K(102016K)->100973K(102016K) NonClass: 78974K(79552K)->78974K(79552K) Class: 21998K(22464K)->21998K(22464K)
[430.687s][info][gc             ] GC(208) Pause Full (Allocation Failure) 2363M->1807M(2748M) 71.734ms
[430.687s][info][gc,cpu         ] GC(208) User=0.22s Sys=0.00s Real=0.07s
[430.875s][info][gc,start       ] GC(209) Pause Full (Allocation Failure)
[430.875s][info][gc,phases,start] GC(209) Marking Phase
[430.904s][info][gc,phases      ] GC(209) Marking Phase 29.126ms
[430.905s][info][gc,phases,start] GC(209) Summary Phase
[430.905s][info][gc,phases      ] GC(209) Summary Phase 0.091ms
[430.905s][info][gc,phases,start] GC(209) Forward
[430.908s][info][gc,phases      ] GC(209) Forward 3.575ms
[430.908s][info][gc,phases,start] GC(209) Adjust Pointers
[430.930s][info][gc,phases      ] GC(209) Adjust Pointers 21.337ms
[430.930s][info][gc,phases,start] GC(209) Compaction Phase
[430.949s][info][gc,phases      ] GC(209) Compaction Phase 19.101ms
[430.949s][info][gc,phases,start] GC(209) Post Compact
[430.950s][info][gc,phases      ] GC(209) Post Compact 1.407ms
[430.950s][info][gc,heap        ] GC(209) PSYoungGen: 733264K(856576K)->0K(856576K) Eden: 733264K(734208K)->0K(734208K) From: 0K(122368K)->0K(122368K)
[430.950s][info][gc,heap        ] GC(209) ParOldGen: 1850678K(1957888K)->1701866K(1957888K)
[430.950s][info][gc,metaspace   ] GC(209) Metaspace: 100973K(102016K)->100973K(102016K) NonClass: 78974K(79552K)->78974K(79552K) Class: 21998K(22464K)->21998K(22464K)
[430.950s][info][gc             ] GC(209) Pause Full (Allocation Failure) 2523M->1661M(2748M) 75.022ms
[430.950s][info][gc,cpu         ] GC(209) User=0.21s Sys=0.01s Real=0.08s
[431.419s][info][gc,start       ] GC(210) Pause Full (Allocation Failure)
[431.419s][info][gc,phases,start] GC(210) Marking Phase
[431.442s][info][gc,phases      ] GC(210) Marking Phase 23.414ms
[431.442s][info][gc,phases,start] GC(210) Summary Phase
[431.442s][info][gc,phases      ] GC(210) Summary Phase 0.020ms
[431.442s][info][gc,phases,start] GC(210) Forward
[431.445s][info][gc,phases      ] GC(210) Forward 2.520ms
[431.445s][info][gc,phases,start] GC(210) Adjust Pointers
[431.460s][info][gc,phases      ] GC(210) Adjust Pointers 14.785ms
[431.460s][info][gc,phases,start] GC(210) Compaction Phase
[431.483s][info][gc,phases      ] GC(210) Compaction Phase 23.340ms
[431.483s][info][gc,phases,start] GC(210) Post Compact
[431.484s][info][gc,phases      ] GC(210) Post Compact 1.175ms
[431.484s][info][gc,heap        ] GC(210) PSYoungGen: 726563K(856576K)->0K(856576K) Eden: 726563K(734208K)->0K(734208K) From: 0K(122368K)->0K(122368K)
[431.484s][info][gc,heap        ] GC(210) ParOldGen: 1701866K(1957888K)->1839183K(1957888K)
[431.484s][info][gc,metaspace   ] GC(210) Metaspace: 100973K(102016K)->100973K(102016K) NonClass: 78974K(79552K)->78974K(79552K) Class: 21998K(22464K)->21998K(22464K)
[431.484s][info][gc             ] GC(210) Pause Full (Allocation Failure) 2371M->1796M(2748M) 65.526ms
[431.485s][info][gc,cpu         ] GC(210) User=0.20s Sys=0.00s Real=0.06s
[431.623s][info][gc,start       ] GC(211) Pause Full (Allocation Failure)
[431.623s][info][gc,phases,start] GC(211) Marking Phase
[431.642s][info][gc,phases      ] GC(211) Marking Phase 18.817ms
[431.642s][info][gc,phases,start] GC(211) Summary Phase
[431.642s][info][gc,phases      ] GC(211) Summary Phase 0.019ms
[431.642s][info][gc,phases,start] GC(211) Forward
[431.643s][info][gc,phases      ] GC(211) Forward 1.138ms
[431.643s][info][gc,phases,start] GC(211) Adjust Pointers
[431.656s][info][gc,phases      ] GC(211) Adjust Pointers 13.174ms
[431.656s][info][gc,phases,start] GC(211) Compaction Phase
[431.672s][info][gc,phases      ] GC(211) Compaction Phase 16.350ms
[431.672s][info][gc,phases,start] GC(211) Post Compact
[431.674s][info][gc,phases      ] GC(211) Post Compact 1.253ms
[431.674s][info][gc,heap        ] GC(211) PSYoungGen: 731280K(856576K)->0K(856576K) Eden: 731280K(734208K)->0K(734208K) From: 0K(122368K)->0K(122368K)
[431.674s][info][gc,heap        ] GC(211) ParOldGen: 1839183K(1957888K)->1676433K(1957888K)
[431.674s][info][gc,metaspace   ] GC(211) Metaspace: 100973K(102016K)->100973K(102016K) NonClass: 78974K(79552K)->78974K(79552K) Class: 21998K(22464K)->21998K(22464K)
[431.674s][info][gc             ] GC(211) Pause Full (Allocation Failure) 2510M->1637M(2748M) 50.974ms
[431.674s][info][gc,cpu         ] GC(211) User=0.15s Sys=0.00s Real=0.05s
[433.423s][info][gc,start       ] GC(212) Pause Full (Allocation Failure)
[433.423s][info][gc,phases,start] GC(212) Marking Phase
[433.441s][info][gc,phases      ] GC(212) Marking Phase 17.801ms
[433.441s][info][gc,phases,start] GC(212) Summary Phase
[433.441s][info][gc,phases      ] GC(212) Summary Phase 0.020ms
[433.441s][info][gc,phases,start] GC(212) Forward
[433.443s][info][gc,phases      ] GC(212) Forward 2.634ms
[433.443s][info][gc,phases,start] GC(212) Adjust Pointers
[433.457s][info][gc,phases      ] GC(212) Adjust Pointers 13.798ms
[433.457s][info][gc,phases,start] GC(212) Compaction Phase
[433.476s][info][gc,phases      ] GC(212) Compaction Phase 18.636ms
[433.476s][info][gc,phases,start] GC(212) Post Compact
[433.477s][info][gc,phases      ] GC(212) Post Compact 1.162ms
[433.477s][info][gc,heap        ] GC(212) PSYoungGen: 733998K(856576K)->0K(856576K) Eden: 733998K(734208K)->0K(734208K) From: 0K(122368K)->0K(122368K)
[433.477s][info][gc,heap        ] GC(212) ParOldGen: 1676433K(1957888K)->1758591K(1957888K)
[433.477s][info][gc,metaspace   ] GC(212) Metaspace: 100975K(102016K)->100975K(102016K) NonClass: 78977K(79552K)->78977K(79552K) Class: 21998K(22464K)->21998K(22464K)
[433.477s][info][gc             ] GC(212) Pause Full (Allocation Failure) 2353M->1717M(2748M) 54.289ms
[433.477s][info][gc,cpu         ] GC(212) User=0.15s Sys=0.01s Real=0.05s
[434.311s][info][gc,start       ] GC(213) Pause Full (Allocation Failure)
[434.311s][info][gc,phases,start] GC(213) Marking Phase
[434.332s][info][gc,phases      ] GC(213) Marking Phase 21.233ms
[434.332s][info][gc,phases,start] GC(213) Summary Phase
[434.332s][info][gc,phases      ] GC(213) Summary Phase 0.021ms
[434.332s][info][gc,phases,start] GC(213) Forward
[434.338s][info][gc,phases      ] GC(213) Forward 5.467ms
[434.338s][info][gc,phases,start] GC(213) Adjust Pointers
[434.351s][info][gc,phases      ] GC(213) Adjust Pointers 13.173ms
[434.351s][info][gc,phases,start] GC(213) Compaction Phase
[434.394s][info][gc,phases      ] GC(213) Compaction Phase 43.141ms
[434.394s][info][gc,phases,start] GC(213) Post Compact
[434.395s][info][gc,phases      ] GC(213) Post Compact 1.142ms
[434.395s][info][gc,heap        ] GC(213) PSYoungGen: 731055K(856576K)->0K(856576K) Eden: 731055K(734208K)->0K(734208K) From: 0K(122368K)->0K(122368K)
[434.395s][info][gc,heap        ] GC(213) ParOldGen: 1758591K(1957888K)->1653923K(1957888K)
[434.395s][info][gc,metaspace   ] GC(213) Metaspace: 100981K(102016K)->100981K(102016K) NonClass: 78983K(79552K)->78983K(79552K) Class: 21998K(22464K)->21998K(22464K)
[434.395s][info][gc             ] GC(213) Pause Full (Allocation Failure) 2431M->1615M(2748M) 84.509ms
[434.395s][info][gc,cpu         ] GC(213) User=0.25s Sys=0.00s Real=0.08s
[434.878s][info][gc,start       ] GC(214) Pause Full (Allocation Failure)
[434.878s][info][gc,phases,start] GC(214) Marking Phase
[434.896s][info][gc,phases      ] GC(214) Marking Phase 17.840ms
[434.896s][info][gc,phases,start] GC(214) Summary Phase
[434.896s][info][gc,phases      ] GC(214) Summary Phase 0.018ms
[434.896s][info][gc,phases,start] GC(214) Forward
[434.898s][info][gc,phases      ] GC(214) Forward 2.045ms
[434.898s][info][gc,phases,start] GC(214) Adjust Pointers
[434.911s][info][gc,phases      ] GC(214) Adjust Pointers 12.946ms
[434.911s][info][gc,phases,start] GC(214) Compaction Phase
[434.922s][info][gc,phases      ] GC(214) Compaction Phase 10.954ms
[434.922s][info][gc,phases,start] GC(214) Post Compact
[434.923s][info][gc,phases      ] GC(214) Post Compact 1.006ms
[434.923s][info][gc,heap        ] GC(214) PSYoungGen: 733356K(856576K)->0K(856576K) Eden: 733356K(734208K)->0K(734208K) From: 0K(122368K)->0K(122368K)
[434.923s][info][gc,heap        ] GC(214) ParOldGen: 1653923K(1957888K)->1674993K(1957888K)
[434.923s][info][gc,metaspace   ] GC(214) Metaspace: 100990K(102016K)->100990K(102016K) NonClass: 78992K(79552K)->78992K(79552K) Class: 21998K(22464K)->21998K(22464K)
[434.923s][info][gc             ] GC(214) Pause Full (Allocation Failure) 2331M->1635M(2748M) 44.987ms
[434.923s][info][gc,cpu         ] GC(214) User=0.12s Sys=0.00s Real=0.04s
[435.277s][info][gc,start       ] GC(215) Pause Full (Allocation Failure)
[435.277s][info][gc,phases,start] GC(215) Marking Phase
[435.298s][info][gc,phases      ] GC(215) Marking Phase 20.542ms
[435.298s][info][gc,phases,start] GC(215) Summary Phase
[435.298s][info][gc,phases      ] GC(215) Summary Phase 0.020ms
[435.298s][info][gc,phases,start] GC(215) Forward
[435.302s][info][gc,phases      ] GC(215) Forward 3.803ms
[435.302s][info][gc,phases,start] GC(215) Adjust Pointers
[435.318s][info][gc,phases      ] GC(215) Adjust Pointers 16.457ms
[435.318s][info][gc,phases,start] GC(215) Compaction Phase
[435.335s][info][gc,phases      ] GC(215) Compaction Phase 17.093ms
[435.335s][info][gc,phases,start] GC(215) Post Compact
[435.337s][info][gc,phases      ] GC(215) Post Compact 1.387ms
[435.337s][info][gc,heap        ] GC(215) PSYoungGen: 734208K(856576K)->0K(856576K) Eden: 734208K(734208K)->0K(734208K) From: 0K(122368K)->0K(122368K)
[435.337s][info][gc,heap        ] GC(215) ParOldGen: 1674993K(1957888K)->1838555K(1957888K)
[435.337s][info][gc,metaspace   ] GC(215) Metaspace: 101000K(102080K)->101000K(102080K) NonClass: 79002K(79616K)->79002K(79616K) Class: 21998K(22464K)->21998K(22464K)
[435.337s][info][gc             ] GC(215) Pause Full (Allocation Failure) 2352M->1795M(2748M) 59.634ms
[435.337s][info][gc,cpu         ] GC(215) User=0.18s Sys=0.00s Real=0.06s
[435.495s][info][gc,start       ] GC(216) Pause Full (Allocation Failure)
[435.495s][info][gc,phases,start] GC(216) Marking Phase
[435.515s][info][gc,phases      ] GC(216) Marking Phase 19.693ms
[435.515s][info][gc,phases,start] GC(216) Summary Phase
[435.515s][info][gc,phases      ] GC(216) Summary Phase 0.021ms
[435.515s][info][gc,phases,start] GC(216) Forward
[435.517s][info][gc,phases      ] GC(216) Forward 2.249ms
[435.517s][info][gc,phases,start] GC(216) Adjust Pointers
[435.533s][info][gc,phases      ] GC(216) Adjust Pointers 16.481ms
[435.533s][info][gc,phases,start] GC(216) Compaction Phase
[435.552s][info][gc,phases      ] GC(216) Compaction Phase 18.136ms
[435.552s][info][gc,phases,start] GC(216) Post Compact
[435.553s][info][gc,phases      ] GC(216) Post Compact 1.139ms
[435.553s][info][gc,heap        ] GC(216) PSYoungGen: 730923K(856576K)->0K(856576K) Eden: 730923K(734208K)->0K(734208K) From: 0K(122368K)->0K(122368K)
[435.553s][info][gc,heap        ] GC(216) ParOldGen: 1838555K(1957888K)->1722585K(1957888K)
[435.553s][info][gc,metaspace   ] GC(216) Metaspace: 101000K(102080K)->101000K(102080K) NonClass: 79002K(79616K)->79002K(79616K) Class: 21998K(22464K)->21998K(22464K)
[435.553s][info][gc             ] GC(216) Pause Full (Allocation Failure) 2509M->1682M(2748M) 57.934ms
[435.553s][info][gc,cpu         ] GC(216) User=0.16s Sys=0.00s Real=0.06s
[435.909s][info][gc,start       ] GC(217) Pause Full (Allocation Failure)
[435.909s][info][gc,phases,start] GC(217) Marking Phase
[435.927s][info][gc,phases      ] GC(217) Marking Phase 18.437ms
[435.927s][info][gc,phases,start] GC(217) Summary Phase
[435.927s][info][gc,phases      ] GC(217) Summary Phase 0.017ms
[435.927s][info][gc,phases,start] GC(217) Forward
[435.930s][info][gc,phases      ] GC(217) Forward 2.670ms
[435.930s][info][gc,phases,start] GC(217) Adjust Pointers
[435.944s][info][gc,phases      ] GC(217) Adjust Pointers 13.804ms
[435.944s][info][gc,phases,start] GC(217) Compaction Phase
[435.967s][info][gc,phases      ] GC(217) Compaction Phase 23.088ms
[435.967s][info][gc,phases,start] GC(217) Post Compact
[435.968s][info][gc,phases      ] GC(217) Post Compact 1.195ms
[435.968s][info][gc,heap        ] GC(217) PSYoungGen: 732887K(856576K)->0K(856576K) Eden: 732887K(734208K)->0K(734208K) From: 0K(122368K)->0K(122368K)
[435.968s][info][gc,heap        ] GC(217) ParOldGen: 1722585K(1957888K)->1837538K(1957888K)
[435.968s][info][gc,metaspace   ] GC(217) Metaspace: 101001K(102080K)->101001K(102080K) NonClass: 79002K(79616K)->79002K(79616K) Class: 21998K(22464K)->21998K(22464K)
[435.968s][info][gc             ] GC(217) Pause Full (Allocation Failure) 2397M->1794M(2748M) 59.436ms
[435.968s][info][gc,cpu         ] GC(217) User=0.19s Sys=0.00s Real=0.06s
[436.120s][info][gc,start       ] GC(218) Pause Full (Allocation Failure)
[436.120s][info][gc,phases,start] GC(218) Marking Phase
[436.152s][info][gc,phases      ] GC(218) Marking Phase 31.571ms
[436.152s][info][gc,phases,start] GC(218) Summary Phase
[436.152s][info][gc,phases      ] GC(218) Summary Phase 0.054ms
[436.152s][info][gc,phases,start] GC(218) Forward
[436.154s][info][gc,phases      ] GC(218) Forward 1.792ms
[436.154s][info][gc,phases,start] GC(218) Adjust Pointers
[436.169s][info][gc,phases      ] GC(218) Adjust Pointers 14.943ms
[436.169s][info][gc,phases,start] GC(218) Compaction Phase
[436.184s][info][gc,phases      ] GC(218) Compaction Phase 15.122ms
[436.184s][info][gc,phases,start] GC(218) Post Compact
[436.187s][info][gc,phases      ] GC(218) Post Compact 3.007ms
[436.187s][info][gc,heap        ] GC(218) PSYoungGen: 733486K(856576K)->0K(856576K) Eden: 733486K(734208K)->0K(734208K) From: 0K(122368K)->0K(122368K)
[436.187s][info][gc,heap        ] GC(218) ParOldGen: 1837538K(1957888K)->1646073K(1957888K)
[436.187s][info][gc,metaspace   ] GC(218) Metaspace: 101001K(102080K)->101001K(102080K) NonClass: 79002K(79616K)->79002K(79616K) Class: 21998K(22464K)->21998K(22464K)
[436.187s][info][gc             ] GC(218) Pause Full (Allocation Failure) 2510M->1607M(2748M) 66.749ms
[436.187s][info][gc,cpu         ] GC(218) User=0.18s Sys=0.00s Real=0.06s
[438.099s][info][gc,start       ] GC(219) Pause Full (Allocation Failure)
[438.099s][info][gc,phases,start] GC(219) Marking Phase
[438.117s][info][gc,phases      ] GC(219) Marking Phase 18.522ms
[438.117s][info][gc,phases,start] GC(219) Summary Phase
[438.117s][info][gc,phases      ] GC(219) Summary Phase 0.016ms
[438.117s][info][gc,phases,start] GC(219) Forward
[438.119s][info][gc,phases      ] GC(219) Forward 1.960ms
[438.119s][info][gc,phases,start] GC(219) Adjust Pointers
[438.131s][info][gc,phases      ] GC(219) Adjust Pointers 12.160ms
[438.131s][info][gc,phases,start] GC(219) Compaction Phase
[438.148s][info][gc,phases      ] GC(219) Compaction Phase 16.853ms
[438.148s][info][gc,phases,start] GC(219) Post Compact
[438.149s][info][gc,phases      ] GC(219) Post Compact 1.243ms
[438.149s][info][gc,heap        ] GC(219) PSYoungGen: 730768K(856576K)->0K(856576K) Eden: 730768K(734208K)->0K(734208K) From: 0K(122368K)->0K(122368K)
[438.149s][info][gc,heap        ] GC(219) ParOldGen: 1646073K(1957888K)->1717495K(1957888K)
[438.149s][info][gc,metaspace   ] GC(219) Metaspace: 101001K(102080K)->101001K(102080K) NonClass: 79003K(79616K)->79003K(79616K) Class: 21998K(22464K)->21998K(22464K)
[438.149s][info][gc             ] GC(219) Pause Full (Allocation Failure) 2321M->1677M(2748M) 50.980ms
[438.149s][info][gc,cpu         ] GC(219) User=0.16s Sys=0.01s Real=0.05s
[438.932s][info][gc,start       ] GC(220) Pause Full (Allocation Failure)
[438.932s][info][gc,phases,start] GC(220) Marking Phase
[438.951s][info][gc,phases      ] GC(220) Marking Phase 19.315ms
[438.951s][info][gc,phases,start] GC(220) Summary Phase
[438.951s][info][gc,phases      ] GC(220) Summary Phase 0.017ms
[438.951s][info][gc,phases,start] GC(220) Forward
[438.954s][info][gc,phases      ] GC(220) Forward 2.522ms
[438.954s][info][gc,phases,start] GC(220) Adjust Pointers
[438.966s][info][gc,phases      ] GC(220) Adjust Pointers 12.644ms
[438.966s][info][gc,phases,start] GC(220) Compaction Phase
[438.985s][info][gc,phases      ] GC(220) Compaction Phase 18.534ms
[438.985s][info][gc,phases,start] GC(220) Post Compact
[438.986s][info][gc,phases      ] GC(220) Post Compact 1.107ms
[438.986s][info][gc,heap        ] GC(220) PSYoungGen: 730132K(856576K)->0K(856576K) Eden: 730132K(734208K)->0K(734208K) From: 0K(122368K)->0K(122368K)
[438.986s][info][gc,heap        ] GC(220) ParOldGen: 1717495K(1957888K)->1756390K(1957888K)
[438.986s][info][gc,metaspace   ] GC(220) Metaspace: 101002K(102080K)->101002K(102080K) NonClass: 79004K(79616K)->79004K(79616K) Class: 21998K(22464K)->21998K(22464K)
[438.986s][info][gc             ] GC(220) Pause Full (Allocation Failure) 2390M->1715M(2748M) 54.444ms
[438.986s][info][gc,cpu         ] GC(220) User=0.16s Sys=0.00s Real=0.05s
[439.385s][info][gc,start       ] GC(221) Pause Full (Allocation Failure)
[439.385s][info][gc,phases,start] GC(221) Marking Phase
[439.407s][info][gc,phases      ] GC(221) Marking Phase 22.156ms
[439.407s][info][gc,phases,start] GC(221) Summary Phase
[439.407s][info][gc,phases      ] GC(221) Summary Phase 0.021ms
[439.407s][info][gc,phases,start] GC(221) Forward
[439.410s][info][gc,phases      ] GC(221) Forward 3.013ms
[439.410s][info][gc,phases,start] GC(221) Adjust Pointers
[439.426s][info][gc,phases      ] GC(221) Adjust Pointers 15.580ms
[439.426s][info][gc,phases,start] GC(221) Compaction Phase
[439.443s][info][gc,phases      ] GC(221) Compaction Phase 17.235ms
[439.443s][info][gc,phases,start] GC(221) Post Compact
[439.444s][info][gc,phases      ] GC(221) Post Compact 1.210ms
[439.444s][info][gc,heap        ] GC(221) PSYoungGen: 734208K(856576K)->0K(856576K) Eden: 734208K(734208K)->0K(734208K) From: 0K(122368K)->0K(122368K)
[439.444s][info][gc,heap        ] GC(221) ParOldGen: 1756390K(1957888K)->1706320K(1957888K)
[439.444s][info][gc,metaspace   ] GC(221) Metaspace: 101007K(102080K)->101007K(102080K) NonClass: 79009K(79616K)->79009K(79616K) Class: 21998K(22464K)->21998K(22464K)
[439.444s][info][gc             ] GC(221) Pause Full (Allocation Failure) 2432M->1666M(2748M) 59.475ms
[439.444s][info][gc,cpu         ] GC(221) User=0.16s Sys=0.00s Real=0.06s
[439.752s][info][gc,start       ] GC(222) Pause Full (Allocation Failure)
[439.752s][info][gc,phases,start] GC(222) Marking Phase
[439.776s][info][gc,phases      ] GC(222) Marking Phase 24.218ms
[439.776s][info][gc,phases,start] GC(222) Summary Phase
[439.776s][info][gc,phases      ] GC(222) Summary Phase 0.028ms
[439.776s][info][gc,phases,start] GC(222) Forward
[439.780s][info][gc,phases      ] GC(222) Forward 3.428ms
[439.780s][info][gc,phases,start] GC(222) Adjust Pointers
[439.795s][info][gc,phases      ] GC(222) Adjust Pointers 15.422ms
[439.795s][info][gc,phases,start] GC(222) Compaction Phase
[439.826s][info][gc,phases      ] GC(222) Compaction Phase 30.579ms
[439.826s][info][gc,phases,start] GC(222) Post Compact
[439.827s][info][gc,phases      ] GC(222) Post Compact 1.085ms
[439.827s][info][gc,heap        ] GC(222) PSYoungGen: 730122K(856576K)->0K(856576K) Eden: 730122K(734208K)->0K(734208K) From: 0K(122368K)->0K(122368K)
[439.827s][info][gc,heap        ] GC(222) ParOldGen: 1706320K(1957888K)->1849378K(1957888K)
[439.827s][info][gc,metaspace   ] GC(222) Metaspace: 101014K(102080K)->101014K(102080K) NonClass: 79015K(79616K)->79015K(79616K) Class: 21998K(22464K)->21998K(22464K)
[439.827s][info][gc             ] GC(222) Pause Full (Allocation Failure) 2379M->1806M(2748M) 74.975ms
[439.827s][info][gc,cpu         ] GC(222) User=0.25s Sys=0.01s Real=0.07s
[439.966s][info][gc,start       ] GC(223) Pause Full (Allocation Failure)
[439.966s][info][gc,phases,start] GC(223) Marking Phase
[439.987s][info][gc,phases      ] GC(223) Marking Phase 21.466ms
[439.987s][info][gc,phases,start] GC(223) Summary Phase
[439.987s][info][gc,phases      ] GC(223) Summary Phase 0.020ms
[439.987s][info][gc,phases,start] GC(223) Forward
[439.990s][info][gc,phases      ] GC(223) Forward 2.425ms
[439.990s][info][gc,phases,start] GC(223) Adjust Pointers
[440.006s][info][gc,phases      ] GC(223) Adjust Pointers 15.905ms
[440.006s][info][gc,phases,start] GC(223) Compaction Phase
[440.023s][info][gc,phases      ] GC(223) Compaction Phase 17.374ms
[440.023s][info][gc,phases,start] GC(223) Post Compact
[440.024s][info][gc,phases      ] GC(223) Post Compact 1.183ms
[440.024s][info][gc,heap        ] GC(223) PSYoungGen: 734208K(856576K)->0K(856576K) Eden: 734208K(734208K)->0K(734208K) From: 0K(122368K)->0K(122368K)
[440.024s][info][gc,heap        ] GC(223) ParOldGen: 1849378K(1957888K)->1702857K(1957888K)
[440.024s][info][gc,metaspace   ] GC(223) Metaspace: 101014K(102080K)->101014K(102080K) NonClass: 79015K(79616K)->79015K(79616K) Class: 21998K(22464K)->21998K(22464K)
[440.024s][info][gc             ] GC(223) Pause Full (Allocation Failure) 2523M->1662M(2748M) 58.555ms
[440.024s][info][gc,cpu         ] GC(223) User=0.17s Sys=0.00s Real=0.06s
[440.395s][info][gc,start       ] GC(224) Pause Full (Allocation Failure)
[440.395s][info][gc,phases,start] GC(224) Marking Phase
[440.416s][info][gc,phases      ] GC(224) Marking Phase 20.781ms
[440.416s][info][gc,phases,start] GC(224) Summary Phase
[440.416s][info][gc,phases      ] GC(224) Summary Phase 0.018ms
[440.416s][info][gc,phases,start] GC(224) Forward
[440.418s][info][gc,phases      ] GC(224) Forward 2.395ms
[440.418s][info][gc,phases,start] GC(224) Adjust Pointers
[440.431s][info][gc,phases      ] GC(224) Adjust Pointers 13.311ms
[440.431s][info][gc,phases,start] GC(224) Compaction Phase
[440.451s][info][gc,phases      ] GC(224) Compaction Phase 19.729ms
[440.451s][info][gc,phases,start] GC(224) Post Compact
[440.452s][info][gc,phases      ] GC(224) Post Compact 1.059ms
[440.452s][info][gc,heap        ] GC(224) PSYoungGen: 731383K(856576K)->0K(856576K) Eden: 731383K(734208K)->0K(734208K) From: 0K(122368K)->0K(122368K)
[440.452s][info][gc,heap        ] GC(224) ParOldGen: 1702857K(1957888K)->1809704K(1957888K)
[440.452s][info][gc,metaspace   ] GC(224) Metaspace: 101014K(102080K)->101014K(102080K) NonClass: 79016K(79616K)->79016K(79616K) Class: 21998K(22464K)->21998K(22464K)
[440.452s][info][gc             ] GC(224) Pause Full (Allocation Failure) 2377M->1767M(2748M) 57.482ms
[440.452s][info][gc,cpu         ] GC(224) User=0.17s Sys=0.00s Real=0.06s
[440.570s][info][gc,start       ] GC(225) Pause Full (Allocation Failure)
[440.570s][info][gc,phases,start] GC(225) Marking Phase
[440.587s][info][gc,phases      ] GC(225) Marking Phase 17.363ms
[440.587s][info][gc,phases,start] GC(225) Summary Phase
[440.587s][info][gc,phases      ] GC(225) Summary Phase 0.022ms
[440.587s][info][gc,phases,start] GC(225) Forward
[440.588s][info][gc,phases      ] GC(225) Forward 0.621ms
[440.588s][info][gc,phases,start] GC(225) Adjust Pointers
[440.601s][info][gc,phases      ] GC(225) Adjust Pointers 13.131ms
[440.601s][info][gc,phases,start] GC(225) Compaction Phase
[440.615s][info][gc,phases      ] GC(225) Compaction Phase 14.122ms
[440.615s][info][gc,phases,start] GC(225) Post Compact
[440.616s][info][gc,phases      ] GC(225) Post Compact 1.103ms
[440.616s][info][gc,heap        ] GC(225) PSYoungGen: 734208K(856576K)->0K(856576K) Eden: 734208K(734208K)->0K(734208K) From: 0K(122368K)->0K(122368K)
[440.616s][info][gc,heap        ] GC(225) ParOldGen: 1809704K(1957888K)->1636344K(1957888K)
[440.616s][info][gc,metaspace   ] GC(225) Metaspace: 101014K(102080K)->101014K(102080K) NonClass: 79016K(79616K)->79016K(79616K) Class: 21998K(22464K)->21998K(22464K)
[440.616s][info][gc             ] GC(225) Pause Full (Allocation Failure) 2484M->1597M(2748M) 46.545ms
[440.616s][info][gc,cpu         ] GC(225) User=0.14s Sys=0.00s Real=0.04s
[442.309s][info][gc,start       ] GC(226) Pause Full (Allocation Failure)
[442.309s][info][gc,phases,start] GC(226) Marking Phase
[442.327s][info][gc,phases      ] GC(226) Marking Phase 17.557ms
[442.327s][info][gc,phases,start] GC(226) Summary Phase
[442.327s][info][gc,phases      ] GC(226) Summary Phase 0.024ms
[442.327s][info][gc,phases,start] GC(226) Forward
[442.328s][info][gc,phases      ] GC(226) Forward 1.737ms
[442.328s][info][gc,phases,start] GC(226) Adjust Pointers
[442.341s][info][gc,phases      ] GC(226) Adjust Pointers 12.395ms
[442.341s][info][gc,phases,start] GC(226) Compaction Phase
[442.357s][info][gc,phases      ] GC(226) Compaction Phase 15.868ms
[442.357s][info][gc,phases,start] GC(226) Post Compact
[442.358s][info][gc,phases      ] GC(226) Post Compact 1.017ms
[442.358s][info][gc,heap        ] GC(226) PSYoungGen: 731496K(856576K)->0K(856576K) Eden: 731496K(734208K)->0K(734208K) From: 0K(122368K)->0K(122368K)
[442.358s][info][gc,heap        ] GC(226) ParOldGen: 1636344K(1957888K)->1700585K(1957888K)
[442.358s][info][gc,metaspace   ] GC(226) Metaspace: 101023K(102080K)->101023K(102080K) NonClass: 79025K(79616K)->79025K(79616K) Class: 21998K(22464K)->21998K(22464K)
[442.358s][info][gc             ] GC(226) Pause Full (Allocation Failure) 2312M->1660M(2748M) 48.793ms
[442.358s][info][gc,cpu         ] GC(226) User=0.14s Sys=0.01s Real=0.05s
[443.080s][info][gc,start       ] GC(227) Pause Full (Allocation Failure)
[443.080s][info][gc,phases,start] GC(227) Marking Phase
[443.101s][info][gc,phases      ] GC(227) Marking Phase 20.754ms
[443.101s][info][gc,phases,start] GC(227) Summary Phase
[443.101s][info][gc,phases      ] GC(227) Summary Phase 0.018ms
[443.101s][info][gc,phases,start] GC(227) Forward
[443.103s][info][gc,phases      ] GC(227) Forward 2.113ms
[443.103s][info][gc,phases,start] GC(227) Adjust Pointers
[443.116s][info][gc,phases      ] GC(227) Adjust Pointers 12.962ms
[443.116s][info][gc,phases,start] GC(227) Compaction Phase
[443.134s][info][gc,phases      ] GC(227) Compaction Phase 18.147ms
[443.134s][info][gc,phases,start] GC(227) Post Compact
[443.135s][info][gc,phases      ] GC(227) Post Compact 1.041ms
[443.135s][info][gc,heap        ] GC(227) PSYoungGen: 734074K(856576K)->0K(856576K) Eden: 734074K(734208K)->0K(734208K) From: 0K(122368K)->0K(122368K)
[443.135s][info][gc,heap        ] GC(227) ParOldGen: 1700585K(1957888K)->1743183K(1957888K)
[443.135s][info][gc,metaspace   ] GC(227) Metaspace: 101023K(102080K)->101023K(102080K) NonClass: 79025K(79616K)->79025K(79616K) Class: 21998K(22464K)->21998K(22464K)
[443.135s][info][gc             ] GC(227) Pause Full (Allocation Failure) 2377M->1702M(2748M) 55.254ms
[443.135s][info][gc,cpu         ] GC(227) User=0.16s Sys=0.01s Real=0.05s
[443.508s][info][gc,start       ] GC(228) Pause Full (Allocation Failure)
[443.508s][info][gc,phases,start] GC(228) Marking Phase
[443.530s][info][gc,phases      ] GC(228) Marking Phase 22.213ms
[443.530s][info][gc,phases,start] GC(228) Summary Phase
[443.530s][info][gc,phases      ] GC(228) Summary Phase 0.019ms
[443.530s][info][gc,phases,start] GC(228) Forward
[443.534s][info][gc,phases      ] GC(228) Forward 3.265ms
[443.534s][info][gc,phases,start] GC(228) Adjust Pointers
[443.547s][info][gc,phases      ] GC(228) Adjust Pointers 13.711ms
[443.547s][info][gc,phases,start] GC(228) Compaction Phase
[443.565s][info][gc,phases      ] GC(228) Compaction Phase 17.539ms
[443.565s][info][gc,phases,start] GC(228) Post Compact
[443.566s][info][gc,phases      ] GC(228) Post Compact 1.105ms
[443.566s][info][gc,heap        ] GC(228) PSYoungGen: 734208K(856576K)->0K(856576K) Eden: 734208K(734208K)->0K(734208K) From: 0K(122368K)->0K(122368K)
[443.566s][info][gc,heap        ] GC(228) ParOldGen: 1743183K(1957888K)->1722694K(1957888K)
[443.566s][info][gc,metaspace   ] GC(228) Metaspace: 101023K(102080K)->101023K(102080K) NonClass: 79025K(79616K)->79025K(79616K) Class: 21998K(22464K)->21998K(22464K)
[443.566s][info][gc             ] GC(228) Pause Full (Allocation Failure) 2419M->1682M(2748M) 58.107ms
[443.566s][info][gc,cpu         ] GC(228) User=0.16s Sys=0.01s Real=0.05s
[443.800s][info][gc,start       ] GC(229) Pause Full (Allocation Failure)
[443.800s][info][gc,phases,start] GC(229) Marking Phase
[443.821s][info][gc,phases      ] GC(229) Marking Phase 21.801ms
[443.821s][info][gc,phases,start] GC(229) Summary Phase
[443.822s][info][gc,phases      ] GC(229) Summary Phase 0.019ms
[443.822s][info][gc,phases,start] GC(229) Forward
[443.825s][info][gc,phases      ] GC(229) Forward 3.149ms
[443.825s][info][gc,phases,start] GC(229) Adjust Pointers
[443.839s][info][gc,phases      ] GC(229) Adjust Pointers 14.745ms
[443.839s][info][gc,phases,start] GC(229) Compaction Phase
[443.862s][info][gc,phases      ] GC(229) Compaction Phase 22.571ms
[443.862s][info][gc,phases,start] GC(229) Post Compact
[443.863s][info][gc,phases      ] GC(229) Post Compact 1.078ms
[443.863s][info][gc,heap        ] GC(229) PSYoungGen: 734208K(856576K)->0K(856576K) Eden: 734208K(734208K)->0K(734208K) From: 0K(122368K)->0K(122368K)
[443.863s][info][gc,heap        ] GC(229) ParOldGen: 1722694K(1957888K)->1830097K(1957888K)
[443.863s][info][gc,metaspace   ] GC(229) Metaspace: 101023K(102080K)->101023K(102080K) NonClass: 79025K(79616K)->79025K(79616K) Class: 21998K(22464K)->21998K(22464K)
[443.863s][info][gc             ] GC(229) Pause Full (Allocation Failure) 2399M->1787M(2748M) 63.556ms
[443.863s][info][gc,cpu         ] GC(229) User=0.19s Sys=0.01s Real=0.06s
[444.034s][info][gc,start       ] GC(230) Pause Full (Allocation Failure)
[444.034s][info][gc,phases,start] GC(230) Marking Phase
[444.057s][info][gc,phases      ] GC(230) Marking Phase 23.348ms
[444.057s][info][gc,phases,start] GC(230) Summary Phase
[444.057s][info][gc,phases      ] GC(230) Summary Phase 0.020ms
[444.057s][info][gc,phases,start] GC(230) Forward
[444.061s][info][gc,phases      ] GC(230) Forward 4.066ms
[444.061s][info][gc,phases,start] GC(230) Adjust Pointers
[444.078s][info][gc,phases      ] GC(230) Adjust Pointers 16.783ms
[444.078s][info][gc,phases,start] GC(230) Compaction Phase
[444.100s][info][gc,phases      ] GC(230) Compaction Phase 21.990ms
[444.100s][info][gc,phases,start] GC(230) Post Compact
[444.102s][info][gc,phases      ] GC(230) Post Compact 1.879ms
[444.102s][info][gc,heap        ] GC(230) PSYoungGen: 728318K(856576K)->0K(856576K) Eden: 728318K(734208K)->0K(734208K) From: 0K(122368K)->0K(122368K)
[444.102s][info][gc,heap        ] GC(230) ParOldGen: 1830097K(1957888K)->1761621K(1957888K)
[444.102s][info][gc,metaspace   ] GC(230) Metaspace: 101023K(102080K)->101023K(102080K) NonClass: 79025K(79616K)->79025K(79616K) Class: 21998K(22464K)->21998K(22464K)
[444.102s][info][gc             ] GC(230) Pause Full (Allocation Failure) 2498M->1720M(2748M) 68.433ms
[444.102s][info][gc,cpu         ] GC(230) User=0.20s Sys=0.01s Real=0.07s
[444.408s][info][gc,start       ] GC(231) Pause Full (Allocation Failure)
[444.408s][info][gc,phases,start] GC(231) Marking Phase
[444.428s][info][gc,phases      ] GC(231) Marking Phase 19.866ms
[444.428s][info][gc,phases,start] GC(231) Summary Phase
[444.428s][info][gc,phases      ] GC(231) Summary Phase 0.019ms
[444.428s][info][gc,phases,start] GC(231) Forward
[444.430s][info][gc,phases      ] GC(231) Forward 2.248ms
[444.430s][info][gc,phases,start] GC(231) Adjust Pointers
[444.443s][info][gc,phases      ] GC(231) Adjust Pointers 13.329ms
[444.443s][info][gc,phases,start] GC(231) Compaction Phase
[444.464s][info][gc,phases      ] GC(231) Compaction Phase 20.699ms
[444.464s][info][gc,phases,start] GC(231) Post Compact
[444.465s][info][gc,phases      ] GC(231) Post Compact 1.113ms
[444.465s][info][gc,heap        ] GC(231) PSYoungGen: 733127K(856576K)->0K(856576K) Eden: 733127K(734208K)->0K(734208K) From: 0K(122368K)->0K(122368K)
[444.465s][info][gc,heap        ] GC(231) ParOldGen: 1761621K(1957888K)->1831466K(1957888K)
[444.465s][info][gc,metaspace   ] GC(231) Metaspace: 101023K(102080K)->101023K(102080K) NonClass: 79025K(79616K)->79025K(79616K) Class: 21998K(22464K)->21998K(22464K)
[444.465s][info][gc             ] GC(231) Pause Full (Allocation Failure) 2436M->1788M(2748M) 57.522ms
[444.465s][info][gc,cpu         ] GC(231) User=0.17s Sys=0.01s Real=0.05s
[444.772s][info][gc,start       ] GC(232) Pause Full (Allocation Failure)
[444.772s][info][gc,phases,start] GC(232) Marking Phase
[444.789s][info][gc,phases      ] GC(232) Marking Phase 17.442ms
[444.789s][info][gc,phases,start] GC(232) Summary Phase
[444.789s][info][gc,phases      ] GC(232) Summary Phase 0.020ms
[444.789s][info][gc,phases,start] GC(232) Forward
[444.790s][info][gc,phases      ] GC(232) Forward 0.471ms
[444.790s][info][gc,phases,start] GC(232) Adjust Pointers
[444.802s][info][gc,phases      ] GC(232) Adjust Pointers 11.731ms
[444.802s][info][gc,phases,start] GC(232) Compaction Phase
[444.816s][info][gc,phases      ] GC(232) Compaction Phase 13.971ms
[444.816s][info][gc,phases,start] GC(232) Post Compact
[444.817s][info][gc,phases      ] GC(232) Post Compact 1.085ms
[444.817s][info][gc,heap        ] GC(232) PSYoungGen: 733536K(856576K)->0K(856576K) Eden: 733536K(734208K)->0K(734208K) From: 0K(122368K)->0K(122368K)
[444.817s][info][gc,heap        ] GC(232) ParOldGen: 1831466K(1957888K)->1630227K(1957888K)
[444.817s][info][gc,metaspace   ] GC(232) Metaspace: 101060K(102080K)->101060K(102080K) NonClass: 79062K(79616K)->79062K(79616K) Class: 21998K(22464K)->21998K(22464K)
[444.817s][info][gc             ] GC(232) Pause Full (Allocation Failure) 2504M->1592M(2748M) 44.902ms
[444.817s][info][gc,cpu         ] GC(232) User=0.13s Sys=0.00s Real=0.04s
[446.155s][info][gc,start       ] GC(233) Pause Full (Allocation Failure)
[446.155s][info][gc,phases,start] GC(233) Marking Phase
[446.172s][info][gc,phases      ] GC(233) Marking Phase 17.156ms
[446.172s][info][gc,phases,start] GC(233) Summary Phase
[446.172s][info][gc,phases      ] GC(233) Summary Phase 0.017ms
[446.172s][info][gc,phases,start] GC(233) Forward
[446.173s][info][gc,phases      ] GC(233) Forward 1.333ms
[446.173s][info][gc,phases,start] GC(233) Adjust Pointers
[446.186s][info][gc,phases      ] GC(233) Adjust Pointers 12.304ms
[446.186s][info][gc,phases,start] GC(233) Compaction Phase
[446.202s][info][gc,phases      ] GC(233) Compaction Phase 15.802ms
[446.202s][info][gc,phases,start] GC(233) Post Compact
[446.203s][info][gc,phases      ] GC(233) Post Compact 1.070ms
[446.203s][info][gc,heap        ] GC(233) PSYoungGen: 728493K(856576K)->0K(856576K) Eden: 728493K(734208K)->0K(734208K) From: 0K(122368K)->0K(122368K)
[446.203s][info][gc,heap        ] GC(233) ParOldGen: 1630227K(1957888K)->1697758K(1957888K)
[446.203s][info][gc,metaspace   ] GC(233) Metaspace: 101060K(102080K)->101060K(102080K) NonClass: 79062K(79616K)->79062K(79616K) Class: 21998K(22464K)->21998K(22464K)
[446.203s][info][gc             ] GC(233) Pause Full (Allocation Failure) 2303M->1657M(2748M) 47.903ms
[446.203s][info][gc,cpu         ] GC(233) User=0.14s Sys=0.00s Real=0.05s
[446.891s][info][gc,start       ] GC(234) Pause Full (Allocation Failure)
[446.891s][info][gc,phases,start] GC(234) Marking Phase
[446.909s][info][gc,phases      ] GC(234) Marking Phase 18.023ms
[446.909s][info][gc,phases,start] GC(234) Summary Phase
[446.909s][info][gc,phases      ] GC(234) Summary Phase 0.018ms
[446.909s][info][gc,phases,start] GC(234) Forward
[446.911s][info][gc,phases      ] GC(234) Forward 1.708ms
[446.911s][info][gc,phases,start] GC(234) Adjust Pointers
[446.923s][info][gc,phases      ] GC(234) Adjust Pointers 12.424ms
[446.923s][info][gc,phases,start] GC(234) Compaction Phase
[446.940s][info][gc,phases      ] GC(234) Compaction Phase 16.990ms
[446.940s][info][gc,phases,start] GC(234) Post Compact
[446.941s][info][gc,phases      ] GC(234) Post Compact 1.049ms
[446.941s][info][gc,heap        ] GC(234) PSYoungGen: 733089K(856576K)->0K(856576K) Eden: 733089K(734208K)->0K(734208K) From: 0K(122368K)->0K(122368K)
[446.941s][info][gc,heap        ] GC(234) ParOldGen: 1697758K(1957888K)->1633004K(1957888K)
[446.941s][info][gc,metaspace   ] GC(234) Metaspace: 101060K(102080K)->101060K(102080K) NonClass: 79062K(79616K)->79062K(79616K) Class: 21998K(22464K)->21998K(22464K)
[446.941s][info][gc             ] GC(234) Pause Full (Allocation Failure) 2373M->1594M(2748M) 50.402ms
[446.941s][info][gc,cpu         ] GC(234) User=0.15s Sys=0.00s Real=0.05s
[447.398s][info][gc,start       ] GC(235) Pause Full (Allocation Failure)
[447.398s][info][gc,phases,start] GC(235) Marking Phase
[447.420s][info][gc,phases      ] GC(235) Marking Phase 22.318ms
[447.420s][info][gc,phases,start] GC(235) Summary Phase
[447.420s][info][gc,phases      ] GC(235) Summary Phase 0.019ms
[447.420s][info][gc,phases,start] GC(235) Forward
[447.423s][info][gc,phases      ] GC(235) Forward 2.706ms
[447.423s][info][gc,phases,start] GC(235) Adjust Pointers
[447.437s][info][gc,phases      ] GC(235) Adjust Pointers 14.262ms
[447.437s][info][gc,phases,start] GC(235) Compaction Phase
[447.449s][info][gc,phases      ] GC(235) Compaction Phase 11.566ms
[447.449s][info][gc,phases,start] GC(235) Post Compact
[447.450s][info][gc,phases      ] GC(235) Post Compact 1.069ms
[447.450s][info][gc,heap        ] GC(235) PSYoungGen: 733764K(856576K)->0K(856576K) Eden: 733764K(734208K)->0K(734208K) From: 0K(122368K)->0K(122368K)
[447.450s][info][gc,heap        ] GC(235) ParOldGen: 1633004K(1957888K)->1737076K(1957888K)
[447.450s][info][gc,metaspace   ] GC(235) Metaspace: 101061K(102080K)->101061K(102080K) NonClass: 79063K(79616K)->79063K(79616K) Class: 21998K(22464K)->21998K(22464K)
[447.450s][info][gc             ] GC(235) Pause Full (Allocation Failure) 2311M->1696M(2748M) 52.151ms
[447.450s][info][gc,cpu         ] GC(235) User=0.14s Sys=0.00s Real=0.05s
[447.699s][info][gc,start       ] GC(236) Pause Full (Allocation Failure)
[447.699s][info][gc,phases,start] GC(236) Marking Phase
[447.717s][info][gc,phases      ] GC(236) Marking Phase 18.050ms
[447.717s][info][gc,phases,start] GC(236) Summary Phase
[447.717s][info][gc,phases      ] GC(236) Summary Phase 0.020ms
[447.717s][info][gc,phases,start] GC(236) Forward
[447.721s][info][gc,phases      ] GC(236) Forward 3.457ms
[447.721s][info][gc,phases,start] GC(236) Adjust Pointers
[447.735s][info][gc,phases      ] GC(236) Adjust Pointers 14.637ms
[447.735s][info][gc,phases,start] GC(236) Compaction Phase
[447.757s][info][gc,phases      ] GC(236) Compaction Phase 21.320ms
[447.757s][info][gc,phases,start] GC(236) Post Compact
[447.758s][info][gc,phases      ] GC(236) Post Compact 1.124ms
[447.758s][info][gc,heap        ] GC(236) PSYoungGen: 730531K(856576K)->0K(856576K) Eden: 730531K(734208K)->0K(734208K) From: 0K(122368K)->0K(122368K)
[447.758s][info][gc,heap        ] GC(236) ParOldGen: 1737076K(1957888K)->1824793K(1957888K)
[447.758s][info][gc,metaspace   ] GC(236) Metaspace: 101061K(102080K)->101061K(102080K) NonClass: 79063K(79616K)->79063K(79616K) Class: 21998K(22464K)->21998K(22464K)
[447.758s][info][gc             ] GC(236) Pause Full (Allocation Failure) 2409M->1782M(2748M) 58.847ms
[447.758s][info][gc,cpu         ] GC(236) User=0.18s Sys=0.00s Real=0.06s
[447.949s][info][gc,start       ] GC(237) Pause Full (Allocation Failure)
[447.949s][info][gc,phases,start] GC(237) Marking Phase
[447.970s][info][gc,phases      ] GC(237) Marking Phase 21.157ms
[447.970s][info][gc,phases,start] GC(237) Summary Phase
[447.970s][info][gc,phases      ] GC(237) Summary Phase 0.019ms
[447.970s][info][gc,phases,start] GC(237) Forward
[447.973s][info][gc,phases      ] GC(237) Forward 2.939ms
[447.973s][info][gc,phases,start] GC(237) Adjust Pointers
[447.985s][info][gc,phases      ] GC(237) Adjust Pointers 11.525ms
[447.985s][info][gc,phases,start] GC(237) Compaction Phase
[448.002s][info][gc,phases      ] GC(237) Compaction Phase 17.476ms
[448.002s][info][gc,phases,start] GC(237) Post Compact
[448.004s][info][gc,phases      ] GC(237) Post Compact 1.141ms
[448.004s][info][gc,heap        ] GC(237) PSYoungGen: 726041K(856576K)->0K(856576K) Eden: 726041K(734208K)->0K(734208K) From: 0K(122368K)->0K(122368K)
[448.004s][info][gc,heap        ] GC(237) ParOldGen: 1824793K(1957888K)->1760325K(1957888K)
[448.004s][info][gc,metaspace   ] GC(237) Metaspace: 101063K(102080K)->101063K(102080K) NonClass: 79065K(79616K)->79065K(79616K) Class: 21998K(22464K)->21998K(22464K)
[448.004s][info][gc             ] GC(237) Pause Full (Allocation Failure) 2491M->1719M(2748M) 54.468ms
[448.004s][info][gc,cpu         ] GC(237) User=0.17s Sys=0.00s Real=0.05s
[448.384s][info][gc,start       ] GC(238) Pause Full (Allocation Failure)
[448.384s][info][gc,phases,start] GC(238) Marking Phase
[448.402s][info][gc,phases      ] GC(238) Marking Phase 18.238ms
[448.402s][info][gc,phases,start] GC(238) Summary Phase
[448.402s][info][gc,phases      ] GC(238) Summary Phase 0.018ms
[448.402s][info][gc,phases,start] GC(238) Forward
[448.404s][info][gc,phases      ] GC(238) Forward 2.238ms
[448.404s][info][gc,phases,start] GC(238) Adjust Pointers
[448.417s][info][gc,phases      ] GC(238) Adjust Pointers 12.870ms
[448.417s][info][gc,phases,start] GC(238) Compaction Phase
[448.437s][info][gc,phases      ] GC(238) Compaction Phase 20.027ms
[448.437s][info][gc,phases,start] GC(238) Post Compact
[448.438s][info][gc,phases      ] GC(238) Post Compact 1.071ms
[448.438s][info][gc,heap        ] GC(238) PSYoungGen: 731899K(856576K)->0K(856576K) Eden: 731899K(734208K)->0K(734208K) From: 0K(122368K)->0K(122368K)
[448.438s][info][gc,heap        ] GC(238) ParOldGen: 1760325K(1957888K)->1810368K(1957888K)
[448.438s][info][gc,metaspace   ] GC(238) Metaspace: 101063K(102080K)->101063K(102080K) NonClass: 79065K(79616K)->79065K(79616K) Class: 21998K(22464K)->21998K(22464K)
[448.438s][info][gc             ] GC(238) Pause Full (Allocation Failure) 2433M->1767M(2748M) 54.665ms
[448.438s][info][gc,cpu         ] GC(238) User=0.16s Sys=0.01s Real=0.06s
[449.084s][info][gc,start       ] GC(239) Pause Full (Allocation Failure)
[449.084s][info][gc,phases,start] GC(239) Marking Phase
[449.101s][info][gc,phases      ] GC(239) Marking Phase 17.225ms
[449.101s][info][gc,phases,start] GC(239) Summary Phase
[449.101s][info][gc,phases      ] GC(239) Summary Phase 0.016ms
[449.101s][info][gc,phases,start] GC(239) Forward
[449.102s][info][gc,phases      ] GC(239) Forward 0.966ms
[449.102s][info][gc,phases,start] GC(239) Adjust Pointers
[449.115s][info][gc,phases      ] GC(239) Adjust Pointers 12.660ms
[449.115s][info][gc,phases,start] GC(239) Compaction Phase
[449.129s][info][gc,phases      ] GC(239) Compaction Phase 14.115ms
[449.129s][info][gc,phases,start] GC(239) Post Compact
[449.130s][info][gc,phases      ] GC(239) Post Compact 1.167ms
[449.130s][info][gc,heap        ] GC(239) PSYoungGen: 734208K(856576K)->0K(856576K) Eden: 734208K(734208K)->0K(734208K) From: 0K(122368K)->0K(122368K)
[449.130s][info][gc,heap        ] GC(239) ParOldGen: 1810368K(1957888K)->1634923K(1957888K)
[449.130s][info][gc,metaspace   ] GC(239) Metaspace: 101063K(102080K)->101063K(102080K) NonClass: 79065K(79616K)->79065K(79616K) Class: 21998K(22464K)->21998K(22464K)
[449.130s][info][gc             ] GC(239) Pause Full (Allocation Failure) 2484M->1596M(2748M) 46.352ms
[449.130s][info][gc,cpu         ] GC(239) User=0.14s Sys=0.00s Real=0.05s
[450.122s][info][gc,start       ] GC(240) Pause Full (Allocation Failure)
[450.122s][info][gc,phases,start] GC(240) Marking Phase
[450.138s][info][gc,phases      ] GC(240) Marking Phase 16.417ms
[450.138s][info][gc,phases,start] GC(240) Summary Phase
[450.138s][info][gc,phases      ] GC(240) Summary Phase 0.018ms
[450.138s][info][gc,phases,start] GC(240) Forward
[450.139s][info][gc,phases      ] GC(240) Forward 1.074ms
[450.139s][info][gc,phases,start] GC(240) Adjust Pointers
[450.152s][info][gc,phases      ] GC(240) Adjust Pointers 12.571ms
[450.152s][info][gc,phases,start] GC(240) Compaction Phase
[450.167s][info][gc,phases      ] GC(240) Compaction Phase 15.229ms
[450.167s][info][gc,phases,start] GC(240) Post Compact
[450.168s][info][gc,phases      ] GC(240) Post Compact 1.051ms
[450.168s][info][gc,heap        ] GC(240) PSYoungGen: 729195K(856576K)->0K(856576K) Eden: 729195K(734208K)->0K(734208K) From: 0K(122368K)->0K(122368K)
[450.168s][info][gc,heap        ] GC(240) ParOldGen: 1634923K(1957888K)->1681751K(1957888K)
[450.168s][info][gc,metaspace   ] GC(240) Metaspace: 101064K(102080K)->101064K(102080K) NonClass: 79066K(79616K)->79066K(79616K) Class: 21998K(22464K)->21998K(22464K)
[450.168s][info][gc             ] GC(240) Pause Full (Allocation Failure) 2308M->1642M(2748M) 46.558ms
[450.168s][info][gc,cpu         ] GC(240) User=0.14s Sys=0.00s Real=0.05s
[450.820s][info][gc,start       ] GC(241) Pause Full (Allocation Failure)
[450.820s][info][gc,phases,start] GC(241) Marking Phase
[450.838s][info][gc,phases      ] GC(241) Marking Phase 18.101ms
[450.838s][info][gc,phases,start] GC(241) Summary Phase
[450.838s][info][gc,phases      ] GC(241) Summary Phase 0.020ms
[450.838s][info][gc,phases,start] GC(241) Forward
[450.841s][info][gc,phases      ] GC(241) Forward 2.831ms
[450.841s][info][gc,phases,start] GC(241) Adjust Pointers
[450.854s][info][gc,phases      ] GC(241) Adjust Pointers 13.031ms
[450.854s][info][gc,phases,start] GC(241) Compaction Phase
[450.871s][info][gc,phases      ] GC(241) Compaction Phase 17.385ms
[450.871s][info][gc,phases,start] GC(241) Post Compact
[450.872s][info][gc,phases      ] GC(241) Post Compact 1.097ms
[450.872s][info][gc,heap        ] GC(241) PSYoungGen: 731868K(856576K)->0K(856576K) Eden: 731868K(734208K)->0K(734208K) From: 0K(122368K)->0K(122368K)
[450.872s][info][gc,heap        ] GC(241) ParOldGen: 1681751K(1957888K)->1738023K(1957888K)
[450.872s][info][gc,metaspace   ] GC(241) Metaspace: 101064K(102080K)->101064K(102080K) NonClass: 79066K(79616K)->79066K(79616K) Class: 21998K(22464K)->21998K(22464K)
[450.872s][info][gc             ] GC(241) Pause Full (Allocation Failure) 2357M->1697M(2748M) 52.652ms
[450.872s][info][gc,cpu         ] GC(241) User=0.16s Sys=0.01s Real=0.05s
[451.276s][info][gc,start       ] GC(242) Pause Full (Allocation Failure)
[451.276s][info][gc,phases,start] GC(242) Marking Phase
[451.295s][info][gc,phases      ] GC(242) Marking Phase 18.606ms
[451.295s][info][gc,phases,start] GC(242) Summary Phase
[451.295s][info][gc,phases      ] GC(242) Summary Phase 0.019ms
[451.295s][info][gc,phases,start] GC(242) Forward
[451.297s][info][gc,phases      ] GC(242) Forward 2.606ms
[451.297s][info][gc,phases,start] GC(242) Adjust Pointers
[451.313s][info][gc,phases      ] GC(242) Adjust Pointers 15.476ms
[451.313s][info][gc,phases,start] GC(242) Compaction Phase
[451.331s][info][gc,phases      ] GC(242) Compaction Phase 18.153ms
[451.331s][info][gc,phases,start] GC(242) Post Compact
[451.332s][info][gc,phases      ] GC(242) Post Compact 1.111ms
[451.332s][info][gc,heap        ] GC(242) PSYoungGen: 732651K(856576K)->0K(856576K) Eden: 732651K(734208K)->0K(734208K) From: 0K(122368K)->0K(122368K)
[451.332s][info][gc,heap        ] GC(242) ParOldGen: 1738023K(1957888K)->1744064K(1957888K)
[451.332s][info][gc,metaspace   ] GC(242) Metaspace: 101069K(102144K)->101069K(102144K) NonClass: 79070K(79680K)->79070K(79680K) Class: 21998K(22464K)->21998K(22464K)
[451.332s][info][gc             ] GC(242) Pause Full (Allocation Failure) 2412M->1703M(2748M) 56.186ms
[451.332s][info][gc,cpu         ] GC(242) User=0.17s Sys=0.00s Real=0.06s
[451.545s][info][gc,start       ] GC(243) Pause Full (Allocation Failure)
[451.545s][info][gc,phases,start] GC(243) Marking Phase
[451.563s][info][gc,phases      ] GC(243) Marking Phase 18.109ms
[451.563s][info][gc,phases,start] GC(243) Summary Phase
[451.563s][info][gc,phases      ] GC(243) Summary Phase 0.019ms
[451.563s][info][gc,phases,start] GC(243) Forward
[451.566s][info][gc,phases      ] GC(243) Forward 2.998ms
[451.566s][info][gc,phases,start] GC(243) Adjust Pointers
[451.581s][info][gc,phases      ] GC(243) Adjust Pointers 15.508ms
[451.582s][info][gc,phases,start] GC(243) Compaction Phase
[451.603s][info][gc,phases      ] GC(243) Compaction Phase 21.470ms
[451.603s][info][gc,phases,start] GC(243) Post Compact
[451.604s][info][gc,phases      ] GC(243) Post Compact 1.119ms
[451.604s][info][gc,heap        ] GC(243) PSYoungGen: 729974K(856576K)->0K(856576K) Eden: 729974K(734208K)->0K(734208K) From: 0K(122368K)->0K(122368K)
[451.604s][info][gc,heap        ] GC(243) ParOldGen: 1744064K(1957888K)->1814292K(1957888K)
[451.604s][info][gc,metaspace   ] GC(243) Metaspace: 101069K(102144K)->101069K(102144K) NonClass: 79070K(79680K)->79070K(79680K) Class: 21998K(22464K)->21998K(22464K)
[451.604s][info][gc             ] GC(243) Pause Full (Allocation Failure) 2416M->1771M(2748M) 59.448ms
[451.604s][info][gc,cpu         ] GC(243) User=0.18s Sys=0.00s Real=0.06s
[451.791s][info][gc,start       ] GC(244) Pause Full (Allocation Failure)
[451.791s][info][gc,phases,start] GC(244) Marking Phase
[451.812s][info][gc,phases      ] GC(244) Marking Phase 20.367ms
[451.812s][info][gc,phases,start] GC(244) Summary Phase
[451.812s][info][gc,phases      ] GC(244) Summary Phase 0.022ms
[451.812s][info][gc,phases,start] GC(244) Forward
[451.815s][info][gc,phases      ] GC(244) Forward 2.974ms
[451.815s][info][gc,phases,start] GC(244) Adjust Pointers
[451.830s][info][gc,phases      ] GC(244) Adjust Pointers 14.471ms
[451.830s][info][gc,phases,start] GC(244) Compaction Phase
[451.851s][info][gc,phases      ] GC(244) Compaction Phase 21.073ms
[451.863s][info][gc,phases,start] GC(244) Post Compact
[451.864s][info][gc,phases      ] GC(244) Post Compact 1.317ms
[451.864s][info][gc,heap        ] GC(244) PSYoungGen: 734208K(856576K)->0K(856576K) Eden: 734208K(734208K)->0K(734208K) From: 0K(122368K)->0K(122368K)
[451.864s][info][gc,heap        ] GC(244) ParOldGen: 1814292K(1957888K)->1740095K(1957888K)
[451.864s][info][gc,metaspace   ] GC(244) Metaspace: 101069K(102144K)->101069K(102144K) NonClass: 79071K(79680K)->79071K(79680K) Class: 21998K(22464K)->21998K(22464K)
[451.864s][info][gc             ] GC(244) Pause Full (Allocation Failure) 2488M->1699M(2748M) 72.786ms
[451.864s][info][gc,cpu         ] GC(244) User=0.18s Sys=0.00s Real=0.07s
[452.133s][info][gc,start       ] GC(245) Pause Full (Allocation Failure)
[452.133s][info][gc,phases,start] GC(245) Marking Phase
[452.150s][info][gc,phases      ] GC(245) Marking Phase 17.462ms
[452.150s][info][gc,phases,start] GC(245) Summary Phase
[452.150s][info][gc,phases      ] GC(245) Summary Phase 0.019ms
[452.150s][info][gc,phases,start] GC(245) Forward
[452.152s][info][gc,phases      ] GC(245) Forward 1.844ms
[452.152s][info][gc,phases,start] GC(245) Adjust Pointers
[452.166s][info][gc,phases      ] GC(245) Adjust Pointers 14.129ms
[452.166s][info][gc,phases,start] GC(245) Compaction Phase
[452.185s][info][gc,phases      ] GC(245) Compaction Phase 18.416ms
[452.185s][info][gc,phases,start] GC(245) Post Compact
[452.186s][info][gc,phases      ] GC(245) Post Compact 1.054ms
[452.186s][info][gc,heap        ] GC(245) PSYoungGen: 732093K(856576K)->0K(856576K) Eden: 732093K(734208K)->0K(734208K) From: 0K(122368K)->0K(122368K)
[452.186s][info][gc,heap        ] GC(245) ParOldGen: 1740095K(1957888K)->1780233K(1957888K)
[452.186s][info][gc,metaspace   ] GC(245) Metaspace: 101069K(102144K)->101069K(102144K) NonClass: 79071K(79680K)->79071K(79680K) Class: 21998K(22464K)->21998K(22464K)
[452.186s][info][gc             ] GC(245) Pause Full (Allocation Failure) 2414M->1738M(2748M) 53.142ms
[452.186s][info][gc,cpu         ] GC(245) User=0.16s Sys=0.00s Real=0.05s
[453.077s][info][gc,start       ] GC(246) Pause Full (Allocation Failure)
[453.077s][info][gc,phases,start] GC(246) Marking Phase
[453.099s][info][gc,phases      ] GC(246) Marking Phase 21.915ms
[453.099s][info][gc,phases,start] GC(246) Summary Phase
[453.099s][info][gc,phases      ] GC(246) Summary Phase 0.017ms
[453.099s][info][gc,phases,start] GC(246) Forward
[453.101s][info][gc,phases      ] GC(246) Forward 1.565ms
[453.101s][info][gc,phases,start] GC(246) Adjust Pointers
[453.114s][info][gc,phases      ] GC(246) Adjust Pointers 13.288ms
[453.114s][info][gc,phases,start] GC(246) Compaction Phase
[453.129s][info][gc,phases      ] GC(246) Compaction Phase 14.975ms
[453.129s][info][gc,phases,start] GC(246) Post Compact
[453.130s][info][gc,phases      ] GC(246) Post Compact 1.125ms
[453.130s][info][gc,heap        ] GC(246) PSYoungGen: 734208K(856576K)->0K(856576K) Eden: 734208K(734208K)->0K(734208K) From: 0K(122368K)->0K(122368K)
[453.130s][info][gc,heap        ] GC(246) ParOldGen: 1780233K(1957888K)->1646847K(1957888K)
[453.130s][info][gc,metaspace   ] GC(246) Metaspace: 101069K(102144K)->101069K(102144K) NonClass: 79071K(79680K)->79071K(79680K) Class: 21998K(22464K)->21998K(22464K)
[453.130s][info][gc             ] GC(246) Pause Full (Allocation Failure) 2455M->1608M(2748M) 53.110ms
[453.130s][info][gc,cpu         ] GC(246) User=0.15s Sys=0.00s Real=0.06s
[453.907s][info][gc,start       ] GC(247) Pause Full (Allocation Failure)
[453.907s][info][gc,phases,start] GC(247) Marking Phase
[453.925s][info][gc,phases      ] GC(247) Marking Phase 17.806ms
[453.925s][info][gc,phases,start] GC(247) Summary Phase
[453.925s][info][gc,phases      ] GC(247) Summary Phase 0.019ms
[453.925s][info][gc,phases,start] GC(247) Forward
[453.926s][info][gc,phases      ] GC(247) Forward 1.152ms
[453.926s][info][gc,phases,start] GC(247) Adjust Pointers
[453.938s][info][gc,phases      ] GC(247) Adjust Pointers 11.914ms
[453.938s][info][gc,phases,start] GC(247) Compaction Phase
[453.953s][info][gc,phases      ] GC(247) Compaction Phase 15.440ms
[453.954s][info][gc,phases,start] GC(247) Post Compact
[453.955s][info][gc,phases      ] GC(247) Post Compact 1.081ms
[453.955s][info][gc,heap        ] GC(247) PSYoungGen: 733961K(856576K)->0K(856576K) Eden: 733961K(734208K)->0K(734208K) From: 0K(122368K)->0K(122368K)
[453.955s][info][gc,heap        ] GC(247) ParOldGen: 1646847K(1957888K)->1678887K(1957888K)
[453.955s][info][gc,metaspace   ] GC(247) Metaspace: 101069K(102144K)->101069K(102144K) NonClass: 79071K(79680K)->79071K(79680K) Class: 21998K(22464K)->21998K(22464K)
[453.955s][info][gc             ] GC(247) Pause Full (Allocation Failure) 2325M->1639M(2748M) 47.586ms
[453.955s][info][gc,cpu         ] GC(247) User=0.14s Sys=0.00s Real=0.05s
[454.570s][info][gc,start       ] GC(248) Pause Full (Allocation Failure)
[454.570s][info][gc,phases,start] GC(248) Marking Phase
[454.593s][info][gc,phases      ] GC(248) Marking Phase 22.949ms
[454.593s][info][gc,phases,start] GC(248) Summary Phase
[454.593s][info][gc,phases      ] GC(248) Summary Phase 0.019ms
[454.593s][info][gc,phases,start] GC(248) Forward
[454.595s][info][gc,phases      ] GC(248) Forward 1.577ms
[454.595s][info][gc,phases,start] GC(248) Adjust Pointers
