[0.003s][info][gc,init] CardTable entry size: 512
[0.003s][info][gc     ] Using G1
[0.005s][info][gc,init] Version: 25.0.4.1+1-LTS (release)
[0.005s][info][gc,init] CPUs: 12 total, 4 available
[0.005s][info][gc,init] Memory: 4096M
[0.005s][info][gc,init] Large Page Support: Disabled
[0.005s][info][gc,init] NUMA Support: Disabled
[0.005s][info][gc,init] Compressed Oops: Enabled (Zero based)
[0.005s][info][gc,init] Heap Region Size: 2M
[0.005s][info][gc,init] Heap Min Capacity: 8M
[0.005s][info][gc,init] Heap Initial Capacity: 2868M
[0.005s][info][gc,init] Heap Max Capacity: 2868M
[0.005s][info][gc,init] Pre-touch: Disabled
[0.005s][info][gc,init] Parallel Workers: 4
[0.005s][info][gc,init] Concurrent Workers: 1
[0.005s][info][gc,init] Concurrent Refinement Workers: 4
[0.005s][info][gc,init] Periodic GC: Disabled
[0.008s][info][gc,metaspace] CDS archive(s) mapped at: [0x000003f800000000-0x000003f800e70000-0x000003f800e70000), size 15138816, SharedBaseAddress: 0x000003f800000000, ArchiveRelocationMode: 1.
[0.008s][info][gc,metaspace] Compressed class space mapped at: 0x000003f801000000-0x000003f841000000, reserved size: 1073741824
[0.008s][info][gc,metaspace] UseCompressedClassPointers 1, UseCompactObjectHeaders 1
[0.008s][info][gc,metaspace] Narrow klass pointer bits 22, Max shift 10
[0.008s][info][gc,metaspace] Narrow klass base: 0x000003f800000000, Narrow klass shift: 10
[0.008s][info][gc,metaspace] Encoding Range: [0x000003f800000000 - 0x000003f900000000), (4294967296 bytes)
[0.008s][info][gc,metaspace] Klass Range:    [0x000003f800010000 - 0x000003f841000000), (1090453504 bytes)
[0.008s][info][gc,metaspace] Klass ID Range:  [64 - 1064960) (1064896)
[0.008s][info][gc,metaspace] Protection zone: [0x000003f800000000 - 0x000003f800010000), (65536 bytes)
[0.715s][info][gc,start    ] GC(0) Pause Young (Normal) (G1 Evacuation Pause)
[0.716s][info][gc,task     ] GC(0) Using 4 workers of 4 for evacuation
[0.720s][info][gc,phases   ] GC(0)   Pre Evacuate Collection Set: 0.12ms
[0.720s][info][gc,phases   ] GC(0)   Merge Heap Roots: 0.05ms
[0.720s][info][gc,phases   ] GC(0)   Evacuate Collection Set: 3.20ms
[0.720s][info][gc,phases   ] GC(0)   Post Evacuate Collection Set: 0.73ms
[0.720s][info][gc,phases   ] GC(0)   Other: 0.40ms
[0.720s][info][gc,heap     ] GC(0) Eden regions: 71->0(239)
[0.720s][info][gc,heap     ] GC(0) Survivor regions: 0->5(9)
[0.720s][info][gc,heap     ] GC(0) Old regions: 1->1
[0.720s][info][gc,heap     ] GC(0) Humongous regions: 2->2
[0.720s][info][gc,metaspace] GC(0) Metaspace: 17086K(17344K)->17086K(17344K) NonClass: 13489K(13632K)->13489K(13632K) Class: 3596K(3712K)->3596K(3712K)
[0.720s][info][gc          ] GC(0) Pause Young (Normal) (G1 Evacuation Pause) 147M->13M(2868M) 4.634ms
[0.720s][info][gc,cpu      ] GC(0) User=0.02s Sys=0.00s Real=0.01s
[1.206s][info][gc,start    ] GC(1) Pause Young (Concurrent Start) (Metadata GC Threshold)
[1.206s][info][gc,task     ] GC(1) Using 4 workers of 4 for evacuation
[1.211s][info][gc,phases   ] GC(1)   Pre Evacuate Collection Set: 0.20ms
[1.211s][info][gc,phases   ] GC(1)   Merge Heap Roots: 0.04ms
[1.211s][info][gc,phases   ] GC(1)   Evacuate Collection Set: 4.06ms
[1.211s][info][gc,phases   ] GC(1)   Post Evacuate Collection Set: 0.90ms
[1.211s][info][gc,phases   ] GC(1)   Other: 0.06ms
[1.211s][info][gc,heap     ] GC(1) Eden regions: 130->0(593)
[1.211s][info][gc,heap     ] GC(1) Survivor regions: 5->6(31)
[1.211s][info][gc,heap     ] GC(1) Old regions: 1->1
[1.211s][info][gc,heap     ] GC(1) Humongous regions: 2->2
[1.211s][info][gc,metaspace] GC(1) Metaspace: 21182K(21504K)->21182K(21504K) NonClass: 16544K(16704K)->16544K(16704K) Class: 4637K(4800K)->4637K(4800K)
[1.211s][info][gc          ] GC(1) Pause Young (Concurrent Start) (Metadata GC Threshold) 272M->16M(2868M) 5.367ms
[1.211s][info][gc,cpu      ] GC(1) User=0.02s Sys=0.00s Real=0.01s
[1.211s][info][gc          ] GC(2) Concurrent Mark Cycle
[1.211s][info][gc,marking  ] GC(2) Concurrent Scan Root Regions
[1.215s][info][gc,marking  ] GC(2) Concurrent Scan Root Regions 4.240ms
[1.215s][info][gc,marking  ] GC(2) Concurrent Mark
[1.216s][info][gc,marking  ] GC(2) Concurrent Mark From Roots
[1.216s][info][gc,task     ] GC(2) Using 1 workers of 1 for marking
[1.217s][info][gc,marking  ] GC(2) Concurrent Mark From Roots 1.175ms
[1.217s][info][gc,marking  ] GC(2) Concurrent Preclean
[1.217s][info][gc,marking  ] GC(2) Concurrent Preclean 0.007ms
[1.217s][info][gc,start    ] GC(2) Pause Remark
[1.219s][info][gc          ] GC(2) Pause Remark 18M->18M(60M) 2.624ms
[1.220s][info][gc,cpu      ] GC(2) User=0.00s Sys=0.00s Real=0.01s
[1.220s][info][gc,marking  ] GC(2) Concurrent Mark 4.488ms
[1.220s][info][gc,marking  ] GC(2) Concurrent Rebuild Remembered Sets and Scrub Regions
[1.221s][info][gc,marking  ] GC(2) Concurrent Rebuild Remembered Sets and Scrub Regions 0.649ms
[1.222s][info][gc,start    ] GC(2) Pause Cleanup
[1.222s][info][gc          ] GC(2) Pause Cleanup 19M->19M(60M) 0.021ms
[1.222s][info][gc,cpu      ] GC(2) User=0.00s Sys=0.00s Real=0.00s
[1.222s][info][gc,marking  ] GC(2) Concurrent Clear Claimed Marks
[1.223s][info][gc,marking  ] GC(2) Concurrent Clear Claimed Marks 0.032ms
[1.223s][info][gc,marking  ] GC(2) Concurrent Cleanup for Next Mark
[1.224s][info][gc,marking  ] GC(2) Concurrent Cleanup for Next Mark 1.933ms
[1.224s][info][gc          ] GC(2) Concurrent Mark Cycle 13.362ms
[1.365s][info][gc,start    ] GC(3) Pause Young (Prepare Mixed) (G1 Evacuation Pause)
[1.365s][info][gc,task     ] GC(3) Using 3 workers of 4 for evacuation
[1.371s][info][gc,phases   ] GC(3)   Pre Evacuate Collection Set: 0.12ms
[1.371s][info][gc,phases   ] GC(3)   Merge Heap Roots: 0.05ms
[1.371s][info][gc,phases   ] GC(3)   Evacuate Collection Set: 5.09ms
[1.371s][info][gc,phases   ] GC(3)   Post Evacuate Collection Set: 0.66ms
[1.371s][info][gc,phases   ] GC(3)   Other: 0.03ms
[1.371s][info][gc,heap     ] GC(3) Eden regions: 21->0(15)
[1.371s][info][gc,heap     ] GC(3) Survivor regions: 6->7(75)
[1.371s][info][gc,heap     ] GC(3) Old regions: 1->1
[1.371s][info][gc,heap     ] GC(3) Humongous regions: 2->2
[1.371s][info][gc,metaspace] GC(3) Metaspace: 22310K(22656K)->22310K(22656K) NonClass: 17511K(17728K)->17511K(17728K) Class: 4798K(4928K)->4798K(4928K)
[1.371s][info][gc          ] GC(3) Pause Young (Prepare Mixed) (G1 Evacuation Pause) 58M->19M(74M) 6.031ms
[1.371s][info][gc,cpu      ] GC(3) User=0.02s Sys=0.00s Real=0.01s
[1.407s][info][gc,start    ] GC(4) Pause Young (Mixed) (G1 Evacuation Pause)
[1.407s][info][gc,task     ] GC(4) Using 2 workers of 4 for evacuation
[1.415s][info][gc,phases   ] GC(4)   Pre Evacuate Collection Set: 0.10ms
[1.415s][info][gc,phases   ] GC(4)   Merge Heap Roots: 0.04ms
[1.415s][info][gc,phases   ] GC(4)   Evacuate Collection Set: 7.80ms
[1.415s][info][gc,phases   ] GC(4)   Post Evacuate Collection Set: 0.58ms
[1.415s][info][gc,phases   ] GC(4)   Other: 0.04ms
[1.415s][info][gc,heap     ] GC(4) Eden regions: 15->0(18)
[1.415s][info][gc,heap     ] GC(4) Survivor regions: 7->2(3)
[1.415s][info][gc,heap     ] GC(4) Old regions: 1->6
[1.415s][info][gc,heap     ] GC(4) Humongous regions: 2->2
[1.415s][info][gc,metaspace] GC(4) Metaspace: 22395K(22720K)->22395K(22720K) NonClass: 17566K(17728K)->17566K(17728K) Class: 4829K(4992K)->4829K(4992K)
[1.415s][info][gc          ] GC(4) Pause Young (Mixed) (G1 Evacuation Pause) 49M->20M(74M) 8.640ms
[1.415s][info][gc,cpu      ] GC(4) User=0.01s Sys=0.01s Real=0.01s
[1.522s][info][gc,start    ] GC(5) Pause Young (Normal) (G1 Evacuation Pause)
[1.522s][info][gc,task     ] GC(5) Using 2 workers of 4 for evacuation
[1.524s][info][gc,phases   ] GC(5)   Pre Evacuate Collection Set: 0.10ms
[1.524s][info][gc,phases   ] GC(5)   Merge Heap Roots: 0.04ms
[1.524s][info][gc,phases   ] GC(5)   Evacuate Collection Set: 1.77ms
[1.524s][info][gc,phases   ] GC(5)   Post Evacuate Collection Set: 0.31ms
[1.524s][info][gc,phases   ] GC(5)   Other: 0.04ms
[1.524s][info][gc,heap     ] GC(5) Eden regions: 18->0(18)
[1.524s][info][gc,heap     ] GC(5) Survivor regions: 2->1(3)
[1.524s][info][gc,heap     ] GC(5) Old regions: 6->8
[1.524s][info][gc,heap     ] GC(5) Humongous regions: 2->2
[1.524s][info][gc,metaspace] GC(5) Metaspace: 24301K(24704K)->24301K(24704K) NonClass: 19046K(19264K)->19046K(19264K) Class: 5254K(5440K)->5254K(5440K)
[1.524s][info][gc          ] GC(5) Pause Young (Normal) (G1 Evacuation Pause) 56M->20M(74M) 2.351ms
[1.524s][info][gc,cpu      ] GC(5) User=0.00s Sys=0.00s Real=0.00s
[1.597s][info][gc,start    ] GC(6) Pause Young (Normal) (G1 Evacuation Pause)
[1.597s][info][gc,task     ] GC(6) Using 2 workers of 4 for evacuation
[1.599s][info][gc,phases   ] GC(6)   Pre Evacuate Collection Set: 0.09ms
[1.599s][info][gc,phases   ] GC(6)   Merge Heap Roots: 0.04ms
[1.599s][info][gc,phases   ] GC(6)   Evacuate Collection Set: 1.17ms
[1.599s][info][gc,phases   ] GC(6)   Post Evacuate Collection Set: 0.29ms
[1.599s][info][gc,phases   ] GC(6)   Other: 0.05ms
[1.599s][info][gc,heap     ] GC(6) Eden regions: 18->0(19)
[1.599s][info][gc,heap     ] GC(6) Survivor regions: 1->1(3)
[1.599s][info][gc,heap     ] GC(6) Old regions: 8->8
[1.599s][info][gc,heap     ] GC(6) Humongous regions: 2->2
[1.599s][info][gc,metaspace] GC(6) Metaspace: 25929K(26368K)->25929K(26368K) NonClass: 20313K(20544K)->20313K(20544K) Class: 5615K(5824K)->5615K(5824K)
[1.599s][info][gc          ] GC(6) Pause Young (Normal) (G1 Evacuation Pause) 56M->20M(74M) 1.724ms
[1.599s][info][gc,cpu      ] GC(6) User=0.00s Sys=0.00s Real=0.00s
[1.713s][info][gc,start    ] GC(7) Pause Young (Normal) (G1 Evacuation Pause)
[1.713s][info][gc,task     ] GC(7) Using 2 workers of 4 for evacuation
[1.716s][info][gc,phases   ] GC(7)   Pre Evacuate Collection Set: 0.12ms
[1.716s][info][gc,phases   ] GC(7)   Merge Heap Roots: 0.08ms
[1.716s][info][gc,phases   ] GC(7)   Evacuate Collection Set: 1.95ms
[1.716s][info][gc,phases   ] GC(7)   Post Evacuate Collection Set: 1.04ms
[1.716s][info][gc,phases   ] GC(7)   Other: 0.05ms
[1.716s][info][gc,heap     ] GC(7) Eden regions: 19->0(439)
[1.716s][info][gc,heap     ] GC(7) Survivor regions: 1->2(3)
[1.716s][info][gc,heap     ] GC(7) Old regions: 8->8
[1.716s][info][gc,heap     ] GC(7) Humongous regions: 2->2
[1.716s][info][gc,metaspace] GC(7) Metaspace: 28824K(29248K)->28824K(29248K) NonClass: 22499K(22720K)->22499K(22720K) Class: 6324K(6528K)->6324K(6528K)
[1.716s][info][gc          ] GC(7) Pause Young (Normal) (G1 Evacuation Pause) 58M->21M(1472M) 3.363ms
[1.716s][info][gc,cpu      ] GC(7) User=0.00s Sys=0.00s Real=0.00s
[1.889s][info][gc,start    ] GC(8) Pause Young (Concurrent Start) (Metadata GC Threshold)
[1.889s][info][gc,task     ] GC(8) Using 4 workers of 4 for evacuation
[1.891s][info][gc,phases   ] GC(8)   Pre Evacuate Collection Set: 0.16ms
[1.891s][info][gc,phases   ] GC(8)   Merge Heap Roots: 0.04ms
[1.891s][info][gc,phases   ] GC(8)   Evacuate Collection Set: 1.69ms
[1.891s][info][gc,phases   ] GC(8)   Post Evacuate Collection Set: 0.41ms
[1.891s][info][gc,phases   ] GC(8)   Other: 0.04ms
[1.891s][info][gc,heap     ] GC(8) Eden regions: 37->0(438)
[1.891s][info][gc,heap     ] GC(8) Survivor regions: 2->3(56)
[1.891s][info][gc,heap     ] GC(8) Old regions: 8->8
[1.891s][info][gc,heap     ] GC(8) Humongous regions: 2->2
[1.891s][info][gc,metaspace] GC(8) Metaspace: 35738K(36160K)->35738K(36160K) NonClass: 27889K(28096K)->27889K(28096K) Class: 7848K(8064K)->7848K(8064K)
[1.891s][info][gc          ] GC(8) Pause Young (Concurrent Start) (Metadata GC Threshold) 95M->24M(1472M) 2.437ms
[1.891s][info][gc,cpu      ] GC(8) User=0.01s Sys=0.00s Real=0.01s
[1.891s][info][gc          ] GC(9) Concurrent Mark Cycle
[1.891s][info][gc,marking  ] GC(9) Concurrent Scan Root Regions
[1.893s][info][gc,marking  ] GC(9) Concurrent Scan Root Regions 2.357ms
[1.893s][info][gc,marking  ] GC(9) Concurrent Mark
[1.893s][info][gc,marking  ] GC(9) Concurrent Mark From Roots
[1.893s][info][gc,task     ] GC(9) Using 1 workers of 1 for marking
[1.916s][info][gc,marking  ] GC(9) Concurrent Mark From Roots 22.499ms
[1.916s][info][gc,marking  ] GC(9) Concurrent Preclean
[1.916s][info][gc,marking  ] GC(9) Concurrent Preclean 0.057ms
[1.917s][info][gc,start    ] GC(9) Pause Remark
[1.920s][info][gc          ] GC(9) Pause Remark 38M->38M(88M) 3.617ms
[1.920s][info][gc,cpu      ] GC(9) User=0.01s Sys=0.00s Real=0.01s
[1.920s][info][gc,marking  ] GC(9) Concurrent Mark 26.893ms
[1.920s][info][gc,marking  ] GC(9) Concurrent Rebuild Remembered Sets and Scrub Regions
[1.925s][info][gc,marking  ] GC(9) Concurrent Rebuild Remembered Sets and Scrub Regions 4.341ms
[1.926s][info][gc,start    ] GC(9) Pause Cleanup
[1.926s][info][gc          ] GC(9) Pause Cleanup 39M->39M(88M) 0.050ms
[1.926s][info][gc,cpu      ] GC(9) User=0.00s Sys=0.00s Real=0.00s
[1.926s][info][gc,marking  ] GC(9) Concurrent Clear Claimed Marks
[1.926s][info][gc,marking  ] GC(9) Concurrent Clear Claimed Marks 0.056ms
[1.926s][info][gc,marking  ] GC(9) Concurrent Cleanup for Next Mark
[1.926s][info][gc,marking  ] GC(9) Concurrent Cleanup for Next Mark 0.299ms
[1.926s][info][gc          ] GC(9) Concurrent Mark Cycle 35.358ms
[2.013s][info][gc,start    ] GC(10) Pause Young (Prepare Mixed) (G1 Evacuation Pause)
[2.013s][info][gc,task     ] GC(10) Using 4 workers of 4 for evacuation
[2.016s][info][gc,phases   ] GC(10)   Pre Evacuate Collection Set: 0.18ms
[2.016s][info][gc,phases   ] GC(10)   Merge Heap Roots: 0.08ms
[2.016s][info][gc,phases   ] GC(10)   Evacuate Collection Set: 2.31ms
[2.016s][info][gc,phases   ] GC(10)   Post Evacuate Collection Set: 0.43ms
[2.016s][info][gc,phases   ] GC(10)   Other: 0.06ms
[2.016s][info][gc,heap     ] GC(10) Eden regions: 31->0(24)
[2.016s][info][gc,heap     ] GC(10) Survivor regions: 3->4(56)
[2.016s][info][gc,heap     ] GC(10) Old regions: 8->8
[2.016s][info][gc,heap     ] GC(10) Humongous regions: 2->2
[2.016s][info][gc,metaspace] GC(10) Metaspace: 39835K(40320K)->39835K(40320K) NonClass: 31102K(31360K)->31102K(31360K) Class: 8733K(8960K)->8733K(8960K)
[2.016s][info][gc          ] GC(10) Pause Young (Prepare Mixed) (G1 Evacuation Pause) 86M->25M(96M) 3.165ms
[2.016s][info][gc,cpu      ] GC(10) User=0.01s Sys=0.00s Real=0.00s
[2.096s][info][gc,start    ] GC(11) Pause Young (Mixed) (G1 Evacuation Pause)
[2.096s][info][gc,task     ] GC(11) Using 4 workers of 4 for evacuation
[2.099s][info][gc,phases   ] GC(11)   Pre Evacuate Collection Set: 0.09ms
[2.099s][info][gc,phases   ] GC(11)   Merge Heap Roots: 0.04ms
[2.099s][info][gc,phases   ] GC(11)   Evacuate Collection Set: 2.64ms
[2.099s][info][gc,phases   ] GC(11)   Post Evacuate Collection Set: 0.42ms
[2.099s][info][gc,phases   ] GC(11)   Other: 0.04ms
[2.099s][info][gc,heap     ] GC(11) Eden regions: 24->0(24)
[2.099s][info][gc,heap     ] GC(11) Survivor regions: 4->4(4)
[2.099s][info][gc,heap     ] GC(11) Old regions: 8->9
[2.099s][info][gc,heap     ] GC(11) Humongous regions: 2->2
[2.099s][info][gc,metaspace] GC(11) Metaspace: 42053K(42560K)->42053K(42560K) NonClass: 32609K(32896K)->32609K(32896K) Class: 9444K(9664K)->9444K(9664K)
[2.099s][info][gc          ] GC(11) Pause Young (Mixed) (G1 Evacuation Pause) 73M->26M(96M) 3.331ms
[2.099s][info][gc,cpu      ] GC(11) User=0.01s Sys=0.00s Real=0.00s
[2.200s][info][gc,start    ] GC(12) Pause Young (Normal) (G1 Evacuation Pause)
[2.201s][info][gc,task     ] GC(12) Using 3 workers of 4 for evacuation
[2.204s][info][gc,phases   ] GC(12)   Pre Evacuate Collection Set: 0.12ms
[2.204s][info][gc,phases   ] GC(12)   Merge Heap Roots: 0.06ms
[2.204s][info][gc,phases   ] GC(12)   Evacuate Collection Set: 2.83ms
[2.204s][info][gc,phases   ] GC(12)   Post Evacuate Collection Set: 0.41ms
[2.204s][info][gc,phases   ] GC(12)   Other: 0.05ms
[2.204s][info][gc,heap     ] GC(12) Eden regions: 24->0(24)
[2.204s][info][gc,heap     ] GC(12) Survivor regions: 4->4(4)
[2.204s][info][gc,heap     ] GC(12) Old regions: 9->10
[2.204s][info][gc,heap     ] GC(12) Humongous regions: 2->2
[2.204s][info][gc,metaspace] GC(12) Metaspace: 43809K(44224K)->43809K(44224K) NonClass: 34005K(34240K)->34005K(34240K) Class: 9803K(9984K)->9803K(9984K)
[2.204s][info][gc          ] GC(12) Pause Young (Normal) (G1 Evacuation Pause) 74M->29M(96M) 3.584ms
[2.204s][info][gc,cpu      ] GC(12) User=0.02s Sys=0.00s Real=0.00s
[2.320s][info][gc,start    ] GC(13) Pause Young (Normal) (G1 Evacuation Pause)
[2.320s][info][gc,task     ] GC(13) Using 2 workers of 4 for evacuation
[2.326s][info][gc,phases   ] GC(13)   Pre Evacuate Collection Set: 0.13ms
[2.326s][info][gc,phases   ] GC(13)   Merge Heap Roots: 0.09ms
[2.326s][info][gc,phases   ] GC(13)   Evacuate Collection Set: 4.51ms
[2.326s][info][gc,phases   ] GC(13)   Post Evacuate Collection Set: 0.41ms
[2.326s][info][gc,phases   ] GC(13)   Other: 0.06ms
[2.326s][info][gc,heap     ] GC(13) Eden regions: 24->0(25)
[2.326s][info][gc,heap     ] GC(13) Survivor regions: 4->3(4)
[2.326s][info][gc,heap     ] GC(13) Old regions: 10->12
[2.326s][info][gc,heap     ] GC(13) Humongous regions: 2->2
[2.326s][info][gc,metaspace] GC(13) Metaspace: 44874K(45312K)->44874K(45312K) NonClass: 34873K(35136K)->34873K(35136K) Class: 10000K(10176K)->10000K(10176K)
[2.326s][info][gc          ] GC(13) Pause Young (Normal) (G1 Evacuation Pause) 77M->32M(96M) 5.319ms
[2.326s][info][gc,cpu      ] GC(13) User=0.01s Sys=0.00s Real=0.00s
[2.470s][info][gc,start    ] GC(14) Pause Young (Normal) (G1 Evacuation Pause)
[2.470s][info][gc,task     ] GC(14) Using 2 workers of 4 for evacuation
[2.475s][info][gc,phases   ] GC(14)   Pre Evacuate Collection Set: 0.13ms
[2.475s][info][gc,phases   ] GC(14)   Merge Heap Roots: 0.05ms
[2.475s][info][gc,phases   ] GC(14)   Evacuate Collection Set: 3.57ms
[2.475s][info][gc,phases   ] GC(14)   Post Evacuate Collection Set: 1.09ms
[2.475s][info][gc,phases   ] GC(14)   Other: 0.05ms
[2.475s][info][gc,heap     ] GC(14) Eden regions: 25->0(441)
[2.475s][info][gc,heap     ] GC(14) Survivor regions: 3->3(4)
[2.475s][info][gc,heap     ] GC(14) Old regions: 12->13
[2.475s][info][gc,heap     ] GC(14) Humongous regions: 2->2
[2.475s][info][gc,metaspace] GC(14) Metaspace: 46806K(47232K)->46806K(47232K) NonClass: 36382K(36608K)->36382K(36608K) Class: 10424K(10624K)->10424K(10624K)
[2.475s][info][gc          ] GC(14) Pause Young (Normal) (G1 Evacuation Pause) 82M->34M(1482M) 5.012ms
[2.475s][info][gc,cpu      ] GC(14) User=0.02s Sys=0.00s Real=0.00s
[3.277s][info][gc,start    ] GC(15) Pause Young (Concurrent Start) (Metadata GC Threshold)
[3.277s][info][gc,task     ] GC(15) Using 4 workers of 4 for evacuation
[3.283s][info][gc,phases   ] GC(15)   Pre Evacuate Collection Set: 0.24ms
[3.283s][info][gc,phases   ] GC(15)   Merge Heap Roots: 0.07ms
[3.283s][info][gc,phases   ] GC(15)   Evacuate Collection Set: 5.38ms
[3.283s][info][gc,phases   ] GC(15)   Post Evacuate Collection Set: 0.76ms
[3.283s][info][gc,phases   ] GC(15)   Other: 0.05ms
[3.283s][info][gc,heap     ] GC(15) Eden regions: 153->0(438)
[3.283s][info][gc,heap     ] GC(15) Survivor regions: 3->6(56)
[3.283s][info][gc,heap     ] GC(15) Old regions: 13->13
[3.283s][info][gc,heap     ] GC(15) Humongous regions: 2->2
[3.283s][info][gc,metaspace] GC(15) Metaspace: 61409K(62016K)->61409K(62016K) NonClass: 47560K(47872K)->47560K(47872K) Class: 13848K(14144K)->13848K(14144K)
[3.283s][info][gc          ] GC(15) Pause Young (Concurrent Start) (Metadata GC Threshold) 340M->40M(1482M) 6.599ms
[3.283s][info][gc,cpu      ] GC(15) User=0.04s Sys=0.00s Real=0.01s
[3.283s][info][gc          ] GC(16) Concurrent Mark Cycle
[3.283s][info][gc,marking  ] GC(16) Concurrent Scan Root Regions
[3.289s][info][gc,marking  ] GC(16) Concurrent Scan Root Regions 5.807ms
[3.289s][info][gc,marking  ] GC(16) Concurrent Mark
[3.289s][info][gc,marking  ] GC(16) Concurrent Mark From Roots
[3.289s][info][gc,task     ] GC(16) Using 1 workers of 1 for marking
[3.313s][info][gc,marking  ] GC(16) Concurrent Mark From Roots 23.880ms
[3.313s][info][gc,marking  ] GC(16) Concurrent Preclean
[3.313s][info][gc,marking  ] GC(16) Concurrent Preclean 0.097ms
[3.314s][info][gc,start    ] GC(16) Pause Remark
[3.317s][info][gc          ] GC(16) Pause Remark 51M->51M(140M) 3.499ms
[3.317s][info][gc,cpu      ] GC(16) User=0.01s Sys=0.00s Real=0.00s
[3.317s][info][gc,marking  ] GC(16) Concurrent Mark 28.136ms
[3.317s][info][gc,marking  ] GC(16) Concurrent Rebuild Remembered Sets and Scrub Regions
[3.326s][info][gc,marking  ] GC(16) Concurrent Rebuild Remembered Sets and Scrub Regions 8.953ms
[3.327s][info][gc,start    ] GC(16) Pause Cleanup
[3.327s][info][gc          ] GC(16) Pause Cleanup 55M->55M(140M) 0.039ms
[3.327s][info][gc,cpu      ] GC(16) User=0.00s Sys=0.00s Real=0.00s
[3.327s][info][gc,marking  ] GC(16) Concurrent Clear Claimed Marks
[3.327s][info][gc,marking  ] GC(16) Concurrent Clear Claimed Marks 0.056ms
[3.327s][info][gc,marking  ] GC(16) Concurrent Cleanup for Next Mark
[3.327s][info][gc,marking  ] GC(16) Concurrent Cleanup for Next Mark 0.299ms
[3.327s][info][gc          ] GC(16) Concurrent Mark Cycle 43.771ms
[3.480s][info][gc,start    ] GC(17) Pause Young (Prepare Mixed) (G1 Evacuation Pause)
[3.480s][info][gc,task     ] GC(17) Using 4 workers of 4 for evacuation
[3.485s][info][gc,phases   ] GC(17)   Pre Evacuate Collection Set: 0.09ms
[3.485s][info][gc,phases   ] GC(17)   Merge Heap Roots: 0.06ms
[3.485s][info][gc,phases   ] GC(17)   Evacuate Collection Set: 4.07ms
[3.485s][info][gc,phases   ] GC(17)   Post Evacuate Collection Set: 0.46ms
[3.485s][info][gc,phases   ] GC(17)   Other: 0.05ms
[3.485s][info][gc,heap     ] GC(17) Eden regions: 36->0(40)
[3.485s][info][gc,heap     ] GC(17) Survivor regions: 6->2(6)
[3.485s][info][gc,heap     ] GC(17) Old regions: 13->19
[3.485s][info][gc,heap     ] GC(17) Humongous regions: 2->2
[3.485s][info][gc,metaspace] GC(17) Metaspace: 65817K(66496K)->65817K(66496K) NonClass: 50802K(51200K)->50802K(51200K) Class: 15014K(15296K)->15014K(15296K)
[3.485s][info][gc          ] GC(17) Pause Young (Prepare Mixed) (G1 Evacuation Pause) 112M->42M(140M) 4.837ms
[3.485s][info][gc,cpu      ] GC(17) User=0.02s Sys=0.00s Real=0.00s
[3.641s][info][gc,start    ] GC(18) Pause Young (Mixed) (G1 Evacuation Pause)
[3.641s][info][gc,task     ] GC(18) Using 4 workers of 4 for evacuation
[3.644s][info][gc,phases   ] GC(18)   Pre Evacuate Collection Set: 0.13ms
[3.644s][info][gc,phases   ] GC(18)   Merge Heap Roots: 0.08ms
[3.644s][info][gc,phases   ] GC(18)   Evacuate Collection Set: 1.91ms
[3.644s][info][gc,phases   ] GC(18)   Post Evacuate Collection Set: 0.47ms
[3.644s][info][gc,phases   ] GC(18)   Other: 0.05ms
[3.644s][info][gc,heap     ] GC(18) Eden regions: 40->0(39)
[3.644s][info][gc,heap     ] GC(18) Survivor regions: 2->3(6)
[3.644s][info][gc,heap     ] GC(18) Old regions: 19->19
[3.644s][info][gc,heap     ] GC(18) Humongous regions: 2->2
[3.644s][info][gc,metaspace] GC(18) Metaspace: 70099K(70784K)->70099K(70784K) NonClass: 54331K(54720K)->54331K(54720K) Class: 15767K(16064K)->15767K(16064K)
[3.644s][info][gc          ] GC(18) Pause Young (Mixed) (G1 Evacuation Pause) 122M->44M(140M) 2.753ms
[3.644s][info][gc,cpu      ] GC(18) User=0.01s Sys=0.00s Real=0.00s
[3.826s][info][gc,start    ] GC(19) Pause Young (Normal) (G1 Evacuation Pause)
[3.826s][info][gc,task     ] GC(19) Using 4 workers of 4 for evacuation
[3.829s][info][gc,phases   ] GC(19)   Pre Evacuate Collection Set: 0.11ms
[3.829s][info][gc,phases   ] GC(19)   Merge Heap Roots: 0.08ms
[3.829s][info][gc,phases   ] GC(19)   Evacuate Collection Set: 2.12ms
[3.829s][info][gc,phases   ] GC(19)   Post Evacuate Collection Set: 0.47ms
[3.829s][info][gc,phases   ] GC(19)   Other: 0.04ms
[3.829s][info][gc,heap     ] GC(19) Eden regions: 39->0(39)
[3.829s][info][gc,heap     ] GC(19) Survivor regions: 3->3(6)
[3.829s][info][gc,heap     ] GC(19) Old regions: 19->19
[3.829s][info][gc,heap     ] GC(19) Humongous regions: 2->2
[3.829s][info][gc,metaspace] GC(19) Metaspace: 74852K(75584K)->74852K(75584K) NonClass: 58210K(58624K)->58210K(58624K) Class: 16641K(16960K)->16641K(16960K)
[3.829s][info][gc          ] GC(19) Pause Young (Normal) (G1 Evacuation Pause) 122M->46M(140M) 2.915ms
[3.829s][info][gc,cpu      ] GC(19) User=0.01s Sys=0.00s Real=0.00s
[4.119s][info][gc,start    ] GC(20) Pause Young (Normal) (G1 Evacuation Pause)
[4.119s][info][gc,task     ] GC(20) Using 4 workers of 4 for evacuation
[4.124s][info][gc,phases   ] GC(20)   Pre Evacuate Collection Set: 0.11ms
[4.124s][info][gc,phases   ] GC(20)   Merge Heap Roots: 0.08ms
[4.124s][info][gc,phases   ] GC(20)   Evacuate Collection Set: 3.59ms
[4.124s][info][gc,phases   ] GC(20)   Post Evacuate Collection Set: 0.60ms
[4.124s][info][gc,phases   ] GC(20)   Other: 0.05ms
[4.124s][info][gc,heap     ] GC(20) Eden regions: 39->0(37)
[4.124s][info][gc,heap     ] GC(20) Survivor regions: 3->5(6)
[4.124s][info][gc,heap     ] GC(20) Old regions: 19->19
[4.124s][info][gc,heap     ] GC(20) Humongous regions: 2->2
[4.124s][info][gc,metaspace] GC(20) Metaspace: 79064K(79808K)->79064K(79808K) NonClass: 61396K(61824K)->61396K(61824K) Class: 17667K(17984K)->17667K(17984K)
[4.124s][info][gc          ] GC(20) Pause Young (Normal) (G1 Evacuation Pause) 124M->49M(140M) 4.530ms
[4.124s][info][gc,cpu      ] GC(20) User=0.02s Sys=0.00s Real=0.01s
[5.174s][info][gc,start    ] GC(21) Pause Young (Normal) (G1 Evacuation Pause)
[5.174s][info][gc,task     ] GC(21) Using 4 workers of 4 for evacuation
[5.179s][info][gc,phases   ] GC(21)   Pre Evacuate Collection Set: 0.09ms
[5.179s][info][gc,phases   ] GC(21)   Merge Heap Roots: 0.06ms
[5.179s][info][gc,phases   ] GC(21)   Evacuate Collection Set: 3.61ms
[5.179s][info][gc,phases   ] GC(21)   Post Evacuate Collection Set: 1.13ms
[5.179s][info][gc,phases   ] GC(21)   Other: 0.05ms
[5.179s][info][gc,heap     ] GC(21) Eden regions: 37->0(447)
[5.179s][info][gc,heap     ] GC(21) Survivor regions: 5->4(6)
[5.179s][info][gc,heap     ] GC(21) Old regions: 19->20
[5.179s][info][gc,heap     ] GC(21) Humongous regions: 2->2
[5.179s][info][gc,metaspace] GC(21) Metaspace: 83902K(84736K)->83902K(84736K) NonClass: 65070K(65536K)->65070K(65536K) Class: 18832K(19200K)->18832K(19200K)
[5.179s][info][gc          ] GC(21) Pause Young (Normal) (G1 Evacuation Pause) 123M->50M(1504M) 5.034ms
[5.179s][info][gc,cpu      ] GC(21) User=0.01s Sys=0.00s Real=0.01s
[285.619s][info][gc,start    ] GC(22) Pause Young (Concurrent Start) (G1 Humongous Allocation)
[285.619s][info][gc,task     ] GC(22) Using 4 workers of 4 for evacuation
[285.651s][info][gc,phases   ] GC(22)   Pre Evacuate Collection Set: 0.31ms
[285.651s][info][gc,phases   ] GC(22)   Merge Heap Roots: 0.08ms
[285.651s][info][gc,phases   ] GC(22)   Evacuate Collection Set: 30.87ms
[285.651s][info][gc,phases   ] GC(22)   Post Evacuate Collection Set: 0.85ms
[285.651s][info][gc,phases   ] GC(22)   Other: 0.16ms
[285.651s][info][gc,heap     ] GC(22) Eden regions: 224->0(435)
[285.651s][info][gc,heap     ] GC(22) Survivor regions: 4->9(57)
[285.651s][info][gc,heap     ] GC(22) Old regions: 20->20
[285.651s][info][gc,heap     ] GC(22) Humongous regions: 241->231
[285.651s][info][gc,metaspace] GC(22) Metaspace: 99017K(100096K)->99017K(100096K) NonClass: 77042K(77632K)->77042K(77632K) Class: 21975K(22464K)->21975K(22464K)
[285.651s][info][gc          ] GC(22) Pause Young (Concurrent Start) (G1 Humongous Allocation) 976M->519M(1504M) 32.417ms
[285.651s][info][gc,cpu      ] GC(22) User=0.08s Sys=0.01s Real=0.04s
[285.651s][info][gc          ] GC(23) Concurrent Undo Cycle
[285.652s][info][gc,marking  ] GC(23) Concurrent Clear Claimed Marks
[285.652s][info][gc,marking  ] GC(23) Concurrent Clear Claimed Marks 0.130ms
[285.652s][info][gc,marking  ] GC(23) Concurrent Cleanup for Next Mark
[285.652s][info][gc,marking  ] GC(23) Concurrent Cleanup for Next Mark 0.187ms
[285.652s][info][gc          ] GC(23) Concurrent Undo Cycle 0.377ms
[285.663s][info][gc,start    ] GC(24) Pause Young (Concurrent Start) (G1 Humongous Allocation)
[285.663s][info][gc,task     ] GC(24) Using 4 workers of 4 for evacuation
[285.671s][info][gc,phases   ] GC(24)   Pre Evacuate Collection Set: 0.28ms
[285.671s][info][gc,phases   ] GC(24)   Merge Heap Roots: 0.12ms
[285.671s][info][gc,phases   ] GC(24)   Evacuate Collection Set: 7.44ms
[285.671s][info][gc,phases   ] GC(24)   Post Evacuate Collection Set: 0.54ms
[285.671s][info][gc,phases   ] GC(24)   Other: 0.05ms
[285.671s][info][gc,heap     ] GC(24) Eden regions: 9->0(440)
[285.671s][info][gc,heap     ] GC(24) Survivor regions: 9->9(56)
[285.671s][info][gc,heap     ] GC(24) Old regions: 20->20
[285.671s][info][gc,heap     ] GC(24) Humongous regions: 251->243
[285.671s][info][gc,metaspace] GC(24) Metaspace: 99022K(100096K)->99022K(100096K) NonClass: 77046K(77632K)->77046K(77632K) Class: 21976K(22464K)->21976K(22464K)
[285.671s][info][gc          ] GC(24) Pause Young (Concurrent Start) (G1 Humongous Allocation) 577M->541M(1504M) 8.566ms
[285.671s][info][gc,cpu      ] GC(24) User=0.04s Sys=0.00s Real=0.01s
[285.671s][info][gc          ] GC(25) Concurrent Undo Cycle
[285.671s][info][gc,marking  ] GC(25) Concurrent Clear Claimed Marks
[285.671s][info][gc,marking  ] GC(25) Concurrent Clear Claimed Marks 0.151ms
[285.671s][info][gc,marking  ] GC(25) Concurrent Cleanup for Next Mark
[285.671s][info][gc,marking  ] GC(25) Concurrent Cleanup for Next Mark 0.146ms
[285.671s][info][gc          ] GC(25) Concurrent Undo Cycle 0.378ms
[285.675s][info][gc,start    ] GC(26) Pause Young (Concurrent Start) (G1 Humongous Allocation)
[285.675s][info][gc,task     ] GC(26) Using 4 workers of 4 for evacuation
[285.682s][info][gc,phases   ] GC(26)   Pre Evacuate Collection Set: 0.18ms
[285.682s][info][gc,phases   ] GC(26)   Merge Heap Roots: 0.06ms
[285.682s][info][gc,phases   ] GC(26)   Evacuate Collection Set: 5.37ms
[285.682s][info][gc,phases   ] GC(26)   Post Evacuate Collection Set: 0.56ms
[285.682s][info][gc,phases   ] GC(26)   Other: 0.05ms
[285.682s][info][gc,heap     ] GC(26) Eden regions: 2->0(440)
[285.682s][info][gc,heap     ] GC(26) Survivor regions: 9->9(57)
[285.682s][info][gc,heap     ] GC(26) Old regions: 20->20
[285.682s][info][gc,heap     ] GC(26) Humongous regions: 245->244
[285.682s][info][gc,metaspace] GC(26) Metaspace: 99028K(100096K)->99028K(100096K) NonClass: 77052K(77632K)->77052K(77632K) Class: 21976K(22464K)->21976K(22464K)
[285.682s][info][gc          ] GC(26) Pause Young (Concurrent Start) (G1 Humongous Allocation) 549M->543M(1504M) 6.344ms
[285.682s][info][gc          ] GC(27) Concurrent Mark Cycle
[285.682s][info][gc,marking  ] GC(27) Concurrent Scan Root Regions
[285.682s][info][gc,cpu      ] GC(26) User=0.03s Sys=0.00s Real=0.01s
[285.691s][info][gc,marking  ] GC(27) Concurrent Scan Root Regions 9.551ms
[285.691s][info][gc,marking  ] GC(27) Concurrent Mark
[285.691s][info][gc,marking  ] GC(27) Concurrent Mark From Roots
[285.691s][info][gc,task     ] GC(27) Using 1 workers of 1 for marking
[285.725s][info][gc,marking  ] GC(27) Concurrent Mark From Roots 33.801ms
[285.725s][info][gc,marking  ] GC(27) Concurrent Preclean
[285.725s][info][gc,marking  ] GC(27) Concurrent Preclean 0.148ms
[285.727s][info][gc,start    ] GC(27) Pause Remark
[285.743s][info][gc          ] GC(27) Pause Remark 757M->757M(1504M) 15.969ms
[285.743s][info][gc,cpu      ] GC(27) User=0.02s Sys=0.00s Real=0.02s
[285.743s][info][gc,marking  ] GC(27) Concurrent Mark 51.802ms
[285.743s][info][gc,marking  ] GC(27) Concurrent Rebuild Remembered Sets and Scrub Regions
[285.758s][info][gc,marking  ] GC(27) Concurrent Rebuild Remembered Sets and Scrub Regions 15.087ms
[285.759s][info][gc,start    ] GC(27) Pause Cleanup
[285.759s][info][gc          ] GC(27) Pause Cleanup 820M->820M(1504M) 0.078ms
[285.759s][info][gc,cpu      ] GC(27) User=0.00s Sys=0.00s Real=0.00s
[285.759s][info][gc,marking  ] GC(27) Concurrent Clear Claimed Marks
[285.760s][info][gc,marking  ] GC(27) Concurrent Clear Claimed Marks 0.211ms
[285.760s][info][gc,marking  ] GC(27) Concurrent Cleanup for Next Mark
[285.769s][info][gc,marking  ] GC(27) Concurrent Cleanup for Next Mark 9.243ms
[285.769s][info][gc          ] GC(27) Concurrent Mark Cycle 87.137ms
[285.917s][info][gc,start    ] GC(28) Pause Young (Prepare Mixed) (G1 Evacuation Pause)
[285.917s][info][gc,task     ] GC(28) Using 4 workers of 4 for evacuation
[285.925s][info][gc,phases   ] GC(28)   Pre Evacuate Collection Set: 0.12ms
[285.925s][info][gc,phases   ] GC(28)   Merge Heap Roots: 0.09ms
[285.925s][info][gc,phases   ] GC(28)   Evacuate Collection Set: 7.25ms
[285.925s][info][gc,phases   ] GC(28)   Post Evacuate Collection Set: 0.63ms
[285.925s][info][gc,phases   ] GC(28)   Other: 0.05ms
[285.925s][info][gc,heap     ] GC(28) Eden regions: 120->0(302)
[285.925s][info][gc,heap     ] GC(28) Survivor regions: 9->7(57)
[285.925s][info][gc,heap     ] GC(28) Old regions: 20->20
[285.925s][info][gc,heap     ] GC(28) Humongous regions: 608->396
[285.925s][info][gc,metaspace] GC(28) Metaspace: 99039K(100096K)->99039K(100096K) NonClass: 77062K(77632K)->77062K(77632K) Class: 21977K(22464K)->21977K(22464K)
[285.925s][info][gc          ] GC(28) Pause Young (Prepare Mixed) (G1 Evacuation Pause) 1511M->845M(1528M) 8.279ms
[285.925s][info][gc,cpu      ] GC(28) User=0.02s Sys=0.01s Real=0.01s
[286.125s][info][gc,start    ] GC(29) Pause Young (Mixed) (G1 Evacuation Pause)
[286.125s][info][gc,task     ] GC(29) Using 4 workers of 4 for evacuation
[286.135s][info][gc,phases   ] GC(29)   Pre Evacuate Collection Set: 0.20ms
[286.135s][info][gc,phases   ] GC(29)   Merge Heap Roots: 0.11ms
[286.135s][info][gc,phases   ] GC(29)   Evacuate Collection Set: 8.71ms
[286.135s][info][gc,phases   ] GC(29)   Post Evacuate Collection Set: 0.70ms
[286.135s][info][gc,phases   ] GC(29)   Other: 0.06ms
[286.135s][info][gc,heap     ] GC(29) Eden regions: 32->0(328)
[286.135s][info][gc,heap     ] GC(29) Survivor regions: 7->7(39)
[286.135s][info][gc,heap     ] GC(29) Old regions: 20->19
[286.135s][info][gc,heap     ] GC(29) Humongous regions: 730->402
[286.135s][info][gc,metaspace] GC(29) Metaspace: 99040K(100096K)->99040K(100096K) NonClass: 77063K(77632K)->77063K(77632K) Class: 21977K(22464K)->21977K(22464K)
[286.135s][info][gc          ] GC(29) Pause Young (Mixed) (G1 Evacuation Pause) 1577M->854M(1594M) 9.881ms
[286.135s][info][gc,cpu      ] GC(29) User=0.03s Sys=0.00s Real=0.01s
[286.140s][info][gc,start    ] GC(30) Pause Young (Concurrent Start) (G1 Humongous Allocation)
[286.140s][info][gc,task     ] GC(30) Using 4 workers of 4 for evacuation
[286.148s][info][gc,phases   ] GC(30)   Pre Evacuate Collection Set: 0.17ms
[286.148s][info][gc,phases   ] GC(30)   Merge Heap Roots: 0.08ms
[286.148s][info][gc,phases   ] GC(30)   Evacuate Collection Set: 6.87ms
[286.148s][info][gc,phases   ] GC(30)   Post Evacuate Collection Set: 0.96ms
[286.148s][info][gc,phases   ] GC(30)   Other: 0.08ms
[286.148s][info][gc,heap     ] GC(30) Eden regions: 2->0(328)
[286.148s][info][gc,heap     ] GC(30) Survivor regions: 7->7(42)
[286.148s][info][gc,heap     ] GC(30) Old regions: 19->19
[286.148s][info][gc,heap     ] GC(30) Humongous regions: 402->402
[286.148s][info][gc,metaspace] GC(30) Metaspace: 99040K(100096K)->99040K(100096K) NonClass: 77063K(77632K)->77063K(77632K) Class: 21977K(22464K)->21977K(22464K)
[286.148s][info][gc          ] GC(30) Pause Young (Concurrent Start) (G1 Humongous Allocation) 857M->853M(1594M) 8.278ms
[286.148s][info][gc,cpu      ] GC(30) User=0.03s Sys=0.00s Real=0.00s
[286.148s][info][gc          ] GC(31) Concurrent Mark Cycle
[286.148s][info][gc,marking  ] GC(31) Concurrent Scan Root Regions
[286.161s][info][gc,marking  ] GC(31) Concurrent Scan Root Regions 12.260ms
[286.161s][info][gc,marking  ] GC(31) Concurrent Mark
[286.161s][info][gc,marking  ] GC(31) Concurrent Mark From Roots
[286.161s][info][gc,task     ] GC(31) Using 1 workers of 1 for marking
[286.200s][info][gc,marking  ] GC(31) Concurrent Mark From Roots 39.386ms
[286.200s][info][gc,marking  ] GC(31) Concurrent Preclean
[286.200s][info][gc,marking  ] GC(31) Concurrent Preclean 0.149ms
[286.200s][info][gc,start    ] GC(31) Pause Remark
[286.209s][info][gc          ] GC(31) Pause Remark 1062M->1062M(1754M) 8.820ms
[286.209s][info][gc,cpu      ] GC(31) User=0.03s Sys=0.00s Real=0.00s
[286.209s][info][gc,marking  ] GC(31) Concurrent Mark 48.770ms
[286.209s][info][gc,marking  ] GC(31) Concurrent Rebuild Remembered Sets and Scrub Regions
[286.224s][info][gc,marking  ] GC(31) Concurrent Rebuild Remembered Sets and Scrub Regions 14.349ms
[286.224s][info][gc,start    ] GC(31) Pause Cleanup
[286.224s][info][gc          ] GC(31) Pause Cleanup 1087M->1087M(1754M) 0.184ms
[286.225s][info][gc,cpu      ] GC(31) User=0.00s Sys=0.00s Real=0.00s
[286.225s][info][gc,marking  ] GC(31) Concurrent Clear Claimed Marks
[286.225s][info][gc,marking  ] GC(31) Concurrent Clear Claimed Marks 0.182ms
[286.225s][info][gc,marking  ] GC(31) Concurrent Cleanup for Next Mark
[286.227s][info][gc,marking  ] GC(31) Concurrent Cleanup for Next Mark 2.053ms
[286.227s][info][gc          ] GC(31) Concurrent Mark Cycle 78.563ms
[287.429s][info][gc,start    ] GC(32) Pause Young (Prepare Mixed) (G1 Evacuation Pause)
[287.429s][info][gc,task     ] GC(32) Using 4 workers of 4 for evacuation
[287.503s][info][gc,phases   ] GC(32)   Pre Evacuate Collection Set: 0.20ms
[287.503s][info][gc,phases   ] GC(32)   Merge Heap Roots: 0.21ms
[287.503s][info][gc,phases   ] GC(32)   Evacuate Collection Set: 72.83ms
[287.503s][info][gc,phases   ] GC(32)   Post Evacuate Collection Set: 0.75ms
[287.503s][info][gc,phases   ] GC(32)   Other: 0.10ms
[287.503s][info][gc,heap     ] GC(32) Eden regions: 298->0(301)
[287.503s][info][gc,heap     ] GC(32) Survivor regions: 7->42(42)
[287.503s][info][gc,heap     ] GC(32) Old regions: 19->120
[287.503s][info][gc,heap     ] GC(32) Humongous regions: 570->413
[287.503s][info][gc,metaspace] GC(32) Metaspace: 99286K(100352K)->99286K(100352K) NonClass: 77282K(77888K)->77282K(77888K) Class: 22004K(22464K)->22004K(22464K)
[287.503s][info][gc          ] GC(32) Pause Young (Prepare Mixed) (G1 Evacuation Pause) 1785M->1149M(2074M) 74.218ms
[287.503s][info][gc,cpu      ] GC(32) User=0.06s Sys=0.11s Real=0.08s
[287.565s][info][gc,start    ] GC(33) Pause Young (Mixed) (G1 Evacuation Pause)
[287.565s][info][gc,task     ] GC(33) Using 4 workers of 4 for evacuation
[287.596s][info][gc,phases   ] GC(33)   Pre Evacuate Collection Set: 0.15ms
[287.596s][info][gc,phases   ] GC(33)   Merge Heap Roots: 0.11ms
[287.596s][info][gc,phases   ] GC(33)   Evacuate Collection Set: 29.73ms
[287.596s][info][gc,phases   ] GC(33)   Post Evacuate Collection Set: 1.23ms
[287.596s][info][gc,phases   ] GC(33)   Other: 0.08ms
[287.596s][info][gc,heap     ] GC(33) Eden regions: 44->0(290)
[287.596s][info][gc,heap     ] GC(33) Survivor regions: 42->15(43)
[287.596s][info][gc,heap     ] GC(33) Old regions: 120->136
[287.596s][info][gc,heap     ] GC(33) Humongous regions: 849->482
[287.596s][info][gc,metaspace] GC(33) Metaspace: 99338K(100416K)->99338K(100416K) NonClass: 77333K(77952K)->77333K(77952K) Class: 22004K(22464K)->22004K(22464K)
[287.597s][info][gc          ] GC(33) Pause Young (Mixed) (G1 Evacuation Pause) 2109M->1264M(2176M) 31.565ms
[287.597s][info][gc,cpu      ] GC(33) User=0.03s Sys=0.05s Real=0.03s
[287.598s][info][gc,start    ] GC(34) Pause Young (Concurrent Start) (G1 Humongous Allocation)
[287.598s][info][gc,task     ] GC(34) Using 4 workers of 4 for evacuation
[287.600s][info][gc,phases   ] GC(34)   Pre Evacuate Collection Set: 0.22ms
[287.600s][info][gc,phases   ] GC(34)   Merge Heap Roots: 0.07ms
[287.600s][info][gc,phases   ] GC(34)   Evacuate Collection Set: 1.52ms
[287.600s][info][gc,phases   ] GC(34)   Post Evacuate Collection Set: 0.52ms
[287.600s][info][gc,phases   ] GC(34)   Other: 0.05ms
[287.600s][info][gc,heap     ] GC(34) Eden regions: 2->0(328)
[287.600s][info][gc,heap     ] GC(34) Survivor regions: 15->15(39)
[287.600s][info][gc,heap     ] GC(34) Old regions: 136->136
[287.600s][info][gc,heap     ] GC(34) Humongous regions: 484->479
[287.600s][info][gc,metaspace] GC(34) Metaspace: 99338K(100416K)->99338K(100416K) NonClass: 77333K(77952K)->77333K(77952K) Class: 22004K(22464K)->22004K(22464K)
[287.600s][info][gc          ] GC(34) Pause Young (Concurrent Start) (G1 Humongous Allocation) 1272M->1258M(2176M) 2.490ms
[287.600s][info][gc,cpu      ] GC(34) User=0.01s Sys=0.00s Real=0.01s
[287.600s][info][gc          ] GC(35) Concurrent Mark Cycle
[287.600s][info][gc,marking  ] GC(35) Concurrent Scan Root Regions
[287.603s][info][gc,marking  ] GC(35) Concurrent Scan Root Regions 2.467ms
[287.603s][info][gc,marking  ] GC(35) Concurrent Mark
[287.603s][info][gc,marking  ] GC(35) Concurrent Mark From Roots
[287.603s][info][gc,task     ] GC(35) Using 1 workers of 1 for marking
[287.665s][info][gc,marking  ] GC(35) Concurrent Mark From Roots 62.394ms
[287.665s][info][gc,marking  ] GC(35) Concurrent Preclean
[287.665s][info][gc,marking  ] GC(35) Concurrent Preclean 0.097ms
[287.665s][info][gc,start    ] GC(35) Pause Remark
[287.679s][info][gc          ] GC(35) Pause Remark 1624M->1494M(2438M) 13.494ms
[287.679s][info][gc,cpu      ] GC(35) User=0.04s Sys=0.00s Real=0.01s
[287.679s][info][gc,marking  ] GC(35) Concurrent Mark 76.226ms
[287.679s][info][gc,marking  ] GC(35) Concurrent Rebuild Remembered Sets and Scrub Regions
[287.706s][info][gc,marking  ] GC(35) Concurrent Rebuild Remembered Sets and Scrub Regions 26.621ms
[287.706s][info][gc,start    ] GC(35) Pause Cleanup
[287.706s][info][gc          ] GC(35) Pause Cleanup 1552M->1552M(2438M) 0.101ms
[287.706s][info][gc,cpu      ] GC(35) User=0.00s Sys=0.00s Real=0.00s
[287.706s][info][gc,marking  ] GC(35) Concurrent Clear Claimed Marks
[287.706s][info][gc,marking  ] GC(35) Concurrent Clear Claimed Marks 0.147ms
[287.706s][info][gc,marking  ] GC(35) Concurrent Cleanup for Next Mark
[287.710s][info][gc,marking  ] GC(35) Concurrent Cleanup for Next Mark 3.820ms
[287.710s][info][gc          ] GC(35) Concurrent Mark Cycle 109.705ms
[289.013s][info][gc,start    ] GC(36) Pause Young (Prepare Mixed) (G1 Evacuation Pause)
[289.013s][info][gc,task     ] GC(36) Using 4 workers of 4 for evacuation
[289.090s][info][gc,phases   ] GC(36)   Pre Evacuate Collection Set: 0.12ms
[289.090s][info][gc,phases   ] GC(36)   Merge Heap Roots: 0.06ms
[289.090s][info][gc,phases   ] GC(36)   Evacuate Collection Set: 76.42ms
[289.090s][info][gc,phases   ] GC(36)   Post Evacuate Collection Set: 0.65ms
[289.090s][info][gc,phases   ] GC(36)   Other: 0.11ms
[289.090s][info][gc,heap     ] GC(36) Eden regions: 328->0(396)
[289.090s][info][gc,heap     ] GC(36) Survivor regions: 15->43(43)
[289.090s][info][gc,heap     ] GC(36) Old regions: 136->224
[289.090s][info][gc,heap     ] GC(36) Humongous regions: 752->483
[289.090s][info][gc,metaspace] GC(36) Metaspace: 99428K(100480K)->99428K(100480K) NonClass: 77434K(78016K)->77434K(78016K) Class: 21993K(22464K)->21993K(22464K)
[289.090s][info][gc          ] GC(36) Pause Young (Prepare Mixed) (G1 Evacuation Pause) 2460M->1499M(2724M) 77.481ms
[289.090s][info][gc,cpu      ] GC(36) User=0.03s Sys=0.10s Real=0.08s
[289.593s][info][gc,start    ] GC(37) Pause Young (Mixed) (G1 Evacuation Pause)
[289.593s][info][gc,task     ] GC(37) Using 4 workers of 4 for evacuation
[289.610s][info][gc,phases   ] GC(37)   Pre Evacuate Collection Set: 0.34ms
[289.610s][info][gc,phases   ] GC(37)   Merge Heap Roots: 0.12ms
[289.610s][info][gc,phases   ] GC(37)   Evacuate Collection Set: 16.18ms
[289.610s][info][gc,phases   ] GC(37)   Post Evacuate Collection Set: 0.78ms
[289.610s][info][gc,phases   ] GC(37)   Other: 0.06ms
[289.610s][info][gc,heap     ] GC(37) Eden regions: 58->0(342)
[289.610s][info][gc,heap     ] GC(37) Survivor regions: 43->15(55)
[289.610s][info][gc,heap     ] GC(37) Old regions: 224->251
[289.610s][info][gc,heap     ] GC(37) Humongous regions: 1037->602
[289.610s][info][gc,metaspace] GC(37) Metaspace: 99587K(100608K)->99587K(100608K) NonClass: 77593K(78144K)->77593K(78144K) Class: 21993K(22464K)->21993K(22464K)
[289.610s][info][gc          ] GC(37) Pause Young (Mixed) (G1 Evacuation Pause) 2722M->1735M(2816M) 17.605ms
[289.610s][info][gc,cpu      ] GC(37) User=0.02s Sys=0.02s Real=0.02s
[289.611s][info][gc,start    ] GC(38) Pause Young (Concurrent Start) (G1 Humongous Allocation)
[289.611s][info][gc,task     ] GC(38) Using 4 workers of 4 for evacuation
[289.613s][info][gc,phases   ] GC(38)   Pre Evacuate Collection Set: 0.28ms
[289.613s][info][gc,phases   ] GC(38)   Merge Heap Roots: 0.08ms
[289.613s][info][gc,phases   ] GC(38)   Evacuate Collection Set: 1.81ms
[289.613s][info][gc,phases   ] GC(38)   Post Evacuate Collection Set: 0.49ms
[289.613s][info][gc,phases   ] GC(38)   Other: 0.04ms
[289.613s][info][gc,heap     ] GC(38) Eden regions: 1->0(335)
[289.613s][info][gc,heap     ] GC(38) Survivor regions: 15->14(45)
[289.613s][info][gc,heap     ] GC(38) Old regions: 251->251
[289.613s][info][gc,heap     ] GC(38) Humongous regions: 602->602
[289.613s][info][gc,metaspace] GC(38) Metaspace: 99587K(100608K)->99587K(100608K) NonClass: 77593K(78144K)->77593K(78144K) Class: 21993K(22464K)->21993K(22464K)
[289.613s][info][gc          ] GC(38) Pause Young (Concurrent Start) (G1 Humongous Allocation) 1736M->1733M(2816M) 2.801ms
[289.613s][info][gc,cpu      ] GC(38) User=0.01s Sys=0.00s Real=0.00s
[289.613s][info][gc          ] GC(39) Concurrent Mark Cycle
[289.614s][info][gc,marking  ] GC(39) Concurrent Scan Root Regions
[289.617s][info][gc,marking  ] GC(39) Concurrent Scan Root Regions 3.115ms
[289.617s][info][gc,marking  ] GC(39) Concurrent Mark
[289.617s][info][gc,marking  ] GC(39) Concurrent Mark From Roots
[289.617s][info][gc,task     ] GC(39) Using 1 workers of 1 for marking
[289.662s][info][gc,marking  ] GC(39) Concurrent Mark From Roots 45.510ms
[289.662s][info][gc,marking  ] GC(39) Concurrent Preclean
[289.662s][info][gc,marking  ] GC(39) Concurrent Preclean 0.084ms
[289.662s][info][gc,start    ] GC(39) Pause Remark
[289.672s][info][gc          ] GC(39) Pause Remark 1769M->1203M(2816M) 9.254ms
[289.672s][info][gc,cpu      ] GC(39) User=0.02s Sys=0.00s Real=0.01s
[289.672s][info][gc,marking  ] GC(39) Concurrent Mark 55.000ms
[289.672s][info][gc,marking  ] GC(39) Concurrent Rebuild Remembered Sets and Scrub Regions
[289.692s][info][gc,marking  ] GC(39) Concurrent Rebuild Remembered Sets and Scrub Regions 20.012ms
[289.692s][info][gc,start    ] GC(39) Pause Cleanup
[289.692s][info][gc          ] GC(39) Pause Cleanup 1203M->1203M(2816M) 0.084ms
[289.692s][info][gc,cpu      ] GC(39) User=0.00s Sys=0.00s Real=0.00s
[289.692s][info][gc,marking  ] GC(39) Concurrent Clear Claimed Marks
[289.692s][info][gc,marking  ] GC(39) Concurrent Clear Claimed Marks 0.150ms
[289.692s][info][gc,marking  ] GC(39) Concurrent Cleanup for Next Mark
[289.696s][info][gc,marking  ] GC(39) Concurrent Cleanup for Next Mark 3.979ms
[289.696s][info][gc          ] GC(39) Concurrent Mark Cycle 82.525ms
[290.610s][info][gc,start    ] GC(40) Pause Young (Prepare Mixed) (G1 Evacuation Pause)
[290.610s][info][gc,task     ] GC(40) Using 4 workers of 4 for evacuation
[290.619s][info][gc,phases   ] GC(40)   Pre Evacuate Collection Set: 0.16ms
[290.619s][info][gc,phases   ] GC(40)   Merge Heap Roots: 0.07ms
[290.619s][info][gc,phases   ] GC(40)   Evacuate Collection Set: 4.68ms
[290.619s][info][gc,phases   ] GC(40)   Post Evacuate Collection Set: 4.07ms
[290.619s][info][gc,phases   ] GC(40)   Other: 0.06ms
[290.619s][info][gc,heap     ] GC(40) Eden regions: 329->0(349)
[290.619s][info][gc,heap     ] GC(40) Survivor regions: 14->8(8)
[290.619s][info][gc,heap     ] GC(40) Old regions: 168->451
[290.619s][info][gc,heap     ] GC(40) Humongous regions: 915->450
[290.619s][info][gc,metaspace] GC(40) Metaspace: 99705K(100736K)->99705K(100736K) NonClass: 77711K(78272K)->77711K(78272K) Class: 21993K(22464K)->21993K(22464K)
[290.619s][info][gc          ] GC(40) Pause Young (Prepare Mixed) (G1 Evacuation Pause) (Evacuation Failure: Allocation) 2851M->1818M(2868M) 9.151ms
[290.619s][info][gc,cpu      ] GC(40) User=0.03s Sys=0.00s Real=0.00s
[291.825s][info][gc,start    ] GC(41) Pause Young (Mixed) (G1 Evacuation Pause)
[291.825s][info][gc,task     ] GC(41) Using 4 workers of 4 for evacuation
[291.836s][info][gc,phases   ] GC(41)   Pre Evacuate Collection Set: 0.20ms
[291.836s][info][gc,phases   ] GC(41)   Merge Heap Roots: 0.08ms
[291.836s][info][gc,phases   ] GC(41)   Evacuate Collection Set: 3.47ms
[291.836s][info][gc,phases   ] GC(41)   Post Evacuate Collection Set: 7.38ms
[291.836s][info][gc,phases   ] GC(41)   Other: 0.06ms
[291.836s][info][gc,heap     ] GC(41) Eden regions: 290->0(157)
[291.836s][info][gc,heap     ] GC(41) Survivor regions: 8->0(0)
[291.836s][info][gc,heap     ] GC(41) Old regions: 451->727
[291.836s][info][gc,heap     ] GC(41) Humongous regions: 685->477
[291.836s][info][gc,metaspace] GC(41) Metaspace: 99760K(100800K)->99760K(100800K) NonClass: 77766K(78336K)->77766K(78336K) Class: 21993K(22464K)->21993K(22464K)
[291.836s][info][gc          ] GC(41) Pause Young (Mixed) (G1 Evacuation Pause) (Evacuation Failure: Allocation) 2868M->2408M(2868M) 11.289ms
[291.836s][info][gc,cpu      ] GC(41) User=0.04s Sys=0.01s Real=0.01s
[291.844s][info][gc,start    ] GC(42) Pause Young (Concurrent Start) (G1 Humongous Allocation)
[291.844s][info][gc,task     ] GC(42) Using 4 workers of 4 for evacuation
[291.850s][info][gc,phases   ] GC(42)   Pre Evacuate Collection Set: 0.41ms
[291.850s][info][gc,phases   ] GC(42)   Merge Heap Roots: 0.16ms
[291.850s][info][gc,phases   ] GC(42)   Evacuate Collection Set: 4.38ms
[291.850s][info][gc,phases   ] GC(42)   Post Evacuate Collection Set: 0.55ms
[291.850s][info][gc,phases   ] GC(42)   Other: 0.09ms
[291.850s][info][gc,heap     ] GC(42) Eden regions: 16->0(207)
[291.850s][info][gc,heap     ] GC(42) Survivor regions: 0->9(20)
[291.850s][info][gc,heap     ] GC(42) Old regions: 727->608
[291.850s][info][gc,heap     ] GC(42) Humongous regions: 477->457
[291.850s][info][gc,metaspace] GC(42) Metaspace: 99760K(100800K)->99760K(100800K) NonClass: 77766K(78336K)->77766K(78336K) Class: 21993K(22464K)->21993K(22464K)
[291.850s][info][gc          ] GC(42) Pause Young (Concurrent Start) (G1 Humongous Allocation) 2440M->2146M(2868M) 5.699ms
[291.850s][info][gc          ] GC(43) Concurrent Mark Cycle
[291.850s][info][gc,marking  ] GC(43) Concurrent Scan Root Regions
[291.850s][info][gc,cpu      ] GC(42) User=0.02s Sys=0.00s Real=0.01s
[291.874s][info][gc,marking  ] GC(43) Concurrent Scan Root Regions 24.175ms
[291.874s][info][gc,marking  ] GC(43) Concurrent Mark
[291.874s][info][gc,marking  ] GC(43) Concurrent Mark From Roots
[291.874s][info][gc,task     ] GC(43) Using 1 workers of 1 for marking
[291.913s][info][gc,start    ] GC(44) Pause Young (Normal) (G1 Humongous Allocation)
[291.913s][info][gc,task     ] GC(44) Using 4 workers of 4 for evacuation
[291.920s][info][gc,phases   ] GC(44)   Pre Evacuate Collection Set: 0.25ms
[291.920s][info][gc,phases   ] GC(44)   Merge Heap Roots: 0.24ms
[291.920s][info][gc,phases   ] GC(44)   Evacuate Collection Set: 4.01ms
[291.920s][info][gc,phases   ] GC(44)   Post Evacuate Collection Set: 2.06ms
[291.920s][info][gc,phases   ] GC(44)   Other: 0.07ms
[291.920s][info][gc,heap     ] GC(44) Eden regions: 27->0(144)
[291.920s][info][gc,heap     ] GC(44) Survivor regions: 9->6(21)
[291.920s][info][gc,heap     ] GC(44) Old regions: 608->631
[291.920s][info][gc,heap     ] GC(44) Humongous regions: 769->550
[291.920s][info][gc,metaspace] GC(44) Metaspace: 99796K(100864K)->99796K(100864K) NonClass: 77802K(78400K)->77802K(78400K) Class: 21993K(22464K)->21993K(22464K)
[291.920s][info][gc          ] GC(44) Pause Young (Normal) (G1 Humongous Allocation) (Evacuation Failure: Allocation) 2823M->2373M(2868M) 6.723ms
[291.920s][info][gc,cpu      ] GC(44) User=0.02s Sys=0.00s Real=0.01s
[291.931s][info][gc,marking  ] GC(43) Concurrent Mark From Roots 56.583ms
[291.931s][info][gc,marking  ] GC(43) Concurrent Preclean
[291.931s][info][gc,marking  ] GC(43) Concurrent Preclean 0.080ms
[291.932s][info][gc,start    ] GC(43) Pause Remark
[291.935s][info][gc          ] GC(43) Pause Remark 2465M->2313M(2868M) 3.118ms
[291.935s][info][gc,cpu      ] GC(43) User=0.01s Sys=0.00s Real=0.00s
[291.935s][info][gc,marking  ] GC(43) Concurrent Mark 60.474ms
[291.935s][info][gc,marking  ] GC(43) Concurrent Rebuild Remembered Sets and Scrub Regions
[291.972s][info][gc,marking  ] GC(43) Concurrent Rebuild Remembered Sets and Scrub Regions 37.281ms
[291.972s][info][gc,start    ] GC(43) Pause Cleanup
[291.972s][info][gc          ] GC(43) Pause Cleanup 2481M->2481M(2868M) 0.173ms
[291.972s][info][gc,cpu      ] GC(43) User=0.00s Sys=0.00s Real=0.00s
[291.972s][info][gc,marking  ] GC(43) Concurrent Clear Claimed Marks
[291.973s][info][gc,marking  ] GC(43) Concurrent Clear Claimed Marks 0.178ms
[291.973s][info][gc,marking  ] GC(43) Concurrent Cleanup for Next Mark
[291.974s][info][gc,marking  ] GC(43) Concurrent Cleanup for Next Mark 1.505ms
[291.974s][info][gc          ] GC(43) Concurrent Mark Cycle 124.078ms
[292.007s][info][gc,start    ] GC(45) Pause Young (Prepare Mixed) (G1 Humongous Allocation)
[292.007s][info][gc,task     ] GC(45) Using 4 workers of 4 for evacuation
[292.013s][info][gc,phases   ] GC(45)   Pre Evacuate Collection Set: 0.32ms
[292.013s][info][gc,phases   ] GC(45)   Merge Heap Roots: 0.19ms
[292.013s][info][gc,phases   ] GC(45)   Evacuate Collection Set: 3.58ms
[292.013s][info][gc,phases   ] GC(45)   Post Evacuate Collection Set: 2.01ms
[292.013s][info][gc,phases   ] GC(45)   Other: 0.06ms
[292.013s][info][gc,heap     ] GC(45) Eden regions: 27->0(126)
[292.013s][info][gc,heap     ] GC(45) Survivor regions: 6->9(19)
[292.013s][info][gc,heap     ] GC(45) Old regions: 610->627
[292.013s][info][gc,heap     ] GC(45) Humongous regions: 766->589
[292.013s][info][gc,metaspace] GC(45) Metaspace: 99830K(100864K)->99830K(100864K) NonClass: 77836K(78400K)->77836K(78400K) Class: 21993K(22464K)->21993K(22464K)
[292.013s][info][gc          ] GC(45) Pause Young (Prepare Mixed) (G1 Humongous Allocation) (Evacuation Failure: Allocation) 2816M->2448M(2868M) 6.301ms
[292.013s][info][gc,cpu      ] GC(45) User=0.03s Sys=0.00s Real=0.01s
[293.092s][info][gc,start    ] GC(46) Pause Young (Mixed) (G1 Evacuation Pause)
[293.093s][info][gc,task     ] GC(46) Using 4 workers of 4 for evacuation
[293.102s][info][gc,phases   ] GC(46)   Pre Evacuate Collection Set: 0.23ms
[293.102s][info][gc,phases   ] GC(46)   Merge Heap Roots: 0.14ms
[293.102s][info][gc,phases   ] GC(46)   Evacuate Collection Set: 5.39ms
[293.102s][info][gc,phases   ] GC(46)   Post Evacuate Collection Set: 3.29ms
[293.102s][info][gc,phases   ] GC(46)   Other: 0.05ms
[293.102s][info][gc,heap     ] GC(46) Eden regions: 126->0(71)
[293.102s][info][gc,heap     ] GC(46) Survivor regions: 9->17(17)
[293.102s][info][gc,heap     ] GC(46) Old regions: 627->763
[293.102s][info][gc,heap     ] GC(46) Humongous regions: 635->537
[293.102s][info][gc,metaspace] GC(46) Metaspace: 99885K(100928K)->99885K(100928K) NonClass: 77889K(78464K)->77889K(78464K) Class: 21995K(22464K)->21995K(22464K)
[293.102s][info][gc          ] GC(46) Pause Young (Mixed) (G1 Evacuation Pause) (Evacuation Failure: Allocation) 2792M->2632M(2868M) 9.243ms
[293.102s][info][gc,cpu      ] GC(46) User=0.03s Sys=0.00s Real=0.01s
[293.137s][info][gc,start    ] GC(47) Pause Young (Concurrent Start) (G1 Humongous Allocation)
[293.137s][info][gc,task     ] GC(47) Using 4 workers of 4 for evacuation
[293.145s][info][gc,phases   ] GC(47)   Pre Evacuate Collection Set: 0.29ms
[293.145s][info][gc,phases   ] GC(47)   Merge Heap Roots: 0.24ms
[293.145s][info][gc,phases   ] GC(47)   Evacuate Collection Set: 6.36ms
[293.145s][info][gc,phases   ] GC(47)   Post Evacuate Collection Set: 1.00ms
[293.145s][info][gc,phases   ] GC(47)   Other: 0.08ms
[293.145s][info][gc,heap     ] GC(47) Eden regions: 45->0(146)
[293.145s][info][gc,heap     ] GC(47) Survivor regions: 17->11(11)
[293.145s][info][gc,heap     ] GC(47) Old regions: 763->675
[293.145s][info][gc,heap     ] GC(47) Humongous regions: 537->477
[293.145s][info][gc,metaspace] GC(47) Metaspace: 99885K(100928K)->99885K(100928K) NonClass: 77889K(78464K)->77889K(78464K) Class: 21995K(22464K)->21995K(22464K)
[293.145s][info][gc          ] GC(47) Pause Young (Concurrent Start) (G1 Humongous Allocation) (Evacuation Failure: Allocation) 2721M->2325M(2868M) 8.085ms
[293.145s][info][gc,cpu      ] GC(47) User=0.03s Sys=0.00s Real=0.01s
[293.145s][info][gc          ] GC(48) Concurrent Mark Cycle
[293.145s][info][gc,marking  ] GC(48) Concurrent Scan Root Regions
[293.161s][info][gc,marking  ] GC(48) Concurrent Scan Root Regions 15.432ms
[293.161s][info][gc,marking  ] GC(48) Concurrent Mark
[293.161s][info][gc,marking  ] GC(48) Concurrent Mark From Roots
[293.161s][info][gc,task     ] GC(48) Using 1 workers of 1 for marking
[293.212s][info][gc,marking  ] GC(48) Concurrent Mark From Roots 51.468ms
[293.212s][info][gc,marking  ] GC(48) Concurrent Preclean
[293.212s][info][gc,marking  ] GC(48) Concurrent Preclean 0.081ms
[293.212s][info][gc,start    ] GC(48) Pause Remark
[293.218s][info][gc          ] GC(48) Pause Remark 2523M->2405M(2868M) 5.376ms
[293.218s][info][gc,cpu      ] GC(48) User=0.01s Sys=0.00s Real=0.00s
[293.218s][info][gc,marking  ] GC(48) Concurrent Mark 57.118ms
[293.218s][info][gc,marking  ] GC(48) Concurrent Rebuild Remembered Sets and Scrub Regions
[293.256s][info][gc,marking  ] GC(48) Concurrent Rebuild Remembered Sets and Scrub Regions 38.069ms
[293.256s][info][gc,start    ] GC(48) Pause Cleanup
[293.256s][info][gc          ] GC(48) Pause Cleanup 2489M->2489M(2868M) 0.141ms
[293.256s][info][gc,cpu      ] GC(48) User=0.00s Sys=0.00s Real=0.00s
[293.256s][info][gc,marking  ] GC(48) Concurrent Clear Claimed Marks
[293.256s][info][gc,marking  ] GC(48) Concurrent Clear Claimed Marks 0.153ms
[293.256s][info][gc,marking  ] GC(48) Concurrent Cleanup for Next Mark
[293.258s][info][gc,marking  ] GC(48) Concurrent Cleanup for Next Mark 1.765ms
[293.258s][info][gc          ] GC(48) Concurrent Mark Cycle 112.881ms
[293.297s][info][gc,start    ] GC(49) Pause Young (Prepare Mixed) (G1 Humongous Allocation)
[293.297s][info][gc,task     ] GC(49) Using 4 workers of 4 for evacuation
[293.306s][info][gc,phases   ] GC(49)   Pre Evacuate Collection Set: 0.19ms
[293.306s][info][gc,phases   ] GC(49)   Merge Heap Roots: 0.17ms
[293.306s][info][gc,phases   ] GC(49)   Evacuate Collection Set: 3.30ms
[293.306s][info][gc,phases   ] GC(49)   Post Evacuate Collection Set: 5.18ms
[293.306s][info][gc,phases   ] GC(49)   Other: 0.05ms
[293.306s][info][gc,heap     ] GC(49) Eden regions: 142->0(71)
[293.306s][info][gc,heap     ] GC(49) Survivor regions: 11->4(7)
[293.306s][info][gc,heap     ] GC(49) Old regions: 671->814
[293.306s][info][gc,heap     ] GC(49) Humongous regions: 603->473
[293.306s][info][gc,metaspace] GC(49) Metaspace: 99885K(100928K)->99885K(100928K) NonClass: 77890K(78464K)->77890K(78464K) Class: 21995K(22464K)->21995K(22464K)
[293.306s][info][gc          ] GC(49) Pause Young (Prepare Mixed) (G1 Humongous Allocation) (Evacuation Failure: Allocation) 2852M->2582M(2868M) 9.006ms
[293.306s][info][gc,cpu      ] GC(49) User=0.03s Sys=0.00s Real=0.01s
[293.318s][info][gc,start    ] GC(50) Pause Young (Mixed) (G1 Humongous Allocation)
[293.318s][info][gc,task     ] GC(50) Using 4 workers of 4 for evacuation
[293.323s][info][gc,phases   ] GC(50)   Pre Evacuate Collection Set: 0.19ms
[293.323s][info][gc,phases   ] GC(50)   Merge Heap Roots: 0.18ms
[293.323s][info][gc,phases   ] GC(50)   Evacuate Collection Set: 3.52ms
[293.323s][info][gc,phases   ] GC(50)   Post Evacuate Collection Set: 1.68ms
[293.323s][info][gc,phases   ] GC(50)   Other: 0.05ms
[293.323s][info][gc,heap     ] GC(50) Eden regions: 5->0(67)
[293.323s][info][gc,heap     ] GC(50) Survivor regions: 4->4(10)
[293.323s][info][gc,heap     ] GC(50) Old regions: 814->820
[293.323s][info][gc,heap     ] GC(50) Humongous regions: 588->514
[293.323s][info][gc,metaspace] GC(50) Metaspace: 99887K(100928K)->99887K(100928K) NonClass: 77892K(78464K)->77892K(78464K) Class: 21995K(22464K)->21995K(22464K)
[293.323s][info][gc          ] GC(50) Pause Young (Mixed) (G1 Humongous Allocation) (Evacuation Failure: Allocation) 2820M->2676M(2868M) 5.727ms
[293.323s][info][gc,cpu      ] GC(50) User=0.02s Sys=0.00s Real=0.01s
[293.324s][info][gc,start    ] GC(51) Pause Young (Concurrent Start) (G1 Humongous Allocation)
[293.325s][info][gc,task     ] GC(51) Using 4 workers of 4 for evacuation
[293.330s][info][gc,phases   ] GC(51)   Pre Evacuate Collection Set: 0.22ms
[293.330s][info][gc,phases   ] GC(51)   Merge Heap Roots: 0.11ms
[293.330s][info][gc,phases   ] GC(51)   Evacuate Collection Set: 4.47ms
[293.330s][info][gc,phases   ] GC(51)   Post Evacuate Collection Set: 0.58ms
[293.330s][info][gc,phases   ] GC(51)   Other: 0.06ms
[293.330s][info][gc,heap     ] GC(51) Eden regions: 2->0(134)
[293.330s][info][gc,heap     ] GC(51) Survivor regions: 4->5(9)
[293.330s][info][gc,heap     ] GC(51) Old regions: 820->716
[293.330s][info][gc,heap     ] GC(51) Humongous regions: 526->506
[293.330s][info][gc,metaspace] GC(51) Metaspace: 99887K(100928K)->99887K(100928K) NonClass: 77892K(78464K)->77892K(78464K) Class: 21995K(22464K)->21995K(22464K)
[293.330s][info][gc          ] GC(51) Pause Young (Concurrent Start) (G1 Humongous Allocation) 2702M->2452M(2868M) 5.512ms
[293.330s][info][gc          ] GC(52) Concurrent Mark Cycle
[293.330s][info][gc,cpu      ] GC(51) User=0.02s Sys=0.00s Real=0.01s
[293.330s][info][gc,marking  ] GC(52) Concurrent Scan Root Regions
[293.347s][info][gc,marking  ] GC(52) Concurrent Scan Root Regions 17.355ms
[293.347s][info][gc,marking  ] GC(52) Concurrent Mark
[293.347s][info][gc,marking  ] GC(52) Concurrent Mark From Roots
[293.347s][info][gc,task     ] GC(52) Using 1 workers of 1 for marking
[293.397s][info][gc,start    ] GC(53) Pause Young (Normal) (G1 Humongous Allocation)
[293.397s][info][gc,task     ] GC(53) Using 4 workers of 4 for evacuation
[293.402s][info][gc,phases   ] GC(53)   Pre Evacuate Collection Set: 0.16ms
[293.402s][info][gc,phases   ] GC(53)   Merge Heap Roots: 0.09ms
[293.402s][info][gc,phases   ] GC(53)   Evacuate Collection Set: 2.92ms
[293.402s][info][gc,phases   ] GC(53)   Post Evacuate Collection Set: 2.38ms
[293.402s][info][gc,phases   ] GC(53)   Other: 0.05ms
[293.402s][info][gc,heap     ] GC(53) Eden regions: 29->0(87)
[293.402s][info][gc,heap     ] GC(53) Survivor regions: 5->3(16)
[293.402s][info][gc,heap     ] GC(53) Old regions: 716->758
[293.402s][info][gc,heap     ] GC(53) Humongous regions: 668->513
[293.402s][info][gc,metaspace] GC(53) Metaspace: 99896K(100928K)->99896K(100928K) NonClass: 77901K(78464K)->77901K(78464K) Class: 21995K(22464K)->21995K(22464K)
[293.402s][info][gc          ] GC(53) Pause Young (Normal) (G1 Humongous Allocation) (Evacuation Failure: Allocation) 2834M->2546M(2868M) 5.707ms
[293.402s][info][gc,cpu      ] GC(53) User=0.02s Sys=0.00s Real=0.01s
[293.409s][info][gc,marking  ] GC(52) Concurrent Mark From Roots 61.519ms
[293.409s][info][gc,marking  ] GC(52) Concurrent Preclean
[293.409s][info][gc,marking  ] GC(52) Concurrent Preclean 0.090ms
[293.409s][info][gc,start    ] GC(52) Pause Remark
[293.412s][info][gc          ] GC(52) Pause Remark 2609M->2455M(2868M) 2.718ms
[293.412s][info][gc,cpu      ] GC(52) User=0.01s Sys=0.00s Real=0.01s
[293.412s][info][gc,marking  ] GC(52) Concurrent Mark 64.481ms
[293.412s][info][gc,marking  ] GC(52) Concurrent Rebuild Remembered Sets and Scrub Regions
[293.458s][info][gc,marking  ] GC(52) Concurrent Rebuild Remembered Sets and Scrub Regions 46.019ms
[293.458s][info][gc,start    ] GC(52) Pause Cleanup
[293.458s][info][gc          ] GC(52) Pause Cleanup 2770M->2770M(2868M) 0.242ms
[293.458s][info][gc,cpu      ] GC(52) User=0.00s Sys=0.00s Real=0.00s
[293.458s][info][gc,marking  ] GC(52) Concurrent Clear Claimed Marks
[293.459s][info][gc,marking  ] GC(52) Concurrent Clear Claimed Marks 0.172ms
[293.459s][info][gc,marking  ] GC(52) Concurrent Cleanup for Next Mark
[293.460s][info][gc,marking  ] GC(52) Concurrent Cleanup for Next Mark 1.461ms
[293.460s][info][gc          ] GC(52) Concurrent Mark Cycle 130.018ms
[293.749s][info][gc,start    ] GC(54) Pause Young (Prepare Mixed) (G1 Humongous Allocation)
[293.749s][info][gc,task     ] GC(54) Using 4 workers of 4 for evacuation
[293.755s][info][gc,phases   ] GC(54)   Pre Evacuate Collection Set: 0.22ms
[293.755s][info][gc,phases   ] GC(54)   Merge Heap Roots: 0.13ms
[293.755s][info][gc,phases   ] GC(54)   Evacuate Collection Set: 3.28ms
[293.755s][info][gc,phases   ] GC(54)   Post Evacuate Collection Set: 1.79ms
[293.755s][info][gc,phases   ] GC(54)   Other: 0.05ms
[293.755s][info][gc,heap     ] GC(54) Eden regions: 29->0(118)
[293.755s][info][gc,heap     ] GC(54) Survivor regions: 3->9(12)
[293.755s][info][gc,heap     ] GC(54) Old regions: 716->739
[293.755s][info][gc,heap     ] GC(54) Humongous regions: 660->495
[293.755s][info][gc,metaspace] GC(54) Metaspace: 99908K(100928K)->99908K(100928K) NonClass: 77912K(78464K)->77912K(78464K) Class: 21995K(22464K)->21995K(22464K)
[293.755s][info][gc          ] GC(54) Pause Young (Prepare Mixed) (G1 Humongous Allocation) (Evacuation Failure: Allocation) 2813M->2484M(2868M) 5.550ms
[293.755s][info][gc,cpu      ] GC(54) User=0.02s Sys=0.01s Real=0.01s
[294.472s][info][gc,start    ] GC(55) Pause Young (Mixed) (G1 Evacuation Pause)
[294.472s][info][gc,task     ] GC(55) Using 4 workers of 4 for evacuation
[294.482s][info][gc,phases   ] GC(55)   Pre Evacuate Collection Set: 0.19ms
[294.482s][info][gc,phases   ] GC(55)   Merge Heap Roots: 0.11ms
[294.482s][info][gc,phases   ] GC(55)   Evacuate Collection Set: 6.37ms
[294.482s][info][gc,phases   ] GC(55)   Post Evacuate Collection Set: 3.67ms
[294.482s][info][gc,phases   ] GC(55)   Other: 0.05ms
[294.482s][info][gc,heap     ] GC(55) Eden regions: 118->0(55)
[294.482s][info][gc,heap     ] GC(55) Survivor regions: 9->16(16)
[294.482s][info][gc,heap     ] GC(55) Old regions: 739->841
[294.482s][info][gc,heap     ] GC(55) Humongous regions: 523->497
[294.482s][info][gc,metaspace] GC(55) Metaspace: 100085K(101120K)->100085K(101120K) NonClass: 78089K(78656K)->78089K(78656K) Class: 21995K(22464K)->21995K(22464K)
[294.482s][info][gc          ] GC(55) Pause Young (Mixed) (G1 Evacuation Pause) (Evacuation Failure: Allocation) 2776M->2706M(2868M) 10.495ms
[294.482s][info][gc,cpu      ] GC(55) User=0.04s Sys=0.00s Real=0.01s
[294.504s][info][gc,start    ] GC(56) Pause Young (Concurrent Start) (G1 Humongous Allocation)
[294.504s][info][gc,task     ] GC(56) Using 4 workers of 4 for evacuation
[294.512s][info][gc,phases   ] GC(56)   Pre Evacuate Collection Set: 0.35ms
[294.512s][info][gc,phases   ] GC(56)   Merge Heap Roots: 0.12ms
[294.512s][info][gc,phases   ] GC(56)   Evacuate Collection Set: 4.94ms
[294.512s][info][gc,phases   ] GC(56)   Post Evacuate Collection Set: 2.31ms
[294.512s][info][gc,phases   ] GC(56)   Other: 0.06ms
[294.512s][info][gc,heap     ] GC(56) Eden regions: 33->0(49)
[294.512s][info][gc,heap     ] GC(56) Survivor regions: 16->9(9)
[294.512s][info][gc,heap     ] GC(56) Old regions: 841->879
[294.512s][info][gc,heap     ] GC(56) Humongous regions: 497->497
[294.512s][info][gc,metaspace] GC(56) Metaspace: 100085K(101120K)->100085K(101120K) NonClass: 78089K(78656K)->78089K(78656K) Class: 21995K(22464K)->21995K(22464K)
[294.512s][info][gc          ] GC(56) Pause Young (Concurrent Start) (G1 Humongous Allocation) (Evacuation Failure: Allocation) 2770M->2769M(2868M) 7.882ms
[294.512s][info][gc          ] GC(57) Concurrent Mark Cycle
[294.512s][info][gc,marking  ] GC(57) Concurrent Scan Root Regions
[294.512s][info][gc,cpu      ] GC(56) User=0.03s Sys=0.00s Real=0.01s
[294.514s][info][gc,start    ] GC(58) Pause Young (Normal) (G1 Humongous Allocation)
[294.514s][info][gc,task     ] GC(58) Using 4 workers of 4 for evacuation
[294.524s][info][gc,marking  ] GC(57) Concurrent Scan Root Regions 12.128ms
[294.524s][info][gc,marking  ] GC(57) Concurrent Mark
[294.524s][info][gc,marking  ] GC(57) Concurrent Mark From Roots
[294.524s][info][gc,task     ] GC(57) Using 1 workers of 1 for marking
[294.532s][info][gc,phases   ] GC(58)   Pre Evacuate Collection Set: 0.41ms
[294.532s][info][gc,phases   ] GC(58)   Merge Heap Roots: 0.16ms
[294.532s][info][gc,phases   ] GC(58)   Evacuate Collection Set: 4.73ms
[294.532s][info][gc,phases   ] GC(58)   Post Evacuate Collection Set: 2.59ms
[294.532s][info][gc,phases   ] GC(58)   Other: 10.76ms
[294.532s][info][gc,heap     ] GC(58) Eden regions: 2->0(69)
[294.532s][info][gc,heap     ] GC(58) Survivor regions: 9->2(8)
[294.532s][info][gc,heap     ] GC(58) Old regions: 879->820
[294.532s][info][gc,heap     ] GC(58) Humongous regions: 503->500
[294.532s][info][gc,metaspace] GC(58) Metaspace: 100085K(101120K)->100085K(101120K) NonClass: 78089K(78656K)->78089K(78656K) Class: 21995K(22464K)->21995K(22464K)
[294.533s][info][gc          ] GC(58) Pause Young (Normal) (G1 Humongous Allocation) (Evacuation Failure: Allocation) 2785M->2643M(2868M) 18.761ms
[294.533s][info][gc,cpu      ] GC(58) User=0.04s Sys=0.00s Real=0.02s
[294.584s][info][gc,start    ] GC(59) Pause Young (Normal) (G1 Evacuation Pause)
[294.585s][info][gc,task     ] GC(59) Using 4 workers of 4 for evacuation
[294.592s][info][gc,phases   ] GC(59)   Pre Evacuate Collection Set: 0.20ms
[294.592s][info][gc,phases   ] GC(59)   Merge Heap Roots: 0.12ms
[294.592s][info][gc,phases   ] GC(59)   Evacuate Collection Set: 4.15ms
[294.592s][info][gc,phases   ] GC(59)   Post Evacuate Collection Set: 3.35ms
[294.592s][info][gc,phases   ] GC(59)   Other: 0.05ms
[294.592s][info][gc,heap     ] GC(59) Eden regions: 69->0(39)
[294.592s][info][gc,heap     ] GC(59) Survivor regions: 2->5(9)
[294.592s][info][gc,heap     ] GC(59) Old regions: 820->883
[294.592s][info][gc,heap     ] GC(59) Humongous regions: 528->507
[294.592s][info][gc,metaspace] GC(59) Metaspace: 100089K(101120K)->100089K(101120K) NonClass: 78093K(78656K)->78093K(78656K) Class: 21995K(22464K)->21995K(22464K)
[294.592s][info][gc          ] GC(59) Pause Young (Normal) (G1 Evacuation Pause) (Evacuation Failure: Allocation) 2837M->2789M(2868M) 7.960ms
[294.592s][info][gc,cpu      ] GC(59) User=0.03s Sys=0.00s Real=0.01s
[294.594s][info][gc,marking  ] GC(57) Concurrent Mark From Roots 69.490ms
[294.594s][info][gc,marking  ] GC(57) Concurrent Preclean
[294.595s][info][gc,marking  ] GC(57) Concurrent Preclean 0.961ms
[294.595s][info][gc,start    ] GC(57) Pause Remark
[294.604s][info][gc          ] GC(57) Pause Remark 2813M->2633M(2868M) 8.628ms
[294.604s][info][gc,cpu      ] GC(57) User=0.03s Sys=0.00s Real=0.01s
[294.604s][info][gc,marking  ] GC(57) Concurrent Mark 79.214ms
[294.604s][info][gc,marking  ] GC(57) Concurrent Rebuild Remembered Sets and Scrub Regions
[294.627s][info][gc,start    ] GC(60) Pause Young (Normal) (G1 Evacuation Pause)
[294.628s][info][gc,task     ] GC(60) Using 4 workers of 4 for evacuation
[294.634s][info][gc,phases   ] GC(60)   Pre Evacuate Collection Set: 0.24ms
[294.634s][info][gc,phases   ] GC(60)   Merge Heap Roots: 0.14ms
[294.634s][info][gc,phases   ] GC(60)   Evacuate Collection Set: 5.28ms
[294.634s][info][gc,phases   ] GC(60)   Post Evacuate Collection Set: 0.78ms
[294.634s][info][gc,phases   ] GC(60)   Other: 0.05ms
[294.634s][info][gc,heap     ] GC(60) Eden regions: 39->0(185)
[294.634s][info][gc,heap     ] GC(60) Survivor regions: 5->6(6)
[294.634s][info][gc,heap     ] GC(60) Old regions: 873->683
[294.634s][info][gc,heap     ] GC(60) Humongous regions: 444->432
[294.634s][info][gc,metaspace] GC(60) Metaspace: 99681K(101120K)->99681K(101120K) NonClass: 77796K(78656K)->77796K(78656K) Class: 21884K(22464K)->21884K(22464K)
[294.634s][info][gc          ] GC(60) Pause Young (Normal) (G1 Evacuation Pause) 2721M->2240M(2868M) 6.574ms
[294.634s][info][gc,cpu      ] GC(60) User=0.02s Sys=0.00s Real=0.01s
[294.653s][info][gc,marking  ] GC(57) Concurrent Rebuild Remembered Sets and Scrub Regions 49.145ms
[294.653s][info][gc,start    ] GC(57) Pause Cleanup
[294.653s][info][gc          ] GC(57) Pause Cleanup 2285M->2285M(2868M) 0.114ms
[294.653s][info][gc,cpu      ] GC(57) User=0.00s Sys=0.00s Real=0.00s
[294.653s][info][gc,marking  ] GC(57) Concurrent Clear Claimed Marks
[294.653s][info][gc,marking  ] GC(57) Concurrent Clear Claimed Marks 0.155ms
[294.653s][info][gc,marking  ] GC(57) Concurrent Cleanup for Next Mark
[294.655s][info][gc,marking  ] GC(57) Concurrent Cleanup for Next Mark 1.574ms
[294.655s][info][gc          ] GC(57) Concurrent Mark Cycle 142.655ms
[294.688s][info][gc,start    ] GC(61) Pause Young (Prepare Mixed) (G1 Humongous Allocation)
[294.688s][info][gc,task     ] GC(61) Using 4 workers of 4 for evacuation
[294.696s][info][gc,phases   ] GC(61)   Pre Evacuate Collection Set: 0.35ms
[294.696s][info][gc,phases   ] GC(61)   Merge Heap Roots: 0.18ms
[294.696s][info][gc,phases   ] GC(61)   Evacuate Collection Set: 6.27ms
[294.696s][info][gc,phases   ] GC(61)   Post Evacuate Collection Set: 0.73ms
[294.696s][info][gc,phases   ] GC(61)   Other: 0.05ms
[294.696s][info][gc,heap     ] GC(61) Eden regions: 46->0(194)
[294.696s][info][gc,heap     ] GC(61) Survivor regions: 6->24(24)
[294.696s][info][gc,heap     ] GC(61) Old regions: 683->549
[294.696s][info][gc,heap     ] GC(61) Humongous regions: 632->498
[294.696s][info][gc,metaspace] GC(61) Metaspace: 99715K(101120K)->99715K(101120K) NonClass: 77830K(78656K)->77830K(78656K) Class: 21884K(22464K)->21884K(22464K)
[294.696s][info][gc          ] GC(61) Pause Young (Prepare Mixed) (G1 Humongous Allocation) (Evacuation Failure: Allocation) 2731M->2141M(2868M) 7.698ms
[294.696s][info][gc,cpu      ] GC(61) User=0.03s Sys=0.00s Real=0.01s
[294.788s][info][gc,start    ] GC(62) Pause Young (Mixed) (G1 Humongous Allocation)
[294.789s][info][gc,task     ] GC(62) Using 4 workers of 4 for evacuation
[294.794s][info][gc,phases   ] GC(62)   Pre Evacuate Collection Set: 0.23ms
[294.794s][info][gc,phases   ] GC(62)   Merge Heap Roots: 0.11ms
[294.794s][info][gc,phases   ] GC(62)   Evacuate Collection Set: 3.81ms
[294.794s][info][gc,phases   ] GC(62)   Post Evacuate Collection Set: 0.76ms
[294.794s][info][gc,phases   ] GC(62)   Other: 0.07ms
[294.794s][info][gc,heap     ] GC(62) Eden regions: 29->0(176)
[294.794s][info][gc,heap     ] GC(62) Survivor regions: 24->10(28)
[294.794s][info][gc,heap     ] GC(62) Old regions: 549->529
[294.794s][info][gc,heap     ] GC(62) Humongous regions: 763->565
[294.794s][info][gc,metaspace] GC(62) Metaspace: 99718K(101120K)->99718K(101120K) NonClass: 77833K(78656K)->77833K(78656K) Class: 21884K(22464K)->21884K(22464K)
[294.794s][info][gc          ] GC(62) Pause Young (Mixed) (G1 Humongous Allocation) 2728M->2208M(2868M) 5.106ms
[294.794s][info][gc,cpu      ] GC(62) User=0.02s Sys=0.00s Real=0.01s
[294.794s][info][gc,start    ] GC(63) Pause Young (Concurrent Start) (G1 Humongous Allocation)
[294.795s][info][gc,task     ] GC(63) Using 4 workers of 4 for evacuation
[294.797s][info][gc,phases   ] GC(63)   Pre Evacuate Collection Set: 0.33ms
[294.797s][info][gc,phases   ] GC(63)   Merge Heap Roots: 0.07ms
[294.797s][info][gc,phases   ] GC(63)   Evacuate Collection Set: 1.19ms
[294.797s][info][gc,phases   ] GC(63)   Post Evacuate Collection Set: 0.78ms
[294.797s][info][gc,phases   ] GC(63)   Other: 0.05ms
[294.797s][info][gc,heap     ] GC(63) Eden regions: 2->0(191)
[294.797s][info][gc,heap     ] GC(63) Survivor regions: 10->11(24)
[294.797s][info][gc,heap     ] GC(63) Old regions: 529->529
[294.797s][info][gc,heap     ] GC(63) Humongous regions: 571->568
[294.797s][info][gc,metaspace] GC(63) Metaspace: 99718K(101120K)->99718K(101120K) NonClass: 77833K(78656K)->77833K(78656K) Class: 21884K(22464K)->21884K(22464K)
[294.797s][info][gc          ] GC(63) Pause Young (Concurrent Start) (G1 Humongous Allocation) 2224M->2215M(2868M) 2.481ms
[294.797s][info][gc,cpu      ] GC(63) User=0.01s Sys=0.00s Real=0.00s
[294.797s][info][gc          ] GC(64) Concurrent Mark Cycle
[294.797s][info][gc,marking  ] GC(64) Concurrent Scan Root Regions
[294.800s][info][gc,marking  ] GC(64) Concurrent Scan Root Regions 3.395ms
[294.800s][info][gc,marking  ] GC(64) Concurrent Mark
[294.800s][info][gc,marking  ] GC(64) Concurrent Mark From Roots
[294.800s][info][gc,task     ] GC(64) Using 1 workers of 1 for marking
[294.847s][info][gc,marking  ] GC(64) Concurrent Mark From Roots 46.201ms
[294.847s][info][gc,marking  ] GC(64) Concurrent Preclean
[294.847s][info][gc,marking  ] GC(64) Concurrent Preclean 0.129ms
[294.847s][info][gc,start    ] GC(64) Pause Remark
[294.856s][info][gc          ] GC(64) Pause Remark 2477M->1641M(2868M) 9.038ms
[294.856s][info][gc,cpu      ] GC(64) User=0.02s Sys=0.00s Real=0.01s
[294.856s][info][gc,marking  ] GC(64) Concurrent Mark 55.615ms
[294.856s][info][gc,marking  ] GC(64) Concurrent Rebuild Remembered Sets and Scrub Regions
[294.877s][info][gc,marking  ] GC(64) Concurrent Rebuild Remembered Sets and Scrub Regions 20.475ms
[294.877s][info][gc,start    ] GC(64) Pause Cleanup
[294.877s][info][gc          ] GC(64) Pause Cleanup 1644M->1644M(2868M) 0.110ms
[294.877s][info][gc,cpu      ] GC(64) User=0.00s Sys=0.00s Real=0.00s
[294.877s][info][gc,marking  ] GC(64) Concurrent Clear Claimed Marks
[294.877s][info][gc,marking  ] GC(64) Concurrent Clear Claimed Marks 0.123ms
[294.877s][info][gc,marking  ] GC(64) Concurrent Cleanup for Next Mark
[294.878s][info][gc,marking  ] GC(64) Concurrent Cleanup for Next Mark 1.440ms
[294.878s][info][gc          ] GC(64) Concurrent Mark Cycle 81.410ms
[295.886s][info][gc,start    ] GC(65) Pause Young (Prepare Mixed) (G1 Evacuation Pause)
[295.886s][info][gc,task     ] GC(65) Using 4 workers of 4 for evacuation
[295.895s][info][gc,phases   ] GC(65)   Pre Evacuate Collection Set: 0.17ms
[295.895s][info][gc,phases   ] GC(65)   Merge Heap Roots: 0.09ms
[295.895s][info][gc,phases   ] GC(65)   Evacuate Collection Set: 8.09ms
[295.895s][info][gc,phases   ] GC(65)   Post Evacuate Collection Set: 0.52ms
[295.895s][info][gc,phases   ] GC(65)   Other: 0.06ms
[295.895s][info][gc,heap     ] GC(65) Eden regions: 191->0(354)
[295.895s][info][gc,heap     ] GC(65) Survivor regions: 11->26(26)
[295.895s][info][gc,heap     ] GC(65) Old regions: 271->340
[295.895s][info][gc,heap     ] GC(65) Humongous regions: 566->452
[295.895s][info][gc,metaspace] GC(65) Metaspace: 99742K(101120K)->99742K(101120K) NonClass: 77858K(78656K)->77858K(78656K) Class: 21884K(22464K)->21884K(22464K)
[295.895s][info][gc          ] GC(65) Pause Young (Prepare Mixed) (G1 Evacuation Pause) 2077M->1635M(2868M) 9.041ms
[295.895s][info][gc,cpu      ] GC(65) User=0.04s Sys=0.01s Real=0.01s
[296.111s][info][gc,start    ] GC(66) Pause Young (Mixed) (G1 Humongous Allocation)
[296.111s][info][gc,task     ] GC(66) Using 4 workers of 4 for evacuation
[296.119s][info][gc,phases   ] GC(66)   Pre Evacuate Collection Set: 0.25ms
[296.119s][info][gc,phases   ] GC(66)   Merge Heap Roots: 0.08ms
[296.119s][info][gc,phases   ] GC(66)   Evacuate Collection Set: 4.73ms
[296.119s][info][gc,phases   ] GC(66)   Post Evacuate Collection Set: 2.79ms
[296.119s][info][gc,phases   ] GC(66)   Other: 0.06ms
[296.119s][info][gc,heap     ] GC(66) Eden regions: 143->0(234)
[296.119s][info][gc,heap     ] GC(66) Survivor regions: 26->29(42)
[296.119s][info][gc,heap     ] GC(66) Old regions: 340->454
[296.119s][info][gc,heap     ] GC(66) Humongous regions: 883->540
[296.119s][info][gc,metaspace] GC(66) Metaspace: 99773K(101120K)->99773K(101120K) NonClass: 77888K(78656K)->77888K(78656K) Class: 21884K(22464K)->21884K(22464K)
[296.119s][info][gc          ] GC(66) Pause Young (Mixed) (G1 Humongous Allocation) (Evacuation Failure: Allocation) 2783M->2046M(2868M) 8.029ms
[296.119s][info][gc,cpu      ] GC(66) User=0.04s Sys=0.00s Real=0.00s
[296.122s][info][gc,start    ] GC(67) Pause Young (Concurrent Start) (G1 Humongous Allocation)
[296.122s][info][gc,task     ] GC(67) Using 4 workers of 4 for evacuation
[296.129s][info][gc,phases   ] GC(67)   Pre Evacuate Collection Set: 0.41ms
[296.129s][info][gc,phases   ] GC(67)   Merge Heap Roots: 0.09ms
[296.129s][info][gc,phases   ] GC(67)   Evacuate Collection Set: 5.73ms
[296.129s][info][gc,phases   ] GC(67)   Post Evacuate Collection Set: 0.77ms
[296.129s][info][gc,phases   ] GC(67)   Other: 0.05ms
[296.129s][info][gc,heap     ] GC(67) Eden regions: 3->0(341)
[296.129s][info][gc,heap     ] GC(67) Survivor regions: 29->2(33)
[296.129s][info][gc,heap     ] GC(67) Old regions: 454->323
[296.129s][info][gc,heap     ] GC(67) Humongous regions: 545->533
[296.129s][info][gc,metaspace] GC(67) Metaspace: 99774K(101184K)->99774K(101184K) NonClass: 77889K(78720K)->77889K(78720K) Class: 21884K(22464K)->21884K(22464K)
[296.129s][info][gc          ] GC(67) Pause Young (Concurrent Start) (G1 Humongous Allocation) 2061M->1715M(2868M) 7.152ms
[296.129s][info][gc,cpu      ] GC(67) User=0.03s Sys=0.00s Real=0.00s
[296.129s][info][gc          ] GC(68) Concurrent Mark Cycle
[296.129s][info][gc,marking  ] GC(68) Concurrent Scan Root Regions
[296.135s][info][gc,marking  ] GC(68) Concurrent Scan Root Regions 6.007ms
[296.135s][info][gc,marking  ] GC(68) Concurrent Mark
[296.135s][info][gc,marking  ] GC(68) Concurrent Mark From Roots
[296.135s][info][gc,task     ] GC(68) Using 1 workers of 1 for marking
[296.184s][info][gc,marking  ] GC(68) Concurrent Mark From Roots 48.693ms
[296.184s][info][gc,marking  ] GC(68) Concurrent Preclean
[296.184s][info][gc,marking  ] GC(68) Concurrent Preclean 0.144ms
[296.184s][info][gc,start    ] GC(68) Pause Remark
[296.188s][info][gc          ] GC(68) Pause Remark 1894M->1620M(2868M) 4.125ms
[296.188s][info][gc,cpu      ] GC(68) User=0.01s Sys=0.00s Real=0.00s
[296.188s][info][gc,marking  ] GC(68) Concurrent Mark 53.258ms
[296.188s][info][gc,marking  ] GC(68) Concurrent Rebuild Remembered Sets and Scrub Regions
[296.219s][info][gc,marking  ] GC(68) Concurrent Rebuild Remembered Sets and Scrub Regions 30.430ms
[296.219s][info][gc,start    ] GC(68) Pause Cleanup
[296.219s][info][gc          ] GC(68) Pause Cleanup 1908M->1908M(2868M) 0.195ms
[296.219s][info][gc,cpu      ] GC(68) User=0.00s Sys=0.00s Real=0.00s
[296.219s][info][gc,marking  ] GC(68) Concurrent Clear Claimed Marks
[296.219s][info][gc,marking  ] GC(68) Concurrent Clear Claimed Marks 0.151ms
[296.219s][info][gc,marking  ] GC(68) Concurrent Cleanup for Next Mark
[296.221s][info][gc,marking  ] GC(68) Concurrent Cleanup for Next Mark 1.543ms
[296.221s][info][gc          ] GC(68) Concurrent Mark Cycle 91.881ms
[297.406s][info][gc,start    ] GC(69) Pause Young (Prepare Mixed) (G1 Humongous Allocation)
[297.407s][info][gc,task     ] GC(69) Using 4 workers of 4 for evacuation
[297.416s][info][gc,phases   ] GC(69)   Pre Evacuate Collection Set: 0.18ms
[297.416s][info][gc,phases   ] GC(69)   Merge Heap Roots: 0.07ms
[297.416s][info][gc,phases   ] GC(69)   Evacuate Collection Set: 4.25ms
[297.416s][info][gc,phases   ] GC(69)   Post Evacuate Collection Set: 4.56ms
[297.416s][info][gc,phases   ] GC(69)   Other: 0.06ms
[297.416s][info][gc,heap     ] GC(69) Eden regions: 328->0(168)
[297.416s][info][gc,heap     ] GC(69) Survivor regions: 2->20(20)
[297.416s][info][gc,heap     ] GC(69) Old regions: 311->622
[297.416s][info][gc,heap     ] GC(69) Humongous regions: 773->518
[297.416s][info][gc,metaspace] GC(69) Metaspace: 99804K(101184K)->99804K(101184K) NonClass: 77920K(78720K)->77920K(78720K) Class: 21884K(22464K)->21884K(22464K)
[297.416s][info][gc          ] GC(69) Pause Young (Prepare Mixed) (G1 Humongous Allocation) (Evacuation Failure: Allocation) 2827M->2320M(2868M) 9.232ms
[297.416s][info][gc,cpu      ] GC(69) User=0.03s Sys=0.00s Real=0.01s
[297.443s][info][gc,start    ] GC(70) Pause Young (Mixed) (G1 Humongous Allocation)
[297.443s][info][gc,task     ] GC(70) Using 4 workers of 4 for evacuation
[297.449s][info][gc,phases   ] GC(70)   Pre Evacuate Collection Set: 0.18ms
[297.449s][info][gc,phases   ] GC(70)   Merge Heap Roots: 0.12ms
[297.449s][info][gc,phases   ] GC(70)   Evacuate Collection Set: 2.91ms
[297.449s][info][gc,phases   ] GC(70)   Post Evacuate Collection Set: 2.83ms
[297.449s][info][gc,phases   ] GC(70)   Other: 0.05ms
[297.449s][info][gc,heap     ] GC(70) Eden regions: 17->0(110)
[297.449s][info][gc,heap     ] GC(70) Survivor regions: 20->2(15)
[297.449s][info][gc,heap     ] GC(70) Old regions: 622->665
[297.449s][info][gc,heap     ] GC(70) Humongous regions: 760->584
[297.449s][info][gc,metaspace] GC(70) Metaspace: 99806K(101184K)->99806K(101184K) NonClass: 77921K(78720K)->77921K(78720K) Class: 21884K(22464K)->21884K(22464K)
[297.449s][info][gc          ] GC(70) Pause Young (Mixed) (G1 Humongous Allocation) (Evacuation Failure: Allocation) 2838M->2502M(2868M) 6.183ms
[297.449s][info][gc,cpu      ] GC(70) User=0.02s Sys=0.00s Real=0.00s
[297.450s][info][gc,start    ] GC(71) Pause Young (Concurrent Start) (G1 Humongous Allocation)
[297.450s][info][gc,task     ] GC(71) Using 4 workers of 4 for evacuation
[297.456s][info][gc,phases   ] GC(71)   Pre Evacuate Collection Set: 0.21ms
[297.456s][info][gc,phases   ] GC(71)   Merge Heap Roots: 0.07ms
[297.456s][info][gc,phases   ] GC(71)   Evacuate Collection Set: 5.05ms
[297.456s][info][gc,phases   ] GC(71)   Post Evacuate Collection Set: 0.47ms
[297.456s][info][gc,phases   ] GC(71)   Other: 0.05ms
[297.456s][info][gc,heap     ] GC(71) Eden regions: 2->0(209)
[297.456s][info][gc,heap     ] GC(71) Survivor regions: 2->3(14)
[297.456s][info][gc,heap     ] GC(71) Old regions: 665->529
[297.456s][info][gc,heap     ] GC(71) Humongous regions: 587->587
[297.456s][info][gc,metaspace] GC(71) Metaspace: 99806K(101184K)->99806K(101184K) NonClass: 77921K(78720K)->77921K(78720K) Class: 21884K(22464K)->21884K(22464K)
[297.456s][info][gc          ] GC(71) Pause Young (Concurrent Start) (G1 Humongous Allocation) 2510M->2236M(2868M) 5.927ms
[297.456s][info][gc          ] GC(72) Concurrent Mark Cycle
[297.456s][info][gc,marking  ] GC(72) Concurrent Scan Root Regions
[297.456s][info][gc,cpu      ] GC(71) User=0.02s Sys=0.00s Real=0.00s
[297.469s][info][gc,marking  ] GC(72) Concurrent Scan Root Regions 13.363ms
[297.469s][info][gc,marking  ] GC(72) Concurrent Mark
[297.469s][info][gc,marking  ] GC(72) Concurrent Mark From Roots
[297.469s][info][gc,task     ] GC(72) Using 1 workers of 1 for marking
[297.513s][info][gc,marking  ] GC(72) Concurrent Mark From Roots 44.248ms
[297.513s][info][gc,marking  ] GC(72) Concurrent Preclean
[297.513s][info][gc,marking  ] GC(72) Concurrent Preclean 0.172ms
[297.514s][info][gc,start    ] GC(72) Pause Remark
[297.517s][info][gc          ] GC(72) Pause Remark 2563M->2095M(2868M) 3.047ms
[297.517s][info][gc,cpu      ] GC(72) User=0.00s Sys=0.00s Real=0.00s
[297.517s][info][gc,marking  ] GC(72) Concurrent Mark 47.684ms
[297.517s][info][gc,marking  ] GC(72) Concurrent Rebuild Remembered Sets and Scrub Regions
[297.552s][info][gc,marking  ] GC(72) Concurrent Rebuild Remembered Sets and Scrub Regions 35.745ms
[297.553s][info][gc,start    ] GC(72) Pause Cleanup
[297.553s][info][gc          ] GC(72) Pause Cleanup 2388M->2388M(2868M) 0.127ms
[297.553s][info][gc,cpu      ] GC(72) User=0.00s Sys=0.00s Real=0.00s
[297.553s][info][gc,marking  ] GC(72) Concurrent Clear Claimed Marks
[297.553s][info][gc,marking  ] GC(72) Concurrent Clear Claimed Marks 0.116ms
[297.553s][info][gc,marking  ] GC(72) Concurrent Cleanup for Next Mark
[297.554s][info][gc,marking  ] GC(72) Concurrent Cleanup for Next Mark 1.280ms
[297.554s][info][gc          ] GC(72) Concurrent Mark Cycle 98.501ms
[298.688s][info][gc,start    ] GC(73) Pause Young (Prepare Mixed) (G1 Humongous Allocation)
[298.688s][info][gc,task     ] GC(73) Using 4 workers of 4 for evacuation
[298.701s][info][gc,phases   ] GC(73)   Pre Evacuate Collection Set: 0.30ms
[298.701s][info][gc,phases   ] GC(73)   Merge Heap Roots: 0.16ms
[298.701s][info][gc,phases   ] GC(73)   Evacuate Collection Set: 6.00ms
[298.701s][info][gc,phases   ] GC(73)   Post Evacuate Collection Set: 7.20ms
[298.701s][info][gc,phases   ] GC(73)   Other: 0.06ms
[298.701s][info][gc,heap     ] GC(73) Eden regions: 208->0(176)
[298.701s][info][gc,heap     ] GC(73) Survivor regions: 3->11(24)
[298.701s][info][gc,heap     ] GC(73) Old regions: 465->671
[298.701s][info][gc,heap     ] GC(73) Humongous regions: 734->499
[298.701s][info][gc,metaspace] GC(73) Metaspace: 99854K(101184K)->99854K(101184K) NonClass: 77970K(78720K)->77970K(78720K) Class: 21884K(22464K)->21884K(22464K)
[298.701s][info][gc          ] GC(73) Pause Young (Prepare Mixed) (G1 Humongous Allocation) (Evacuation Failure: Allocation) 2817M->2360M(2868M) 13.831ms
[298.701s][info][gc,cpu      ] GC(73) User=0.04s Sys=0.01s Real=0.02s
[298.823s][info][gc,start    ] GC(74) Pause Young (Mixed) (G1 Humongous Allocation)
[298.824s][info][gc,task     ] GC(74) Using 4 workers of 4 for evacuation
[298.835s][info][gc,phases   ] GC(74)   Pre Evacuate Collection Set: 0.20ms
[298.835s][info][gc,phases   ] GC(74)   Merge Heap Roots: 0.11ms
[298.835s][info][gc,phases   ] GC(74)   Evacuate Collection Set: 6.11ms
[298.835s][info][gc,phases   ] GC(74)   Post Evacuate Collection Set: 5.06ms
[298.835s][info][gc,phases   ] GC(74)   Other: 0.06ms
[298.835s][info][gc,heap     ] GC(74) Eden regions: 125->0(65)
[298.835s][info][gc,heap     ] GC(74) Survivor regions: 11->24(24)
[298.835s][info][gc,heap     ] GC(74) Old regions: 671->808
[298.835s][info][gc,heap     ] GC(74) Humongous regions: 581->508
[298.835s][info][gc,metaspace] GC(74) Metaspace: 99855K(101184K)->99855K(101184K) NonClass: 77970K(78720K)->77970K(78720K) Class: 21884K(22464K)->21884K(22464K)
[298.835s][info][gc          ] GC(74) Pause Young (Mixed) (G1 Humongous Allocation) (Evacuation Failure: Allocation) 2773M->2679M(2868M) 11.641ms
[298.835s][info][gc,cpu      ] GC(74) User=0.04s Sys=0.00s Real=0.01s
[298.837s][info][gc,start    ] GC(75) Pause Young (Concurrent Start) (G1 Humongous Allocation)
[298.837s][info][gc,task     ] GC(75) Using 4 workers of 4 for evacuation
[298.846s][info][gc,phases   ] GC(75)   Pre Evacuate Collection Set: 0.45ms
[298.846s][info][gc,phases   ] GC(75)   Merge Heap Roots: 0.21ms
[298.846s][info][gc,phases   ] GC(75)   Evacuate Collection Set: 8.06ms
[298.846s][info][gc,phases   ] GC(75)   Post Evacuate Collection Set: 0.69ms
[298.846s][info][gc,phases   ] GC(75)   Other: 0.06ms
[298.846s][info][gc,heap     ] GC(75) Eden regions: 3->0(128)
[298.846s][info][gc,heap     ] GC(75) Survivor regions: 24->2(12)
[298.846s][info][gc,heap     ] GC(75) Old regions: 808->724
[298.846s][info][gc,heap     ] GC(75) Humongous regions: 513->507
[298.846s][info][gc,metaspace] GC(75) Metaspace: 99855K(101184K)->99855K(101184K) NonClass: 77970K(78720K)->77970K(78720K) Class: 21884K(22464K)->21884K(22464K)
[298.846s][info][gc          ] GC(75) Pause Young (Concurrent Start) (G1 Humongous Allocation) (Evacuation Failure: Allocation) 2695M->2464M(2868M) 9.581ms
[298.846s][info][gc          ] GC(76) Concurrent Mark Cycle
[298.846s][info][gc,marking  ] GC(76) Concurrent Scan Root Regions
[298.846s][info][gc,cpu      ] GC(75) User=0.03s Sys=0.00s Real=0.01s
[298.859s][info][gc,start    ] GC(77) Pause Young (Normal) (G1 Humongous Allocation)
[298.859s][info][gc,task     ] GC(77) Using 4 workers of 4 for evacuation
[298.864s][info][gc,marking  ] GC(76) Concurrent Scan Root Regions 18.206ms
[298.864s][info][gc,marking  ] GC(76) Concurrent Mark
[298.864s][info][gc,marking  ] GC(76) Concurrent Mark From Roots
[298.864s][info][gc,task     ] GC(76) Using 1 workers of 1 for marking
[298.871s][info][gc,phases   ] GC(77)   Pre Evacuate Collection Set: 0.24ms
[298.871s][info][gc,phases   ] GC(77)   Merge Heap Roots: 0.10ms
[298.871s][info][gc,phases   ] GC(77)   Evacuate Collection Set: 3.12ms
[298.871s][info][gc,phases   ] GC(77)   Post Evacuate Collection Set: 3.05ms
[298.871s][info][gc,phases   ] GC(77)   Other: 5.86ms
[298.871s][info][gc,heap     ] GC(77) Eden regions: 16->0(71)
[298.871s][info][gc,heap     ] GC(77) Survivor regions: 2->3(17)
[298.871s][info][gc,heap     ] GC(77) Old regions: 724->748
[298.871s][info][gc,heap     ] GC(77) Humongous regions: 671->573
[298.871s][info][gc,metaspace] GC(77) Metaspace: 99863K(101184K)->99863K(101184K) NonClass: 77979K(78720K)->77979K(78720K) Class: 21884K(22464K)->21884K(22464K)
[298.871s][info][gc          ] GC(77) Pause Young (Normal) (G1 Humongous Allocation) (Evacuation Failure: Allocation) 2823M->2647M(2868M) 12.472ms
[298.871s][info][gc,cpu      ] GC(77) User=0.02s Sys=0.00s Real=0.02s
[298.880s][info][gc,start    ] GC(78) Pause Young (Normal) (G1 Humongous Allocation)
[298.881s][info][gc,task     ] GC(78) Using 4 workers of 4 for evacuation
[298.887s][info][gc,phases   ] GC(78)   Pre Evacuate Collection Set: 0.19ms
[298.887s][info][gc,phases   ] GC(78)   Merge Heap Roots: 0.08ms
[298.887s][info][gc,phases   ] GC(78)   Evacuate Collection Set: 3.50ms
[298.887s][info][gc,phases   ] GC(78)   Post Evacuate Collection Set: 2.84ms
[298.887s][info][gc,phases   ] GC(78)   Other: 0.06ms
[298.887s][info][gc,heap     ] GC(78) Eden regions: 5->0(71)
[298.887s][info][gc,heap     ] GC(78) Survivor regions: 3->3(10)
[298.887s][info][gc,heap     ] GC(78) Old regions: 748->736
[298.887s][info][gc,heap     ] GC(78) Humongous regions: 646->595
[298.887s][info][gc,metaspace] GC(78) Metaspace: 99877K(101184K)->99877K(101184K) NonClass: 77992K(78720K)->77992K(78720K) Class: 21884K(22464K)->21884K(22464K)
[298.887s][info][gc          ] GC(78) Pause Young (Normal) (G1 Humongous Allocation) (Evacuation Failure: Allocation) 2803M->2667M(2868M) 6.754ms
[298.887s][info][gc,cpu      ] GC(78) User=0.03s Sys=0.00s Real=0.00s
[298.891s][info][gc,start    ] GC(79) Pause Young (Normal) (G1 Humongous Allocation)
[298.891s][info][gc,task     ] GC(79) Using 4 workers of 4 for evacuation
[298.897s][info][gc,phases   ] GC(79)   Pre Evacuate Collection Set: 0.35ms
[298.897s][info][gc,phases   ] GC(79)   Merge Heap Roots: 0.09ms
[298.897s][info][gc,phases   ] GC(79)   Evacuate Collection Set: 4.81ms
[298.897s][info][gc,phases   ] GC(79)   Post Evacuate Collection Set: 0.61ms
[298.897s][info][gc,phases   ] GC(79)   Other: 0.06ms
[298.897s][info][gc,heap     ] GC(79) Eden regions: 5->0(263)
[298.897s][info][gc,heap     ] GC(79) Survivor regions: 3->5(10)
[298.897s][info][gc,heap     ] GC(79) Old regions: 736->448
[298.897s][info][gc,heap     ] GC(79) Humongous regions: 631->615
[298.897s][info][gc,metaspace] GC(79) Metaspace: 99882K(101184K)->99882K(101184K) NonClass: 77997K(78720K)->77997K(78720K) Class: 21884K(22464K)->21884K(22464K)
[298.897s][info][gc          ] GC(79) Pause Young (Normal) (G1 Humongous Allocation) 2748M->2133M(2868M) 6.025ms
[298.897s][info][gc,cpu      ] GC(79) User=0.02s Sys=0.00s Real=0.00s
[298.964s][info][gc,marking  ] GC(76) Concurrent Mark From Roots 99.880ms
[298.964s][info][gc,marking  ] GC(76) Concurrent Preclean
[298.965s][info][gc,marking  ] GC(76) Concurrent Preclean 0.208ms
[298.965s][info][gc,start    ] GC(76) Pause Remark
[298.968s][info][gc          ] GC(76) Pause Remark 2646M->2420M(2868M) 2.473ms
[298.968s][info][gc,cpu      ] GC(76) User=0.00s Sys=0.00s Real=0.00s
[298.968s][info][gc,marking  ] GC(76) Concurrent Mark 103.668ms
[298.968s][info][gc,marking  ] GC(76) Concurrent Rebuild Remembered Sets and Scrub Regions
[299.002s][info][gc,marking  ] GC(76) Concurrent Rebuild Remembered Sets and Scrub Regions 33.945ms
[299.002s][info][gc,start    ] GC(76) Pause Cleanup
[299.002s][info][gc          ] GC(76) Pause Cleanup 2531M->2531M(2868M) 0.115ms
[299.002s][info][gc,cpu      ] GC(76) User=0.00s Sys=0.00s Real=0.00s
[299.002s][info][gc,marking  ] GC(76) Concurrent Clear Claimed Marks
[299.002s][info][gc,marking  ] GC(76) Concurrent Clear Claimed Marks 0.127ms
[299.002s][info][gc,marking  ] GC(76) Concurrent Cleanup for Next Mark
[299.004s][info][gc,marking  ] GC(76) Concurrent Cleanup for Next Mark 1.367ms
[299.004s][info][gc          ] GC(76) Concurrent Mark Cycle 157.627ms
[300.068s][info][gc,start    ] GC(80) Pause Young (Prepare Mixed) (G1 Evacuation Pause)
[300.069s][info][gc,task     ] GC(80) Using 4 workers of 4 for evacuation
[300.076s][info][gc,phases   ] GC(80)   Pre Evacuate Collection Set: 0.25ms
[300.076s][info][gc,phases   ] GC(80)   Merge Heap Roots: 0.11ms
[300.076s][info][gc,phases   ] GC(80)   Evacuate Collection Set: 3.63ms
[300.076s][info][gc,phases   ] GC(80)   Post Evacuate Collection Set: 3.80ms
[300.076s][info][gc,phases   ] GC(80)   Other: 0.07ms
[300.076s][info][gc,heap     ] GC(80) Eden regions: 162->0(227)
[300.076s][info][gc,heap     ] GC(80) Survivor regions: 5->0(0)
[300.076s][info][gc,heap     ] GC(80) Old regions: 435->592
[300.076s][info][gc,heap     ] GC(80) Humongous regions: 832->542
[300.076s][info][gc,metaspace] GC(80) Metaspace: 99899K(101184K)->99899K(101184K) NonClass: 78015K(78720K)->78015K(78720K) Class: 21884K(22464K)->21884K(22464K)
[300.076s][info][gc          ] GC(80) Pause Young (Prepare Mixed) (G1 Evacuation Pause) (Evacuation Failure: Allocation) 2865M->2266M(2868M) 8.054ms
[300.076s][info][gc,cpu      ] GC(80) User=0.02s Sys=0.00s Real=0.01s
[300.293s][info][gc,start    ] GC(81) Pause Young (Mixed) (G1 Humongous Allocation)
[300.293s][info][gc,task     ] GC(81) Using 4 workers of 4 for evacuation
[300.306s][info][gc,phases   ] GC(81)   Pre Evacuate Collection Set: 0.43ms
[300.306s][info][gc,phases   ] GC(81)   Merge Heap Roots: 0.09ms
[300.306s][info][gc,phases   ] GC(81)   Evacuate Collection Set: 6.07ms
[300.306s][info][gc,phases   ] GC(81)   Post Evacuate Collection Set: 6.44ms
[300.306s][info][gc,phases   ] GC(81)   Other: 0.06ms
[300.306s][info][gc,heap     ] GC(81) Eden regions: 167->0(59)
[300.306s][info][gc,heap     ] GC(81) Survivor regions: 0->14(24)
[300.306s][info][gc,heap     ] GC(81) Old regions: 592->767
[300.306s][info][gc,heap     ] GC(81) Humongous regions: 651->576
[300.306s][info][gc,metaspace] GC(81) Metaspace: 99899K(101184K)->99899K(101184K) NonClass: 78015K(78720K)->78015K(78720K) Class: 21884K(22464K)->21884K(22464K)
[300.306s][info][gc          ] GC(81) Pause Young (Mixed) (G1 Humongous Allocation) (Evacuation Failure: Allocation) 2817M->2712M(2868M) 13.225ms
[300.306s][info][gc,cpu      ] GC(81) User=0.05s Sys=0.00s Real=0.01s
[300.310s][info][gc,start    ] GC(82) Pause Young (Concurrent Start) (G1 Humongous Allocation)
[300.310s][info][gc,task     ] GC(82) Using 4 workers of 4 for evacuation
[300.321s][info][gc,phases   ] GC(82)   Pre Evacuate Collection Set: 0.47ms
[300.321s][info][gc,phases   ] GC(82)   Merge Heap Roots: 0.44ms
[300.321s][info][gc,phases   ] GC(82)   Evacuate Collection Set: 8.34ms
[300.321s][info][gc,phases   ] GC(82)   Post Evacuate Collection Set: 2.25ms
[300.321s][info][gc,phases   ] GC(82)   Other: 0.07ms
[300.321s][info][gc,heap     ] GC(82) Eden regions: 2->0(71)
[300.321s][info][gc,heap     ] GC(82) Survivor regions: 14->2(10)
[300.321s][info][gc,heap     ] GC(82) Old regions: 767->761
[300.321s][info][gc,heap     ] GC(82) Humongous regions: 583->579
[300.321s][info][gc,metaspace] GC(82) Metaspace: 99899K(101184K)->99899K(101184K) NonClass: 78015K(78720K)->78015K(78720K) Class: 21884K(22464K)->21884K(22464K)
[300.321s][info][gc          ] GC(82) Pause Young (Concurrent Start) (G1 Humongous Allocation) (Evacuation Failure: Allocation) 2730M->2682M(2868M) 11.701ms
[300.321s][info][gc          ] GC(83) Concurrent Mark Cycle
[300.321s][info][gc,marking  ] GC(83) Concurrent Scan Root Regions
[300.321s][info][gc,cpu      ] GC(82) User=0.04s Sys=0.00s Real=0.01s
[300.330s][info][gc,start    ] GC(84) Pause Young (Normal) (G1 Humongous Allocation)
[300.330s][info][gc,task     ] GC(84) Using 4 workers of 4 for evacuation
[300.337s][info][gc,marking  ] GC(83) Concurrent Scan Root Regions 15.393ms
[300.337s][info][gc,marking  ] GC(83) Concurrent Mark
[300.337s][info][gc,marking  ] GC(83) Concurrent Mark From Roots
[300.337s][info][gc,task     ] GC(83) Using 1 workers of 1 for marking
[300.346s][info][gc,phases   ] GC(84)   Pre Evacuate Collection Set: 0.29ms
[300.346s][info][gc,phases   ] GC(84)   Merge Heap Roots: 0.19ms
[300.346s][info][gc,phases   ] GC(84)   Evacuate Collection Set: 4.96ms
[300.346s][info][gc,phases   ] GC(84)   Post Evacuate Collection Set: 3.27ms
[300.346s][info][gc,phases   ] GC(84)   Other: 7.22ms
[300.346s][info][gc,heap     ] GC(84) Eden regions: 13->0(26)
[300.346s][info][gc,heap     ] GC(84) Survivor regions: 2->3(10)
[300.346s][info][gc,heap     ] GC(84) Old regions: 761->798
[300.346s][info][gc,heap     ] GC(84) Humongous regions: 627->607
[300.346s][info][gc,metaspace] GC(84) Metaspace: 99899K(101184K)->99899K(101184K) NonClass: 78015K(78720K)->78015K(78720K) Class: 21884K(22464K)->21884K(22464K)
[300.346s][info][gc          ] GC(84) Pause Young (Normal) (G1 Humongous Allocation) (Evacuation Failure: Allocation) 2804M->2814M(2868M) 16.073ms
[300.346s][info][gc,cpu      ] GC(84) User=0.04s Sys=0.00s Real=0.01s
[300.346s][info][gc,ergo     ] Attempting full compaction
[300.346s][info][gc,start    ] GC(85) Pause Full (G1 Compaction Pause)
[300.346s][info][gc,task     ] GC(85) Using 4 workers of 4 for full compaction
[300.347s][info][gc,phases,start] GC(85) Phase 1: Mark live objects
[300.366s][info][gc,phases      ] GC(85) Phase 1: Mark live objects 19.371ms
[300.366s][info][gc,phases,start] GC(85) Phase 2: Prepare compaction
[300.374s][info][gc,phases      ] GC(85) Phase 2: Prepare compaction 7.621ms
[300.374s][info][gc,phases,start] GC(85) Phase 3: Adjust pointers
[300.384s][info][gc,phases      ] GC(85) Phase 3: Adjust pointers 10.119ms
[300.384s][info][gc,phases,start] GC(85) Phase 4: Compact heap
[300.393s][info][gc,phases      ] GC(85) Phase 4: Compact heap 9.020ms
[300.393s][info][gc,phases,start] GC(85) Phase 5: Reset Metadata
[300.395s][info][gc,phases      ] GC(85) Phase 5: Reset Metadata 1.988ms
[300.397s][info][gc,heap        ] GC(85) Eden regions: 0->0(701)
[300.397s][info][gc,heap        ] GC(85) Survivor regions: 3->0(10)
[300.397s][info][gc,heap        ] GC(85) Old regions: 798->124
[300.397s][info][gc,heap        ] GC(85) Humongous regions: 607->417
[300.397s][info][gc,metaspace   ] GC(85) Metaspace: 99899K(101184K)->99889K(101184K) NonClass: 78015K(78720K)->78008K(78720K) Class: 21884K(22464K)->21881K(22464K)
[300.397s][info][gc             ] GC(85) Pause Full (G1 Compaction Pause) 2814M->1077M(2868M) 51.775ms
[300.397s][info][gc,cpu         ] GC(85) User=0.16s Sys=0.00s Real=0.05s
[300.398s][info][gc,marking     ] GC(83) Concurrent Mark From Roots 60.809ms
[300.398s][info][gc,marking     ] GC(83) Concurrent Mark Abort
[300.398s][info][gc             ] GC(83) Concurrent Mark Cycle 76.265ms
[300.419s][info][gc,start       ] GC(86) Pause Young (Concurrent Start) (G1 Humongous Allocation)
[300.419s][info][gc,task        ] GC(86) Using 4 workers of 4 for evacuation
[300.421s][info][gc,phases      ] GC(86)   Pre Evacuate Collection Set: 0.30ms
[300.421s][info][gc,phases      ] GC(86)   Merge Heap Roots: 0.07ms
[300.421s][info][gc,phases      ] GC(86)   Evacuate Collection Set: 1.25ms
[300.421s][info][gc,phases      ] GC(86)   Post Evacuate Collection Set: 0.58ms
[300.421s][info][gc,phases      ] GC(86)   Other: 0.06ms
[300.421s][info][gc,heap        ] GC(86) Eden regions: 24->0(485)
[300.421s][info][gc,heap        ] GC(86) Survivor regions: 0->8(88)
[300.421s][info][gc,heap        ] GC(86) Old regions: 124->124
[300.421s][info][gc,heap        ] GC(86) Humongous regions: 641->530
[300.421s][info][gc,metaspace   ] GC(86) Metaspace: 99892K(101184K)->99892K(101184K) NonClass: 78011K(78720K)->78011K(78720K) Class: 21881K(22464K)->21881K(22464K)
[300.421s][info][gc             ] GC(86) Pause Young (Concurrent Start) (G1 Humongous Allocation) 1571M->1319M(2868M) 2.373ms
[300.421s][info][gc,cpu         ] GC(86) User=0.01s Sys=0.00s Real=0.01s
[300.421s][info][gc             ] GC(87) Concurrent Undo Cycle
[300.421s][info][gc,marking     ] GC(87) Concurrent Clear Claimed Marks
[300.422s][info][gc,marking     ] GC(87) Concurrent Clear Claimed Marks 1.010ms
[300.422s][info][gc,marking     ] GC(87) Concurrent Cleanup for Next Mark
[300.422s][info][gc,marking     ] GC(87) Concurrent Cleanup for Next Mark 0.151ms
[300.422s][info][gc             ] GC(87) Concurrent Undo Cycle 1.231ms
[300.423s][info][gc,start       ] GC(88) Pause Young (Concurrent Start) (G1 Humongous Allocation)
[300.424s][info][gc,task        ] GC(88) Using 4 workers of 4 for evacuation
[300.425s][info][gc,phases      ] GC(88)   Pre Evacuate Collection Set: 0.35ms
[300.425s][info][gc,phases      ] GC(88)   Merge Heap Roots: 0.08ms
[300.425s][info][gc,phases      ] GC(88)   Evacuate Collection Set: 1.08ms
[300.425s][info][gc,phases      ] GC(88)   Post Evacuate Collection Set: 0.33ms
[300.425s][info][gc,phases      ] GC(88)   Other: 0.04ms
[300.425s][info][gc,heap        ] GC(88) Eden regions: 4->0(521)
[300.425s][info][gc,heap        ] GC(88) Survivor regions: 8->8(62)
[300.425s][info][gc,heap        ] GC(88) Old regions: 124->124
[300.425s][info][gc,heap        ] GC(88) Humongous regions: 545->539
[300.425s][info][gc,metaspace   ] GC(88) Metaspace: 99892K(101184K)->99892K(101184K) NonClass: 78011K(78720K)->78011K(78720K) Class: 21881K(22464K)->21881K(22464K)
[300.425s][info][gc             ] GC(88) Pause Young (Concurrent Start) (G1 Humongous Allocation) 1356M->1337M(2868M) 1.978ms
[300.425s][info][gc,cpu         ] GC(88) User=0.00s Sys=0.00s Real=0.00s
[300.426s][info][gc             ] GC(89) Concurrent Mark Cycle
[300.426s][info][gc,marking     ] GC(89) Concurrent Scan Root Regions
[300.436s][info][gc,marking     ] GC(89) Concurrent Scan Root Regions 10.000ms
[300.436s][info][gc,marking     ] GC(89) Concurrent Mark
[300.436s][info][gc,marking     ] GC(89) Concurrent Mark From Roots
[300.436s][info][gc,task        ] GC(89) Using 1 workers of 1 for marking
[300.495s][info][gc,marking     ] GC(89) Concurrent Mark From Roots 59.587ms
[300.495s][info][gc,marking     ] GC(89) Concurrent Preclean
[300.495s][info][gc,marking     ] GC(89) Concurrent Preclean 0.151ms
[300.495s][info][gc,start       ] GC(89) Pause Remark
[300.499s][info][gc             ] GC(89) Pause Remark 1751M->1567M(2868M) 3.773ms
[300.499s][info][gc,cpu         ] GC(89) User=0.01s Sys=0.00s Real=0.00s
[300.499s][info][gc,marking     ] GC(89) Concurrent Mark 63.686ms
[300.499s][info][gc,marking     ] GC(89) Concurrent Rebuild Remembered Sets and Scrub Regions
[300.522s][info][gc,marking     ] GC(89) Concurrent Rebuild Remembered Sets and Scrub Regions 22.778ms
[300.522s][info][gc,start       ] GC(89) Pause Cleanup
[300.522s][info][gc             ] GC(89) Pause Cleanup 1606M->1606M(2868M) 0.143ms
[300.522s][info][gc,cpu         ] GC(89) User=0.00s Sys=0.00s Real=0.00s
[300.522s][info][gc,marking     ] GC(89) Concurrent Clear Claimed Marks
[300.523s][info][gc,marking     ] GC(89) Concurrent Clear Claimed Marks 0.197ms
[300.523s][info][gc,marking     ] GC(89) Concurrent Cleanup for Next Mark
[300.525s][info][gc,marking     ] GC(89) Concurrent Cleanup for Next Mark 2.165ms
[300.525s][info][gc             ] GC(89) Concurrent Mark Cycle 99.312ms
[301.879s][info][gc,start       ] GC(90) Pause Young (Prepare Mixed) (G1 Humongous Allocation)
[301.880s][info][gc,task        ] GC(90) Using 4 workers of 4 for evacuation
[301.887s][info][gc,phases      ] GC(90)   Pre Evacuate Collection Set: 0.16ms
[301.887s][info][gc,phases      ] GC(90)   Merge Heap Roots: 0.07ms
[301.887s][info][gc,phases      ] GC(90)   Evacuate Collection Set: 2.68ms
[301.887s][info][gc,phases      ] GC(90)   Post Evacuate Collection Set: 4.61ms
[301.887s][info][gc,phases      ] GC(90)   Other: 0.06ms
[301.887s][info][gc,heap        ] GC(90) Eden regions: 343->0(360)
[301.887s][info][gc,heap        ] GC(90) Survivor regions: 8->0(0)
[301.887s][info][gc,heap        ] GC(90) Old regions: 124->424
[301.887s][info][gc,heap        ] GC(90) Humongous regions: 959->532
[301.887s][info][gc,metaspace   ] GC(90) Metaspace: 99901K(101184K)->99901K(101184K) NonClass: 78020K(78720K)->78020K(78720K) Class: 21881K(22464K)->21881K(22464K)
[301.887s][info][gc             ] GC(90) Pause Young (Prepare Mixed) (G1 Humongous Allocation) (Evacuation Failure: Allocation) 2862M->1906M(2868M) 7.690ms
[301.887s][info][gc,cpu         ] GC(90) User=0.03s Sys=0.00s Real=0.00s
[302.276s][info][gc,start       ] GC(91) Pause Young (Mixed) (G1 Humongous Allocation)
[302.276s][info][gc,task        ] GC(91) Using 4 workers of 4 for evacuation
[302.282s][info][gc,phases      ] GC(91)   Pre Evacuate Collection Set: 0.39ms
[302.282s][info][gc,phases      ] GC(91)   Merge Heap Roots: 0.17ms
[302.282s][info][gc,phases      ] GC(91)   Evacuate Collection Set: 3.23ms
[302.282s][info][gc,phases      ] GC(91)   Post Evacuate Collection Set: 2.59ms
[302.282s][info][gc,phases      ] GC(91)   Other: 0.06ms
[302.282s][info][gc,heap        ] GC(91) Eden regions: 44->0(274)
[302.282s][info][gc,heap        ] GC(91) Survivor regions: 0->2(9)
[302.282s][info][gc,heap        ] GC(91) Old regions: 424->458
[302.282s][info][gc,heap        ] GC(91) Humongous regions: 957->604
[302.282s][info][gc,metaspace   ] GC(91) Metaspace: 99902K(101184K)->99902K(101184K) NonClass: 78020K(78720K)->78020K(78720K) Class: 21881K(22464K)->21881K(22464K)
[302.282s][info][gc             ] GC(91) Pause Young (Mixed) (G1 Humongous Allocation) (Evacuation Failure: Allocation) 2844M->2123M(2868M) 6.573ms
[302.282s][info][gc,cpu         ] GC(91) User=0.02s Sys=0.00s Real=0.01s
[302.284s][info][gc,start       ] GC(92) Pause Young (Concurrent Start) (G1 Humongous Allocation)
[302.284s][info][gc,task        ] GC(92) Using 4 workers of 4 for evacuation
[302.290s][info][gc,phases      ] GC(92)   Pre Evacuate Collection Set: 0.21ms
[302.290s][info][gc,phases      ] GC(92)   Merge Heap Roots: 0.08ms
[302.290s][info][gc,phases      ] GC(92)   Evacuate Collection Set: 5.71ms
[302.290s][info][gc,phases      ] GC(92)   Post Evacuate Collection Set: 0.48ms
[302.290s][info][gc,phases      ] GC(92)   Other: 0.05ms
[302.290s][info][gc,heap        ] GC(92) Eden regions: 3->0(401)
[302.290s][info][gc,heap        ] GC(92) Survivor regions: 2->3(35)
[302.290s][info][gc,heap        ] GC(92) Old regions: 458->326
[302.290s][info][gc,heap        ] GC(92) Humongous regions: 607->605
[302.290s][info][gc,metaspace   ] GC(92) Metaspace: 99902K(101184K)->99902K(101184K) NonClass: 78020K(78720K)->78020K(78720K) Class: 21881K(22464K)->21881K(22464K)
[302.290s][info][gc             ] GC(92) Pause Young (Concurrent Start) (G1 Humongous Allocation) 2133M->1863M(2868M) 6.609ms
[302.290s][info][gc             ] GC(93) Concurrent Mark Cycle
[302.290s][info][gc,marking     ] GC(93) Concurrent Scan Root Regions
[302.290s][info][gc,cpu         ] GC(92) User=0.02s Sys=0.00s Real=0.01s
[302.300s][info][gc,marking     ] GC(93) Concurrent Scan Root Regions 9.621ms
[302.300s][info][gc,marking     ] GC(93) Concurrent Mark
[302.300s][info][gc,marking     ] GC(93) Concurrent Mark From Roots
[302.300s][info][gc,task        ] GC(93) Using 1 workers of 1 for marking
[302.350s][info][gc,marking     ] GC(93) Concurrent Mark From Roots 50.447ms
[302.350s][info][gc,marking     ] GC(93) Concurrent Preclean
[302.351s][info][gc,marking     ] GC(93) Concurrent Preclean 0.135ms
[302.351s][info][gc,start       ] GC(93) Pause Remark
[302.353s][info][gc             ] GC(93) Pause Remark 1903M->1583M(2868M) 2.756ms
[302.353s][info][gc,cpu         ] GC(93) User=0.01s Sys=0.00s Real=0.00s
[302.353s][info][gc,marking     ] GC(93) Concurrent Mark 53.506ms
[302.353s][info][gc,marking     ] GC(93) Concurrent Rebuild Remembered Sets and Scrub Regions
[302.381s][info][gc,marking     ] GC(93) Concurrent Rebuild Remembered Sets and Scrub Regions 27.958ms
[302.382s][info][gc,start       ] GC(93) Pause Cleanup
[302.382s][info][gc             ] GC(93) Pause Cleanup 1586M->1586M(2868M) 0.116ms
[302.382s][info][gc,cpu         ] GC(93) User=0.01s Sys=0.00s Real=0.00s
[302.382s][info][gc,marking     ] GC(93) Concurrent Clear Claimed Marks
[302.382s][info][gc,marking     ] GC(93) Concurrent Clear Claimed Marks 0.173ms
[302.382s][info][gc,marking     ] GC(93) Concurrent Cleanup for Next Mark
[302.384s][info][gc,marking     ] GC(93) Concurrent Cleanup for Next Mark 2.481ms
[302.384s][info][gc             ] GC(93) Concurrent Mark Cycle 94.153ms
[303.424s][info][gc,start       ] GC(94) Pause Young (Prepare Mixed) (G1 Humongous Allocation)
[303.424s][info][gc,task        ] GC(94) Using 4 workers of 4 for evacuation
[303.435s][info][gc,phases      ] GC(94)   Pre Evacuate Collection Set: 0.28ms
[303.435s][info][gc,phases      ] GC(94)   Merge Heap Roots: 0.13ms
[303.435s][info][gc,phases      ] GC(94)   Evacuate Collection Set: 4.17ms
[303.435s][info][gc,phases      ] GC(94)   Post Evacuate Collection Set: 6.16ms
[303.435s][info][gc,phases      ] GC(94)   Other: 0.13ms
[303.435s][info][gc,heap        ] GC(94) Eden regions: 317->0(266)
[303.435s][info][gc,heap        ] GC(94) Survivor regions: 3->2(5)
[303.435s][info][gc,heap        ] GC(94) Old regions: 321->592
[303.435s][info][gc,heap        ] GC(94) Humongous regions: 788->501
[303.435s][info][gc,metaspace   ] GC(94) Metaspace: 99926K(101184K)->99926K(101184K) NonClass: 78045K(78720K)->78045K(78720K) Class: 21881K(22464K)->21881K(22464K)
[303.435s][info][gc             ] GC(94) Pause Young (Prepare Mixed) (G1 Humongous Allocation) (Evacuation Failure: Allocation) 2853M->2185M(2868M) 11.098ms
[303.435s][info][gc,cpu         ] GC(94) User=0.04s Sys=0.00s Real=0.01s
[303.526s][info][gc,start       ] GC(95) Pause Young (Mixed) (G1 Humongous Allocation)
[303.526s][info][gc,task        ] GC(95) Using 4 workers of 4 for evacuation
[303.533s][info][gc,phases      ] GC(95)   Pre Evacuate Collection Set: 0.24ms
[303.533s][info][gc,phases      ] GC(95)   Merge Heap Roots: 0.11ms
[303.533s][info][gc,phases      ] GC(95)   Evacuate Collection Set: 3.10ms
[303.533s][info][gc,phases      ] GC(95)   Post Evacuate Collection Set: 4.19ms
[303.533s][info][gc,phases      ] GC(95)   Other: 0.08ms
[303.533s][info][gc,heap        ] GC(95) Eden regions: 22->0(166)
[303.533s][info][gc,heap        ] GC(95) Survivor regions: 2->4(16)
[303.533s][info][gc,heap        ] GC(95) Old regions: 592->606
[303.533s][info][gc,heap        ] GC(95) Humongous regions: 802->585
[303.533s][info][gc,metaspace   ] GC(95) Metaspace: 99978K(101184K)->99978K(101184K) NonClass: 78096K(78720K)->78096K(78720K) Class: 21881K(22464K)->21881K(22464K)
[303.533s][info][gc             ] GC(95) Pause Young (Mixed) (G1 Humongous Allocation) (Evacuation Failure: Allocation) 2830M->2385M(2868M) 7.892ms
[303.533s][info][gc,cpu         ] GC(95) User=0.03s Sys=0.00s Real=0.01s
[303.536s][info][gc,start       ] GC(96) Pause Young (Concurrent Start) (G1 Humongous Allocation)
[303.536s][info][gc,task        ] GC(96) Using 4 workers of 4 for evacuation
[303.543s][info][gc,phases      ] GC(96)   Pre Evacuate Collection Set: 0.23ms
[303.543s][info][gc,phases      ] GC(96)   Merge Heap Roots: 0.09ms
[303.543s][info][gc,phases      ] GC(96)   Evacuate Collection Set: 5.95ms
[303.543s][info][gc,phases      ] GC(96)   Post Evacuate Collection Set: 0.64ms
[303.543s][info][gc,phases      ] GC(96)   Other: 0.05ms
[303.543s][info][gc,heap        ] GC(96) Eden regions: 1->0(378)
[303.543s][info][gc,heap        ] GC(96) Survivor regions: 4->5(22)
[303.543s][info][gc,heap        ] GC(96) Old regions: 606->414
[303.543s][info][gc,heap        ] GC(96) Humongous regions: 588->564
[303.543s][info][gc,metaspace   ] GC(96) Metaspace: 99978K(101184K)->99978K(101184K) NonClass: 78096K(78720K)->78096K(78720K) Class: 21881K(22464K)->21881K(22464K)
[303.543s][info][gc             ] GC(96) Pause Young (Concurrent Start) (G1 Humongous Allocation) 2392M->1960M(2868M) 7.048ms
[303.543s][info][gc             ] GC(97) Concurrent Mark Cycle
[303.543s][info][gc,marking     ] GC(97) Concurrent Scan Root Regions
[303.543s][info][gc,cpu         ] GC(96) User=0.02s Sys=0.00s Real=0.01s
[303.552s][info][gc,marking     ] GC(97) Concurrent Scan Root Regions 9.692ms
[303.552s][info][gc,marking     ] GC(97) Concurrent Mark
[303.552s][info][gc,marking     ] GC(97) Concurrent Mark From Roots
[303.552s][info][gc,task        ] GC(97) Using 1 workers of 1 for marking
[303.603s][info][gc,marking     ] GC(97) Concurrent Mark From Roots 50.625ms
[303.603s][info][gc,marking     ] GC(97) Concurrent Preclean
[303.603s][info][gc,marking     ] GC(97) Concurrent Preclean 0.137ms
[303.603s][info][gc,start       ] GC(97) Pause Remark
[303.606s][info][gc             ] GC(97) Pause Remark 2031M->1829M(2868M) 3.064ms
[303.606s][info][gc,cpu         ] GC(97) User=0.01s Sys=0.00s Real=0.00s
[303.606s][info][gc,marking     ] GC(97) Concurrent Mark 53.972ms
[303.606s][info][gc,marking     ] GC(97) Concurrent Rebuild Remembered Sets and Scrub Regions
[303.634s][info][gc,marking     ] GC(97) Concurrent Rebuild Remembered Sets and Scrub Regions 27.796ms
[303.634s][info][gc,start       ] GC(97) Pause Cleanup
[303.634s][info][gc             ] GC(97) Pause Cleanup 1831M->1831M(2868M) 0.097ms
[303.634s][info][gc,cpu         ] GC(97) User=0.00s Sys=0.00s Real=0.00s
[303.634s][info][gc,marking     ] GC(97) Concurrent Clear Claimed Marks
[303.635s][info][gc,marking     ] GC(97) Concurrent Clear Claimed Marks 0.117ms
[303.635s][info][gc,marking     ] GC(97) Concurrent Cleanup for Next Mark
[303.637s][info][gc,marking     ] GC(97) Concurrent Cleanup for Next Mark 2.599ms
[303.637s][info][gc             ] GC(97) Concurrent Mark Cycle 94.448ms
[304.809s][info][gc,start       ] GC(98) Pause Young (Prepare Mixed) (G1 Humongous Allocation)
[304.809s][info][gc,task        ] GC(98) Using 4 workers of 4 for evacuation
[304.823s][info][gc,phases      ] GC(98)   Pre Evacuate Collection Set: 0.41ms
[304.823s][info][gc,phases      ] GC(98)   Merge Heap Roots: 0.31ms
[304.823s][info][gc,phases      ] GC(98)   Evacuate Collection Set: 6.09ms
[304.823s][info][gc,phases      ] GC(98)   Post Evacuate Collection Set: 6.88ms
[304.823s][info][gc,phases      ] GC(98)   Other: 0.12ms
[304.823s][info][gc,heap        ] GC(98) Eden regions: 316->0(138)
[304.823s][info][gc,heap        ] GC(98) Survivor regions: 5->8(9)
[304.823s][info][gc,heap        ] GC(98) Old regions: 413->687
[304.823s][info][gc,heap        ] GC(98) Humongous regions: 691->528
[304.823s][info][gc,metaspace   ] GC(98) Metaspace: 100002K(101184K)->100002K(101184K) NonClass: 78121K(78720K)->78121K(78720K) Class: 21881K(22464K)->21881K(22464K)
[304.823s][info][gc             ] GC(98) Pause Young (Prepare Mixed) (G1 Humongous Allocation) (Evacuation Failure: Allocation) 2844M->2441M(2868M) 14.005ms
[304.823s][info][gc,cpu         ] GC(98) User=0.05s Sys=0.00s Real=0.02s
[304.844s][info][gc,start       ] GC(99) Pause Young (Mixed) (G1 Humongous Allocation)
[304.844s][info][gc,task        ] GC(99) Using 4 workers of 4 for evacuation
[304.851s][info][gc,phases      ] GC(99)   Pre Evacuate Collection Set: 0.22ms
[304.851s][info][gc,phases      ] GC(99)   Merge Heap Roots: 0.19ms
[304.851s][info][gc,phases      ] GC(99)   Evacuate Collection Set: 4.54ms
[304.851s][info][gc,phases      ] GC(99)   Post Evacuate Collection Set: 2.72ms
[304.851s][info][gc,phases      ] GC(99)   Other: 0.06ms
[304.851s][info][gc,heap        ] GC(99) Eden regions: 20->0(71)
[304.851s][info][gc,heap        ] GC(99) Survivor regions: 8->2(15)
[304.851s][info][gc,heap        ] GC(99) Old regions: 687->724
[304.851s][info][gc,heap        ] GC(99) Humongous regions: 704->590
[304.851s][info][gc,metaspace   ] GC(99) Metaspace: 100002K(101184K)->100002K(101184K) NonClass: 78121K(78720K)->78121K(78720K) Class: 21881K(22464K)->21881K(22464K)
[304.851s][info][gc             ] GC(99) Pause Young (Mixed) (G1 Humongous Allocation) (Evacuation Failure: Allocation) 2832M->2626M(2868M) 7.843ms
[304.851s][info][gc,cpu         ] GC(99) User=0.03s Sys=0.00s Real=0.01s
[304.852s][info][gc,start       ] GC(100) Pause Young (Concurrent Start) (G1 Humongous Allocation)
[304.853s][info][gc,task        ] GC(100) Using 4 workers of 4 for evacuation
[304.863s][info][gc,phases      ] GC(100)   Pre Evacuate Collection Set: 0.32ms
[304.863s][info][gc,phases      ] GC(100)   Merge Heap Roots: 0.14ms
[304.863s][info][gc,phases      ] GC(100)   Evacuate Collection Set: 8.52ms
[304.863s][info][gc,phases      ] GC(100)   Post Evacuate Collection Set: 1.19ms
[304.863s][info][gc,phases      ] GC(100)   Other: 0.07ms
[304.863s][info][gc,heap        ] GC(100) Eden regions: 2->0(202)
[304.863s][info][gc,heap        ] GC(100) Survivor regions: 2->3(10)
[304.863s][info][gc,heap        ] GC(100) Old regions: 724->581
[304.863s][info][gc,heap        ] GC(100) Humongous regions: 593->575
[304.863s][info][gc,metaspace   ] GC(100) Metaspace: 100002K(101184K)->100002K(101184K) NonClass: 78121K(78720K)->78121K(78720K) Class: 21881K(22464K)->21881K(22464K)
[304.863s][info][gc             ] GC(100) Pause Young (Concurrent Start) (G1 Humongous Allocation) 2635M->2311M(2868M) 10.344ms
[304.863s][info][gc,cpu         ] GC(100) User=0.04s Sys=0.00s Real=0.01s
[304.863s][info][gc             ] GC(101) Concurrent Mark Cycle
[304.863s][info][gc,marking     ] GC(101) Concurrent Scan Root Regions
[304.886s][info][gc,marking     ] GC(101) Concurrent Scan Root Regions 22.325ms
[304.886s][info][gc,marking     ] GC(101) Concurrent Mark
[304.886s][info][gc,marking     ] GC(101) Concurrent Mark From Roots
[304.886s][info][gc,task        ] GC(101) Using 1 workers of 1 for marking
[304.913s][info][gc,start       ] GC(102) Pause Young (Normal) (G1 Humongous Allocation)
[304.913s][info][gc,task        ] GC(102) Using 4 workers of 4 for evacuation
[304.920s][info][gc,phases      ] GC(102)   Pre Evacuate Collection Set: 0.20ms
[304.920s][info][gc,phases      ] GC(102)   Merge Heap Roots: 0.08ms
[304.920s][info][gc,phases      ] GC(102)   Evacuate Collection Set: 2.75ms
[304.920s][info][gc,phases      ] GC(102)   Post Evacuate Collection Set: 4.04ms
[304.920s][info][gc,phases      ] GC(102)   Other: 0.05ms
[304.920s][info][gc,heap        ] GC(102) Eden regions: 16->0(124)
[304.920s][info][gc,heap        ] GC(102) Survivor regions: 3->1(12)
[304.920s][info][gc,heap        ] GC(102) Old regions: 581->609
[304.920s][info][gc,heap        ] GC(102) Humongous regions: 822->627
[304.920s][info][gc,metaspace   ] GC(102) Metaspace: 100002K(101184K)->100002K(101184K) NonClass: 78121K(78720K)->78121K(78720K) Class: 21881K(22464K)->21881K(22464K)
[304.920s][info][gc             ] GC(102) Pause Young (Normal) (G1 Humongous Allocation) (Evacuation Failure: Allocation) 2837M->2468M(2868M) 7.228ms
[304.920s][info][gc,cpu         ] GC(102) User=0.03s Sys=0.00s Real=0.01s
[304.967s][info][gc,marking     ] GC(101) Concurrent Mark From Roots 81.182ms
[304.967s][info][gc,marking     ] GC(101) Concurrent Preclean
[304.967s][info][gc,marking     ] GC(101) Concurrent Preclean 0.147ms
[304.967s][info][gc,start       ] GC(101) Pause Remark
[304.970s][info][gc             ] GC(101) Pause Remark 2593M->2295M(2868M) 2.877ms
[304.970s][info][gc,cpu         ] GC(101) User=0.01s Sys=0.00s Real=0.01s
[304.970s][info][gc,marking     ] GC(101) Concurrent Mark 84.389ms
[304.970s][info][gc,marking     ] GC(101) Concurrent Rebuild Remembered Sets and Scrub Regions
[305.005s][info][gc,marking     ] GC(101) Concurrent Rebuild Remembered Sets and Scrub Regions 34.705ms
[305.005s][info][gc,start       ] GC(101) Pause Cleanup
[305.005s][info][gc             ] GC(101) Pause Cleanup 2298M->2298M(2868M) 0.217ms
[305.005s][info][gc,cpu         ] GC(101) User=0.00s Sys=0.00s Real=0.00s
[305.005s][info][gc,marking     ] GC(101) Concurrent Clear Claimed Marks
[305.005s][info][gc,marking     ] GC(101) Concurrent Clear Claimed Marks 0.137ms
[305.005s][info][gc,marking     ] GC(101) Concurrent Cleanup for Next Mark
[305.006s][info][gc,marking     ] GC(101) Concurrent Cleanup for Next Mark 1.320ms
[305.006s][info][gc             ] GC(101) Concurrent Mark Cycle 143.343ms
[306.251s][info][gc,start       ] GC(103) Pause Young (Prepare Mixed) (G1 Evacuation Pause)
[306.251s][info][gc,task        ] GC(103) Using 4 workers of 4 for evacuation
[306.274s][info][gc,phases      ] GC(103)   Pre Evacuate Collection Set: 0.55ms
[306.274s][info][gc,phases      ] GC(103)   Merge Heap Roots: 0.38ms
[306.274s][info][gc,phases      ] GC(103)   Evacuate Collection Set: 16.64ms
[306.274s][info][gc,phases      ] GC(103)   Post Evacuate Collection Set: 5.71ms
[306.274s][info][gc,phases      ] GC(103)   Other: 0.07ms
[306.274s][info][gc,heap        ] GC(103) Eden regions: 124->0(131)
[306.274s][info][gc,heap        ] GC(103) Survivor regions: 1->6(16)
[306.274s][info][gc,heap        ] GC(103) Old regions: 605->702
[306.274s][info][gc,heap        ] GC(103) Humongous regions: 675->522
[306.274s][info][gc,metaspace   ] GC(103) Metaspace: 100009K(101184K)->100009K(101184K) NonClass: 78128K(78720K)->78128K(78720K) Class: 21881K(22464K)->21881K(22464K)
[306.274s][info][gc             ] GC(103) Pause Young (Prepare Mixed) (G1 Evacuation Pause) (Evacuation Failure: Allocation) 2804M->2455M(2868M) 23.469ms
[306.274s][info][gc,cpu         ] GC(103) User=0.09s Sys=0.00s Real=0.02s
[306.436s][info][gc,start       ] GC(104) Pause Young (Mixed) (G1 Evacuation Pause)
[306.436s][info][gc,task        ] GC(104) Using 4 workers of 4 for evacuation
[306.456s][info][gc,phases      ] GC(104)   Pre Evacuate Collection Set: 0.23ms
[306.457s][info][gc,phases      ] GC(104)   Merge Heap Roots: 0.10ms
[306.457s][info][gc,phases      ] GC(104)   Evacuate Collection Set: 14.97ms
[306.457s][info][gc,phases      ] GC(104)   Post Evacuate Collection Set: 5.54ms
[306.457s][info][gc,phases      ] GC(104)   Other: 0.05ms
[306.457s][info][gc,heap        ] GC(104) Eden regions: 131->0(71)
[306.457s][info][gc,heap        ] GC(104) Survivor regions: 6->18(18)
[306.457s][info][gc,heap        ] GC(104) Old regions: 702->753
[306.457s][info][gc,heap        ] GC(104) Humongous regions: 522->522
[306.457s][info][gc,metaspace   ] GC(104) Metaspace: 100009K(101184K)->100009K(101184K) NonClass: 78128K(78720K)->78128K(78720K) Class: 21881K(22464K)->21881K(22464K)
[306.457s][info][gc             ] GC(104) Pause Young (Mixed) (G1 Evacuation Pause) (Evacuation Failure: Allocation) 2717M->2581M(2868M) 20.999ms
[306.457s][info][gc,cpu         ] GC(104) User=0.08s Sys=0.00s Real=0.02s
[306.515s][info][gc,start       ] GC(105) Pause Young (Concurrent Start) (G1 Humongous Allocation)
[306.515s][info][gc,task        ] GC(105) Using 4 workers of 4 for evacuation
[306.533s][info][gc,phases      ] GC(105)   Pre Evacuate Collection Set: 0.63ms
[306.533s][info][gc,phases      ] GC(105)   Merge Heap Roots: 0.23ms
[306.533s][info][gc,phases      ] GC(105)   Evacuate Collection Set: 12.72ms
[306.533s][info][gc,phases      ] GC(105)   Post Evacuate Collection Set: 4.43ms
[306.533s][info][gc,phases      ] GC(105)   Other: 0.07ms
[306.533s][info][gc,heap        ] GC(105) Eden regions: 53->0(101)
[306.533s][info][gc,heap        ] GC(105) Survivor regions: 18->12(12)
[306.533s][info][gc,heap        ] GC(105) Old regions: 753->726
[306.533s][info][gc,heap        ] GC(105) Humongous regions: 522->522
[306.533s][info][gc,metaspace   ] GC(105) Metaspace: 100009K(101184K)->100009K(101184K) NonClass: 78128K(78720K)->78128K(78720K) Class: 21881K(22464K)->21881K(22464K)
[306.533s][info][gc             ] GC(105) Pause Young (Concurrent Start) (G1 Humongous Allocation) (Evacuation Failure: Allocation) 2687M->2515M(2868M) 18.211ms
[306.533s][info][gc             ] GC(106) Concurrent Mark Cycle
[306.533s][info][gc,marking     ] GC(106) Concurrent Scan Root Regions
[306.533s][info][gc,cpu         ] GC(105) User=0.06s Sys=0.01s Real=0.02s
[306.544s][info][gc,marking     ] GC(106) Concurrent Scan Root Regions 10.616ms
[306.544s][info][gc,marking     ] GC(106) Concurrent Mark
[306.544s][info][gc,marking     ] GC(106) Concurrent Mark From Roots
[306.544s][info][gc,task        ] GC(106) Using 1 workers of 1 for marking
[306.556s][info][gc,start       ] GC(107) Pause Young (Normal) (G1 Humongous Allocation)
[306.556s][info][gc,task        ] GC(107) Using 4 workers of 4 for evacuation
[306.561s][info][gc,phases      ] GC(107)   Pre Evacuate Collection Set: 0.37ms
[306.561s][info][gc,phases      ] GC(107)   Merge Heap Roots: 0.15ms
[306.561s][info][gc,phases      ] GC(107)   Evacuate Collection Set: 4.08ms
[306.561s][info][gc,phases      ] GC(107)   Post Evacuate Collection Set: 0.88ms
[306.561s][info][gc,phases      ] GC(107)   Other: 0.07ms
[306.561s][info][gc,heap        ] GC(107) Eden regions: 18->0(201)
[306.561s][info][gc,heap        ] GC(107) Survivor regions: 12->7(15)
[306.561s][info][gc,heap        ] GC(107) Old regions: 726->532
[306.561s][info][gc,heap        ] GC(107) Humongous regions: 640->568
[306.561s][info][gc,metaspace   ] GC(107) Metaspace: 100009K(101184K)->100009K(101184K) NonClass: 78128K(78720K)->78128K(78720K) Class: 21881K(22464K)->21881K(22464K)
[306.561s][info][gc             ] GC(107) Pause Young (Normal) (G1 Humongous Allocation) (Evacuation Failure: Allocation) 2786M->2210M(2868M) 5.701ms
[306.561s][info][gc,cpu         ] GC(107) User=0.02s Sys=0.00s Real=0.01s
[306.632s][info][gc,marking     ] GC(106) Concurrent Mark From Roots 87.995ms
[306.632s][info][gc,marking     ] GC(106) Concurrent Preclean
[306.632s][info][gc,marking     ] GC(106) Concurrent Preclean 0.172ms
[306.632s][info][gc,start       ] GC(106) Pause Remark
[306.635s][info][gc             ] GC(106) Pause Remark 2583M->2163M(2868M) 3.051ms
[306.635s][info][gc,cpu         ] GC(106) User=0.01s Sys=0.00s Real=0.00s
[306.635s][info][gc,marking     ] GC(106) Concurrent Mark 91.530ms
[306.635s][info][gc,marking     ] GC(106) Concurrent Rebuild Remembered Sets and Scrub Regions
[306.683s][info][gc,marking     ] GC(106) Concurrent Rebuild Remembered Sets and Scrub Regions 48.002ms
[306.685s][info][gc,start       ] GC(106) Pause Cleanup
[306.685s][info][gc             ] GC(106) Pause Cleanup 2656M->2656M(2868M) 0.139ms
[306.685s][info][gc,cpu         ] GC(106) User=0.00s Sys=0.00s Real=0.00s
[306.685s][info][gc,marking     ] GC(106) Concurrent Clear Claimed Marks
[306.685s][info][gc,marking     ] GC(106) Concurrent Clear Claimed Marks 0.193ms
[306.685s][info][gc,marking     ] GC(106) Concurrent Cleanup for Next Mark
[306.688s][info][gc,marking     ] GC(106) Concurrent Cleanup for Next Mark 2.933ms
[306.688s][info][gc             ] GC(106) Concurrent Mark Cycle 155.107ms
[306.690s][info][gc,start       ] GC(108) Pause Young (Prepare Mixed) (G1 Humongous Allocation)
[306.690s][info][gc,task        ] GC(108) Using 4 workers of 4 for evacuation
[306.695s][info][gc,phases      ] GC(108)   Pre Evacuate Collection Set: 0.23ms
[306.695s][info][gc,phases      ] GC(108)   Merge Heap Roots: 0.13ms
[306.695s][info][gc,phases      ] GC(108)   Evacuate Collection Set: 3.68ms
[306.695s][info][gc,phases      ] GC(108)   Post Evacuate Collection Set: 0.93ms
[306.695s][info][gc,phases      ] GC(108)   Other: 0.06ms
[306.695s][info][gc,heap        ] GC(108) Eden regions: 31->0(241)
[306.695s][info][gc,heap        ] GC(108) Survivor regions: 7->16(26)
[306.695s][info][gc,heap        ] GC(108) Old regions: 437->422
[306.695s][info][gc,heap        ] GC(108) Humongous regions: 870->572
[306.695s][info][gc,metaspace   ] GC(108) Metaspace: 100009K(101184K)->100009K(101184K) NonClass: 78128K(78720K)->78128K(78720K) Class: 21881K(22464K)->21881K(22464K)
[306.695s][info][gc             ] GC(108) Pause Young (Prepare Mixed) (G1 Humongous Allocation) 2686M->2015M(2868M) 5.131ms
[306.695s][info][gc,cpu         ] GC(108) User=0.02s Sys=0.00s Real=0.00s
[307.903s][info][gc,start       ] GC(109) Pause Young (Mixed) (G1 Evacuation Pause)
[307.904s][info][gc,task        ] GC(109) Using 4 workers of 4 for evacuation
[307.915s][info][gc,phases      ] GC(109)   Pre Evacuate Collection Set: 0.13ms
[307.915s][info][gc,phases      ] GC(109)   Merge Heap Roots: 0.06ms
[307.915s][info][gc,phases      ] GC(109)   Evacuate Collection Set: 6.80ms
[307.915s][info][gc,phases      ] GC(109)   Post Evacuate Collection Set: 4.07ms
[307.915s][info][gc,phases      ] GC(109)   Other: 0.06ms
[307.915s][info][gc,heap        ] GC(109) Eden regions: 241->0(118)
[307.915s][info][gc,heap        ] GC(109) Survivor regions: 16->33(33)
[307.915s][info][gc,heap        ] GC(109) Old regions: 422->619
[307.915s][info][gc,heap        ] GC(109) Humongous regions: 717->587
[307.915s][info][gc,metaspace   ] GC(109) Metaspace: 100010K(101184K)->100010K(101184K) NonClass: 78128K(78720K)->78128K(78720K) Class: 21881K(22464K)->21881K(22464K)
[307.915s][info][gc             ] GC(109) Pause Young (Mixed) (G1 Evacuation Pause) (Evacuation Failure: Allocation) 2787M->2473M(2868M) 11.223ms
[307.915s][info][gc,cpu         ] GC(109) User=0.04s Sys=0.00s Real=0.01s
[307.972s][info][gc,start       ] GC(110) Pause Young (Concurrent Start) (G1 Humongous Allocation)
[307.972s][info][gc,task        ] GC(110) Using 4 workers of 4 for evacuation
[307.987s][info][gc,phases      ] GC(110)   Pre Evacuate Collection Set: 0.36ms
[307.987s][info][gc,phases      ] GC(110)   Merge Heap Roots: 0.19ms
[307.987s][info][gc,phases      ] GC(110)   Evacuate Collection Set: 14.19ms
[307.987s][info][gc,phases      ] GC(110)   Post Evacuate Collection Set: 0.62ms
[307.987s][info][gc,phases      ] GC(110)   Other: 0.06ms
[307.987s][info][gc,heap        ] GC(110) Eden regions: 59->0(185)
[307.987s][info][gc,heap        ] GC(110) Survivor regions: 33->19(19)
[307.987s][info][gc,heap        ] GC(110) Old regions: 619->483
[307.987s][info][gc,heap        ] GC(110) Humongous regions: 587->587
[307.987s][info][gc,metaspace   ] GC(110) Metaspace: 100010K(101184K)->100010K(101184K) NonClass: 78128K(78720K)->78128K(78720K) Class: 21881K(22464K)->21881K(22464K)
[307.987s][info][gc             ] GC(110) Pause Young (Concurrent Start) (G1 Humongous Allocation) 2591M->2173M(2868M) 15.515ms
[307.987s][info][gc             ] GC(111) Concurrent Mark Cycle
[307.987s][info][gc,marking     ] GC(111) Concurrent Scan Root Regions
[307.987s][info][gc,cpu         ] GC(110) User=0.06s Sys=0.00s Real=0.01s
[307.998s][info][gc,marking     ] GC(111) Concurrent Scan Root Regions 11.198ms
[307.998s][info][gc,marking     ] GC(111) Concurrent Mark
[307.998s][info][gc,marking     ] GC(111) Concurrent Mark From Roots
[307.998s][info][gc,task        ] GC(111) Using 1 workers of 1 for marking
[308.029s][info][gc,start       ] GC(112) Pause Young (Normal) (G1 Humongous Allocation)
[308.029s][info][gc,task        ] GC(112) Using 4 workers of 4 for evacuation
[308.033s][info][gc,phases      ] GC(112)   Pre Evacuate Collection Set: 0.12ms
[308.033s][info][gc,phases      ] GC(112)   Merge Heap Roots: 0.05ms
[308.033s][info][gc,phases      ] GC(112)   Evacuate Collection Set: 3.90ms
[308.033s][info][gc,phases      ] GC(112)   Post Evacuate Collection Set: 0.55ms
[308.033s][info][gc,phases      ] GC(112)   Other: 0.05ms
[308.033s][info][gc,heap        ] GC(112) Eden regions: 29->0(146)
[308.033s][info][gc,heap        ] GC(112) Survivor regions: 19->12(26)
[308.033s][info][gc,heap        ] GC(112) Old regions: 483->485
[308.033s][info][gc,heap        ] GC(112) Humongous regions: 820->664
[308.033s][info][gc,metaspace   ] GC(112) Metaspace: 100010K(101184K)->100010K(101184K) NonClass: 78128K(78720K)->78128K(78720K) Class: 21881K(22464K)->21881K(22464K)
[308.033s][info][gc             ] GC(112) Pause Young (Normal) (G1 Humongous Allocation) 2697M->2316M(2868M) 4.778ms
[308.033s][info][gc,cpu         ] GC(112) User=0.01s Sys=0.00s Real=0.01s
[308.065s][info][gc,marking     ] GC(111) Concurrent Mark From Roots 66.862ms
[308.065s][info][gc,marking     ] GC(111) Concurrent Preclean
[308.065s][info][gc,marking     ] GC(111) Concurrent Preclean 0.073ms
[308.065s][info][gc,start       ] GC(111) Pause Remark
[308.068s][info][gc             ] GC(111) Pause Remark 2481M->2073M(2868M) 2.644ms
[308.068s][info][gc,cpu         ] GC(111) User=0.01s Sys=0.00s Real=0.00s
[308.068s][info][gc,marking     ] GC(111) Concurrent Mark 69.722ms
[308.068s][info][gc,marking     ] GC(111) Concurrent Rebuild Remembered Sets and Scrub Regions
[308.110s][info][gc,marking     ] GC(111) Concurrent Rebuild Remembered Sets and Scrub Regions 42.200ms
[308.111s][info][gc,start       ] GC(111) Pause Cleanup
[308.111s][info][gc             ] GC(111) Pause Cleanup 2499M->2499M(2868M) 0.152ms
[308.111s][info][gc,cpu         ] GC(111) User=0.00s Sys=0.00s Real=0.00s
[308.111s][info][gc,marking     ] GC(111) Concurrent Clear Claimed Marks
[308.111s][info][gc,marking     ] GC(111) Concurrent Clear Claimed Marks 0.223ms
[308.111s][info][gc,marking     ] GC(111) Concurrent Cleanup for Next Mark
[308.114s][info][gc,marking     ] GC(111) Concurrent Cleanup for Next Mark 2.924ms
[308.115s][info][gc             ] GC(111) Concurrent Mark Cycle 127.478ms
[308.949s][info][gc,start       ] GC(113) Pause Young (Prepare Mixed) (G1 Humongous Allocation)
[308.949s][info][gc,task        ] GC(113) Using 4 workers of 4 for evacuation
[308.955s][info][gc,phases      ] GC(113)   Pre Evacuate Collection Set: 0.24ms
[308.955s][info][gc,phases      ] GC(113)   Merge Heap Roots: 0.11ms
[308.955s][info][gc,phases      ] GC(113)   Evacuate Collection Set: 4.09ms
[308.955s][info][gc,phases      ] GC(113)   Post Evacuate Collection Set: 0.89ms
[308.955s][info][gc,phases      ] GC(113)   Other: 0.05ms
[308.955s][info][gc,heap        ] GC(113) Eden regions: 89->0(168)
[308.955s][info][gc,heap        ] GC(113) Survivor regions: 12->20(20)
[308.955s][info][gc,heap        ] GC(113) Old regions: 461->531
[308.955s][info][gc,heap        ] GC(113) Humongous regions: 832->579
[308.955s][info][gc,metaspace   ] GC(113) Metaspace: 100017K(101184K)->100017K(101184K) NonClass: 78135K(78720K)->78135K(78720K) Class: 21881K(22464K)->21881K(22464K)
[308.955s][info][gc             ] GC(113) Pause Young (Prepare Mixed) (G1 Humongous Allocation) (Evacuation Failure: Allocation) 2782M->2256M(2868M) 5.477ms
[308.955s][info][gc,cpu         ] GC(113) User=0.02s Sys=0.01s Real=0.01s
[309.289s][info][gc,start       ] GC(114) Pause Young (Mixed) (G1 Evacuation Pause)
[309.289s][info][gc,task        ] GC(114) Using 4 workers of 4 for evacuation
[309.298s][info][gc,phases      ] GC(114)   Pre Evacuate Collection Set: 0.16ms
[309.298s][info][gc,phases      ] GC(114)   Merge Heap Roots: 0.06ms
[309.298s][info][gc,phases      ] GC(114)   Evacuate Collection Set: 5.41ms
[309.298s][info][gc,phases      ] GC(114)   Post Evacuate Collection Set: 3.80ms
[309.298s][info][gc,phases      ] GC(114)   Other: 0.05ms
[309.298s][info][gc,heap        ] GC(114) Eden regions: 168->0(64)
[309.298s][info][gc,heap        ] GC(114) Survivor regions: 20->21(24)
[309.298s][info][gc,heap        ] GC(114) Old regions: 531->692
[309.298s][info][gc,heap        ] GC(114) Humongous regions: 678->607
[309.298s][info][gc,metaspace   ] GC(114) Metaspace: 100021K(101184K)->100021K(101184K) NonClass: 78139K(78720K)->78139K(78720K) Class: 21881K(22464K)->21881K(22464K)
[309.298s][info][gc             ] GC(114) Pause Young (Mixed) (G1 Evacuation Pause) (Evacuation Failure: Allocation) 2790M->2636M(2868M) 9.580ms
[309.298s][info][gc,cpu         ] GC(114) User=0.03s Sys=0.00s Real=0.01s
[309.360s][info][gc,start       ] GC(115) Pause Young (Concurrent Start) (G1 Evacuation Pause)
[309.360s][info][gc,task        ] GC(115) Using 4 workers of 4 for evacuation
[309.372s][info][gc,phases      ] GC(115)   Pre Evacuate Collection Set: 0.28ms
[309.372s][info][gc,phases      ] GC(115)   Merge Heap Roots: 0.09ms
[309.372s][info][gc,phases      ] GC(115)   Evacuate Collection Set: 7.42ms
[309.372s][info][gc,phases      ] GC(115)   Post Evacuate Collection Set: 3.92ms
[309.372s][info][gc,phases      ] GC(115)   Other: 0.06ms
[309.372s][info][gc,heap        ] GC(115) Eden regions: 64->0(10)
[309.372s][info][gc,heap        ] GC(115) Survivor regions: 21->11(11)
[309.372s][info][gc,heap        ] GC(115) Old regions: 692->806
[309.372s][info][gc,heap        ] GC(115) Humongous regions: 607->607
[309.372s][info][gc,metaspace   ] GC(115) Metaspace: 100022K(101184K)->100022K(101184K) NonClass: 78140K(78720K)->78140K(78720K) Class: 21881K(22464K)->21881K(22464K)
[309.372s][info][gc             ] GC(115) Pause Young (Concurrent Start) (G1 Evacuation Pause) (Evacuation Failure: Allocation) 2764M->2844M(2868M) 11.872ms
[309.372s][info][gc,cpu         ] GC(115) User=0.04s Sys=0.00s Real=0.01s
[309.372s][info][gc             ] GC(116) Concurrent Mark Cycle
[309.372s][info][gc,marking     ] GC(116) Concurrent Scan Root Regions
[309.373s][info][gc,start       ] GC(117) Pause Young (Normal) (G1 Humongous Allocation)
[309.374s][info][gc,task        ] GC(117) Using 4 workers of 4 for evacuation
[309.384s][info][gc,marking     ] GC(116) Concurrent Scan Root Regions 11.974ms
[309.384s][info][gc,marking     ] GC(116) Concurrent Mark
[309.384s][info][gc,marking     ] GC(116) Concurrent Mark From Roots
[309.384s][info][gc,task        ] GC(116) Using 1 workers of 1 for marking
[309.392s][info][gc,phases      ] GC(117)   Pre Evacuate Collection Set: 0.43ms
[309.392s][info][gc,phases      ] GC(117)   Merge Heap Roots: 0.15ms
[309.392s][info][gc,phases      ] GC(117)   Evacuate Collection Set: 2.47ms
[309.392s][info][gc,phases      ] GC(117)   Post Evacuate Collection Set: 4.31ms
[309.392s][info][gc,phases      ] GC(117)   Other: 10.63ms
[309.392s][info][gc,heap        ] GC(117) Eden regions: 6->0(1)
[309.392s][info][gc,heap        ] GC(117) Survivor regions: 11->2(3)
[309.392s][info][gc,heap        ] GC(117) Old regions: 806->823
[309.392s][info][gc,heap        ] GC(117) Humongous regions: 608->608
[309.392s][info][gc,metaspace   ] GC(117) Metaspace: 100022K(101184K)->100022K(101184K) NonClass: 78140K(78720K)->78140K(78720K) Class: 21881K(22464K)->21881K(22464K)
[309.392s][info][gc             ] GC(117) Pause Young (Normal) (G1 Humongous Allocation) (Evacuation Failure: Allocation) 2858M->2862M(2868M) 18.536ms
[309.392s][info][gc,cpu         ] GC(117) User=0.04s Sys=0.00s Real=0.02s
[309.392s][info][gc,ergo        ] Attempting full compaction
[309.392s][info][gc,start       ] GC(118) Pause Full (G1 Compaction Pause)
[309.392s][info][gc,task        ] GC(118) Using 4 workers of 4 for full compaction
[309.393s][info][gc,phases,start] GC(118) Phase 1: Mark live objects
[309.413s][info][gc,phases      ] GC(118) Phase 1: Mark live objects 20.062ms
[309.413s][info][gc,phases,start] GC(118) Phase 2: Prepare compaction
[309.416s][info][gc,phases      ] GC(118) Phase 2: Prepare compaction 3.416ms
[309.416s][info][gc,phases,start] GC(118) Phase 3: Adjust pointers
[309.423s][info][gc,phases      ] GC(118) Phase 3: Adjust pointers 7.207ms
[309.423s][info][gc,phases,start] GC(118) Phase 4: Compact heap
[309.432s][info][gc,phases      ] GC(118) Phase 4: Compact heap 8.322ms
[309.432s][info][gc,phases,start] GC(118) Phase 5: Reset Metadata
[309.433s][info][gc,phases      ] GC(118) Phase 5: Reset Metadata 1.753ms
[309.435s][info][gc,heap        ] GC(118) Eden regions: 0->0(539)
[309.435s][info][gc,heap        ] GC(118) Survivor regions: 2->0(3)
[309.435s][info][gc,heap        ] GC(118) Old regions: 823->135
[309.435s][info][gc,heap        ] GC(118) Humongous regions: 608->403
[309.435s][info][gc,metaspace   ] GC(118) Metaspace: 100022K(101184K)->100019K(101184K) NonClass: 78140K(78720K)->78138K(78720K) Class: 21881K(22464K)->21880K(22464K)
[309.435s][info][gc             ] GC(118) Pause Full (G1 Compaction Pause) 2862M->1072M(2868M) 43.340ms
[309.435s][info][gc,cpu         ] GC(118) User=0.15s Sys=0.00s Real=0.04s
[309.435s][info][gc,marking     ] GC(116) Concurrent Mark From Roots 50.953ms
[309.435s][info][gc,marking     ] GC(116) Concurrent Mark Abort
[309.435s][info][gc             ] GC(116) Concurrent Mark Cycle 62.989ms
[309.436s][info][gc,start       ] GC(119) Pause Young (Concurrent Start) (G1 Humongous Allocation)
[309.437s][info][gc,task        ] GC(119) Using 4 workers of 4 for evacuation
[309.437s][info][gc,phases      ] GC(119)   Pre Evacuate Collection Set: 0.14ms
[309.437s][info][gc,phases      ] GC(119)   Merge Heap Roots: 0.03ms
[309.437s][info][gc,phases      ] GC(119)   Evacuate Collection Set: 0.54ms
[309.437s][info][gc,phases      ] GC(119)   Post Evacuate Collection Set: 0.24ms
[309.438s][info][gc,phases      ] GC(119)   Other: 0.03ms
[309.438s][info][gc,heap        ] GC(119) Eden regions: 1->0(582)
[309.438s][info][gc,heap        ] GC(119) Survivor regions: 0->1(68)
[309.438s][info][gc,heap        ] GC(119) Old regions: 135->135
[309.438s][info][gc,heap        ] GC(119) Humongous regions: 406->406
[309.438s][info][gc,metaspace   ] GC(119) Metaspace: 100019K(101184K)->100019K(101184K) NonClass: 78138K(78720K)->78138K(78720K) Class: 21880K(22464K)->21880K(22464K)
[309.438s][info][gc             ] GC(119) Pause Young (Concurrent Start) (G1 Humongous Allocation) 1078M->1079M(2868M) 1.037ms
[309.438s][info][gc,cpu         ] GC(119) User=0.01s Sys=0.00s Real=0.00s
[309.438s][info][gc             ] GC(120) Concurrent Mark Cycle
[309.438s][info][gc,marking     ] GC(120) Concurrent Scan Root Regions
[309.438s][info][gc,marking     ] GC(120) Concurrent Scan Root Regions 0.803ms
[309.438s][info][gc,marking     ] GC(120) Concurrent Mark
[309.438s][info][gc,marking     ] GC(120) Concurrent Mark From Roots
[309.438s][info][gc,task        ] GC(120) Using 1 workers of 1 for marking
[309.500s][info][gc,marking     ] GC(120) Concurrent Mark From Roots 61.472ms
[309.500s][info][gc,marking     ] GC(120) Concurrent Preclean
[309.500s][info][gc,marking     ] GC(120) Concurrent Preclean 0.085ms
[309.500s][info][gc,start       ] GC(120) Pause Remark
[309.502s][info][gc             ] GC(120) Pause Remark 2126M->2124M(2868M) 2.009ms
[309.502s][info][gc,cpu         ] GC(120) User=0.01s Sys=0.00s Real=0.00s
[309.502s][info][gc,marking     ] GC(120) Concurrent Mark 63.714ms
[309.502s][info][gc,marking     ] GC(120) Concurrent Rebuild Remembered Sets and Scrub Regions
[309.525s][info][gc,marking     ] GC(120) Concurrent Rebuild Remembered Sets and Scrub Regions 22.880ms
[309.525s][info][gc,start       ] GC(120) Pause Cleanup
[309.525s][info][gc             ] GC(120) Pause Cleanup 2232M->2232M(2868M) 0.115ms
[309.525s][info][gc,cpu         ] GC(120) User=0.00s Sys=0.00s Real=0.00s
[309.525s][info][gc,marking     ] GC(120) Concurrent Clear Claimed Marks
[309.525s][info][gc,marking     ] GC(120) Concurrent Clear Claimed Marks 0.108ms
[309.525s][info][gc,marking     ] GC(120) Concurrent Cleanup for Next Mark
[309.527s][info][gc,marking     ] GC(120) Concurrent Cleanup for Next Mark 1.281ms
[309.527s][info][gc             ] GC(120) Concurrent Mark Cycle 89.053ms
[310.661s][info][gc,start       ] GC(121) Pause Young (Prepare Mixed) (G1 Evacuation Pause)
[310.661s][info][gc,task        ] GC(121) Using 4 workers of 4 for evacuation
[310.667s][info][gc,phases      ] GC(121)   Pre Evacuate Collection Set: 0.23ms
[310.667s][info][gc,phases      ] GC(121)   Merge Heap Roots: 0.17ms
[310.667s][info][gc,phases      ] GC(121)   Evacuate Collection Set: 1.95ms
[310.667s][info][gc,phases      ] GC(121)   Post Evacuate Collection Set: 3.44ms
[310.667s][info][gc,phases      ] GC(121)   Other: 0.06ms
[310.667s][info][gc,heap        ] GC(121) Eden regions: 217->0(370)
[310.667s][info][gc,heap        ] GC(121) Survivor regions: 1->0(0)
[310.667s][info][gc,heap        ] GC(121) Old regions: 135->310
[310.667s][info][gc,heap        ] GC(121) Humongous regions: 1081->602
[310.667s][info][gc,metaspace   ] GC(121) Metaspace: 100019K(101184K)->100019K(101184K) NonClass: 78138K(78720K)->78138K(78720K) Class: 21880K(22464K)->21880K(22464K)
[310.667s][info][gc             ] GC(121) Pause Young (Prepare Mixed) (G1 Evacuation Pause) (Evacuation Failure: Allocation) 2863M->1819M(2868M) 5.968ms
[310.667s][info][gc,cpu         ] GC(121) User=0.02s Sys=0.00s Real=0.00s
[310.928s][info][gc,start       ] GC(122) Pause Young (Mixed) (G1 Humongous Allocation)
[310.928s][info][gc,task        ] GC(122) Using 4 workers of 4 for evacuation
[310.935s][info][gc,phases      ] GC(122)   Pre Evacuate Collection Set: 0.34ms
[310.935s][info][gc,phases      ] GC(122)   Merge Heap Roots: 0.17ms
[310.935s][info][gc,phases      ] GC(122)   Evacuate Collection Set: 2.18ms
[310.935s][info][gc,phases      ] GC(122)   Post Evacuate Collection Set: 4.96ms
[310.935s][info][gc,phases      ] GC(122)   Other: 0.05ms
[310.935s][info][gc,heap        ] GC(122) Eden regions: 183->0(174)
[310.935s][info][gc,heap        ] GC(122) Survivor regions: 0->1(2)
[310.935s][info][gc,heap        ] GC(122) Old regions: 310->476
[310.935s][info][gc,heap        ] GC(122) Humongous regions: 939->710
[310.935s][info][gc,metaspace   ] GC(122) Metaspace: 100019K(101184K)->100019K(101184K) NonClass: 78138K(78720K)->78138K(78720K) Class: 21880K(22464K)->21880K(22464K)
[310.935s][info][gc             ] GC(122) Pause Young (Mixed) (G1 Humongous Allocation) (Evacuation Failure: Allocation) 2859M->2369M(2868M) 7.794ms
[310.935s][info][gc,cpu         ] GC(122) User=0.03s Sys=0.00s Real=0.01s
[310.937s][info][gc,start       ] GC(123) Pause Young (Concurrent Start) (G1 Humongous Allocation)
[310.937s][info][gc,task        ] GC(123) Using 4 workers of 4 for evacuation
[310.943s][info][gc,phases      ] GC(123)   Pre Evacuate Collection Set: 0.22ms
[310.943s][info][gc,phases      ] GC(123)   Merge Heap Roots: 0.07ms
[310.943s][info][gc,phases      ] GC(123)   Evacuate Collection Set: 5.97ms
[310.943s][info][gc,phases      ] GC(123)   Post Evacuate Collection Set: 0.53ms
[310.943s][info][gc,phases      ] GC(123)   Other: 0.05ms
[310.943s][info][gc,heap        ] GC(123) Eden regions: 4->0(390)
[310.943s][info][gc,heap        ] GC(123) Survivor regions: 1->2(22)
[310.943s][info][gc,heap        ] GC(123) Old regions: 476->201
[310.943s][info][gc,heap        ] GC(123) Humongous regions: 715->712
[310.943s][info][gc,metaspace   ] GC(123) Metaspace: 100019K(101184K)->100019K(101184K) NonClass: 78138K(78720K)->78138K(78720K) Class: 21880K(22464K)->21880K(22464K)
[310.943s][info][gc             ] GC(123) Pause Young (Concurrent Start) (G1 Humongous Allocation) 2386M->1824M(2868M) 6.907ms
[310.944s][info][gc             ] GC(124) Concurrent Mark Cycle
[310.944s][info][gc,marking     ] GC(124) Concurrent Scan Root Regions
[310.944s][info][gc,cpu         ] GC(123) User=0.02s Sys=0.00s Real=0.01s
[310.952s][info][gc,marking     ] GC(124) Concurrent Scan Root Regions 8.016ms
[310.952s][info][gc,marking     ] GC(124) Concurrent Mark
[310.952s][info][gc,marking     ] GC(124) Concurrent Mark From Roots
[310.952s][info][gc,task        ] GC(124) Using 1 workers of 1 for marking
[310.998s][info][gc,marking     ] GC(124) Concurrent Mark From Roots 46.323ms
[310.998s][info][gc,marking     ] GC(124) Concurrent Preclean
[310.998s][info][gc,marking     ] GC(124) Concurrent Preclean 0.088ms
[310.998s][info][gc,start       ] GC(124) Pause Remark
[311.001s][info][gc             ] GC(124) Pause Remark 2246M->1766M(2868M) 2.534ms
[311.001s][info][gc,cpu         ] GC(124) User=0.01s Sys=0.00s Real=0.01s
[311.001s][info][gc,marking     ] GC(124) Concurrent Mark 49.085ms
[311.001s][info][gc,marking     ] GC(124) Concurrent Rebuild Remembered Sets and Scrub Regions
[311.025s][info][gc,marking     ] GC(124) Concurrent Rebuild Remembered Sets and Scrub Regions 24.678ms
[311.025s][info][gc,start       ] GC(124) Pause Cleanup
[311.026s][info][gc             ] GC(124) Pause Cleanup 1769M->1769M(2868M) 0.094ms
[311.026s][info][gc,cpu         ] GC(124) User=0.00s Sys=0.00s Real=0.00s
[311.026s][info][gc,marking     ] GC(124) Concurrent Clear Claimed Marks
[311.026s][info][gc,marking     ] GC(124) Concurrent Clear Claimed Marks 0.119ms
[311.026s][info][gc,marking     ] GC(124) Concurrent Cleanup for Next Mark
[311.027s][info][gc,marking     ] GC(124) Concurrent Cleanup for Next Mark 1.581ms
[311.027s][info][gc             ] GC(124) Concurrent Mark Cycle 83.806ms
[312.388s][info][gc,start       ] GC(125) Pause Young (Prepare Mixed) (G1 Humongous Allocation)
[312.388s][info][gc,task        ] GC(125) Using 4 workers of 4 for evacuation
[312.396s][info][gc,phases      ] GC(125)   Pre Evacuate Collection Set: 0.14ms
[312.396s][info][gc,phases      ] GC(125)   Merge Heap Roots: 0.08ms
[312.396s][info][gc,phases      ] GC(125)   Evacuate Collection Set: 3.56ms
[312.396s][info][gc,phases      ] GC(125)   Post Evacuate Collection Set: 4.46ms
[312.396s][info][gc,phases      ] GC(125)   Other: 0.11ms
[312.396s][info][gc,heap        ] GC(125) Eden regions: 322->0(254)
[312.396s][info][gc,heap        ] GC(125) Survivor regions: 2->8(8)
[312.396s][info][gc,heap        ] GC(125) Old regions: 201->492
[312.396s][info][gc,heap        ] GC(125) Humongous regions: 901->607
[312.396s][info][gc,metaspace   ] GC(125) Metaspace: 100024K(101184K)->100024K(101184K) NonClass: 78143K(78720K)->78143K(78720K) Class: 21880K(22464K)->21880K(22464K)
[312.396s][info][gc             ] GC(125) Pause Young (Prepare Mixed) (G1 Humongous Allocation) (Evacuation Failure: Allocation) 2846M->2209M(2868M) 8.521ms
[312.396s][info][gc,cpu         ] GC(125) User=0.02s Sys=0.00s Real=0.01s
[312.480s][info][gc,start       ] GC(126) Pause Young (Mixed) (G1 Humongous Allocation)
[312.480s][info][gc,task        ] GC(126) Using 4 workers of 4 for evacuation
[312.486s][info][gc,phases      ] GC(126)   Pre Evacuate Collection Set: 0.29ms
[312.487s][info][gc,phases      ] GC(126)   Merge Heap Roots: 0.14ms
[312.487s][info][gc,phases      ] GC(126)   Evacuate Collection Set: 3.55ms
[312.487s][info][gc,phases      ] GC(126)   Post Evacuate Collection Set: 2.91ms
[312.487s][info][gc,phases      ] GC(126)   Other: 0.05ms
[312.487s][info][gc,heap        ] GC(126) Eden regions: 33->0(130)
[312.487s][info][gc,heap        ] GC(126) Survivor regions: 8->3(19)
[312.487s][info][gc,heap        ] GC(126) Old regions: 492->548
[312.487s][info][gc,heap        ] GC(126) Humongous regions: 882->680
[312.487s][info][gc,metaspace   ] GC(126) Metaspace: 100024K(101184K)->100024K(101184K) NonClass: 78143K(78720K)->78143K(78720K) Class: 21880K(22464K)->21880K(22464K)
[312.487s][info][gc             ] GC(126) Pause Young (Mixed) (G1 Humongous Allocation) (Evacuation Failure: Allocation) 2825M->2457M(2868M) 7.074ms
[312.487s][info][gc,cpu         ] GC(126) User=0.02s Sys=0.00s Real=0.00s
[312.488s][info][gc,start       ] GC(127) Pause Young (Concurrent Start) (G1 Humongous Allocation)
[312.488s][info][gc,task        ] GC(127) Using 4 workers of 4 for evacuation
[312.495s][info][gc,phases      ] GC(127)   Pre Evacuate Collection Set: 0.19ms
[312.495s][info][gc,phases      ] GC(127)   Merge Heap Roots: 0.07ms
[312.495s][info][gc,phases      ] GC(127)   Evacuate Collection Set: 6.35ms
[312.495s][info][gc,phases      ] GC(127)   Post Evacuate Collection Set: 0.52ms
[312.495s][info][gc,phases      ] GC(127)   Other: 0.05ms
[312.495s][info][gc,heap        ] GC(127) Eden regions: 2->0(295)
[312.495s][info][gc,heap        ] GC(127) Survivor regions: 3->4(17)
[312.495s][info][gc,heap        ] GC(127) Old regions: 548->382
[312.495s][info][gc,heap        ] GC(127) Humongous regions: 685->680
[312.495s][info][gc,metaspace   ] GC(127) Metaspace: 100024K(101184K)->100024K(101184K) NonClass: 78143K(78720K)->78143K(78720K) Class: 21880K(22464K)->21880K(22464K)
[312.495s][info][gc             ] GC(127) Pause Young (Concurrent Start) (G1 Humongous Allocation) 2471M->2129M(2868M) 7.259ms
[312.495s][info][gc             ] GC(128) Concurrent Mark Cycle
[312.495s][info][gc,marking     ] GC(128) Concurrent Scan Root Regions
[312.495s][info][gc,cpu         ] GC(127) User=0.03s Sys=0.00s Real=0.01s
[312.507s][info][gc,marking     ] GC(128) Concurrent Scan Root Regions 12.108ms
[312.507s][info][gc,marking     ] GC(128) Concurrent Mark
[312.507s][info][gc,marking     ] GC(128) Concurrent Mark From Roots
[312.507s][info][gc,task        ] GC(128) Using 1 workers of 1 for marking
[312.551s][info][gc,marking     ] GC(128) Concurrent Mark From Roots 43.697ms
[312.551s][info][gc,marking     ] GC(128) Concurrent Preclean
[312.551s][info][gc,marking     ] GC(128) Concurrent Preclean 0.083ms
[312.551s][info][gc,start       ] GC(128) Pause Remark
[312.553s][info][gc             ] GC(128) Pause Remark 2493M->1907M(2868M) 2.218ms
[312.553s][info][gc,cpu         ] GC(128) User=0.00s Sys=0.00s Real=0.00s
[312.553s][info][gc,marking     ] GC(128) Concurrent Mark 46.179ms
[312.553s][info][gc,marking     ] GC(128) Concurrent Rebuild Remembered Sets and Scrub Regions
[312.578s][info][gc,marking     ] GC(128) Concurrent Rebuild Remembered Sets and Scrub Regions 24.855ms
[312.578s][info][gc,start       ] GC(128) Pause Cleanup
[312.578s][info][gc             ] GC(128) Pause Cleanup 1910M->1910M(2868M) 0.105ms
[312.578s][info][gc,cpu         ] GC(128) User=0.00s Sys=0.00s Real=0.00s
[312.578s][info][gc,marking     ] GC(128) Concurrent Clear Claimed Marks
[312.578s][info][gc,marking     ] GC(128) Concurrent Clear Claimed Marks 0.116ms
[312.578s][info][gc,marking     ] GC(128) Concurrent Cleanup for Next Mark
[312.580s][info][gc,marking     ] GC(128) Concurrent Cleanup for Next Mark 1.365ms
[312.580s][info][gc             ] GC(128) Concurrent Mark Cycle 84.909ms
[313.755s][info][gc,start       ] GC(129) Pause Young (Prepare Mixed) (G1 Evacuation Pause)
[313.755s][info][gc,task        ] GC(129) Using 4 workers of 4 for evacuation
[313.769s][info][gc,phases      ] GC(129)   Pre Evacuate Collection Set: 0.17ms
[313.769s][info][gc,phases      ] GC(129)   Merge Heap Roots: 0.15ms
[313.769s][info][gc,phases      ] GC(129)   Evacuate Collection Set: 8.03ms
[313.769s][info][gc,phases      ] GC(129)   Post Evacuate Collection Set: 5.08ms
[313.769s][info][gc,phases      ] GC(129)   Other: 0.06ms
[313.769s][info][gc,heap        ] GC(129) Eden regions: 295->0(204)
[313.769s][info][gc,heap        ] GC(129) Survivor regions: 4->38(38)
[313.769s][info][gc,heap        ] GC(129) Old regions: 349->617
[313.769s][info][gc,heap        ] GC(129) Humongous regions: 729->502
[313.769s][info][gc,metaspace   ] GC(129) Metaspace: 100043K(101184K)->100043K(101184K) NonClass: 78162K(78720K)->78162K(78720K) Class: 21880K(22464K)->21880K(22464K)
[313.769s][info][gc             ] GC(129) Pause Young (Prepare Mixed) (G1 Evacuation Pause) (Evacuation Failure: Allocation) 2751M->2311M(2868M) 13.615ms
[313.769s][info][gc,cpu         ] GC(129) User=0.05s Sys=0.00s Real=0.01s
[313.807s][info][gc,start       ] GC(130) Pause Young (Mixed) (G1 Humongous Allocation)
[313.807s][info][gc,task        ] GC(130) Using 4 workers of 4 for evacuation
[313.817s][info][gc,phases      ] GC(130)   Pre Evacuate Collection Set: 0.25ms
[313.817s][info][gc,phases      ] GC(130)   Merge Heap Roots: 0.12ms
[313.817s][info][gc,phases      ] GC(130)   Evacuate Collection Set: 3.48ms
[313.817s][info][gc,phases      ] GC(130)   Post Evacuate Collection Set: 6.30ms
[313.817s][info][gc,phases      ] GC(130)   Other: 0.06ms
[313.817s][info][gc,heap        ] GC(130) Eden regions: 30->0(100)
[313.817s][info][gc,heap        ] GC(130) Survivor regions: 38->2(9)
[313.817s][info][gc,heap        ] GC(130) Old regions: 617->684
[313.817s][info][gc,heap        ] GC(130) Humongous regions: 740->575
[313.817s][info][gc,metaspace   ] GC(130) Metaspace: 100043K(101184K)->100043K(101184K) NonClass: 78162K(78720K)->78162K(78720K) Class: 21880K(22464K)->21880K(22464K)
[313.817s][info][gc             ] GC(130) Pause Young (Mixed) (G1 Humongous Allocation) (Evacuation Failure: Allocation) 2847M->2519M(2868M) 10.328ms
[313.817s][info][gc,cpu         ] GC(130) User=0.04s Sys=0.00s Real=0.01s
[313.819s][info][gc,start       ] GC(131) Pause Young (Concurrent Start) (G1 Humongous Allocation)
[313.819s][info][gc,task        ] GC(131) Using 4 workers of 4 for evacuation
[313.827s][info][gc,phases      ] GC(131)   Pre Evacuate Collection Set: 0.38ms
[313.827s][info][gc,phases      ] GC(131)   Merge Heap Roots: 0.15ms
[313.827s][info][gc,phases      ] GC(131)   Evacuate Collection Set: 6.76ms
[313.827s][info][gc,phases      ] GC(131)   Post Evacuate Collection Set: 0.80ms
[313.827s][info][gc,phases      ] GC(131)   Other: 0.06ms
[313.827s][info][gc,heap        ] GC(131) Eden regions: 5->0(269)
[313.827s][info][gc,heap        ] GC(131) Survivor regions: 2->5(13)
[313.827s][info][gc,heap        ] GC(131) Old regions: 684->483
[313.827s][info][gc,heap        ] GC(131) Humongous regions: 580->567
[313.827s][info][gc,metaspace   ] GC(131) Metaspace: 100043K(101184K)->100043K(101184K) NonClass: 78162K(78720K)->78162K(78720K) Class: 21880K(22464K)->21880K(22464K)
[313.827s][info][gc             ] GC(131) Pause Young (Concurrent Start) (G1 Humongous Allocation) 2538M->2108M(2868M) 8.230ms
[313.827s][info][gc             ] GC(132) Concurrent Mark Cycle
[313.827s][info][gc,marking     ] GC(132) Concurrent Scan Root Regions
[313.827s][info][gc,cpu         ] GC(131) User=0.03s Sys=0.00s Real=0.01s
[313.837s][info][gc,marking     ] GC(132) Concurrent Scan Root Regions 10.505ms
[313.837s][info][gc,marking     ] GC(132) Concurrent Mark
[313.837s][info][gc,marking     ] GC(132) Concurrent Mark From Roots
[313.837s][info][gc,task        ] GC(132) Using 1 workers of 1 for marking
[313.883s][info][gc,marking     ] GC(132) Concurrent Mark From Roots 46.113ms
[313.883s][info][gc,marking     ] GC(132) Concurrent Preclean
[313.884s][info][gc,marking     ] GC(132) Concurrent Preclean 0.082ms
[313.884s][info][gc,start       ] GC(132) Pause Remark
[313.886s][info][gc             ] GC(132) Pause Remark 2343M->1957M(2868M) 2.147ms
[313.886s][info][gc,cpu         ] GC(132) User=0.00s Sys=0.00s Real=0.00s
[313.886s][info][gc,marking     ] GC(132) Concurrent Mark 48.497ms
[313.886s][info][gc,marking     ] GC(132) Concurrent Rebuild Remembered Sets and Scrub Regions
[313.922s][info][gc,marking     ] GC(132) Concurrent Rebuild Remembered Sets and Scrub Regions 35.853ms
[313.924s][info][gc,start       ] GC(132) Pause Cleanup
[313.924s][info][gc             ] GC(132) Pause Cleanup 2343M->2343M(2868M) 0.146ms
[313.924s][info][gc,cpu         ] GC(132) User=0.00s Sys=0.00s Real=0.00s
[313.924s][info][gc,marking     ] GC(132) Concurrent Clear Claimed Marks
[313.924s][info][gc,marking     ] GC(132) Concurrent Clear Claimed Marks 0.164ms
[313.924s][info][gc,marking     ] GC(132) Concurrent Cleanup for Next Mark
[313.927s][info][gc,marking     ] GC(132) Concurrent Cleanup for Next Mark 2.397ms
[313.927s][info][gc             ] GC(132) Concurrent Mark Cycle 99.791ms
[315.041s][info][gc,start       ] GC(133) Pause Young (Prepare Mixed) (G1 Evacuation Pause)
[315.041s][info][gc,task        ] GC(133) Using 4 workers of 4 for evacuation
[315.046s][info][gc,phases      ] GC(133)   Pre Evacuate Collection Set: 0.17ms
[315.046s][info][gc,phases      ] GC(133)   Merge Heap Roots: 0.08ms
[315.046s][info][gc,phases      ] GC(133)   Evacuate Collection Set: 1.86ms
[315.046s][info][gc,phases      ] GC(133)   Post Evacuate Collection Set: 2.77ms
[315.046s][info][gc,phases      ] GC(133)   Other: 0.05ms
[315.046s][info][gc,heap        ] GC(133) Eden regions: 135->0(301)
[315.046s][info][gc,heap        ] GC(133) Survivor regions: 5->0(0)
[315.046s][info][gc,heap        ] GC(133) Old regions: 455->547
[315.046s][info][gc,heap        ] GC(133) Humongous regions: 839->487
[315.046s][info][gc,metaspace   ] GC(133) Metaspace: 100045K(101184K)->100045K(101184K) NonClass: 78164K(78720K)->78164K(78720K) Class: 21880K(22464K)->21880K(22464K)
[315.046s][info][gc             ] GC(133) Pause Young (Prepare Mixed) (G1 Evacuation Pause) (Evacuation Failure: Allocation) 2866M->2066M(2868M) 5.032ms
[315.046s][info][gc,cpu         ] GC(133) User=0.02s Sys=0.00s Real=0.00s
[315.343s][info][gc,start       ] GC(134) Pause Young (Mixed) (G1 Humongous Allocation)
[315.344s][info][gc,task        ] GC(134) Using 4 workers of 4 for evacuation
[315.354s][info][gc,phases      ] GC(134)   Pre Evacuate Collection Set: 0.27ms
[315.354s][info][gc,phases      ] GC(134)   Merge Heap Roots: 0.11ms
[315.354s][info][gc,phases      ] GC(134)   Evacuate Collection Set: 4.10ms
[315.354s][info][gc,phases      ] GC(134)   Post Evacuate Collection Set: 6.05ms
[315.354s][info][gc,phases      ] GC(134)   Other: 0.07ms
[315.354s][info][gc,heap        ] GC(134) Eden regions: 197->0(118)
[315.354s][info][gc,heap        ] GC(134) Survivor regions: 0->5(15)
[315.354s][info][gc,heap        ] GC(134) Old regions: 547->742
[315.354s][info][gc,heap        ] GC(134) Humongous regions: 675->496
[315.354s][info][gc,metaspace   ] GC(134) Metaspace: 100048K(101184K)->100048K(101184K) NonClass: 78167K(78720K)->78167K(78720K) Class: 21880K(22464K)->21880K(22464K)
[315.354s][info][gc             ] GC(134) Pause Young (Mixed) (G1 Humongous Allocation) (Evacuation Failure: Allocation) 2834M->2484M(2868M) 10.764ms
[315.354s][info][gc,cpu         ] GC(134) User=0.04s Sys=0.00s Real=0.01s
[315.356s][info][gc,start       ] GC(135) Pause Young (Concurrent Start) (G1 Humongous Allocation)
[315.356s][info][gc,task        ] GC(135) Using 4 workers of 4 for evacuation
[315.364s][info][gc,phases      ] GC(135)   Pre Evacuate Collection Set: 0.30ms
[315.364s][info][gc,phases      ] GC(135)   Merge Heap Roots: 0.09ms
[315.364s][info][gc,phases      ] GC(135)   Evacuate Collection Set: 6.93ms
[315.364s][info][gc,phases      ] GC(135)   Post Evacuate Collection Set: 0.80ms
[315.364s][info][gc,phases      ] GC(135)   Other: 0.06ms
[315.364s][info][gc,heap        ] GC(135) Eden regions: 3->0(320)
[315.364s][info][gc,heap        ] GC(135) Survivor regions: 5->6(16)
[315.364s][info][gc,heap        ] GC(135) Old regions: 742->520
[315.364s][info][gc,heap        ] GC(135) Humongous regions: 498->497
[315.364s][info][gc,metaspace   ] GC(135) Metaspace: 100048K(101184K)->100048K(101184K) NonClass: 78167K(78720K)->78167K(78720K) Class: 21880K(22464K)->21880K(22464K)
[315.364s][info][gc             ] GC(135) Pause Young (Concurrent Start) (G1 Humongous Allocation) 2493M->2042M(2868M) 8.265ms
[315.364s][info][gc,cpu         ] GC(135) User=0.03s Sys=0.00s Real=0.01s
[315.364s][info][gc             ] GC(136) Concurrent Mark Cycle
[315.364s][info][gc,marking     ] GC(136) Concurrent Scan Root Regions
[315.377s][info][gc,marking     ] GC(136) Concurrent Scan Root Regions 13.542ms
[315.378s][info][gc,marking     ] GC(136) Concurrent Mark
[315.378s][info][gc,marking     ] GC(136) Concurrent Mark From Roots
[315.378s][info][gc,task        ] GC(136) Using 1 workers of 1 for marking
[315.425s][info][gc,marking     ] GC(136) Concurrent Mark From Roots 47.072ms
[315.425s][info][gc,marking     ] GC(136) Concurrent Preclean
[315.425s][info][gc,marking     ] GC(136) Concurrent Preclean 0.079ms
[315.425s][info][gc,start       ] GC(136) Pause Remark
[315.428s][info][gc             ] GC(136) Pause Remark 2321M->2077M(2868M) 3.189ms
[315.428s][info][gc,cpu         ] GC(136) User=0.00s Sys=0.00s Real=0.00s
[315.428s][info][gc,marking     ] GC(136) Concurrent Mark 50.482ms
[315.428s][info][gc,marking     ] GC(136) Concurrent Rebuild Remembered Sets and Scrub Regions
[315.458s][info][gc,marking     ] GC(136) Concurrent Rebuild Remembered Sets and Scrub Regions 29.717ms
[315.458s][info][gc,start       ] GC(136) Pause Cleanup
[315.459s][info][gc             ] GC(136) Pause Cleanup 2100M->2100M(2868M) 0.109ms
[315.459s][info][gc,cpu         ] GC(136) User=0.00s Sys=0.00s Real=0.00s
[315.459s][info][gc,marking     ] GC(136) Concurrent Clear Claimed Marks
[315.459s][info][gc,marking     ] GC(136) Concurrent Clear Claimed Marks 0.133ms
[315.459s][info][gc,marking     ] GC(136) Concurrent Cleanup for Next Mark
[315.460s][info][gc,marking     ] GC(136) Concurrent Cleanup for Next Mark 1.370ms
[315.460s][info][gc             ] GC(136) Concurrent Mark Cycle 96.250ms
[316.124s][info][gc,start       ] GC(137) Pause Young (Prepare Mixed) (G1 Humongous Allocation)
[316.125s][info][gc,task        ] GC(137) Using 4 workers of 4 for evacuation
[316.131s][info][gc,phases      ] GC(137)   Pre Evacuate Collection Set: 0.19ms
[316.131s][info][gc,phases      ] GC(137)   Merge Heap Roots: 0.09ms
[316.131s][info][gc,phases      ] GC(137)   Evacuate Collection Set: 3.56ms
[316.131s][info][gc,phases      ] GC(137)   Post Evacuate Collection Set: 2.61ms
[316.131s][info][gc,phases      ] GC(137)   Other: 0.06ms
[316.131s][info][gc,heap        ] GC(137) Eden regions: 109->0(262)
[316.131s][info][gc,heap        ] GC(137) Survivor regions: 6->18(25)
[316.131s][info][gc,heap        ] GC(137) Old regions: 478->594
[316.131s][info][gc,heap        ] GC(137) Humongous regions: 816->487
[316.131s][info][gc,metaspace   ] GC(137) Metaspace: 100048K(101184K)->100048K(101184K) NonClass: 78167K(78720K)->78167K(78720K) Class: 21880K(22464K)->21880K(22464K)
[316.131s][info][gc             ] GC(137) Pause Young (Prepare Mixed) (G1 Humongous Allocation) (Evacuation Failure: Allocation) 2813M->2195M(2868M) 6.606ms
[316.131s][info][gc,cpu         ] GC(137) User=0.02s Sys=0.01s Real=0.01s
[316.710s][info][gc,start       ] GC(138) Pause Young (Mixed) (G1 Humongous Allocation)
[316.710s][info][gc,task        ] GC(138) Using 4 workers of 4 for evacuation
[316.723s][info][gc,phases      ] GC(138)   Pre Evacuate Collection Set: 0.28ms
[316.723s][info][gc,phases      ] GC(138)   Merge Heap Roots: 0.10ms
[316.723s][info][gc,phases      ] GC(138)   Evacuate Collection Set: 5.34ms
[316.723s][info][gc,phases      ] GC(138)   Post Evacuate Collection Set: 7.68ms
[316.723s][info][gc,phases      ] GC(138)   Other: 0.06ms
[316.723s][info][gc,heap        ] GC(138) Eden regions: 221->0(57)
[316.723s][info][gc,heap        ] GC(138) Survivor regions: 18->14(20)
[316.723s][info][gc,heap        ] GC(138) Old regions: 594->835
[316.723s][info][gc,heap        ] GC(138) Humongous regions: 581->514
[316.723s][info][gc,metaspace   ] GC(138) Metaspace: 100056K(101184K)->100056K(101184K) NonClass: 78175K(78720K)->78175K(78720K) Class: 21880K(22464K)->21880K(22464K)
[316.724s][info][gc             ] GC(138) Pause Young (Mixed) (G1 Humongous Allocation) (Evacuation Failure: Allocation) 2824M->2723M(2868M) 13.620ms
[316.724s][info][gc,cpu         ] GC(138) User=0.05s Sys=0.00s Real=0.01s
[316.724s][info][gc,start       ] GC(139) Pause Young (Concurrent Start) (G1 Humongous Allocation)
[316.724s][info][gc,task        ] GC(139) Using 4 workers of 4 for evacuation
[316.734s][info][gc,phases      ] GC(139)   Pre Evacuate Collection Set: 0.32ms
[316.734s][info][gc,phases      ] GC(139)   Merge Heap Roots: 0.15ms
[316.734s][info][gc,phases      ] GC(139)   Evacuate Collection Set: 6.28ms
[316.734s][info][gc,phases      ] GC(139)   Post Evacuate Collection Set: 2.99ms
[316.734s][info][gc,phases      ] GC(139)   Other: 0.06ms
[316.734s][info][gc,heap        ] GC(139) Eden regions: 2->0(71)
[316.734s][info][gc,heap        ] GC(139) Survivor regions: 14->2(9)
[316.734s][info][gc,heap        ] GC(139) Old regions: 835->791
[316.734s][info][gc,heap        ] GC(139) Humongous regions: 517->515
[316.734s][info][gc,metaspace   ] GC(139) Metaspace: 100056K(101184K)->100056K(101184K) NonClass: 78175K(78720K)->78175K(78720K) Class: 21880K(22464K)->21880K(22464K)
[316.734s][info][gc             ] GC(139) Pause Young (Concurrent Start) (G1 Humongous Allocation) (Evacuation Failure: Allocation) 2732M->2614M(2868M) 9.873ms
[316.734s][info][gc,cpu         ] GC(139) User=0.04s Sys=0.00s Real=0.01s
[316.734s][info][gc             ] GC(140) Concurrent Mark Cycle
[316.734s][info][gc,marking     ] GC(140) Concurrent Scan Root Regions
[316.743s][info][gc,start       ] GC(141) Pause Young (Normal) (G1 Humongous Allocation)
[316.744s][info][gc,task        ] GC(141) Using 4 workers of 4 for evacuation
[316.750s][info][gc,marking     ] GC(140) Concurrent Scan Root Regions 15.853ms
[316.750s][info][gc,marking     ] GC(140) Concurrent Mark
[316.750s][info][gc,marking     ] GC(140) Concurrent Mark From Roots
[316.750s][info][gc,task        ] GC(140) Using 1 workers of 1 for marking
[316.759s][info][gc,phases      ] GC(141)   Pre Evacuate Collection Set: 0.42ms
[316.759s][info][gc,phases      ] GC(141)   Merge Heap Roots: 0.13ms
[316.759s][info][gc,phases      ] GC(141)   Evacuate Collection Set: 5.44ms
[316.759s][info][gc,phases      ] GC(141)   Post Evacuate Collection Set: 2.82ms
[316.759s][info][gc,phases      ] GC(141)   Other: 6.77ms
[316.759s][info][gc,heap        ] GC(141) Eden regions: 15->0(64)
[316.759s][info][gc,heap        ] GC(141) Survivor regions: 2->7(10)
[316.759s][info][gc,heap        ] GC(141) Old regions: 791->807
[316.759s][info][gc,heap        ] GC(141) Humongous regions: 573->543
[316.759s][info][gc,metaspace   ] GC(141) Metaspace: 100056K(101184K)->100056K(101184K) NonClass: 78175K(78720K)->78175K(78720K) Class: 21880K(22464K)->21880K(22464K)
[316.759s][info][gc             ] GC(141) Pause Young (Normal) (G1 Humongous Allocation) (Evacuation Failure: Allocation) 2760M->2712M(2868M) 15.701ms
[316.759s][info][gc,cpu         ] GC(141) User=0.03s Sys=0.01s Real=0.01s
[316.761s][info][gc,start       ] GC(142) Pause Young (Normal) (G1 Humongous Allocation)
[316.761s][info][gc,task        ] GC(142) Using 4 workers of 4 for evacuation
[316.770s][info][gc,phases      ] GC(142)   Pre Evacuate Collection Set: 0.40ms
[316.770s][info][gc,phases      ] GC(142)   Merge Heap Roots: 0.12ms
[316.770s][info][gc,phases      ] GC(142)   Evacuate Collection Set: 4.32ms
[316.770s][info][gc,phases      ] GC(142)   Post Evacuate Collection Set: 3.35ms
[316.770s][info][gc,phases      ] GC(142)   Other: 0.07ms
[316.770s][info][gc,heap        ] GC(142) Eden regions: 3->0(106)
[316.770s][info][gc,heap        ] GC(142) Survivor regions: 7->1(9)
[316.770s][info][gc,heap        ] GC(142) Old regions: 807->694
[316.770s][info][gc,heap        ] GC(142) Humongous regions: 575->560
[316.770s][info][gc,metaspace   ] GC(142) Metaspace: 100056K(101184K)->100056K(101184K) NonClass: 78175K(78720K)->78175K(78720K) Class: 21880K(22464K)->21880K(22464K)
[316.770s][info][gc             ] GC(142) Pause Young (Normal) (G1 Humongous Allocation) (Evacuation Failure: Allocation) 2782M->2508M(2868M) 8.400ms
[316.770s][info][gc,cpu         ] GC(142) User=0.03s Sys=0.00s Real=0.01s
[316.777s][info][gc,start       ] GC(143) Pause Young (Normal) (G1 Humongous Allocation)
[316.777s][info][gc,task        ] GC(143) Using 4 workers of 4 for evacuation
[316.779s][info][gc,phases      ] GC(143)   Pre Evacuate Collection Set: 0.17ms
[316.779s][info][gc,phases      ] GC(143)   Merge Heap Roots: 0.06ms
[316.779s][info][gc,phases      ] GC(143)   Evacuate Collection Set: 1.77ms
[316.779s][info][gc,phases      ] GC(143)   Post Evacuate Collection Set: 0.65ms
[316.779s][info][gc,phases      ] GC(143)   Other: 0.05ms
[316.779s][info][gc,heap        ] GC(143) Eden regions: 5->0(249)
[316.779s][info][gc,heap        ] GC(143) Survivor regions: 1->1(14)
[316.779s][info][gc,heap        ] GC(143) Old regions: 694->496
[316.779s][info][gc,heap        ] GC(143) Humongous regions: 647->606
[316.779s][info][gc,metaspace   ] GC(143) Metaspace: 100056K(101184K)->100056K(101184K) NonClass: 78175K(78720K)->78175K(78720K) Class: 21880K(22464K)->21880K(22464K)
[316.779s][info][gc             ] GC(143) Pause Young (Normal) (G1 Humongous Allocation) 2690M->2203M(2868M) 2.796ms
[316.779s][info][gc,cpu         ] GC(143) User=0.01s Sys=0.00s Real=0.00s
[316.834s][info][gc,marking     ] GC(140) Concurrent Mark From Roots 83.304ms
[316.834s][info][gc,marking     ] GC(140) Concurrent Preclean
[316.834s][info][gc,marking     ] GC(140) Concurrent Preclean 0.085ms
[316.834s][info][gc,start       ] GC(140) Pause Remark
[316.836s][info][gc             ] GC(140) Pause Remark 2497M->2315M(2868M) 2.353ms
[316.836s][info][gc,cpu         ] GC(140) User=0.00s Sys=0.00s Real=0.00s
[316.836s][info][gc,marking     ] GC(140) Concurrent Mark 85.885ms
[316.836s][info][gc,marking     ] GC(140) Concurrent Rebuild Remembered Sets and Scrub Regions
[316.871s][info][gc,marking     ] GC(140) Concurrent Rebuild Remembered Sets and Scrub Regions 34.724ms
[316.871s][info][gc,start       ] GC(140) Pause Cleanup
[316.871s][info][gc             ] GC(140) Pause Cleanup 2343M->2343M(2868M) 0.102ms
[316.871s][info][gc,cpu         ] GC(140) User=0.00s Sys=0.00s Real=0.00s
[316.871s][info][gc,marking     ] GC(140) Concurrent Clear Claimed Marks
[316.871s][info][gc,marking     ] GC(140) Concurrent Clear Claimed Marks 0.119ms
[316.871s][info][gc,marking     ] GC(140) Concurrent Cleanup for Next Mark
[316.873s][info][gc,marking     ] GC(140) Concurrent Cleanup for Next Mark 1.372ms
[316.873s][info][gc             ] GC(140) Concurrent Mark Cycle 138.237ms
[316.941s][info][gc,start       ] GC(144) Pause Young (Prepare Mixed) (G1 Humongous Allocation)
[316.941s][info][gc,task        ] GC(144) Using 4 workers of 4 for evacuation
[316.945s][info][gc,phases      ] GC(144)   Pre Evacuate Collection Set: 0.23ms
[316.945s][info][gc,phases      ] GC(144)   Merge Heap Roots: 0.25ms
[316.945s][info][gc,phases      ] GC(144)   Evacuate Collection Set: 2.89ms
[316.945s][info][gc,phases      ] GC(144)   Post Evacuate Collection Set: 0.74ms
[316.945s][info][gc,phases      ] GC(144)   Other: 0.06ms
[316.945s][info][gc,heap        ] GC(144) Eden regions: 62->0(245)
[316.945s][info][gc,heap        ] GC(144) Survivor regions: 1->27(32)
[316.945s][info][gc,heap        ] GC(144) Old regions: 480->480
[316.945s][info][gc,heap        ] GC(144) Humongous regions: 848->594
[316.945s][info][gc,metaspace   ] GC(144) Metaspace: 100056K(101184K)->100056K(101184K) NonClass: 78175K(78720K)->78175K(78720K) Class: 21880K(22464K)->21880K(22464K)
[316.945s][info][gc             ] GC(144) Pause Young (Prepare Mixed) (G1 Humongous Allocation) 2778M->2200M(2868M) 4.271ms
[316.945s][info][gc,cpu         ] GC(144) User=0.01s Sys=0.00s Real=0.00s
[318.011s][info][gc,start       ] GC(145) Pause Young (Mixed) (G1 Evacuation Pause)
[318.011s][info][gc,task        ] GC(145) Using 4 workers of 4 for evacuation
[318.016s][info][gc,phases      ] GC(145)   Pre Evacuate Collection Set: 0.12ms
[318.016s][info][gc,phases      ] GC(145)   Merge Heap Roots: 0.06ms
[318.016s][info][gc,phases      ] GC(145)   Evacuate Collection Set: 2.23ms
[318.016s][info][gc,phases      ] GC(145)   Post Evacuate Collection Set: 2.64ms
[318.016s][info][gc,phases      ] GC(145)   Other: 0.05ms
[318.016s][info][gc,heap        ] GC(145) Eden regions: 144->0(111)
[318.016s][info][gc,heap        ] GC(145) Survivor regions: 27->0(0)
[318.016s][info][gc,heap        ] GC(145) Old regions: 480->613
[318.016s][info][gc,heap        ] GC(145) Humongous regions: 783->637
[318.016s][info][gc,metaspace   ] GC(145) Metaspace: 100058K(101184K)->100058K(101184K) NonClass: 78177K(78720K)->78177K(78720K) Class: 21880K(22464K)->21880K(22464K)
[318.016s][info][gc             ] GC(145) Pause Young (Mixed) (G1 Evacuation Pause) (Evacuation Failure: Allocation) 2866M->2499M(2868M) 5.192ms
[318.016s][info][gc,cpu         ] GC(145) User=0.02s Sys=0.00s Real=0.00s
[318.119s][info][gc,start       ] GC(146) Pause Young (Concurrent Start) (G1 Evacuation Pause)
[318.119s][info][gc,task        ] GC(146) Using 4 workers of 4 for evacuation
[318.129s][info][gc,phases      ] GC(146)   Pre Evacuate Collection Set: 0.28ms
[318.129s][info][gc,phases      ] GC(146)   Merge Heap Roots: 0.07ms
[318.129s][info][gc,phases      ] GC(146)   Evacuate Collection Set: 7.21ms
[318.129s][info][gc,phases      ] GC(146)   Post Evacuate Collection Set: 2.74ms
[318.129s][info][gc,phases      ] GC(146)   Other: 0.06ms
[318.129s][info][gc,heap        ] GC(146) Eden regions: 111->0(16)
[318.129s][info][gc,heap        ] GC(146) Survivor regions: 0->14(14)
[318.129s][info][gc,heap        ] GC(146) Old regions: 613->767
[318.129s][info][gc,heap        ] GC(146) Humongous regions: 637->637
[318.129s][info][gc,metaspace   ] GC(146) Metaspace: 100058K(101184K)->100058K(101184K) NonClass: 78177K(78720K)->78177K(78720K) Class: 21880K(22464K)->21880K(22464K)
[318.129s][info][gc             ] GC(146) Pause Young (Concurrent Start) (G1 Evacuation Pause) (Evacuation Failure: Allocation) 2721M->2835M(2868M) 10.476ms
[318.129s][info][gc             ] GC(147) Concurrent Mark Cycle
[318.129s][info][gc,marking     ] GC(147) Concurrent Scan Root Regions
[318.129s][info][gc,cpu         ] GC(146) User=0.04s Sys=0.00s Real=0.01s
[318.137s][info][gc,start       ] GC(148) Pause Young (Normal) (G1 Evacuation Pause)
[318.137s][info][gc,marking     ] GC(147) Concurrent Scan Root Regions 8.109ms
[318.140s][info][gc,marking     ] GC(147) Concurrent Mark
[318.140s][info][gc,marking     ] GC(147) Concurrent Mark From Roots
[318.140s][info][gc,task        ] GC(147) Using 1 workers of 1 for marking
[318.140s][info][gc,task        ] GC(148) Using 4 workers of 4 for evacuation
[318.145s][info][gc,phases      ] GC(148)   Pre Evacuate Collection Set: 0.25ms
[318.145s][info][gc,phases      ] GC(148)   Merge Heap Roots: 0.09ms
[318.145s][info][gc,phases      ] GC(148)   Evacuate Collection Set: 1.35ms
[318.145s][info][gc,phases      ] GC(148)   Post Evacuate Collection Set: 3.22ms
[318.145s][info][gc,phases      ] GC(148)   Other: 0.11ms
[318.145s][info][gc,heap        ] GC(148) Eden regions: 16->0(1)
[318.145s][info][gc,heap        ] GC(148) Survivor regions: 14->0(0)
[318.145s][info][gc,heap        ] GC(148) Old regions: 767->797
[318.145s][info][gc,heap        ] GC(148) Humongous regions: 637->637
[318.145s][info][gc,metaspace   ] GC(148) Metaspace: 100058K(101184K)->100058K(101184K) NonClass: 78177K(78720K)->78177K(78720K) Class: 21880K(22464K)->21880K(22464K)
[318.145s][info][gc             ] GC(148) Pause Young (Normal) (G1 Evacuation Pause) (Evacuation Failure: Allocation) 2867M->2867M(2868M) 8.036ms
[318.145s][info][gc,cpu         ] GC(148) User=0.02s Sys=0.00s Real=0.01s
[318.145s][info][gc,ergo        ] Attempting full compaction
[318.145s][info][gc,start       ] GC(149) Pause Full (G1 Compaction Pause)
[318.145s][info][gc,task        ] GC(149) Using 4 workers of 4 for full compaction
[318.146s][info][gc,phases,start] GC(149) Phase 1: Mark live objects
[318.163s][info][gc,phases      ] GC(149) Phase 1: Mark live objects 17.104ms
[318.163s][info][gc,phases,start] GC(149) Phase 2: Prepare compaction
[318.165s][info][gc,phases      ] GC(149) Phase 2: Prepare compaction 2.463ms
[318.165s][info][gc,phases,start] GC(149) Phase 3: Adjust pointers
[318.172s][info][gc,phases      ] GC(149) Phase 3: Adjust pointers 6.929ms
[318.172s][info][gc,phases,start] GC(149) Phase 4: Compact heap
[318.177s][info][gc,phases      ] GC(149) Phase 4: Compact heap 4.529ms
[318.177s][info][gc,phases,start] GC(149) Phase 5: Reset Metadata
[318.179s][info][gc,phases      ] GC(149) Phase 5: Reset Metadata 2.567ms
[318.181s][info][gc,heap        ] GC(149) Eden regions: 0->0(581)
[318.181s][info][gc,heap        ] GC(149) Survivor regions: 0->0(0)
[318.181s][info][gc,heap        ] GC(149) Old regions: 797->123
[318.181s][info][gc,heap        ] GC(149) Humongous regions: 637->402
[318.181s][info][gc,metaspace   ] GC(149) Metaspace: 100058K(101184K)->100052K(101184K) NonClass: 78177K(78720K)->78173K(78720K) Class: 21880K(22464K)->21879K(22464K)
[318.181s][info][gc             ] GC(149) Pause Full (G1 Compaction Pause) 2867M->1047M(2868M) 36.285ms
[318.181s][info][gc,cpu         ] GC(149) User=0.13s Sys=0.01s Real=0.04s
[318.181s][info][gc,marking     ] GC(147) Concurrent Mark From Roots 41.583ms
[318.181s][info][gc,marking     ] GC(147) Concurrent Mark Abort
[318.181s][info][gc             ] GC(147) Concurrent Mark Cycle 52.207ms
[318.182s][info][gc,start       ] GC(150) Pause Young (Concurrent Start) (G1 Humongous Allocation)
[318.182s][info][gc,task        ] GC(150) Using 4 workers of 4 for evacuation
[318.183s][info][gc,phases      ] GC(150)   Pre Evacuate Collection Set: 0.19ms
[318.183s][info][gc,phases      ] GC(150)   Merge Heap Roots: 0.04ms
[318.183s][info][gc,phases      ] GC(150)   Evacuate Collection Set: 0.74ms
[318.183s][info][gc,phases      ] GC(150)   Post Evacuate Collection Set: 0.39ms
[318.183s][info][gc,phases      ] GC(150)   Other: 0.04ms
[318.183s][info][gc,heap        ] GC(150) Eden regions: 3->0(499)
[318.183s][info][gc,heap        ] GC(150) Survivor regions: 0->2(73)
[318.183s][info][gc,heap        ] GC(150) Old regions: 123->123
[318.183s][info][gc,heap        ] GC(150) Humongous regions: 402->402
[318.183s][info][gc,metaspace   ] GC(150) Metaspace: 100052K(101184K)->100052K(101184K) NonClass: 78173K(78720K)->78173K(78720K) Class: 21879K(22464K)->21879K(22464K)
[318.183s][info][gc             ] GC(150) Pause Young (Concurrent Start) (G1 Humongous Allocation) 1052M->1050M(2868M) 1.499ms
[318.183s][info][gc,cpu         ] GC(150) User=0.00s Sys=0.00s Real=0.00s
[318.184s][info][gc             ] GC(151) Concurrent Mark Cycle
[318.184s][info][gc,marking     ] GC(151) Concurrent Scan Root Regions
[318.187s][info][gc,marking     ] GC(151) Concurrent Scan Root Regions 3.552ms
[318.187s][info][gc,marking     ] GC(151) Concurrent Mark
[318.187s][info][gc,marking     ] GC(151) Concurrent Mark From Roots
[318.187s][info][gc,task        ] GC(151) Using 1 workers of 1 for marking
[318.273s][info][gc,marking     ] GC(151) Concurrent Mark From Roots 85.657ms
[318.273s][info][gc,marking     ] GC(151) Concurrent Preclean
[318.273s][info][gc,marking     ] GC(151) Concurrent Preclean 0.133ms
[318.273s][info][gc,start       ] GC(151) Pause Remark
[318.275s][info][gc             ] GC(151) Pause Remark 1870M->1870M(2868M) 2.122ms
[318.275s][info][gc,cpu         ] GC(151) User=0.01s Sys=0.00s Real=0.00s
[318.275s][info][gc,marking     ] GC(151) Concurrent Mark 88.042ms
[318.275s][info][gc,marking     ] GC(151) Concurrent Rebuild Remembered Sets and Scrub Regions
[318.298s][info][gc,marking     ] GC(151) Concurrent Rebuild Remembered Sets and Scrub Regions 22.541ms
[318.298s][info][gc,start       ] GC(151) Pause Cleanup
[318.298s][info][gc             ] GC(151) Pause Cleanup 2090M->2090M(2868M) 0.107ms
[318.298s][info][gc,cpu         ] GC(151) User=0.00s Sys=0.00s Real=0.00s
[318.298s][info][gc,marking     ] GC(151) Concurrent Clear Claimed Marks
[318.298s][info][gc,marking     ] GC(151) Concurrent Clear Claimed Marks 0.109ms
[318.298s][info][gc,marking     ] GC(151) Concurrent Cleanup for Next Mark
[318.299s][info][gc,marking     ] GC(151) Concurrent Cleanup for Next Mark 1.244ms
[318.299s][info][gc             ] GC(151) Concurrent Mark Cycle 115.779ms
[319.279s][info][gc,start       ] GC(152) Pause Young (Prepare Mixed) (G1 Evacuation Pause)
[319.279s][info][gc,task        ] GC(152) Using 4 workers of 4 for evacuation
[319.285s][info][gc,phases      ] GC(152)   Pre Evacuate Collection Set: 0.20ms
[319.285s][info][gc,phases      ] GC(152)   Merge Heap Roots: 0.09ms
[319.285s][info][gc,phases      ] GC(152)   Evacuate Collection Set: 2.38ms
[319.285s][info][gc,phases      ] GC(152)   Post Evacuate Collection Set: 3.08ms
[319.285s][info][gc,phases      ] GC(152)   Other: 0.05ms
[319.285s][info][gc,heap        ] GC(152) Eden regions: 227->0(314)
[319.285s][info][gc,heap        ] GC(152) Survivor regions: 2->0(0)
[319.285s][info][gc,heap        ] GC(152) Old regions: 123->316
[319.285s][info][gc,heap        ] GC(152) Humongous regions: 1082->602
[319.285s][info][gc,metaspace   ] GC(152) Metaspace: 100061K(101184K)->100061K(101184K) NonClass: 78180K(78720K)->78180K(78720K) Class: 21880K(22464K)->21880K(22464K)
[319.285s][info][gc             ] GC(152) Pause Young (Prepare Mixed) (G1 Evacuation Pause) (Evacuation Failure: Allocation) 2864M->1832M(2868M) 5.914ms
[319.285s][info][gc,cpu         ] GC(152) User=0.02s Sys=0.00s Real=0.01s
[319.513s][info][gc,start       ] GC(153) Pause Young (Mixed) (G1 Humongous Allocation)
[319.513s][info][gc,task        ] GC(153) Using 4 workers of 4 for evacuation
[319.522s][info][gc,phases      ] GC(153)   Pre Evacuate Collection Set: 0.19ms
[319.523s][info][gc,phases      ] GC(153)   Merge Heap Roots: 0.08ms
[319.523s][info][gc,phases      ] GC(153)   Evacuate Collection Set: 3.61ms
[319.523s][info][gc,phases      ] GC(153)   Post Evacuate Collection Set: 5.75ms
[319.523s][info][gc,phases      ] GC(153)   Other: 0.05ms
[319.523s][info][gc,heap        ] GC(153) Eden regions: 186->0(164)
[319.523s][info][gc,heap        ] GC(153) Survivor regions: 0->0(1)
[319.523s][info][gc,heap        ] GC(153) Old regions: 316->498
[319.523s][info][gc,heap        ] GC(153) Humongous regions: 931->690
[319.523s][info][gc,metaspace   ] GC(153) Metaspace: 100061K(101184K)->100061K(101184K) NonClass: 78180K(78720K)->78180K(78720K) Class: 21880K(22464K)->21880K(22464K)
[319.523s][info][gc             ] GC(153) Pause Young (Mixed) (G1 Humongous Allocation) (Evacuation Failure: Allocation) 2862M->2372M(2868M) 9.796ms
[319.523s][info][gc,cpu         ] GC(153) User=0.05s Sys=0.00s Real=0.01s
[319.524s][info][gc,start       ] GC(154) Pause Young (Concurrent Start) (G1 Humongous Allocation)
[319.524s][info][gc,task        ] GC(154) Using 4 workers of 4 for evacuation
[319.532s][info][gc,phases      ] GC(154)   Pre Evacuate Collection Set: 0.34ms
[319.532s][info][gc,phases      ] GC(154)   Merge Heap Roots: 0.12ms
[319.532s][info][gc,phases      ] GC(154)   Evacuate Collection Set: 6.67ms
[319.532s][info][gc,phases      ] GC(154)   Post Evacuate Collection Set: 0.49ms
[319.532s][info][gc,phases      ] GC(154)   Other: 0.05ms
[319.532s][info][gc,heap        ] GC(154) Eden regions: 5->0(206)
[319.532s][info][gc,heap        ] GC(154) Survivor regions: 0->2(21)
[319.532s][info][gc,heap        ] GC(154) Old regions: 498->416
[319.532s][info][gc,heap        ] GC(154) Humongous regions: 695->692
[319.532s][info][gc,metaspace   ] GC(154) Metaspace: 100061K(101184K)->100061K(101184K) NonClass: 78180K(78720K)->78180K(78720K) Class: 21880K(22464K)->21880K(22464K)
[319.532s][info][gc             ] GC(154) Pause Young (Concurrent Start) (G1 Humongous Allocation) 2391M->2215M(2868M) 7.769ms
[319.532s][info][gc             ] GC(155) Concurrent Mark Cycle
[319.532s][info][gc,marking     ] GC(155) Concurrent Scan Root Regions
[319.532s][info][gc,cpu         ] GC(154) User=0.03s Sys=0.00s Real=0.01s
[319.545s][info][gc,marking     ] GC(155) Concurrent Scan Root Regions 12.710ms
[319.545s][info][gc,marking     ] GC(155) Concurrent Mark
[319.545s][info][gc,marking     ] GC(155) Concurrent Mark From Roots
[319.545s][info][gc,task        ] GC(155) Using 1 workers of 1 for marking
[319.589s][info][gc,marking     ] GC(155) Concurrent Mark From Roots 44.014ms
[319.589s][info][gc,marking     ] GC(155) Concurrent Preclean
[319.589s][info][gc,marking     ] GC(155) Concurrent Preclean 0.158ms
[319.590s][info][gc,start       ] GC(155) Pause Remark
[319.592s][info][gc             ] GC(155) Pause Remark 2531M->2131M(2868M) 2.092ms
[319.592s][info][gc,cpu         ] GC(155) User=0.00s Sys=0.01s Real=0.00s
[319.592s][info][gc,marking     ] GC(155) Concurrent Mark 47.052ms
[319.592s][info][gc,marking     ] GC(155) Concurrent Rebuild Remembered Sets and Scrub Regions
[319.625s][info][gc,marking     ] GC(155) Concurrent Rebuild Remembered Sets and Scrub Regions 33.500ms
[319.625s][info][gc,start       ] GC(155) Pause Cleanup
[319.625s][info][gc             ] GC(155) Pause Cleanup 2213M->2213M(2868M) 0.136ms
[319.625s][info][gc,cpu         ] GC(155) User=0.00s Sys=0.00s Real=0.00s
[319.626s][info][gc,marking     ] GC(155) Concurrent Clear Claimed Marks
[319.626s][info][gc,marking     ] GC(155) Concurrent Clear Claimed Marks 0.119ms
[319.626s][info][gc,marking     ] GC(155) Concurrent Cleanup for Next Mark
[319.627s][info][gc,marking     ] GC(155) Concurrent Cleanup for Next Mark 1.284ms
[319.627s][info][gc             ] GC(155) Concurrent Mark Cycle 95.005ms
[320.588s][info][gc,start       ] GC(156) Pause Young (Prepare Mixed) (G1 Evacuation Pause)
[320.588s][info][gc,task        ] GC(156) Using 4 workers of 4 for evacuation
[320.597s][info][gc,phases      ] GC(156)   Pre Evacuate Collection Set: 0.22ms
[320.597s][info][gc,phases      ] GC(156)   Merge Heap Roots: 0.10ms
[320.597s][info][gc,phases      ] GC(156)   Evacuate Collection Set: 3.52ms
[320.597s][info][gc,phases      ] GC(156)   Post Evacuate Collection Set: 5.72ms
[320.597s][info][gc,phases      ] GC(156)   Other: 0.05ms
[320.597s][info][gc,heap        ] GC(156) Eden regions: 178->0(304)
[320.597s][info][gc,heap        ] GC(156) Survivor regions: 2->0(0)
[320.597s][info][gc,heap        ] GC(156) Old regions: 416->560
[320.597s][info][gc,heap        ] GC(156) Humongous regions: 838->427
[320.597s][info][gc,metaspace   ] GC(156) Metaspace: 100061K(101184K)->100061K(101184K) NonClass: 78180K(78720K)->78180K(78720K) Class: 21880K(22464K)->21880K(22464K)
[320.597s][info][gc             ] GC(156) Pause Young (Prepare Mixed) (G1 Evacuation Pause) (Evacuation Failure: Allocation) 2863M->1969M(2868M) 9.734ms
[320.598s][info][gc,cpu         ] GC(156) User=0.04s Sys=0.01s Real=0.01s
[320.781s][info][gc,start       ] GC(157) Pause Young (Mixed) (G1 Humongous Allocation)
[320.781s][info][gc,task        ] GC(157) Using 4 workers of 4 for evacuation
[320.791s][info][gc,phases      ] GC(157)   Pre Evacuate Collection Set: 0.18ms
[320.791s][info][gc,phases      ] GC(157)   Merge Heap Roots: 0.10ms
[320.791s][info][gc,phases      ] GC(157)   Evacuate Collection Set: 4.28ms
[320.791s][info][gc,phases      ] GC(157)   Post Evacuate Collection Set: 5.44ms
[320.791s][info][gc,phases      ] GC(157)   Other: 0.08ms
[320.791s][info][gc,heap        ] GC(157) Eden regions: 163->0(124)
[320.791s][info][gc,heap        ] GC(157) Survivor regions: 0->3(6)
[320.791s][info][gc,heap        ] GC(157) Old regions: 560->724
[320.791s][info][gc,heap        ] GC(157) Humongous regions: 705->510
[320.791s][info][gc,metaspace   ] GC(157) Metaspace: 100061K(101184K)->100061K(101184K) NonClass: 78180K(78720K)->78180K(78720K) Class: 21880K(22464K)->21880K(22464K)
[320.791s][info][gc             ] GC(157) Pause Young (Mixed) (G1 Humongous Allocation) (Evacuation Failure: Allocation) 2851M->2469M(2868M) 10.262ms
[320.791s][info][gc,cpu         ] GC(157) User=0.04s Sys=0.00s Real=0.01s
[320.794s][info][gc,start       ] GC(158) Pause Young (Concurrent Start) (G1 Humongous Allocation)
[320.794s][info][gc,task        ] GC(158) Using 4 workers of 4 for evacuation
[320.804s][info][gc,phases      ] GC(158)   Pre Evacuate Collection Set: 0.60ms
[320.804s][info][gc,phases      ] GC(158)   Merge Heap Roots: 0.28ms
[320.804s][info][gc,phases      ] GC(158)   Evacuate Collection Set: 8.82ms
[320.804s][info][gc,phases      ] GC(158)   Post Evacuate Collection Set: 0.59ms
[320.804s][info][gc,phases      ] GC(158)   Other: 0.07ms
[320.804s][info][gc,heap        ] GC(158) Eden regions: 2->0(216)
[320.804s][info][gc,heap        ] GC(158) Survivor regions: 3->4(16)
[320.804s][info][gc,heap        ] GC(158) Old regions: 724->612
[320.804s][info][gc,heap        ] GC(158) Humongous regions: 516->498
[320.804s][info][gc,metaspace   ] GC(158) Metaspace: 100061K(101184K)->100061K(101184K) NonClass: 78180K(78720K)->78180K(78720K) Class: 21880K(22464K)->21880K(22464K)
[320.804s][info][gc             ] GC(158) Pause Young (Concurrent Start) (G1 Humongous Allocation) 2485M->2222M(2868M) 10.473ms
[320.804s][info][gc             ] GC(159) Concurrent Mark Cycle
[320.804s][info][gc,marking     ] GC(159) Concurrent Scan Root Regions
[320.804s][info][gc,cpu         ] GC(158) User=0.04s Sys=0.00s Real=0.01s
[320.825s][info][gc,marking     ] GC(159) Concurrent Scan Root Regions 21.071ms
[320.825s][info][gc,marking     ] GC(159) Concurrent Mark
[320.825s][info][gc,marking     ] GC(159) Concurrent Mark From Roots
[320.825s][info][gc,task        ] GC(159) Using 1 workers of 1 for marking
[320.872s][info][gc,marking     ] GC(159) Concurrent Mark From Roots 47.262ms
[320.872s][info][gc,marking     ] GC(159) Concurrent Preclean
[320.873s][info][gc,marking     ] GC(159) Concurrent Preclean 0.163ms
[320.874s][info][gc,start       ] GC(159) Pause Remark
[320.876s][info][gc             ] GC(159) Pause Remark 2532M->2482M(2868M) 2.191ms
[320.876s][info][gc,cpu         ] GC(159) User=0.00s Sys=0.00s Real=0.00s
[320.876s][info][gc,marking     ] GC(159) Concurrent Mark 50.623ms
[320.876s][info][gc,marking     ] GC(159) Concurrent Rebuild Remembered Sets and Scrub Regions
[320.918s][info][gc,marking     ] GC(159) Concurrent Rebuild Remembered Sets and Scrub Regions 42.155ms
[320.918s][info][gc,start       ] GC(159) Pause Cleanup
[320.918s][info][gc             ] GC(159) Pause Cleanup 2732M->2732M(2868M) 0.136ms
[320.918s][info][gc,cpu         ] GC(159) User=0.00s Sys=0.00s Real=0.00s
[320.918s][info][gc,marking     ] GC(159) Concurrent Clear Claimed Marks
[320.918s][info][gc,marking     ] GC(159) Concurrent Clear Claimed Marks 0.114ms
[320.918s][info][gc,marking     ] GC(159) Concurrent Cleanup for Next Mark
[320.920s][info][gc,marking     ] GC(159) Concurrent Cleanup for Next Mark 1.304ms
[320.920s][info][gc             ] GC(159) Concurrent Mark Cycle 115.623ms
[320.968s][info][gc,start       ] GC(160) Pause Young (Prepare Mixed) (G1 Humongous Allocation)
[320.968s][info][gc,task        ] GC(160) Using 4 workers of 4 for evacuation
[320.975s][info][gc,phases      ] GC(160)   Pre Evacuate Collection Set: 0.17ms
[320.975s][info][gc,phases      ] GC(160)   Merge Heap Roots: 0.11ms
[320.975s][info][gc,phases      ] GC(160)   Evacuate Collection Set: 4.14ms
[320.975s][info][gc,phases      ] GC(160)   Post Evacuate Collection Set: 3.02ms
[320.975s][info][gc,phases      ] GC(160)   Other: 0.06ms
[320.975s][info][gc,heap        ] GC(160) Eden regions: 44->0(158)
[320.975s][info][gc,heap        ] GC(160) Survivor regions: 4->3(10)
[320.975s][info][gc,heap        ] GC(160) Old regions: 612->665
[320.975s][info][gc,heap        ] GC(160) Humongous regions: 764->535
[320.975s][info][gc,metaspace   ] GC(160) Metaspace: 100061K(101184K)->100061K(101184K) NonClass: 78180K(78720K)->78180K(78720K) Class: 21880K(22464K)->21880K(22464K)
[320.975s][info][gc             ] GC(160) Pause Young (Prepare Mixed) (G1 Humongous Allocation) (Evacuation Failure: Allocation) 2841M->2400M(2868M) 7.585ms
[320.975s][info][gc,cpu         ] GC(160) User=0.02s Sys=0.00s Real=0.01s
[321.874s][info][gc,start       ] GC(161) Pause Young (Mixed) (G1 Evacuation Pause)
[321.874s][info][gc,task        ] GC(161) Using 4 workers of 4 for evacuation
[321.884s][info][gc,phases      ] GC(161)   Pre Evacuate Collection Set: 0.27ms
[321.884s][info][gc,phases      ] GC(161)   Merge Heap Roots: 0.18ms
[321.884s][info][gc,phases      ] GC(161)   Evacuate Collection Set: 3.37ms
[321.884s][info][gc,phases      ] GC(161)   Post Evacuate Collection Set: 5.86ms
[321.884s][info][gc,phases      ] GC(161)   Other: 0.06ms
[321.884s][info][gc,heap        ] GC(161) Eden regions: 126->0(71)
[321.884s][info][gc,heap        ] GC(161) Survivor regions: 3->0(0)
[321.884s][info][gc,heap        ] GC(161) Old regions: 665->786
[321.884s][info][gc,heap        ] GC(161) Humongous regions: 640->527
[321.884s][info][gc,metaspace   ] GC(161) Metaspace: 100076K(101184K)->100076K(101184K) NonClass: 78195K(78720K)->78195K(78720K) Class: 21880K(22464K)->21880K(22464K)
[321.884s][info][gc             ] GC(161) Pause Young (Mixed) (G1 Evacuation Pause) (Evacuation Failure: Allocation) 2862M->2620M(2868M) 9.827ms
[321.884s][info][gc,cpu         ] GC(161) User=0.04s Sys=0.01s Real=0.01s
[321.951s][info][gc,start       ] GC(162) Pause Young (Concurrent Start) (G1 Evacuation Pause)
[321.951s][info][gc,task        ] GC(162) Using 4 workers of 4 for evacuation
[321.962s][info][gc,phases      ] GC(162)   Pre Evacuate Collection Set: 0.51ms
[321.962s][info][gc,phases      ] GC(162)   Merge Heap Roots: 0.25ms
[321.962s][info][gc,phases      ] GC(162)   Evacuate Collection Set: 6.70ms
[321.962s][info][gc,phases      ] GC(162)   Post Evacuate Collection Set: 3.17ms
[321.962s][info][gc,phases      ] GC(162)   Other: 0.11ms
[321.962s][info][gc,heap        ] GC(162) Eden regions: 71->0(51)
[321.962s][info][gc,heap        ] GC(162) Survivor regions: 0->5(9)
[321.962s][info][gc,heap        ] GC(162) Old regions: 786->851
[321.962s][info][gc,heap        ] GC(162) Humongous regions: 527->527
[321.962s][info][gc,metaspace   ] GC(162) Metaspace: 100076K(101184K)->100076K(101184K) NonClass: 78195K(78720K)->78195K(78720K) Class: 21880K(22464K)->21880K(22464K)
[321.962s][info][gc             ] GC(162) Pause Young (Concurrent Start) (G1 Evacuation Pause) (Evacuation Failure: Allocation) 2762M->2761M(2868M) 10.877ms
[321.962s][info][gc             ] GC(163) Concurrent Mark Cycle
[321.962s][info][gc,marking     ] GC(163) Concurrent Scan Root Regions
[321.962s][info][gc,cpu         ] GC(162) User=0.03s Sys=0.01s Real=0.01s
[321.983s][info][gc,marking     ] GC(163) Concurrent Scan Root Regions 21.030ms
[321.983s][info][gc,marking     ] GC(163) Concurrent Mark
[321.983s][info][gc,marking     ] GC(163) Concurrent Mark From Roots
[321.983s][info][gc,task        ] GC(163) Using 1 workers of 1 for marking
[322.006s][info][gc,start       ] GC(164) Pause Young (Normal) (G1 Evacuation Pause)
[322.006s][info][gc,task        ] GC(164) Using 4 workers of 4 for evacuation
[322.014s][info][gc,phases      ] GC(164)   Pre Evacuate Collection Set: 0.21ms
[322.014s][info][gc,phases      ] GC(164)   Merge Heap Roots: 0.11ms
[322.014s][info][gc,phases      ] GC(164)   Evacuate Collection Set: 3.23ms
[322.014s][info][gc,phases      ] GC(164)   Post Evacuate Collection Set: 3.60ms
[322.014s][info][gc,phases      ] GC(164)   Other: 0.05ms
[322.014s][info][gc,heap        ] GC(164) Eden regions: 51->0(1)
[322.014s][info][gc,heap        ] GC(164) Survivor regions: 5->0(0)
[322.014s][info][gc,heap        ] GC(164) Old regions: 851->907
[322.014s][info][gc,heap        ] GC(164) Humongous regions: 527->527
[322.014s][info][gc,metaspace   ] GC(164) Metaspace: 100077K(101184K)->100077K(101184K) NonClass: 78196K(78720K)->78196K(78720K) Class: 21880K(22464K)->21880K(22464K)
[322.014s][info][gc             ] GC(164) Pause Young (Normal) (G1 Evacuation Pause) (Evacuation Failure: Allocation) 2863M->2863M(2868M) 7.309ms
[322.014s][info][gc,cpu         ] GC(164) User=0.03s Sys=0.00s Real=0.01s
[322.014s][info][gc,ergo        ] Attempting full compaction
[322.014s][info][gc,start       ] GC(165) Pause Full (G1 Compaction Pause)
[322.014s][info][gc,task        ] GC(165) Using 4 workers of 4 for full compaction
[322.014s][info][gc,phases,start] GC(165) Phase 1: Mark live objects
[322.027s][info][gc,phases      ] GC(165) Phase 1: Mark live objects 12.157ms
[322.027s][info][gc,phases,start] GC(165) Phase 2: Prepare compaction
[322.030s][info][gc,phases      ] GC(165) Phase 2: Prepare compaction 3.053ms
[322.030s][info][gc,phases,start] GC(165) Phase 3: Adjust pointers
[322.038s][info][gc,phases      ] GC(165) Phase 3: Adjust pointers 8.545ms
[322.038s][info][gc,phases,start] GC(165) Phase 4: Compact heap
[322.046s][info][gc,phases      ] GC(165) Phase 4: Compact heap 7.910ms
[322.046s][info][gc,phases,start] GC(165) Phase 5: Reset Metadata
[322.048s][info][gc,phases      ] GC(165) Phase 5: Reset Metadata 2.176ms
[322.051s][info][gc,heap        ] GC(165) Eden regions: 0->0(671)
[322.051s][info][gc,heap        ] GC(165) Survivor regions: 0->0(0)
[322.051s][info][gc,heap        ] GC(165) Old regions: 907->118
[322.051s][info][gc,heap        ] GC(165) Humongous regions: 527->402
[322.051s][info][gc,metaspace   ] GC(165) Metaspace: 100077K(101184K)->100077K(101184K) NonClass: 78196K(78720K)->78196K(78720K) Class: 21880K(22464K)->21880K(22464K)
[322.051s][info][gc             ] GC(165) Pause Full (G1 Compaction Pause) 2863M->1035M(2868M) 37.098ms
[322.051s][info][gc,cpu         ] GC(165) User=0.12s Sys=0.00s Real=0.04s
[322.051s][info][gc,marking     ] GC(163) Concurrent Mark From Roots 67.582ms
[322.051s][info][gc,marking     ] GC(163) Concurrent Mark Abort
[322.051s][info][gc             ] GC(163) Concurrent Mark Cycle 88.686ms
[322.053s][info][gc,start       ] GC(166) Pause Young (Concurrent Start) (G1 Humongous Allocation)
[322.053s][info][gc,task        ] GC(166) Using 4 workers of 4 for evacuation
[322.054s][info][gc,phases      ] GC(166)   Pre Evacuate Collection Set: 0.14ms
[322.054s][info][gc,phases      ] GC(166)   Merge Heap Roots: 0.03ms
[322.054s][info][gc,phases      ] GC(166)   Evacuate Collection Set: 0.77ms
[322.054s][info][gc,phases      ] GC(166)   Post Evacuate Collection Set: 0.27ms
[322.054s][info][gc,phases      ] GC(166)   Other: 0.04ms
[322.054s][info][gc,heap        ] GC(166) Eden regions: 5->0(533)
[322.054s][info][gc,heap        ] GC(166) Survivor regions: 0->3(84)
[322.054s][info][gc,heap        ] GC(166) Old regions: 118->118
[322.054s][info][gc,heap        ] GC(166) Humongous regions: 402->402
[322.054s][info][gc,metaspace   ] GC(166) Metaspace: 100077K(101184K)->100077K(101184K) NonClass: 78196K(78720K)->78196K(78720K) Class: 21880K(22464K)->21880K(22464K)
[322.054s][info][gc             ] GC(166) Pause Young (Concurrent Start) (G1 Humongous Allocation) 1044M->1040M(2868M) 1.325ms
[322.054s][info][gc,cpu         ] GC(166) User=0.00s Sys=0.00s Real=0.00s
[322.054s][info][gc             ] GC(167) Concurrent Mark Cycle
[322.054s][info][gc,marking     ] GC(167) Concurrent Scan Root Regions
[322.055s][info][gc,marking     ] GC(167) Concurrent Scan Root Regions 0.603ms
[322.055s][info][gc,marking     ] GC(167) Concurrent Mark
[322.055s][info][gc,marking     ] GC(167) Concurrent Mark From Roots
[322.055s][info][gc,task        ] GC(167) Using 1 workers of 1 for marking
[322.109s][info][gc,marking     ] GC(167) Concurrent Mark From Roots 54.283ms
[322.109s][info][gc,marking     ] GC(167) Concurrent Preclean
[322.109s][info][gc,marking     ] GC(167) Concurrent Preclean 0.181ms
[322.109s][info][gc,start       ] GC(167) Pause Remark
[322.113s][info][gc             ] GC(167) Pause Remark 1695M->1695M(2868M) 3.555ms
[322.113s][info][gc,cpu         ] GC(167) User=0.01s Sys=0.00s Real=0.01s
[322.113s][info][gc,marking     ] GC(167) Concurrent Mark 58.221ms
[322.113s][info][gc,marking     ] GC(167) Concurrent Rebuild Remembered Sets and Scrub Regions
[322.135s][info][gc,marking     ] GC(167) Concurrent Rebuild Remembered Sets and Scrub Regions 22.586ms
[322.137s][info][gc,start       ] GC(167) Pause Cleanup
[322.137s][info][gc             ] GC(167) Pause Cleanup 1857M->1857M(2868M) 0.121ms
[322.137s][info][gc,cpu         ] GC(167) User=0.00s Sys=0.00s Real=0.00s
[322.137s][info][gc,marking     ] GC(167) Concurrent Clear Claimed Marks
[322.137s][info][gc,marking     ] GC(167) Concurrent Clear Claimed Marks 0.176ms
[322.137s][info][gc,marking     ] GC(167) Concurrent Cleanup for Next Mark
[322.139s][info][gc,marking     ] GC(167) Concurrent Cleanup for Next Mark 1.733ms
[322.139s][info][gc             ] GC(167) Concurrent Mark Cycle 84.683ms
[323.217s][info][gc,start       ] GC(168) Pause Young (Prepare Mixed) (G1 Evacuation Pause)
[323.217s][info][gc,task        ] GC(168) Using 4 workers of 4 for evacuation
[323.223s][info][gc,phases      ] GC(168)   Pre Evacuate Collection Set: 0.27ms
[323.223s][info][gc,phases      ] GC(168)   Merge Heap Roots: 0.13ms
[323.223s][info][gc,phases      ] GC(168)   Evacuate Collection Set: 2.20ms
[323.223s][info][gc,phases      ] GC(168)   Post Evacuate Collection Set: 3.22ms
[323.223s][info][gc,phases      ] GC(168)   Other: 0.06ms
[323.223s][info][gc,heap        ] GC(168) Eden regions: 226->0(336)
[323.223s][info][gc,heap        ] GC(168) Survivor regions: 3->0(0)
[323.223s][info][gc,heap        ] GC(168) Old regions: 118->311
[323.223s][info][gc,heap        ] GC(168) Humongous regions: 1087->602
[323.223s][info][gc,metaspace   ] GC(168) Metaspace: 100095K(101184K)->100095K(101184K) NonClass: 78214K(78720K)->78214K(78720K) Class: 21880K(22464K)->21880K(22464K)
[323.223s][info][gc             ] GC(168) Pause Young (Prepare Mixed) (G1 Evacuation Pause) (Evacuation Failure: Allocation) 2862M->1820M(2868M) 5.985ms
[323.223s][info][gc,cpu         ] GC(168) User=0.02s Sys=0.00s Real=0.01s
[323.454s][info][gc,start       ] GC(169) Pause Young (Mixed) (G1 Humongous Allocation)
[323.455s][info][gc,task        ] GC(169) Using 4 workers of 4 for evacuation
[323.462s][info][gc,phases      ] GC(169)   Pre Evacuate Collection Set: 0.27ms
[323.462s][info][gc,phases      ] GC(169)   Merge Heap Roots: 0.08ms
[323.462s][info][gc,phases      ] GC(169)   Evacuate Collection Set: 2.19ms
[323.462s][info][gc,phases      ] GC(169)   Post Evacuate Collection Set: 4.71ms
[323.462s][info][gc,phases      ] GC(169)   Other: 0.06ms
[323.462s][info][gc,heap        ] GC(169) Eden regions: 196->0(173)
[323.462s][info][gc,heap        ] GC(169) Survivor regions: 0->0(1)
[323.462s][info][gc,heap        ] GC(169) Old regions: 311->482
[323.462s][info][gc,heap        ] GC(169) Humongous regions: 926->706
[323.462s][info][gc,metaspace   ] GC(169) Metaspace: 100097K(101248K)->100097K(101248K) NonClass: 78216K(78784K)->78216K(78784K) Class: 21880K(22464K)->21880K(22464K)
[323.462s][info][gc             ] GC(169) Pause Young (Mixed) (G1 Humongous Allocation) (Evacuation Failure: Allocation) 2859M->2370M(2868M) 7.413ms
[323.462s][info][gc,cpu         ] GC(169) User=0.03s Sys=0.00s Real=0.01s
[323.462s][info][gc,start       ] GC(170) Pause Young (Concurrent Start) (G1 Humongous Allocation)
[323.462s][info][gc,task        ] GC(170) Using 4 workers of 4 for evacuation
[323.470s][info][gc,phases      ] GC(170)   Pre Evacuate Collection Set: 0.36ms
[323.470s][info][gc,phases      ] GC(170)   Merge Heap Roots: 0.13ms
[323.470s][info][gc,phases      ] GC(170)   Evacuate Collection Set: 6.62ms
[323.470s][info][gc,phases      ] GC(170)   Post Evacuate Collection Set: 0.60ms
[323.470s][info][gc,phases      ] GC(170)   Other: 0.06ms
[323.470s][info][gc,heap        ] GC(170) Eden regions: 2->0(305)
[323.470s][info][gc,heap        ] GC(170) Survivor regions: 0->1(22)
[323.470s][info][gc,heap        ] GC(170) Old regions: 482->260
[323.470s][info][gc,heap        ] GC(170) Humongous regions: 708->704
[323.470s][info][gc,metaspace   ] GC(170) Metaspace: 100097K(101248K)->100097K(101248K) NonClass: 78216K(78784K)->78216K(78784K) Class: 21880K(22464K)->21880K(22464K)
[323.470s][info][gc             ] GC(170) Pause Young (Concurrent Start) (G1 Humongous Allocation) 2378M->1925M(2868M) 7.843ms
[323.470s][info][gc             ] GC(171) Concurrent Mark Cycle
[323.470s][info][gc,marking     ] GC(171) Concurrent Scan Root Regions
[323.470s][info][gc,cpu         ] GC(170) User=0.02s Sys=0.01s Real=0.01s
[323.478s][info][gc,marking     ] GC(171) Concurrent Scan Root Regions 7.924ms
[323.478s][info][gc,marking     ] GC(171) Concurrent Mark
[323.478s][info][gc,marking     ] GC(171) Concurrent Mark From Roots
[323.478s][info][gc,task        ] GC(171) Using 1 workers of 1 for marking
[323.522s][info][gc,marking     ] GC(171) Concurrent Mark From Roots 43.569ms
[323.522s][info][gc,marking     ] GC(171) Concurrent Preclean
[323.522s][info][gc,marking     ] GC(171) Concurrent Preclean 0.148ms
[323.522s][info][gc,start       ] GC(171) Pause Remark
[323.525s][info][gc             ] GC(171) Pause Remark 2167M->1767M(2868M) 2.765ms
[323.525s][info][gc,cpu         ] GC(171) User=0.01s Sys=0.00s Real=0.00s
[323.525s][info][gc,marking     ] GC(171) Concurrent Mark 46.611ms
[323.525s][info][gc,marking     ] GC(171) Concurrent Rebuild Remembered Sets and Scrub Regions
[323.552s][info][gc,marking     ] GC(171) Concurrent Rebuild Remembered Sets and Scrub Regions 27.497ms
[323.552s][info][gc,start       ] GC(171) Pause Cleanup
[323.552s][info][gc             ] GC(171) Pause Cleanup 1984M->1984M(2868M) 0.095ms
[323.552s][info][gc,cpu         ] GC(171) User=0.00s Sys=0.00s Real=0.00s
[323.552s][info][gc,marking     ] GC(171) Concurrent Clear Claimed Marks
[323.553s][info][gc,marking     ] GC(171) Concurrent Clear Claimed Marks 0.123ms
[323.553s][info][gc,marking     ] GC(171) Concurrent Cleanup for Next Mark
[323.554s][info][gc,marking     ] GC(171) Concurrent Cleanup for Next Mark 1.361ms
[323.554s][info][gc             ] GC(171) Concurrent Mark Cycle 83.770ms
[324.575s][info][gc,start       ] GC(172) Pause Young (Prepare Mixed) (G1 Humongous Allocation)
[324.575s][info][gc,task        ] GC(172) Using 4 workers of 4 for evacuation
[324.584s][info][gc,phases      ] GC(172)   Pre Evacuate Collection Set: 0.16ms
[324.584s][info][gc,phases      ] GC(172)   Merge Heap Roots: 0.10ms
[324.584s][info][gc,phases      ] GC(172)   Evacuate Collection Set: 3.49ms
[324.584s][info][gc,phases      ] GC(172)   Post Evacuate Collection Set: 5.17ms
[324.584s][info][gc,phases      ] GC(172)   Other: 0.06ms
[324.585s][info][gc,heap        ] GC(172) Eden regions: 300->0(263)
[324.585s][info][gc,heap        ] GC(172) Survivor regions: 1->3(4)
[324.585s][info][gc,heap        ] GC(172) Old regions: 260->526
[324.585s][info][gc,heap        ] GC(172) Humongous regions: 869->532
[324.585s][info][gc,metaspace   ] GC(172) Metaspace: 100098K(101248K)->100098K(101248K) NonClass: 78217K(78784K)->78217K(78784K) Class: 21880K(22464K)->21880K(22464K)
[324.585s][info][gc             ] GC(172) Pause Young (Prepare Mixed) (G1 Humongous Allocation) (Evacuation Failure: Allocation) 2855M->2117M(2868M) 9.098ms
[324.585s][info][gc,cpu         ] GC(172) User=0.03s Sys=0.00s Real=0.01s
[324.674s][info][gc,start       ] GC(173) Pause Young (Mixed) (G1 Humongous Allocation)
[324.674s][info][gc,task        ] GC(173) Using 4 workers of 4 for evacuation
[324.681s][info][gc,phases      ] GC(173)   Pre Evacuate Collection Set: 0.22ms
[324.681s][info][gc,phases      ] GC(173)   Merge Heap Roots: 0.12ms
[324.681s][info][gc,phases      ] GC(173)   Evacuate Collection Set: 3.16ms
[324.681s][info][gc,phases      ] GC(173)   Post Evacuate Collection Set: 3.53ms
[324.681s][info][gc,phases      ] GC(173)   Other: 0.05ms
[324.681s][info][gc,heap        ] GC(173) Eden regions: 55->0(144)
[324.681s][info][gc,heap        ] GC(173) Survivor regions: 3->3(9)
[324.681s][info][gc,heap        ] GC(173) Old regions: 526->589
[324.681s][info][gc,heap        ] GC(173) Humongous regions: 841->625
[324.681s][info][gc,metaspace   ] GC(173) Metaspace: 100098K(101248K)->100098K(101248K) NonClass: 78217K(78784K)->78217K(78784K) Class: 21880K(22464K)->21880K(22464K)
[324.681s][info][gc             ] GC(173) Pause Young (Mixed) (G1 Humongous Allocation) (Evacuation Failure: Allocation) 2844M->2429M(2868M) 7.178ms
[324.681s][info][gc,cpu         ] GC(173) User=0.02s Sys=0.00s Real=0.01s
[324.683s][info][gc,start       ] GC(174) Pause Young (Concurrent Start) (G1 Humongous Allocation)
[324.683s][info][gc,task        ] GC(174) Using 4 workers of 4 for evacuation
[324.690s][info][gc,phases      ] GC(174)   Pre Evacuate Collection Set: 0.26ms
[324.690s][info][gc,phases      ] GC(174)   Merge Heap Roots: 0.13ms
[324.690s][info][gc,phases      ] GC(174)   Evacuate Collection Set: 6.66ms
[324.690s][info][gc,phases      ] GC(174)   Post Evacuate Collection Set: 0.51ms
[324.690s][info][gc,phases      ] GC(174)   Other: 0.06ms
[324.690s][info][gc,heap        ] GC(174) Eden regions: 5->0(178)
[324.690s][info][gc,heap        ] GC(174) Survivor regions: 3->5(19)
[324.690s][info][gc,heap        ] GC(174) Old regions: 589->501
[324.690s][info][gc,heap        ] GC(174) Humongous regions: 628->622
[324.690s][info][gc,metaspace   ] GC(174) Metaspace: 100098K(101248K)->100098K(101248K) NonClass: 78217K(78784K)->78217K(78784K) Class: 21880K(22464K)->21880K(22464K)
[324.690s][info][gc             ] GC(174) Pause Young (Concurrent Start) (G1 Humongous Allocation) 2444M->2252M(2868M) 7.706ms
[324.690s][info][gc             ] GC(175) Concurrent Mark Cycle
[324.690s][info][gc,marking     ] GC(175) Concurrent Scan Root Regions
[324.690s][info][gc,cpu         ] GC(174) User=0.02s Sys=0.00s Real=0.01s
[324.702s][info][gc,marking     ] GC(175) Concurrent Scan Root Regions 11.530ms
[324.702s][info][gc,marking     ] GC(175) Concurrent Mark
[324.702s][info][gc,marking     ] GC(175) Concurrent Mark From Roots
[324.702s][info][gc,task        ] GC(175) Using 1 workers of 1 for marking
[324.751s][info][gc,marking     ] GC(175) Concurrent Mark From Roots 48.572ms
[324.751s][info][gc,marking     ] GC(175) Concurrent Preclean
[324.751s][info][gc,marking     ] GC(175) Concurrent Preclean 0.124ms
[324.751s][info][gc,start       ] GC(175) Pause Remark
[324.753s][info][gc             ] GC(175) Pause Remark 2712M->2266M(2868M) 2.097ms
[324.753s][info][gc,cpu         ] GC(175) User=0.01s Sys=0.00s Real=0.00s
[324.753s][info][gc,marking     ] GC(175) Concurrent Mark 50.919ms
[324.753s][info][gc,marking     ] GC(175) Concurrent Rebuild Remembered Sets and Scrub Regions
[324.787s][info][gc,marking     ] GC(175) Concurrent Rebuild Remembered Sets and Scrub Regions 34.064ms
[324.787s][info][gc,start       ] GC(175) Pause Cleanup
[324.787s][info][gc             ] GC(175) Pause Cleanup 2379M->2379M(2868M) 0.111ms
[324.787s][info][gc,cpu         ] GC(175) User=0.00s Sys=0.00s Real=0.00s
[324.787s][info][gc,marking     ] GC(175) Concurrent Clear Claimed Marks
[324.787s][info][gc,marking     ] GC(175) Concurrent Clear Claimed Marks 0.122ms
[324.787s][info][gc,marking     ] GC(175) Concurrent Cleanup for Next Mark
[324.789s][info][gc,marking     ] GC(175) Concurrent Cleanup for Next Mark 1.401ms
[324.789s][info][gc             ] GC(175) Concurrent Mark Cycle 98.326ms
[325.685s][info][gc,start       ] GC(176) Pause Young (Prepare Mixed) (G1 Evacuation Pause)
[325.685s][info][gc,task        ] GC(176) Using 4 workers of 4 for evacuation
[325.695s][info][gc,phases      ] GC(176)   Pre Evacuate Collection Set: 0.25ms
[325.698s][info][gc,phases      ] GC(176)   Merge Heap Roots: 0.19ms
[325.698s][info][gc,phases      ] GC(176)   Evacuate Collection Set: 3.51ms
[325.698s][info][gc,phases      ] GC(176)   Post Evacuate Collection Set: 6.19ms
[325.698s][info][gc,phases      ] GC(176)   Other: 0.06ms
[325.698s][info][gc,heap        ] GC(176) Eden regions: 172->0(202)
[325.698s][info][gc,heap        ] GC(176) Survivor regions: 5->0(0)
[325.698s][info][gc,heap        ] GC(176) Old regions: 498->646
[325.698s][info][gc,heap        ] GC(176) Humongous regions: 759->472
[325.698s][info][gc,metaspace   ] GC(176) Metaspace: 100113K(101248K)->100113K(101248K) NonClass: 78232K(78784K)->78232K(78784K) Class: 21880K(22464K)->21880K(22464K)
[325.698s][info][gc             ] GC(176) Pause Young (Prepare Mixed) (G1 Evacuation Pause) (Evacuation Failure: Allocation) 2864M->2232M(2868M) 13.362ms
[325.699s][info][gc,cpu         ] GC(176) User=0.04s Sys=0.00s Real=0.01s
[325.813s][info][gc,start       ] GC(177) Pause Young (Mixed) (G1 Humongous Allocation)
[325.813s][info][gc,task        ] GC(177) Using 4 workers of 4 for evacuation
[325.822s][info][gc,phases      ] GC(177)   Pre Evacuate Collection Set: 0.20ms
[325.822s][info][gc,phases      ] GC(177)   Merge Heap Roots: 0.10ms
[325.822s][info][gc,phases      ] GC(177)   Evacuate Collection Set: 3.74ms
[325.822s][info][gc,phases      ] GC(177)   Post Evacuate Collection Set: 5.20ms
[325.822s][info][gc,phases      ] GC(177)   Other: 0.05ms
[325.822s][info][gc,heap        ] GC(177) Eden regions: 138->0(81)
[325.822s][info][gc,heap        ] GC(177) Survivor regions: 0->1(5)
[325.822s][info][gc,heap        ] GC(177) Old regions: 646->786
[325.822s][info][gc,heap        ] GC(177) Humongous regions: 645->493
[325.822s][info][gc,metaspace   ] GC(177) Metaspace: 100114K(101248K)->100114K(101248K) NonClass: 78233K(78784K)->78233K(78784K) Class: 21880K(22464K)->21880K(22464K)
[325.822s][info][gc             ] GC(177) Pause Young (Mixed) (G1 Humongous Allocation) (Evacuation Failure: Allocation) 2853M->2556M(2868M) 9.390ms
[325.822s][info][gc,cpu         ] GC(177) User=0.03s Sys=0.00s Real=0.01s
[325.823s][info][gc,start       ] GC(178) Pause Young (Concurrent Start) (G1 Humongous Allocation)
[325.823s][info][gc,task        ] GC(178) Using 4 workers of 4 for evacuation
[325.831s][info][gc,phases      ] GC(178)   Pre Evacuate Collection Set: 0.20ms
[325.831s][info][gc,phases      ] GC(178)   Merge Heap Roots: 0.10ms
[325.831s][info][gc,phases      ] GC(178)   Evacuate Collection Set: 7.25ms
[325.831s][info][gc,phases      ] GC(178)   Post Evacuate Collection Set: 0.46ms
[325.831s][info][gc,phases      ] GC(178)   Other: 0.05ms
[325.831s][info][gc,heap        ] GC(178) Eden regions: 2->0(202)
[325.831s][info][gc,heap        ] GC(178) Survivor regions: 1->2(11)
[325.831s][info][gc,heap        ] GC(178) Old regions: 786->652
[325.831s][info][gc,heap        ] GC(178) Humongous regions: 501->501
[325.831s][info][gc,metaspace   ] GC(178) Metaspace: 100114K(101248K)->100114K(101248K) NonClass: 78233K(78784K)->78233K(78784K) Class: 21880K(22464K)->21880K(22464K)
[325.831s][info][gc             ] GC(178) Pause Young (Concurrent Start) (G1 Humongous Allocation) 2575M->2307M(2868M) 8.129ms
[325.831s][info][gc,cpu         ] GC(178) User=0.03s Sys=0.00s Real=0.01s
[325.831s][info][gc             ] GC(179) Concurrent Mark Cycle
[325.831s][info][gc,marking     ] GC(179) Concurrent Scan Root Regions
[325.851s][info][gc,marking     ] GC(179) Concurrent Scan Root Regions 20.802ms
[325.852s][info][gc,marking     ] GC(179) Concurrent Mark
[325.852s][info][gc,marking     ] GC(179) Concurrent Mark From Roots
[325.852s][info][gc,task        ] GC(179) Using 1 workers of 1 for marking
[325.896s][info][gc,marking     ] GC(179) Concurrent Mark From Roots 44.684ms
[325.896s][info][gc,marking     ] GC(179) Concurrent Preclean
[325.896s][info][gc,marking     ] GC(179) Concurrent Preclean 0.153ms
[325.896s][info][gc,start       ] GC(179) Pause Remark
[325.900s][info][gc             ] GC(179) Pause Remark 2660M->2538M(2868M) 3.349ms
[325.900s][info][gc,cpu         ] GC(179) User=0.01s Sys=0.00s Real=0.01s
[325.900s][info][gc,marking     ] GC(179) Concurrent Mark 48.474ms
[325.900s][info][gc,marking     ] GC(179) Concurrent Rebuild Remembered Sets and Scrub Regions
[325.937s][info][gc,marking     ] GC(179) Concurrent Rebuild Remembered Sets and Scrub Regions 37.388ms
[325.937s][info][gc,start       ] GC(179) Pause Cleanup
[325.938s][info][gc             ] GC(179) Pause Cleanup 2647M->2647M(2868M) 0.128ms
[325.938s][info][gc,cpu         ] GC(179) User=0.00s Sys=0.00s Real=0.00s
[325.938s][info][gc,marking     ] GC(179) Concurrent Clear Claimed Marks
[325.938s][info][gc,marking     ] GC(179) Concurrent Clear Claimed Marks 0.123ms
[325.938s][info][gc,marking     ] GC(179) Concurrent Cleanup for Next Mark
[325.939s][info][gc,marking     ] GC(179) Concurrent Cleanup for Next Mark 1.327ms
[325.939s][info][gc             ] GC(179) Concurrent Mark Cycle 108.451ms
[325.963s][info][gc,start       ] GC(180) Pause Young (Prepare Mixed) (G1 Humongous Allocation)
[325.963s][info][gc,task        ] GC(180) Using 4 workers of 4 for evacuation
[325.971s][info][gc,phases      ] GC(180)   Pre Evacuate Collection Set: 0.18ms
[325.971s][info][gc,phases      ] GC(180)   Merge Heap Roots: 0.13ms
[325.971s][info][gc,phases      ] GC(180)   Evacuate Collection Set: 4.50ms
[325.971s][info][gc,phases      ] GC(180)   Post Evacuate Collection Set: 3.10ms
[325.971s][info][gc,phases      ] GC(180)   Other: 0.05ms
[325.971s][info][gc,heap        ] GC(180) Eden regions: 68->0(147)
[325.971s][info][gc,heap        ] GC(180) Survivor regions: 2->14(26)
[325.971s][info][gc,heap        ] GC(180) Old regions: 626->708
[325.971s][info][gc,heap        ] GC(180) Humongous regions: 707->492
[325.971s][info][gc,metaspace   ] GC(180) Metaspace: 100114K(101248K)->100114K(101248K) NonClass: 78233K(78784K)->78233K(78784K) Class: 21880K(22464K)->21880K(22464K)
[325.971s][info][gc             ] GC(180) Pause Young (Prepare Mixed) (G1 Humongous Allocation) (Evacuation Failure: Allocation) 2802M->2425M(2868M) 8.049ms
[325.971s][info][gc,cpu         ] GC(180) User=0.03s Sys=0.00s Real=0.01s
[326.252s][info][gc,start       ] GC(181) Pause Young (Mixed) (G1 Humongous Allocation)
[326.252s][info][gc,task        ] GC(181) Using 4 workers of 4 for evacuation
[326.259s][info][gc,phases      ] GC(181)   Pre Evacuate Collection Set: 0.19ms
[326.259s][info][gc,phases      ] GC(181)   Merge Heap Roots: 0.12ms
[326.259s][info][gc,phases      ] GC(181)   Evacuate Collection Set: 4.23ms
[326.259s][info][gc,phases      ] GC(181)   Post Evacuate Collection Set: 2.83ms
[326.259s][info][gc,phases      ] GC(181)   Other: 0.05ms
[326.259s][info][gc,heap        ] GC(181) Eden regions: 29->0(92)
[326.259s][info][gc,heap        ] GC(181) Survivor regions: 14->3(21)
[326.259s][info][gc,heap        ] GC(181) Old regions: 708->751
[326.259s][info][gc,heap        ] GC(181) Humongous regions: 654->515
[326.259s][info][gc,metaspace   ] GC(181) Metaspace: 100114K(101248K)->100114K(101248K) NonClass: 78233K(78784K)->78233K(78784K) Class: 21880K(22464K)->21880K(22464K)
[326.259s][info][gc             ] GC(181) Pause Young (Mixed) (G1 Humongous Allocation) (Evacuation Failure: Allocation) 2806M->2534M(2868M) 7.555ms
[326.259s][info][gc,cpu         ] GC(181) User=0.03s Sys=0.00s Real=0.00s
[326.261s][info][gc,start       ] GC(182) Pause Young (Concurrent Start) (G1 Humongous Allocation)
[326.261s][info][gc,task        ] GC(182) Using 4 workers of 4 for evacuation
[326.268s][info][gc,phases      ] GC(182)   Pre Evacuate Collection Set: 0.21ms
[326.270s][info][gc,phases      ] GC(182)   Merge Heap Roots: 0.08ms
[326.270s][info][gc,phases      ] GC(182)   Evacuate Collection Set: 6.32ms
[326.270s][info][gc,phases      ] GC(182)   Post Evacuate Collection Set: 0.55ms
[326.270s][info][gc,phases      ] GC(182)   Other: 0.05ms
[326.270s][info][gc,heap        ] GC(182) Eden regions: 3->0(221)
[326.270s][info][gc,heap        ] GC(182) Survivor regions: 3->4(12)
[326.270s][info][gc,heap        ] GC(182) Old regions: 751->554
[326.270s][info][gc,heap        ] GC(182) Humongous regions: 520->517
[326.270s][info][gc,metaspace   ] GC(182) Metaspace: 100114K(101248K)->100114K(101248K) NonClass: 78233K(78784K)->78233K(78784K) Class: 21880K(22464K)->21880K(22464K)
[326.270s][info][gc             ] GC(182) Pause Young (Concurrent Start) (G1 Humongous Allocation) 2549M->2149M(2868M) 9.602ms
[326.270s][info][gc             ] GC(183) Concurrent Mark Cycle
[326.270s][info][gc,marking     ] GC(183) Concurrent Scan Root Regions
[326.270s][info][gc,cpu         ] GC(182) User=0.03s Sys=0.00s Real=0.01s
[326.278s][info][gc,marking     ] GC(183) Concurrent Scan Root Regions 7.627ms
[326.281s][info][gc,marking     ] GC(183) Concurrent Mark
[326.281s][info][gc,marking     ] GC(183) Concurrent Mark From Roots
[326.281s][info][gc,task        ] GC(183) Using 1 workers of 1 for marking
[326.328s][info][gc,marking     ] GC(183) Concurrent Mark From Roots 46.780ms
[326.328s][info][gc,marking     ] GC(183) Concurrent Preclean
[326.328s][info][gc,marking     ] GC(183) Concurrent Preclean 0.128ms
[326.328s][info][gc,start       ] GC(183) Pause Remark
[326.330s][info][gc             ] GC(183) Pause Remark 2210M->2094M(2868M) 2.260ms
[326.330s][info][gc,cpu         ] GC(183) User=0.00s Sys=0.00s Real=0.01s
[326.330s][info][gc,marking     ] GC(183) Concurrent Mark 49.287ms
[326.330s][info][gc,marking     ] GC(183) Concurrent Rebuild Remembered Sets and Scrub Regions
[326.362s][info][gc,marking     ] GC(183) Concurrent Rebuild Remembered Sets and Scrub Regions 31.447ms
[326.362s][info][gc,start       ] GC(183) Pause Cleanup
[326.362s][info][gc             ] GC(183) Pause Cleanup 2099M->2099M(2868M) 0.083ms
[326.362s][info][gc,cpu         ] GC(183) User=0.00s Sys=0.00s Real=0.00s
[326.362s][info][gc,marking     ] GC(183) Concurrent Clear Claimed Marks
[326.362s][info][gc,marking     ] GC(183) Concurrent Clear Claimed Marks 0.111ms
[326.362s][info][gc,marking     ] GC(183) Concurrent Cleanup for Next Mark
[326.363s][info][gc,marking     ] GC(183) Concurrent Cleanup for Next Mark 1.287ms
[326.363s][info][gc             ] GC(183) Concurrent Mark Cycle 92.871ms
[327.105s][info][gc,start       ] GC(184) Pause Young (Prepare Mixed) (G1 Evacuation Pause)
[327.105s][info][gc,task        ] GC(184) Using 4 workers of 4 for evacuation
[327.119s][info][gc,phases      ] GC(184)   Pre Evacuate Collection Set: 0.18ms
[327.119s][info][gc,phases      ] GC(184)   Merge Heap Roots: 0.09ms
[327.119s][info][gc,phases      ] GC(184)   Evacuate Collection Set: 10.50ms
[327.119s][info][gc,phases      ] GC(184)   Post Evacuate Collection Set: 3.07ms
[327.119s][info][gc,phases      ] GC(184)   Other: 0.06ms
[327.119s][info][gc,heap        ] GC(184) Eden regions: 221->0(104)
[327.119s][info][gc,heap        ] GC(184) Survivor regions: 4->29(29)
[327.119s][info][gc,heap        ] GC(184) Old regions: 541->761
[327.119s][info][gc,heap        ] GC(184) Humongous regions: 563->467
[327.119s][info][gc,metaspace   ] GC(184) Metaspace: 100125K(101248K)->100125K(101248K) NonClass: 78241K(78784K)->78241K(78784K) Class: 21884K(22464K)->21884K(22464K)
[327.119s][info][gc             ] GC(184) Pause Young (Prepare Mixed) (G1 Evacuation Pause) (Evacuation Failure: Allocation) 2657M->2513M(2868M) 13.993ms
[327.119s][info][gc,cpu         ] GC(184) User=0.05s Sys=0.00s Real=0.01s
[327.140s][info][gc,start       ] GC(185) Pause Young (Mixed) (G1 Humongous Allocation)
[327.140s][info][gc,task        ] GC(185) Using 4 workers of 4 for evacuation
[327.147s][info][gc,phases      ] GC(185)   Pre Evacuate Collection Set: 0.24ms
[327.147s][info][gc,phases      ] GC(185)   Merge Heap Roots: 0.08ms
[327.147s][info][gc,phases      ] GC(185)   Evacuate Collection Set: 3.66ms
[327.147s][info][gc,phases      ] GC(185)   Post Evacuate Collection Set: 3.56ms
[327.147s][info][gc,phases      ] GC(185)   Other: 0.06ms
[327.147s][info][gc,heap        ] GC(185) Eden regions: 26->0(128)
[327.147s][info][gc,heap        ] GC(185) Survivor regions: 29->5(17)
[327.147s][info][gc,heap        ] GC(185) Old regions: 761->695
[327.147s][info][gc,heap        ] GC(185) Humongous regions: 586->517
[327.147s][info][gc,metaspace   ] GC(185) Metaspace: 100125K(101248K)->100125K(101248K) NonClass: 78241K(78784K)->78241K(78784K) Class: 21884K(22464K)->21884K(22464K)
[327.147s][info][gc             ] GC(185) Pause Young (Mixed) (G1 Humongous Allocation) (Evacuation Failure: Allocation) 2802M->2433M(2868M) 7.722ms
[327.147s][info][gc,cpu         ] GC(185) User=0.03s Sys=0.00s Real=0.00s
[327.148s][info][gc,start       ] GC(186) Pause Young (Concurrent Start) (G1 Humongous Allocation)
[327.148s][info][gc,task        ] GC(186) Using 4 workers of 4 for evacuation
[327.151s][info][gc,phases      ] GC(186)   Pre Evacuate Collection Set: 0.32ms
[327.151s][info][gc,phases      ] GC(186)   Merge Heap Roots: 0.08ms
[327.151s][info][gc,phases      ] GC(186)   Evacuate Collection Set: 2.39ms
[327.151s][info][gc,phases      ] GC(186)   Post Evacuate Collection Set: 0.63ms
[327.151s][info][gc,phases      ] GC(186)   Other: 0.05ms
[327.151s][info][gc,heap        ] GC(186) Eden regions: 3->0(221)
[327.151s][info][gc,heap        ] GC(186) Survivor regions: 5->6(17)
[327.151s][info][gc,heap        ] GC(186) Old regions: 695->521
[327.151s][info][gc,heap        ] GC(186) Humongous regions: 522->519
[327.151s][info][gc,metaspace   ] GC(186) Metaspace: 100125K(101248K)->100125K(101248K) NonClass: 78241K(78784K)->78241K(78784K) Class: 21884K(22464K)->21884K(22464K)
[327.151s][info][gc             ] GC(186) Pause Young (Concurrent Start) (G1 Humongous Allocation) 2448M->2090M(2868M) 3.542ms
[327.151s][info][gc,cpu         ] GC(186) User=0.01s Sys=0.00s Real=0.01s
[327.151s][info][gc             ] GC(187) Concurrent Mark Cycle
[327.151s][info][gc,marking     ] GC(187) Concurrent Scan Root Regions
[327.157s][info][gc,marking     ] GC(187) Concurrent Scan Root Regions 5.527ms
[327.157s][info][gc,marking     ] GC(187) Concurrent Mark
[327.157s][info][gc,marking     ] GC(187) Concurrent Mark From Roots
[327.157s][info][gc,task        ] GC(187) Using 1 workers of 1 for marking
[327.205s][info][gc,marking     ] GC(187) Concurrent Mark From Roots 48.013ms
[327.205s][info][gc,marking     ] GC(187) Concurrent Preclean
[327.205s][info][gc,marking     ] GC(187) Concurrent Preclean 0.123ms
[327.205s][info][gc,start       ] GC(187) Pause Remark
[327.212s][info][gc             ] GC(187) Pause Remark 2463M->1875M(2868M) 6.776ms
[327.212s][info][gc,cpu         ] GC(187) User=0.03s Sys=0.00s Real=0.01s
[327.212s][info][gc,marking     ] GC(187) Concurrent Mark 55.230ms
[327.212s][info][gc,marking     ] GC(187) Concurrent Rebuild Remembered Sets and Scrub Regions
[327.237s][info][gc,marking     ] GC(187) Concurrent Rebuild Remembered Sets and Scrub Regions 24.999ms
[327.237s][info][gc,start       ] GC(187) Pause Cleanup
[327.237s][info][gc             ] GC(187) Pause Cleanup 1969M->1969M(2868M) 0.100ms
[327.237s][info][gc,cpu         ] GC(187) User=0.00s Sys=0.00s Real=0.00s
[327.237s][info][gc,marking     ] GC(187) Concurrent Clear Claimed Marks
[327.237s][info][gc,marking     ] GC(187) Concurrent Clear Claimed Marks 0.115ms
[327.237s][info][gc,marking     ] GC(187) Concurrent Cleanup for Next Mark
[327.239s][info][gc,marking     ] GC(187) Concurrent Cleanup for Next Mark 1.242ms
[327.239s][info][gc             ] GC(187) Concurrent Mark Cycle 87.394ms
[327.843s][info][gc,start       ] GC(188) Pause Young (Prepare Mixed) (G1 Humongous Allocation)
[327.843s][info][gc,task        ] GC(188) Using 4 workers of 4 for evacuation
[327.849s][info][gc,phases      ] GC(188)   Pre Evacuate Collection Set: 0.19ms
[327.849s][info][gc,phases      ] GC(188)   Merge Heap Roots: 0.11ms
[327.849s][info][gc,phases      ] GC(188)   Evacuate Collection Set: 4.60ms
[327.849s][info][gc,phases      ] GC(188)   Post Evacuate Collection Set: 0.56ms
[327.849s][info][gc,phases      ] GC(188)   Other: 0.05ms
[327.849s][info][gc,heap        ] GC(188) Eden regions: 123->0(299)
[327.849s][info][gc,heap        ] GC(188) Survivor regions: 6->29(29)
[327.849s][info][gc,heap        ] GC(188) Old regions: 327->349
[327.849s][info][gc,heap        ] GC(188) Humongous regions: 910->549
[327.849s][info][gc,metaspace   ] GC(188) Metaspace: 100121K(101248K)->100121K(101248K) NonClass: 78238K(78784K)->78238K(78784K) Class: 21882K(22464K)->21882K(22464K)
[327.849s][info][gc             ] GC(188) Pause Young (Prepare Mixed) (G1 Humongous Allocation) 2729M->1852M(2868M) 5.589ms
[327.849s][info][gc,cpu         ] GC(188) User=0.02s Sys=0.00s Real=0.00s
[328.476s][info][gc,start       ] GC(189) Pause Young (Mixed) (G1 Humongous Allocation)
[328.476s][info][gc,task        ] GC(189) Using 4 workers of 4 for evacuation
[328.485s][info][gc,phases      ] GC(189)   Pre Evacuate Collection Set: 0.17ms
[328.485s][info][gc,phases      ] GC(189)   Merge Heap Roots: 0.07ms
[328.485s][info][gc,phases      ] GC(189)   Evacuate Collection Set: 5.39ms
[328.485s][info][gc,phases      ] GC(189)   Post Evacuate Collection Set: 3.83ms
[328.485s][info][gc,phases      ] GC(189)   Other: 0.06ms
[328.485s][info][gc,heap        ] GC(189) Eden regions: 224->0(132)
[328.485s][info][gc,heap        ] GC(189) Survivor regions: 29->41(41)
[328.485s][info][gc,heap        ] GC(189) Old regions: 349->598
[328.485s][info][gc,heap        ] GC(189) Humongous regions: 778->563
[328.485s][info][gc,metaspace   ] GC(189) Metaspace: 100130K(101248K)->100130K(101248K) NonClass: 78248K(78784K)->78248K(78784K) Class: 21882K(22464K)->21882K(22464K)
[328.485s][info][gc             ] GC(189) Pause Young (Mixed) (G1 Humongous Allocation) (Evacuation Failure: Allocation) 2758M->2403M(2868M) 9.745ms
[328.485s][info][gc,cpu         ] GC(189) User=0.03s Sys=0.00s Real=0.01s
[328.488s][info][gc,start       ] GC(190) Pause Young (Concurrent Start) (G1 Humongous Allocation)
[328.488s][info][gc,task        ] GC(190) Using 4 workers of 4 for evacuation
[328.493s][info][gc,phases      ] GC(190)   Pre Evacuate Collection Set: 0.28ms
[328.493s][info][gc,phases      ] GC(190)   Merge Heap Roots: 0.07ms
[328.493s][info][gc,phases      ] GC(190)   Evacuate Collection Set: 4.45ms
[328.493s][info][gc,phases      ] GC(190)   Post Evacuate Collection Set: 0.60ms
[328.493s][info][gc,phases      ] GC(190)   Other: 0.05ms
[328.493s][info][gc,heap        ] GC(190) Eden regions: 5->0(322)
[328.493s][info][gc,heap        ] GC(190) Survivor regions: 41->3(22)
[328.493s][info][gc,heap        ] GC(190) Old regions: 598->343
[328.493s][info][gc,heap        ] GC(190) Humongous regions: 568->557
[328.493s][info][gc,metaspace   ] GC(190) Metaspace: 100130K(101248K)->100130K(101248K) NonClass: 78248K(78784K)->78248K(78784K) Class: 21882K(22464K)->21882K(22464K)
[328.493s][info][gc             ] GC(190) Pause Young (Concurrent Start) (G1 Humongous Allocation) 2423M->1804M(2868M) 5.527ms
[328.493s][info][gc             ] GC(191) Concurrent Mark Cycle
[328.493s][info][gc,marking     ] GC(191) Concurrent Scan Root Regions
[328.493s][info][gc,cpu         ] GC(190) User=0.02s Sys=0.00s Real=0.01s
[328.503s][info][gc,marking     ] GC(191) Concurrent Scan Root Regions 10.047ms
[328.503s][info][gc,marking     ] GC(191) Concurrent Mark
[328.503s][info][gc,marking     ] GC(191) Concurrent Mark From Roots
[328.503s][info][gc,task        ] GC(191) Using 1 workers of 1 for marking
[328.547s][info][gc,marking     ] GC(191) Concurrent Mark From Roots 43.514ms
[328.547s][info][gc,marking     ] GC(191) Concurrent Preclean
[328.547s][info][gc,marking     ] GC(191) Concurrent Preclean 0.128ms
[328.547s][info][gc,start       ] GC(191) Pause Remark
[328.550s][info][gc             ] GC(191) Pause Remark 2166M->1782M(2868M) 3.075ms
[328.550s][info][gc,cpu         ] GC(191) User=0.01s Sys=0.00s Real=0.01s
[328.550s][info][gc,marking     ] GC(191) Concurrent Mark 46.847ms
[328.550s][info][gc,marking     ] GC(191) Concurrent Rebuild Remembered Sets and Scrub Regions
[328.574s][info][gc,marking     ] GC(191) Concurrent Rebuild Remembered Sets and Scrub Regions 24.477ms
[328.575s][info][gc,start       ] GC(191) Pause Cleanup
[328.575s][info][gc             ] GC(191) Pause Cleanup 1853M->1853M(2868M) 0.096ms
[328.575s][info][gc,cpu         ] GC(191) User=0.00s Sys=0.00s Real=0.00s
[328.575s][info][gc,marking     ] GC(191) Concurrent Clear Claimed Marks
[328.575s][info][gc,marking     ] GC(191) Concurrent Clear Claimed Marks 0.152ms
[328.575s][info][gc,marking     ] GC(191) Concurrent Cleanup for Next Mark
[328.577s][info][gc,marking     ] GC(191) Concurrent Cleanup for Next Mark 1.733ms
[328.577s][info][gc             ] GC(191) Concurrent Mark Cycle 83.541ms
[329.505s][info][gc,start       ] GC(192) Pause Young (Prepare Mixed) (G1 Evacuation Pause)
[329.505s][info][gc,task        ] GC(192) Using 4 workers of 4 for evacuation
[329.510s][info][gc,phases      ] GC(192)   Pre Evacuate Collection Set: 0.18ms
[329.510s][info][gc,phases      ] GC(192)   Merge Heap Roots: 0.10ms
[329.510s][info][gc,phases      ] GC(192)   Evacuate Collection Set: 2.10ms
[329.510s][info][gc,phases      ] GC(192)   Post Evacuate Collection Set: 2.79ms
[329.510s][info][gc,phases      ] GC(192)   Other: 0.05ms
[329.510s][info][gc,heap        ] GC(192) Eden regions: 212->0(253)
[329.510s][info][gc,heap        ] GC(192) Survivor regions: 3->0(0)
[329.510s][info][gc,heap        ] GC(192) Old regions: 276->468
[329.510s][info][gc,heap        ] GC(192) Humongous regions: 943->577
[329.510s][info][gc,metaspace   ] GC(192) Metaspace: 100131K(101248K)->100131K(101248K) NonClass: 78249K(78784K)->78249K(78784K) Class: 21882K(22464K)->21882K(22464K)
[329.510s][info][gc             ] GC(192) Pause Young (Prepare Mixed) (G1 Evacuation Pause) (Evacuation Failure: Allocation) 2866M->2088M(2868M) 5.329ms
[329.510s][info][gc,cpu         ] GC(192) User=0.02s Sys=0.00s Real=0.01s
[329.685s][info][gc,start       ] GC(193) Pause Young (Mixed) (G1 Humongous Allocation)
[329.685s][info][gc,task        ] GC(193) Using 4 workers of 4 for evacuation
[329.694s][info][gc,phases      ] GC(193)   Pre Evacuate Collection Set: 0.21ms
[329.695s][info][gc,phases      ] GC(193)   Merge Heap Roots: 0.09ms
[329.695s][info][gc,phases      ] GC(193)   Evacuate Collection Set: 5.29ms
[329.695s][info][gc,phases      ] GC(193)   Post Evacuate Collection Set: 4.28ms
[329.695s][info][gc,phases      ] GC(193)   Other: 0.06ms
[329.695s][info][gc,heap        ] GC(193) Eden regions: 140->0(125)
[329.695s][info][gc,heap        ] GC(193) Survivor regions: 0->21(32)
[329.695s][info][gc,heap        ] GC(193) Old regions: 468->596
[329.695s][info][gc,heap        ] GC(193) Humongous regions: 787->619
[329.695s][info][gc,metaspace   ] GC(193) Metaspace: 100134K(101248K)->100134K(101248K) NonClass: 78252K(78784K)->78252K(78784K) Class: 21882K(22464K)->21882K(22464K)
[329.695s][info][gc             ] GC(193) Pause Young (Mixed) (G1 Humongous Allocation) (Evacuation Failure: Allocation) 2786M->2470M(2868M) 10.035ms
[329.695s][info][gc,cpu         ] GC(193) User=0.04s Sys=0.00s Real=0.01s
[329.697s][info][gc,start       ] GC(194) Pause Young (Concurrent Start) (G1 Humongous Allocation)
[329.697s][info][gc,task        ] GC(194) Using 4 workers of 4 for evacuation
[329.705s][info][gc,phases      ] GC(194)   Pre Evacuate Collection Set: 0.37ms
[329.705s][info][gc,phases      ] GC(194)   Merge Heap Roots: 0.11ms
[329.705s][info][gc,phases      ] GC(194)   Evacuate Collection Set: 7.50ms
[329.705s][info][gc,phases      ] GC(194)   Post Evacuate Collection Set: 0.55ms
[329.705s][info][gc,phases      ] GC(194)   Other: 0.06ms
[329.705s][info][gc,heap        ] GC(194) Eden regions: 4->0(237)
[329.705s][info][gc,heap        ] GC(194) Survivor regions: 21->2(19)
[329.705s][info][gc,heap        ] GC(194) Old regions: 596->454
[329.705s][info][gc,heap        ] GC(194) Humongous regions: 624->612
[329.705s][info][gc,metaspace   ] GC(194) Metaspace: 100134K(101248K)->100134K(101248K) NonClass: 78252K(78784K)->78252K(78784K) Class: 21882K(22464K)->21882K(22464K)
[329.705s][info][gc             ] GC(194) Pause Young (Concurrent Start) (G1 Humongous Allocation) 2487M->2135M(2868M) 8.686ms
[329.705s][info][gc             ] GC(195) Concurrent Mark Cycle
[329.705s][info][gc,marking     ] GC(195) Concurrent Scan Root Regions
[329.705s][info][gc,cpu         ] GC(194) User=0.03s Sys=0.00s Real=0.01s
[329.719s][info][gc,marking     ] GC(195) Concurrent Scan Root Regions 13.127ms
[329.719s][info][gc,marking     ] GC(195) Concurrent Mark
[329.719s][info][gc,marking     ] GC(195) Concurrent Mark From Roots
[329.719s][info][gc,task        ] GC(195) Using 1 workers of 1 for marking
[329.763s][info][gc,marking     ] GC(195) Concurrent Mark From Roots 44.591ms
[329.763s][info][gc,marking     ] GC(195) Concurrent Preclean
[329.763s][info][gc,marking     ] GC(195) Concurrent Preclean 0.151ms
[329.764s][info][gc,start       ] GC(195) Pause Remark
[329.767s][info][gc             ] GC(195) Pause Remark 2482M->1936M(2868M) 3.320ms
[329.767s][info][gc,cpu         ] GC(195) User=0.01s Sys=0.00s Real=0.00s
[329.767s][info][gc,marking     ] GC(195) Concurrent Mark 48.298ms
[329.767s][info][gc,marking     ] GC(195) Concurrent Rebuild Remembered Sets and Scrub Regions
[329.799s][info][gc,marking     ] GC(195) Concurrent Rebuild Remembered Sets and Scrub Regions 32.008ms
[329.799s][info][gc,start       ] GC(195) Pause Cleanup
[329.799s][info][gc             ] GC(195) Pause Cleanup 2010M->2010M(2868M) 0.097ms
[329.799s][info][gc,cpu         ] GC(195) User=0.00s Sys=0.00s Real=0.00s
[329.799s][info][gc,marking     ] GC(195) Concurrent Clear Claimed Marks
[329.799s][info][gc,marking     ] GC(195) Concurrent Clear Claimed Marks 0.118ms
[329.799s][info][gc,marking     ] GC(195) Concurrent Cleanup for Next Mark
[329.801s][info][gc,marking     ] GC(195) Concurrent Cleanup for Next Mark 1.354ms
[329.801s][info][gc             ] GC(195) Concurrent Mark Cycle 95.154ms
[330.544s][info][gc,start       ] GC(196) Pause Young (Prepare Mixed) (G1 Humongous Allocation)
[330.544s][info][gc,task        ] GC(196) Using 4 workers of 4 for evacuation
[330.552s][info][gc,phases      ] GC(196)   Pre Evacuate Collection Set: 0.23ms
[330.552s][info][gc,phases      ] GC(196)   Merge Heap Roots: 0.09ms
[330.552s][info][gc,phases      ] GC(196)   Evacuate Collection Set: 5.43ms
[330.552s][info][gc,phases      ] GC(196)   Post Evacuate Collection Set: 2.17ms
[330.552s][info][gc,phases      ] GC(196)   Other: 0.05ms
[330.552s][info][gc,heap        ] GC(196) Eden regions: 134->0(253)
[330.552s][info][gc,heap        ] GC(196) Survivor regions: 2->30(30)
[330.552s][info][gc,heap        ] GC(196) Old regions: 386->490
[330.552s][info][gc,heap        ] GC(196) Humongous regions: 855->520
[330.552s][info][gc,metaspace   ] GC(196) Metaspace: 100140K(101248K)->100140K(101248K) NonClass: 78257K(78784K)->78257K(78784K) Class: 21882K(22464K)->21882K(22464K)
[330.552s][info][gc             ] GC(196) Pause Young (Prepare Mixed) (G1 Humongous Allocation) (Evacuation Failure: Allocation) 2752M->2079M(2868M) 8.061ms
[330.552s][info][gc,cpu         ] GC(196) User=0.03s Sys=0.00s Real=0.01s
[330.935s][info][gc,start       ] GC(197) Pause Young (Mixed) (G1 Humongous Allocation)
[330.935s][info][gc,task        ] GC(197) Using 4 workers of 4 for evacuation
[330.945s][info][gc,phases      ] GC(197)   Pre Evacuate Collection Set: 0.40ms
[330.945s][info][gc,phases      ] GC(197)   Merge Heap Roots: 0.17ms
[330.945s][info][gc,phases      ] GC(197)   Evacuate Collection Set: 4.76ms
[330.945s][info][gc,phases      ] GC(197)   Post Evacuate Collection Set: 4.93ms
[330.945s][info][gc,phases      ] GC(197)   Other: 0.06ms
[330.945s][info][gc,heap        ] GC(197) Eden regions: 213->0(71)
[330.945s][info][gc,heap        ] GC(197) Survivor regions: 30->16(33)
[330.945s][info][gc,heap        ] GC(197) Old regions: 490->702
[330.945s][info][gc,heap        ] GC(197) Humongous regions: 668->580
[330.945s][info][gc,metaspace   ] GC(197) Metaspace: 100140K(101248K)->100140K(101248K) NonClass: 78257K(78784K)->78257K(78784K) Class: 21882K(22464K)->21882K(22464K)
[330.945s][info][gc             ] GC(197) Pause Young (Mixed) (G1 Humongous Allocation) (Evacuation Failure: Allocation) 2801M->2595M(2868M) 10.432ms
[330.945s][info][gc,cpu         ] GC(197) User=0.04s Sys=0.00s Real=0.01s
[330.945s][info][gc,start       ] GC(198) Pause Young (Concurrent Start) (G1 Humongous Allocation)
[330.945s][info][gc,task        ] GC(198) Using 4 workers of 4 for evacuation
[330.954s][info][gc,phases      ] GC(198)   Pre Evacuate Collection Set: 0.24ms
[330.954s][info][gc,phases      ] GC(198)   Merge Heap Roots: 0.12ms
[330.954s][info][gc,phases      ] GC(198)   Evacuate Collection Set: 7.24ms
[330.954s][info][gc,phases      ] GC(198)   Post Evacuate Collection Set: 0.67ms
[330.954s][info][gc,phases      ] GC(198)   Other: 0.06ms
[330.954s][info][gc,heap        ] GC(198) Eden regions: 2->0(296)
[330.954s][info][gc,heap        ] GC(198) Survivor regions: 16->2(11)
[330.954s][info][gc,heap        ] GC(198) Old regions: 702->443
[330.954s][info][gc,heap        ] GC(198) Humongous regions: 583->578
[330.954s][info][gc,metaspace   ] GC(198) Metaspace: 100140K(101248K)->100140K(101248K) NonClass: 78257K(78784K)->78257K(78784K) Class: 21882K(22464K)->21882K(22464K)
[330.954s][info][gc             ] GC(198) Pause Young (Concurrent Start) (G1 Humongous Allocation) 2605M->2043M(2868M) 8.398ms
[330.954s][info][gc             ] GC(199) Concurrent Mark Cycle
[330.954s][info][gc,marking     ] GC(199) Concurrent Scan Root Regions
[330.954s][info][gc,cpu         ] GC(198) User=0.03s Sys=0.00s Real=0.01s
[330.968s][info][gc,marking     ] GC(199) Concurrent Scan Root Regions 14.119ms
[330.968s][info][gc,marking     ] GC(199) Concurrent Mark
[330.968s][info][gc,marking     ] GC(199) Concurrent Mark From Roots
[330.968s][info][gc,task        ] GC(199) Using 1 workers of 1 for marking
[331.016s][info][gc,marking     ] GC(199) Concurrent Mark From Roots 47.838ms
[331.016s][info][gc,marking     ] GC(199) Concurrent Preclean
[331.016s][info][gc,marking     ] GC(199) Concurrent Preclean 0.129ms
[331.016s][info][gc,start       ] GC(199) Pause Remark
[331.019s][info][gc             ] GC(199) Pause Remark 2527M->2129M(2868M) 2.829ms
[331.019s][info][gc,cpu         ] GC(199) User=0.01s Sys=0.00s Real=0.00s
[331.019s][info][gc,marking     ] GC(199) Concurrent Mark 50.941ms
[331.019s][info][gc,marking     ] GC(199) Concurrent Rebuild Remembered Sets and Scrub Regions
[331.050s][info][gc,marking     ] GC(199) Concurrent Rebuild Remembered Sets and Scrub Regions 31.455ms
[331.051s][info][gc,start       ] GC(199) Pause Cleanup
[331.051s][info][gc             ] GC(199) Pause Cleanup 2230M->2230M(2868M) 0.111ms
[331.051s][info][gc,cpu         ] GC(199) User=0.00s Sys=0.00s Real=0.00s
[331.051s][info][gc,marking     ] GC(199) Concurrent Clear Claimed Marks
[331.051s][info][gc,marking     ] GC(199) Concurrent Clear Claimed Marks 0.120ms
[331.051s][info][gc,marking     ] GC(199) Concurrent Cleanup for Next Mark
[331.052s][info][gc,marking     ] GC(199) Concurrent Cleanup for Next Mark 1.667ms
[331.052s][info][gc             ] GC(199) Concurrent Mark Cycle 98.596ms
[331.315s][info][gc,start       ] GC(200) Pause Young (Prepare Mixed) (G1 Humongous Allocation)
[331.315s][info][gc,task        ] GC(200) Using 4 workers of 4 for evacuation
[331.321s][info][gc,phases      ] GC(200)   Pre Evacuate Collection Set: 0.21ms
[331.321s][info][gc,phases      ] GC(200)   Merge Heap Roots: 0.11ms
[331.321s][info][gc,phases      ] GC(200)   Evacuate Collection Set: 3.60ms
[331.321s][info][gc,phases      ] GC(200)   Post Evacuate Collection Set: 1.94ms
[331.321s][info][gc,phases      ] GC(200)   Other: 0.05ms
[331.321s][info][gc,heap        ] GC(200) Eden regions: 113->0(265)
[331.321s][info][gc,heap        ] GC(200) Survivor regions: 2->19(30)
[331.321s][info][gc,heap        ] GC(200) Old regions: 389->506
[331.321s][info][gc,heap        ] GC(200) Humongous regions: 900->550
[331.321s][info][gc,metaspace   ] GC(200) Metaspace: 100143K(101248K)->100143K(101248K) NonClass: 78261K(78784K)->78261K(78784K) Class: 21882K(22464K)->21882K(22464K)
[331.321s][info][gc             ] GC(200) Pause Young (Prepare Mixed) (G1 Humongous Allocation) (Evacuation Failure: Allocation) 2804M->2149M(2868M) 6.048ms
[331.321s][info][gc,cpu         ] GC(200) User=0.02s Sys=0.00s Real=0.01s
[332.200s][info][gc,start       ] GC(201) Pause Young (Mixed) (G1 Humongous Allocation)
[332.200s][info][gc,task        ] GC(201) Using 4 workers of 4 for evacuation
[332.211s][info][gc,phases      ] GC(201)   Pre Evacuate Collection Set: 0.21ms
[332.211s][info][gc,phases      ] GC(201)   Merge Heap Roots: 0.22ms
[332.211s][info][gc,phases      ] GC(201)   Evacuate Collection Set: 5.44ms
[332.211s][info][gc,phases      ] GC(201)   Post Evacuate Collection Set: 5.40ms
[332.211s][info][gc,phases      ] GC(201)   Other: 0.07ms
[332.211s][info][gc,heap        ] GC(201) Eden regions: 228->0(71)
[332.211s][info][gc,heap        ] GC(201) Survivor regions: 19->14(29)
[332.211s][info][gc,heap        ] GC(201) Old regions: 506->728
[332.211s][info][gc,heap        ] GC(201) Humongous regions: 652->575
[332.212s][info][gc,metaspace   ] GC(201) Metaspace: 100146K(101248K)->100146K(101248K) NonClass: 78262K(78784K)->78262K(78784K) Class: 21884K(22464K)->21884K(22464K)
[332.212s][info][gc             ] GC(201) Pause Young (Mixed) (G1 Humongous Allocation) (Evacuation Failure: Allocation) 2808M->2633M(2868M) 11.438ms
[332.212s][info][gc,cpu         ] GC(201) User=0.04s Sys=0.00s Real=0.01s
[332.213s][info][gc,start       ] GC(202) Pause Young (Concurrent Start) (G1 Humongous Allocation)
[332.213s][info][gc,task        ] GC(202) Using 4 workers of 4 for evacuation
[332.221s][info][gc,phases      ] GC(202)   Pre Evacuate Collection Set: 0.31ms
[332.221s][info][gc,phases      ] GC(202)   Merge Heap Roots: 0.09ms
[332.221s][info][gc,phases      ] GC(202)   Evacuate Collection Set: 7.49ms
[332.221s][info][gc,phases      ] GC(202)   Post Evacuate Collection Set: 0.63ms
[332.221s][info][gc,phases      ] GC(202)   Other: 0.10ms
[332.221s][info][gc,heap        ] GC(202) Eden regions: 7->0(189)
[332.221s][info][gc,heap        ] GC(202) Survivor regions: 14->4(11)
[332.221s][info][gc,heap        ] GC(202) Old regions: 728->579
[332.221s][info][gc,heap        ] GC(202) Humongous regions: 580->577
[332.221s][info][gc,metaspace   ] GC(202) Metaspace: 100146K(101248K)->100146K(101248K) NonClass: 78262K(78784K)->78262K(78784K) Class: 21884K(22464K)->21884K(22464K)
[332.221s][info][gc             ] GC(202) Pause Young (Concurrent Start) (G1 Humongous Allocation) 2657M->2318M(2868M) 8.740ms
[332.221s][info][gc,cpu         ] GC(202) User=0.04s Sys=0.00s Real=0.01s
[332.221s][info][gc             ] GC(203) Concurrent Mark Cycle
[332.221s][info][gc,marking     ] GC(203) Concurrent Scan Root Regions
[332.240s][info][gc,marking     ] GC(203) Concurrent Scan Root Regions 19.043ms
[332.241s][info][gc,marking     ] GC(203) Concurrent Mark
[332.241s][info][gc,marking     ] GC(203) Concurrent Mark From Roots
[332.241s][info][gc,task        ] GC(203) Using 1 workers of 1 for marking
[332.242s][info][gc,start       ] GC(204) Pause Young (Normal) (G1 Humongous Allocation)
[332.242s][info][gc,task        ] GC(204) Using 4 workers of 4 for evacuation
[332.247s][info][gc,phases      ] GC(204)   Pre Evacuate Collection Set: 0.23ms
[332.247s][info][gc,phases      ] GC(204)   Merge Heap Roots: 0.08ms
[332.247s][info][gc,phases      ] GC(204)   Evacuate Collection Set: 3.00ms
[332.247s][info][gc,phases      ] GC(204)   Post Evacuate Collection Set: 2.18ms
[332.247s][info][gc,phases      ] GC(204)   Other: 0.05ms
[332.247s][info][gc,heap        ] GC(204) Eden regions: 23->0(72)
[332.247s][info][gc,heap        ] GC(204) Survivor regions: 4->6(25)
[332.247s][info][gc,heap        ] GC(204) Old regions: 579->618
[332.247s][info][gc,heap        ] GC(204) Humongous regions: 803->665
[332.247s][info][gc,metaspace   ] GC(204) Metaspace: 100146K(101248K)->100146K(101248K) NonClass: 78262K(78784K)->78262K(78784K) Class: 21884K(22464K)->21884K(22464K)
[332.247s][info][gc             ] GC(204) Pause Young (Normal) (G1 Humongous Allocation) (Evacuation Failure: Allocation) 2814M->2576M(2868M) 5.642ms
[332.247s][info][gc,cpu         ] GC(204) User=0.02s Sys=0.00s Real=0.00s
[332.292s][info][gc,marking     ] GC(203) Concurrent Mark From Roots 51.417ms
[332.292s][info][gc,marking     ] GC(203) Concurrent Preclean
[332.292s][info][gc,marking     ] GC(203) Concurrent Preclean 0.135ms
[332.292s][info][gc,start       ] GC(203) Pause Remark
[332.295s][info][gc             ] GC(203) Pause Remark 2782M->2246M(2868M) 2.367ms
[332.295s][info][gc,cpu         ] GC(203) User=0.01s Sys=0.00s Real=0.00s
[332.295s][info][gc,marking     ] GC(203) Concurrent Mark 54.072ms
[332.295s][info][gc,marking     ] GC(203) Concurrent Rebuild Remembered Sets and Scrub Regions
[332.324s][info][gc,marking     ] GC(203) Concurrent Rebuild Remembered Sets and Scrub Regions 29.507ms
[332.324s][info][gc,start       ] GC(203) Pause Cleanup
[332.324s][info][gc             ] GC(203) Pause Cleanup 2307M->2307M(2868M) 0.101ms
[332.324s][info][gc,cpu         ] GC(203) User=0.00s Sys=0.00s Real=0.00s
[332.324s][info][gc,marking     ] GC(203) Concurrent Clear Claimed Marks
[332.324s][info][gc,marking     ] GC(203) Concurrent Clear Claimed Marks 0.120ms
[332.324s][info][gc,marking     ] GC(203) Concurrent Cleanup for Next Mark
[332.326s][info][gc,marking     ] GC(203) Concurrent Cleanup for Next Mark 1.331ms
[332.326s][info][gc             ] GC(203) Concurrent Mark Cycle 104.389ms
[332.424s][info][gc,start       ] GC(205) Pause Young (Prepare Mixed) (G1 Evacuation Pause)
[332.424s][info][gc,task        ] GC(205) Using 4 workers of 4 for evacuation
[332.430s][info][gc,phases      ] GC(205)   Pre Evacuate Collection Set: 0.32ms
[332.430s][info][gc,phases      ] GC(205)   Merge Heap Roots: 0.10ms
[332.430s][info][gc,phases      ] GC(205)   Evacuate Collection Set: 5.05ms
[332.430s][info][gc,phases      ] GC(205)   Post Evacuate Collection Set: 0.73ms
[332.430s][info][gc,phases      ] GC(205)   Other: 0.05ms
[332.430s][info][gc,heap        ] GC(205) Eden regions: 72->0(393)
[332.430s][info][gc,heap        ] GC(205) Survivor regions: 6->10(10)
[332.430s][info][gc,heap        ] GC(205) Old regions: 520->403
[332.430s][info][gc,heap        ] GC(205) Humongous regions: 666->467
[332.430s][info][gc,metaspace   ] GC(205) Metaspace: 100146K(101248K)->100146K(101248K) NonClass: 78262K(78784K)->78262K(78784K) Class: 21884K(22464K)->21884K(22464K)
[332.430s][info][gc             ] GC(205) Pause Young (Prepare Mixed) (G1 Evacuation Pause) 2526M->1758M(2868M) 6.353ms
[332.430s][info][gc,cpu         ] GC(205) User=0.03s Sys=0.00s Real=0.01s
[333.454s][info][gc,start       ] GC(206) Pause Young (Mixed) (G1 Humongous Allocation)
[333.454s][info][gc,task        ] GC(206) Using 4 workers of 4 for evacuation
[333.462s][info][gc,phases      ] GC(206)   Pre Evacuate Collection Set: 0.24ms
[333.462s][info][gc,phases      ] GC(206)   Merge Heap Roots: 0.12ms
[333.462s][info][gc,phases      ] GC(206)   Evacuate Collection Set: 3.31ms
[333.462s][info][gc,phases      ] GC(206)   Post Evacuate Collection Set: 4.26ms
[333.462s][info][gc,phases      ] GC(206)   Other: 0.05ms
[333.462s][info][gc,heap        ] GC(206) Eden regions: 247->0(148)
[333.462s][info][gc,heap        ] GC(206) Survivor regions: 10->7(10)
[333.462s][info][gc,heap        ] GC(206) Old regions: 403->646
[333.462s][info][gc,heap        ] GC(206) Humongous regions: 764->560
[333.462s][info][gc,metaspace   ] GC(206) Metaspace: 100156K(101248K)->100156K(101248K) NonClass: 78272K(78784K)->78272K(78784K) Class: 21884K(22464K)->21884K(22464K)
[333.462s][info][gc             ] GC(206) Pause Young (Mixed) (G1 Humongous Allocation) (Evacuation Failure: Allocation) 2845M->2424M(2868M) 8.114ms
[333.462s][info][gc,cpu         ] GC(206) User=0.03s Sys=0.00s Real=0.01s
[333.462s][info][gc,start       ] GC(207) Pause Young (Concurrent Start) (G1 Humongous Allocation)
[333.463s][info][gc,task        ] GC(207) Using 4 workers of 4 for evacuation
[333.471s][info][gc,phases      ] GC(207)   Pre Evacuate Collection Set: 0.33ms
[333.471s][info][gc,phases      ] GC(207)   Merge Heap Roots: 0.11ms
[333.471s][info][gc,phases      ] GC(207)   Evacuate Collection Set: 6.99ms
[333.471s][info][gc,phases      ] GC(207)   Post Evacuate Collection Set: 0.56ms
[333.471s][info][gc,phases      ] GC(207)   Other: 0.06ms
[333.471s][info][gc,heap        ] GC(207) Eden regions: 2->0(269)
[333.471s][info][gc,heap        ] GC(207) Survivor regions: 7->8(20)
[333.471s][info][gc,heap        ] GC(207) Old regions: 646->483
[333.471s][info][gc,heap        ] GC(207) Humongous regions: 566->566
[333.471s][info][gc,metaspace   ] GC(207) Metaspace: 100156K(101248K)->100156K(101248K) NonClass: 78272K(78784K)->78272K(78784K) Class: 21884K(22464K)->21884K(22464K)
[333.471s][info][gc             ] GC(207) Pause Young (Concurrent Start) (G1 Humongous Allocation) 2439M->2112M(2868M) 8.144ms
[333.471s][info][gc             ] GC(208) Concurrent Mark Cycle
[333.471s][info][gc,marking     ] GC(208) Concurrent Scan Root Regions
[333.471s][info][gc,cpu         ] GC(207) User=0.03s Sys=0.00s Real=0.01s
[333.482s][info][gc,marking     ] GC(208) Concurrent Scan Root Regions 11.236ms
[333.482s][info][gc,marking     ] GC(208) Concurrent Mark
[333.482s][info][gc,marking     ] GC(208) Concurrent Mark From Roots
[333.482s][info][gc,task        ] GC(208) Using 1 workers of 1 for marking
[333.529s][info][gc,marking     ] GC(208) Concurrent Mark From Roots 46.803ms
[333.529s][info][gc,marking     ] GC(208) Concurrent Preclean
[333.529s][info][gc,marking     ] GC(208) Concurrent Preclean 0.142ms
[333.529s][info][gc,start       ] GC(208) Pause Remark
[333.532s][info][gc             ] GC(208) Pause Remark 2770M->2258M(2868M) 2.713ms
[333.532s][info][gc,cpu         ] GC(208) User=0.01s Sys=0.00s Real=0.01s
[333.532s][info][gc,marking     ] GC(208) Concurrent Mark 49.832ms
[333.532s][info][gc,marking     ] GC(208) Concurrent Rebuild Remembered Sets and Scrub Regions
[333.561s][info][gc,marking     ] GC(208) Concurrent Rebuild Remembered Sets and Scrub Regions 29.652ms
[333.562s][info][gc,start       ] GC(208) Pause Cleanup
[333.562s][info][gc             ] GC(208) Pause Cleanup 2363M->2363M(2868M) 0.117ms
[333.562s][info][gc,cpu         ] GC(208) User=0.00s Sys=0.00s Real=0.00s
[333.562s][info][gc,marking     ] GC(208) Concurrent Clear Claimed Marks
[333.562s][info][gc,marking     ] GC(208) Concurrent Clear Claimed Marks 0.116ms
[333.562s][info][gc,marking     ] GC(208) Concurrent Cleanup for Next Mark
[333.563s][info][gc,marking     ] GC(208) Concurrent Cleanup for Next Mark 1.363ms
[333.563s][info][gc             ] GC(208) Concurrent Mark Cycle 92.498ms
[333.700s][info][gc,start       ] GC(209) Pause Young (Prepare Mixed) (G1 Humongous Allocation)
[333.700s][info][gc,task        ] GC(209) Using 4 workers of 4 for evacuation
[333.707s][info][gc,phases      ] GC(209)   Pre Evacuate Collection Set: 0.14ms
[333.707s][info][gc,phases      ] GC(209)   Merge Heap Roots: 0.07ms
[333.707s][info][gc,phases      ] GC(209)   Evacuate Collection Set: 6.22ms
[333.707s][info][gc,phases      ] GC(209)   Post Evacuate Collection Set: 0.72ms
[333.707s][info][gc,phases      ] GC(209)   Other: 0.06ms
[333.707s][info][gc,heap        ] GC(209) Eden regions: 119->0(313)
[333.707s][info][gc,heap        ] GC(209) Survivor regions: 8->35(35)
[333.707s][info][gc,heap        ] GC(209) Old regions: 372->366
[333.707s][info][gc,heap        ] GC(209) Humongous regions: 859->550
[333.707s][info][gc,metaspace   ] GC(209) Metaspace: 100156K(101248K)->100156K(101248K) NonClass: 78272K(78784K)->78272K(78784K) Class: 21884K(22464K)->21884K(22464K)
[333.707s][info][gc             ] GC(209) Pause Young (Prepare Mixed) (G1 Humongous Allocation) 2714M->1900M(2868M) 7.322ms
[333.707s][info][gc,cpu         ] GC(209) User=0.03s Sys=0.00s Real=0.00s
[334.729s][info][gc,start       ] GC(210) Pause Young (Mixed) (G1 Humongous Allocation)
[334.729s][info][gc,task        ] GC(210) Using 4 workers of 4 for evacuation
[334.740s][info][gc,phases      ] GC(210)   Pre Evacuate Collection Set: 0.31ms
[334.740s][info][gc,phases      ] GC(210)   Merge Heap Roots: 0.10ms
[334.740s][info][gc,phases      ] GC(210)   Evacuate Collection Set: 5.46ms
[334.740s][info][gc,phases      ] GC(210)   Post Evacuate Collection Set: 4.53ms
[334.740s][info][gc,phases      ] GC(210)   Other: 0.06ms
[334.740s][info][gc,heap        ] GC(210) Eden regions: 235->0(138)
[334.740s][info][gc,heap        ] GC(210) Survivor regions: 35->21(34)
[334.740s][info][gc,heap        ] GC(210) Old regions: 366->625
[334.740s][info][gc,heap        ] GC(210) Humongous regions: 764->569
[334.740s][info][gc,metaspace   ] GC(210) Metaspace: 100160K(101248K)->100160K(101248K) NonClass: 78276K(78784K)->78276K(78784K) Class: 21884K(22464K)->21884K(22464K)
[334.740s][info][gc             ] GC(210) Pause Young (Mixed) (G1 Humongous Allocation) (Evacuation Failure: Allocation) 2797M->2429M(2868M) 10.569ms
[334.740s][info][gc,cpu         ] GC(210) User=0.04s Sys=0.00s Real=0.02s
[334.741s][info][gc,start       ] GC(211) Pause Young (Concurrent Start) (G1 Humongous Allocation)
[334.741s][info][gc,task        ] GC(211) Using 4 workers of 4 for evacuation
[334.749s][info][gc,phases      ] GC(211)   Pre Evacuate Collection Set: 0.26ms
[334.749s][info][gc,phases      ] GC(211)   Merge Heap Roots: 0.11ms
[334.749s][info][gc,phases      ] GC(211)   Evacuate Collection Set: 7.25ms
[334.749s][info][gc,phases      ] GC(211)   Post Evacuate Collection Set: 0.57ms
[334.749s][info][gc,phases      ] GC(211)   Other: 0.07ms
[334.749s][info][gc,heap        ] GC(211) Eden regions: 3->0(251)
[334.749s][info][gc,heap        ] GC(211) Survivor regions: 21->2(20)
[334.749s][info][gc,heap        ] GC(211) Old regions: 625->480
[334.749s][info][gc,heap        ] GC(211) Humongous regions: 572->570
[334.749s][info][gc,metaspace   ] GC(211) Metaspace: 100160K(101248K)->100160K(101248K) NonClass: 78276K(78784K)->78276K(78784K) Class: 21884K(22464K)->21884K(22464K)
[334.749s][info][gc             ] GC(211) Pause Young (Concurrent Start) (G1 Humongous Allocation) 2440M->2103M(2868M) 8.328ms
[334.749s][info][gc,cpu         ] GC(211) User=0.03s Sys=0.00s Real=0.00s
[334.749s][info][gc             ] GC(212) Concurrent Mark Cycle
[334.749s][info][gc,marking     ] GC(212) Concurrent Scan Root Regions
[334.765s][info][gc,marking     ] GC(212) Concurrent Scan Root Regions 15.671ms
[334.765s][info][gc,marking     ] GC(212) Concurrent Mark
[334.765s][info][gc,marking     ] GC(212) Concurrent Mark From Roots
[334.765s][info][gc,task        ] GC(212) Using 1 workers of 1 for marking
[334.774s][info][gc,start       ] GC(213) Pause Young (Normal) (G1 Humongous Allocation)
[334.774s][info][gc,task        ] GC(213) Using 4 workers of 4 for evacuation
[334.777s][info][gc,phases      ] GC(213)   Pre Evacuate Collection Set: 0.21ms
[334.777s][info][gc,phases      ] GC(213)   Merge Heap Roots: 0.11ms
[334.777s][info][gc,phases      ] GC(213)   Evacuate Collection Set: 2.78ms
[334.777s][info][gc,phases      ] GC(213)   Post Evacuate Collection Set: 0.50ms
[334.777s][info][gc,phases      ] GC(213)   Other: 0.05ms
[334.777s][info][gc,heap        ] GC(213) Eden regions: 26->0(187)
[334.777s][info][gc,heap        ] GC(213) Survivor regions: 2->8(32)
[334.777s][info][gc,heap        ] GC(213) Old regions: 480->432
[334.777s][info][gc,heap        ] GC(213) Humongous regions: 866->704
[334.777s][info][gc,metaspace   ] GC(213) Metaspace: 100160K(101248K)->100160K(101248K) NonClass: 78276K(78784K)->78276K(78784K) Class: 21884K(22464K)->21884K(22464K)
[334.777s][info][gc             ] GC(213) Pause Young (Normal) (G1 Humongous Allocation) 2747M->2287M(2868M) 3.769ms
[334.777s][info][gc,cpu         ] GC(213) User=0.02s Sys=0.00s Real=0.00s
[334.818s][info][gc,marking     ] GC(212) Concurrent Mark From Roots 53.660ms
[334.818s][info][gc,marking     ] GC(212) Concurrent Preclean
[334.818s][info][gc,marking     ] GC(212) Concurrent Preclean 0.142ms
[334.819s][info][gc,start       ] GC(212) Pause Remark
[334.821s][info][gc             ] GC(212) Pause Remark 2374M->2022M(2868M) 2.536ms
[334.821s][info][gc,cpu         ] GC(212) User=0.01s Sys=0.00s Real=0.01s
[334.821s][info][gc,marking     ] GC(212) Concurrent Mark 56.500ms
[334.821s][info][gc,marking     ] GC(212) Concurrent Rebuild Remembered Sets and Scrub Regions
[334.852s][info][gc,marking     ] GC(212) Concurrent Rebuild Remembered Sets and Scrub Regions 30.508ms
[334.852s][info][gc,start       ] GC(212) Pause Cleanup
[334.852s][info][gc             ] GC(212) Pause Cleanup 2090M->2090M(2868M) 0.091ms
[334.852s][info][gc,cpu         ] GC(212) User=0.00s Sys=0.00s Real=0.00s
[334.852s][info][gc,marking     ] GC(212) Concurrent Clear Claimed Marks
[334.852s][info][gc,marking     ] GC(212) Concurrent Clear Claimed Marks 0.119ms
[334.852s][info][gc,marking     ] GC(212) Concurrent Cleanup for Next Mark
[334.853s][info][gc,marking     ] GC(212) Concurrent Cleanup for Next Mark 1.317ms
[334.853s][info][gc             ] GC(212) Concurrent Mark Cycle 104.435ms
[335.542s][info][gc,start       ] GC(214) Pause Young (Prepare Mixed) (G1 Humongous Allocation)
[335.542s][info][gc,task        ] GC(214) Using 4 workers of 4 for evacuation
[335.548s][info][gc,phases      ] GC(214)   Pre Evacuate Collection Set: 0.13ms
[335.548s][info][gc,phases      ] GC(214)   Merge Heap Roots: 0.09ms
[335.548s][info][gc,phases      ] GC(214)   Evacuate Collection Set: 3.98ms
[335.548s][info][gc,phases      ] GC(214)   Post Evacuate Collection Set: 1.42ms
[335.548s][info][gc,phases      ] GC(214)   Other: 0.05ms
[335.548s][info][gc,heap        ] GC(214) Eden regions: 128->0(161)
[335.548s][info][gc,heap        ] GC(214) Survivor regions: 8->25(25)
[335.548s][info][gc,heap        ] GC(214) Old regions: 411->559
[335.548s][info][gc,heap        ] GC(214) Humongous regions: 845->589
[335.548s][info][gc,metaspace   ] GC(214) Metaspace: 100160K(101248K)->100160K(101248K) NonClass: 78276K(78784K)->78276K(78784K) Class: 21884K(22464K)->21884K(22464K)
[335.548s][info][gc             ] GC(214) Pause Young (Prepare Mixed) (G1 Humongous Allocation) (Evacuation Failure: Allocation) 2781M->2345M(2868M) 5.767ms
[335.548s][info][gc,cpu         ] GC(214) User=0.02s Sys=0.00s Real=0.00s
[335.912s][info][gc,start       ] GC(215) Pause Young (Mixed) (G1 Evacuation Pause)
[335.913s][info][gc,task        ] GC(215) Using 4 workers of 4 for evacuation
[335.923s][info][gc,phases      ] GC(215)   Pre Evacuate Collection Set: 0.26ms
[335.923s][info][gc,phases      ] GC(215)   Merge Heap Roots: 0.09ms
[335.923s][info][gc,phases      ] GC(215)   Evacuate Collection Set: 5.17ms
[335.923s][info][gc,phases      ] GC(215)   Post Evacuate Collection Set: 4.45ms
[335.923s][info][gc,phases      ] GC(215)   Other: 0.06ms
[335.923s][info][gc,heap        ] GC(215) Eden regions: 161->0(71)
[335.923s][info][gc,heap        ] GC(215) Survivor regions: 25->13(24)
[335.923s][info][gc,heap        ] GC(215) Old regions: 559->718
[335.923s][info][gc,heap        ] GC(215) Humongous regions: 654->577
[335.923s][info][gc,metaspace   ] GC(215) Metaspace: 100160K(101248K)->100160K(101248K) NonClass: 78276K(78784K)->78276K(78784K) Class: 21884K(22464K)->21884K(22464K)
[335.923s][info][gc             ] GC(215) Pause Young (Mixed) (G1 Evacuation Pause) (Evacuation Failure: Allocation) 2797M->2615M(2868M) 10.135ms
[335.923s][info][gc,cpu         ] GC(215) User=0.04s Sys=0.00s Real=0.01s
[335.923s][info][gc,start       ] GC(216) Pause Young (Concurrent Start) (G1 Humongous Allocation)
[335.923s][info][gc,task        ] GC(216) Using 4 workers of 4 for evacuation
[335.931s][info][gc,phases      ] GC(216)   Pre Evacuate Collection Set: 0.22ms
[335.931s][info][gc,phases      ] GC(216)   Merge Heap Roots: 0.07ms
[335.931s][info][gc,phases      ] GC(216)   Evacuate Collection Set: 6.85ms
[335.931s][info][gc,phases      ] GC(216)   Post Evacuate Collection Set: 0.57ms
[335.931s][info][gc,phases      ] GC(216)   Other: 0.05ms
[335.931s][info][gc,heap        ] GC(216) Eden regions: 2->0(162)
[335.931s][info][gc,heap        ] GC(216) Survivor regions: 13->2(11)
[335.931s][info][gc,heap        ] GC(216) Old regions: 718->599
[335.931s][info][gc,heap        ] GC(216) Humongous regions: 577->577
[335.931s][info][gc,metaspace   ] GC(216) Metaspace: 100160K(101248K)->100160K(101248K) NonClass: 78276K(78784K)->78276K(78784K) Class: 21884K(22464K)->21884K(22464K)
[335.931s][info][gc             ] GC(216) Pause Young (Concurrent Start) (G1 Humongous Allocation) 2618M->2355M(2868M) 7.840ms
[335.931s][info][gc             ] GC(217) Concurrent Mark Cycle
[335.931s][info][gc,marking     ] GC(217) Concurrent Scan Root Regions
[335.931s][info][gc,cpu         ] GC(216) User=0.03s Sys=0.00s Real=0.01s
[335.940s][info][gc,marking     ] GC(217) Concurrent Scan Root Regions 9.269ms
[335.940s][info][gc,marking     ] GC(217) Concurrent Mark
[335.940s][info][gc,marking     ] GC(217) Concurrent Mark From Roots
[335.940s][info][gc,task        ] GC(217) Using 1 workers of 1 for marking
[335.973s][info][gc,start       ] GC(218) Pause Young (Normal) (G1 Humongous Allocation)
[335.973s][info][gc,task        ] GC(218) Using 4 workers of 4 for evacuation
[335.978s][info][gc,phases      ] GC(218)   Pre Evacuate Collection Set: 0.37ms
[335.978s][info][gc,phases      ] GC(218)   Merge Heap Roots: 0.12ms
[335.978s][info][gc,phases      ] GC(218)   Evacuate Collection Set: 4.52ms
[335.978s][info][gc,phases      ] GC(218)   Post Evacuate Collection Set: 0.63ms
[335.978s][info][gc,phases      ] GC(218)   Other: 0.05ms
[335.978s][info][gc,heap        ] GC(218) Eden regions: 53->0(171)
[335.978s][info][gc,heap        ] GC(218) Survivor regions: 2->21(21)
[335.978s][info][gc,heap        ] GC(218) Old regions: 599->493
[335.978s][info][gc,heap        ] GC(218) Humongous regions: 713->641
[335.978s][info][gc,metaspace   ] GC(218) Metaspace: 100160K(101248K)->100160K(101248K) NonClass: 78276K(78784K)->78276K(78784K) Class: 21884K(22464K)->21884K(22464K)
[335.978s][info][gc             ] GC(218) Pause Young (Normal) (G1 Humongous Allocation) 2733M->2308M(2868M) 5.779ms
[335.978s][info][gc,cpu         ] GC(218) User=0.02s Sys=0.00s Real=0.00s
[336.001s][info][gc,marking     ] GC(217) Concurrent Mark From Roots 61.496ms
[336.001s][info][gc,marking     ] GC(217) Concurrent Preclean
[336.002s][info][gc,marking     ] GC(217) Concurrent Preclean 0.118ms
[336.002s][info][gc,start       ] GC(217) Pause Remark
[336.004s][info][gc             ] GC(217) Pause Remark 2636M->2238M(2868M) 2.449ms
[336.004s][info][gc,cpu         ] GC(217) User=0.01s Sys=0.00s Real=0.00s
[336.004s][info][gc,marking     ] GC(217) Concurrent Mark 64.223ms
[336.004s][info][gc,marking     ] GC(217) Concurrent Rebuild Remembered Sets and Scrub Regions
[336.036s][info][gc,marking     ] GC(217) Concurrent Rebuild Remembered Sets and Scrub Regions 31.730ms
[336.036s][info][gc,start       ] GC(217) Pause Cleanup
[336.036s][info][gc             ] GC(217) Pause Cleanup 2372M->2372M(2868M) 0.126ms
[336.036s][info][gc,cpu         ] GC(217) User=0.00s Sys=0.00s Real=0.00s
[336.036s][info][gc,marking     ] GC(217) Concurrent Clear Claimed Marks
[336.036s][info][gc,marking     ] GC(217) Concurrent Clear Claimed Marks 0.125ms
[336.036s][info][gc,marking     ] GC(217) Concurrent Cleanup for Next Mark
[336.038s][info][gc,marking     ] GC(217) Concurrent Cleanup for Next Mark 1.366ms
[336.038s][info][gc             ] GC(217) Concurrent Mark Cycle 107.002ms
[336.199s][info][gc,start       ] GC(219) Pause Young (Prepare Mixed) (G1 Humongous Allocation)
[336.199s][info][gc,task        ] GC(219) Using 4 workers of 4 for evacuation
[336.205s][info][gc,phases      ] GC(219)   Pre Evacuate Collection Set: 0.13ms
[336.205s][info][gc,phases      ] GC(219)   Merge Heap Roots: 0.07ms
[336.205s][info][gc,phases      ] GC(219)   Evacuate Collection Set: 5.35ms
[336.205s][info][gc,phases      ] GC(219)   Post Evacuate Collection Set: 0.49ms
[336.205s][info][gc,phases      ] GC(219)   Other: 0.05ms
[336.205s][info][gc,heap        ] GC(219) Eden regions: 102->0(210)
[336.205s][info][gc,heap        ] GC(219) Survivor regions: 21->24(24)
[336.205s][info][gc,heap        ] GC(219) Old regions: 449->492
[336.205s][info][gc,heap        ] GC(219) Humongous regions: 795->544
[336.205s][info][gc,metaspace   ] GC(219) Metaspace: 100162K(101248K)->100162K(101248K) NonClass: 78278K(78784K)->78278K(78784K) Class: 21884K(22464K)->21884K(22464K)
[336.205s][info][gc             ] GC(219) Pause Young (Prepare Mixed) (G1 Humongous Allocation) 2731M->2119M(2868M) 6.173ms
[336.205s][info][gc,cpu         ] GC(219) User=0.02s Sys=0.00s Real=0.01s
[337.028s][info][gc,start       ] GC(220) Pause Young (Mixed) (G1 Evacuation Pause)
[337.028s][info][gc,task        ] GC(220) Using 4 workers of 4 for evacuation
[337.034s][info][gc,phases      ] GC(220)   Pre Evacuate Collection Set: 0.14ms
[337.034s][info][gc,phases      ] GC(220)   Merge Heap Roots: 0.07ms
[337.034s][info][gc,phases      ] GC(220)   Evacuate Collection Set: 2.14ms
[337.034s][info][gc,phases      ] GC(220)   Post Evacuate Collection Set: 3.05ms
[337.034s][info][gc,phases      ] GC(220)   Other: 0.05ms
[337.034s][info][gc,heap        ] GC(220) Eden regions: 139->0(113)
[337.034s][info][gc,heap        ] GC(220) Survivor regions: 24->0(0)
[337.034s][info][gc,heap        ] GC(220) Old regions: 492->637
[337.034s][info][gc,heap        ] GC(220) Humongous regions: 779->607
[337.034s][info][gc,metaspace   ] GC(220) Metaspace: 100163K(101248K)->100163K(101248K) NonClass: 78279K(78784K)->78279K(78784K) Class: 21884K(22464K)->21884K(22464K)
[337.034s][info][gc             ] GC(220) Pause Young (Mixed) (G1 Evacuation Pause) (Evacuation Failure: Allocation) 2867M->2487M(2868M) 5.530ms
[337.034s][info][gc,cpu         ] GC(220) User=0.02s Sys=0.00s Real=0.01s
[337.146s][info][gc,start       ] GC(221) Pause Young (Concurrent Start) (G1 Humongous Allocation)
[337.146s][info][gc,task        ] GC(221) Using 4 workers of 4 for evacuation
[337.155s][info][gc,phases      ] GC(221)   Pre Evacuate Collection Set: 0.26ms
[337.156s][info][gc,phases      ] GC(221)   Merge Heap Roots: 0.11ms
[337.156s][info][gc,phases      ] GC(221)   Evacuate Collection Set: 8.84ms
[337.156s][info][gc,phases      ] GC(221)   Post Evacuate Collection Set: 0.58ms
[337.156s][info][gc,phases      ] GC(221)   Other: 0.09ms
[337.156s][info][gc,heap        ] GC(221) Eden regions: 72->0(142)
[337.156s][info][gc,heap        ] GC(221) Survivor regions: 0->15(15)
[337.156s][info][gc,heap        ] GC(221) Old regions: 637->546
[337.156s][info][gc,heap        ] GC(221) Humongous regions: 607->607
[337.156s][info][gc,metaspace   ] GC(221) Metaspace: 100166K(101248K)->100166K(101248K) NonClass: 78282K(78784K)->78282K(78784K) Class: 21884K(22464K)->21884K(22464K)
[337.156s][info][gc             ] GC(221) Pause Young (Concurrent Start) (G1 Humongous Allocation) 2630M->2334M(2868M) 9.977ms
[337.156s][info][gc             ] GC(222) Concurrent Mark Cycle
[337.156s][info][gc,cpu         ] GC(221) User=0.03s Sys=0.00s Real=0.01s
[337.156s][info][gc,marking     ] GC(222) Concurrent Scan Root Regions
[337.163s][info][gc,marking     ] GC(222) Concurrent Scan Root Regions 7.603ms
[337.163s][info][gc,marking     ] GC(222) Concurrent Mark
[337.163s][info][gc,marking     ] GC(222) Concurrent Mark From Roots
[337.163s][info][gc,task        ] GC(222) Using 1 workers of 1 for marking
[337.196s][info][gc,start       ] GC(223) Pause Young (Normal) (G1 Humongous Allocation)
[337.197s][info][gc,task        ] GC(223) Using 4 workers of 4 for evacuation
[337.201s][info][gc,phases      ] GC(223)   Pre Evacuate Collection Set: 0.23ms
[337.201s][info][gc,phases      ] GC(223)   Merge Heap Roots: 0.14ms
[337.201s][info][gc,phases      ] GC(223)   Evacuate Collection Set: 3.12ms
[337.201s][info][gc,phases      ] GC(223)   Post Evacuate Collection Set: 0.73ms
[337.201s][info][gc,phases      ] GC(223)   Other: 0.06ms
[337.201s][info][gc,heap        ] GC(223) Eden regions: 38->0(89)
[337.201s][info][gc,heap        ] GC(223) Survivor regions: 15->16(20)
[337.201s][info][gc,heap        ] GC(223) Old regions: 546->559
[337.201s][info][gc,heap        ] GC(223) Humongous regions: 778->688
[337.201s][info][gc,metaspace   ] GC(223) Metaspace: 100166K(101248K)->100166K(101248K) NonClass: 78282K(78784K)->78282K(78784K) Class: 21884K(22464K)->21884K(22464K)
[337.201s][info][gc             ] GC(223) Pause Young (Normal) (G1 Humongous Allocation) 2752M->2525M(2868M) 4.390ms
[337.201s][info][gc,cpu         ] GC(223) User=0.02s Sys=0.00s Real=0.01s
[337.217s][info][gc,start       ] GC(224) Pause Young (Normal) (G1 Humongous Allocation)
[337.217s][info][gc,task        ] GC(224) Using 4 workers of 4 for evacuation
[337.219s][info][gc,phases      ] GC(224)   Pre Evacuate Collection Set: 0.12ms
[337.219s][info][gc,phases      ] GC(224)   Merge Heap Roots: 0.05ms
[337.219s][info][gc,phases      ] GC(224)   Evacuate Collection Set: 1.40ms
[337.219s][info][gc,phases      ] GC(224)   Post Evacuate Collection Set: 0.42ms
[337.219s][info][gc,phases      ] GC(224)   Other: 0.05ms
[337.219s][info][gc,heap        ] GC(224) Eden regions: 9->0(71)
[337.219s][info][gc,heap        ] GC(224) Survivor regions: 16->3(14)
[337.219s][info][gc,heap        ] GC(224) Old regions: 559->575
[337.219s][info][gc,heap        ] GC(224) Humongous regions: 797->713
[337.219s][info][gc,metaspace   ] GC(224) Metaspace: 100166K(101248K)->100166K(101248K) NonClass: 78282K(78784K)->78282K(78784K) Class: 21884K(22464K)->21884K(22464K)
[337.219s][info][gc             ] GC(224) Pause Young (Normal) (G1 Humongous Allocation) 2761M->2580M(2868M) 2.126ms
[337.219s][info][gc,cpu         ] GC(224) User=0.00s Sys=0.00s Real=0.00s
[337.235s][info][gc,marking     ] GC(222) Concurrent Mark From Roots 72.202ms
[337.235s][info][gc,marking     ] GC(222) Concurrent Preclean
[337.236s][info][gc,marking     ] GC(222) Concurrent Preclean 0.143ms
[337.236s][info][gc,start       ] GC(222) Pause Remark
[337.239s][info][gc             ] GC(222) Pause Remark 2611M->2045M(2868M) 3.240ms
[337.239s][info][gc,cpu         ] GC(222) User=0.01s Sys=0.00s Real=0.00s
[337.239s][info][gc,marking     ] GC(222) Concurrent Mark 75.761ms
[337.239s][info][gc,marking     ] GC(222) Concurrent Rebuild Remembered Sets and Scrub Regions
[337.274s][info][gc,marking     ] GC(222) Concurrent Rebuild Remembered Sets and Scrub Regions 35.132ms
[337.274s][info][gc,start       ] GC(222) Pause Cleanup
[337.274s][info][gc             ] GC(222) Pause Cleanup 2180M->2180M(2868M) 0.109ms
[337.274s][info][gc,cpu         ] GC(222) User=0.00s Sys=0.00s Real=0.00s
[337.274s][info][gc,marking     ] GC(222) Concurrent Clear Claimed Marks
[337.274s][info][gc,marking     ] GC(222) Concurrent Clear Claimed Marks 0.140ms
[337.274s][info][gc,marking     ] GC(222) Concurrent Cleanup for Next Mark
[337.276s][info][gc,marking     ] GC(222) Concurrent Cleanup for Next Mark 1.409ms
[337.276s][info][gc             ] GC(222) Concurrent Mark Cycle 120.330ms
[337.393s][info][gc,start       ] GC(225) Pause Young (Prepare Mixed) (G1 Evacuation Pause)
[337.393s][info][gc,task        ] GC(225) Using 4 workers of 4 for evacuation
[337.397s][info][gc,phases      ] GC(225)   Pre Evacuate Collection Set: 0.18ms
[337.397s][info][gc,phases      ] GC(225)   Merge Heap Roots: 0.11ms
[337.397s][info][gc,phases      ] GC(225)   Evacuate Collection Set: 3.21ms
[337.397s][info][gc,phases      ] GC(225)   Post Evacuate Collection Set: 0.52ms
[337.397s][info][gc,phases      ] GC(225)   Other: 0.06ms
[337.397s][info][gc,heap        ] GC(225) Eden regions: 71->0(199)
[337.397s][info][gc,heap        ] GC(225) Survivor regions: 3->10(10)
[337.397s][info][gc,heap        ] GC(225) Old regions: 492->517
[337.397s][info][gc,heap        ] GC(225) Humongous regions: 633->522
[337.397s][info][gc,metaspace   ] GC(225) Metaspace: 100166K(101248K)->100166K(101248K) NonClass: 78282K(78784K)->78282K(78784K) Class: 21884K(22464K)->21884K(22464K)
[337.397s][info][gc             ] GC(225) Pause Young (Prepare Mixed) (G1 Evacuation Pause) 2396M->2097M(2868M) 4.187ms
[337.397s][info][gc,cpu         ] GC(225) User=0.01s Sys=0.00s Real=0.00s
[338.222s][info][gc,start       ] GC(226) Pause Young (Mixed) (G1 Humongous Allocation)
[338.222s][info][gc,task        ] GC(226) Using 4 workers of 4 for evacuation
[338.229s][info][gc,phases      ] GC(226)   Pre Evacuate Collection Set: 0.15ms
[338.229s][info][gc,phases      ] GC(226)   Merge Heap Roots: 0.10ms
[338.229s][info][gc,phases      ] GC(226)   Evacuate Collection Set: 4.29ms
[338.229s][info][gc,phases      ] GC(226)   Post Evacuate Collection Set: 2.60ms
[338.229s][info][gc,phases      ] GC(226)   Other: 0.05ms
[338.229s][info][gc,heap        ] GC(226) Eden regions: 111->0(152)
[338.229s][info][gc,heap        ] GC(226) Survivor regions: 10->18(27)
[338.229s][info][gc,heap        ] GC(226) Old regions: 517->627
[338.229s][info][gc,heap        ] GC(226) Humongous regions: 763->509
[338.229s][info][gc,metaspace   ] GC(226) Metaspace: 100174K(101248K)->100174K(101248K) NonClass: 78290K(78784K)->78290K(78784K) Class: 21884K(22464K)->21884K(22464K)
[338.229s][info][gc             ] GC(226) Pause Young (Mixed) (G1 Humongous Allocation) (Evacuation Failure: Allocation) 2800M->2307M(2868M) 7.295ms
[338.229s][info][gc,cpu         ] GC(226) User=0.03s Sys=0.00s Real=0.00s
[338.231s][info][gc,start       ] GC(227) Pause Young (Concurrent Start) (G1 Humongous Allocation)
[338.231s][info][gc,task        ] GC(227) Using 4 workers of 4 for evacuation
[338.237s][info][gc,phases      ] GC(227)   Pre Evacuate Collection Set: 0.18ms
[338.237s][info][gc,phases      ] GC(227)   Merge Heap Roots: 0.08ms
[338.237s][info][gc,phases      ] GC(227)   Evacuate Collection Set: 5.77ms
[338.237s][info][gc,phases      ] GC(227)   Post Evacuate Collection Set: 0.53ms
[338.237s][info][gc,phases      ] GC(227)   Other: 0.04ms
[338.237s][info][gc,heap        ] GC(227) Eden regions: 3->0(239)
[338.237s][info][gc,heap        ] GC(227) Survivor regions: 18->2(22)
[338.237s][info][gc,heap        ] GC(227) Old regions: 627->492
[338.237s][info][gc,heap        ] GC(227) Humongous regions: 512->510
[338.237s][info][gc,metaspace   ] GC(227) Metaspace: 100174K(101248K)->100174K(101248K) NonClass: 78290K(78784K)->78290K(78784K) Class: 21884K(22464K)->21884K(22464K)
[338.237s][info][gc             ] GC(227) Pause Young (Concurrent Start) (G1 Humongous Allocation) 2317M->2006M(2868M) 6.694ms
[338.237s][info][gc             ] GC(228) Concurrent Mark Cycle
[338.237s][info][gc,marking     ] GC(228) Concurrent Scan Root Regions
[338.237s][info][gc,cpu         ] GC(227) User=0.02s Sys=0.00s Real=0.00s
[338.243s][info][gc,marking     ] GC(228) Concurrent Scan Root Regions 5.966ms
[338.243s][info][gc,marking     ] GC(228) Concurrent Mark
[338.243s][info][gc,marking     ] GC(228) Concurrent Mark From Roots
[338.243s][info][gc,task        ] GC(228) Using 1 workers of 1 for marking
[338.290s][info][gc,marking     ] GC(228) Concurrent Mark From Roots 46.761ms
[338.290s][info][gc,marking     ] GC(228) Concurrent Preclean
[338.290s][info][gc,marking     ] GC(228) Concurrent Preclean 0.119ms
[338.290s][info][gc,start       ] GC(228) Pause Remark
[338.294s][info][gc             ] GC(228) Pause Remark 2154M->1776M(2868M) 3.670ms
[338.294s][info][gc,cpu         ] GC(228) User=0.00s Sys=0.00s Real=0.00s
[338.294s][info][gc,marking     ] GC(228) Concurrent Mark 50.704ms
[338.294s][info][gc,marking     ] GC(228) Concurrent Rebuild Remembered Sets and Scrub Regions
[338.321s][info][gc,marking     ] GC(228) Concurrent Rebuild Remembered Sets and Scrub Regions 27.391ms
[338.322s][info][gc,start       ] GC(228) Pause Cleanup
[338.322s][info][gc             ] GC(228) Pause Cleanup 1810M->1810M(2868M) 0.080ms
[338.322s][info][gc,cpu         ] GC(228) User=0.01s Sys=0.00s Real=0.00s
[338.322s][info][gc,marking     ] GC(228) Concurrent Clear Claimed Marks
[338.322s][info][gc,marking     ] GC(228) Concurrent Clear Claimed Marks 0.114ms
[338.322s][info][gc,marking     ] GC(228) Concurrent Cleanup for Next Mark
[338.323s][info][gc,marking     ] GC(228) Concurrent Cleanup for Next Mark 1.454ms
[338.323s][info][gc             ] GC(228) Concurrent Mark Cycle 85.866ms
[338.551s][info][gc,start       ] GC(229) Pause Young (Prepare Mixed) (G1 Humongous Allocation)
[338.551s][info][gc,task        ] GC(229) Using 4 workers of 4 for evacuation
[338.559s][info][gc,phases      ] GC(229)   Pre Evacuate Collection Set: 0.11ms
[338.559s][info][gc,phases      ] GC(229)   Merge Heap Roots: 0.08ms
[338.559s][info][gc,phases      ] GC(229)   Evacuate Collection Set: 6.19ms
[338.559s][info][gc,phases      ] GC(229)   Post Evacuate Collection Set: 2.20ms
[338.559s][info][gc,phases      ] GC(229)   Other: 0.05ms
[338.559s][info][gc,heap        ] GC(229) Eden regions: 184->0(145)
[338.559s][info][gc,heap        ] GC(229) Survivor regions: 2->31(31)
[338.559s][info][gc,heap        ] GC(229) Old regions: 408->623
[338.559s][info][gc,heap        ] GC(229) Humongous regions: 773->515
[338.559s][info][gc,metaspace   ] GC(229) Metaspace: 100174K(101248K)->100174K(101248K) NonClass: 78290K(78784K)->78290K(78784K) Class: 21884K(22464K)->21884K(22464K)
[338.559s][info][gc             ] GC(229) Pause Young (Prepare Mixed) (G1 Humongous Allocation) (Evacuation Failure: Allocation) 2732M->2337M(2868M) 8.720ms
[338.559s][info][gc,cpu         ] GC(229) User=0.03s Sys=0.00s Real=0.00s
[338.730s][info][gc,start       ] GC(230) Pause Young (Mixed) (G1 Humongous Allocation)
[338.730s][info][gc,task        ] GC(230) Using 4 workers of 4 for evacuation
[338.739s][info][gc,phases      ] GC(230)   Pre Evacuate Collection Set: 0.20ms
[338.739s][info][gc,phases      ] GC(230)   Merge Heap Roots: 0.08ms
[338.739s][info][gc,phases      ] GC(230)   Evacuate Collection Set: 5.04ms
[338.739s][info][gc,phases      ] GC(230)   Post Evacuate Collection Set: 3.87ms
[338.739s][info][gc,phases      ] GC(230)   Other: 0.05ms
[338.739s][info][gc,heap        ] GC(230) Eden regions: 86->0(86)
[338.739s][info][gc,heap        ] GC(230) Survivor regions: 31->22(22)
[338.739s][info][gc,heap        ] GC(230) Old regions: 623->738
[338.739s][info][gc,heap        ] GC(230) Humongous regions: 640->515
[338.739s][info][gc,metaspace   ] GC(230) Metaspace: 100174K(101248K)->100174K(101248K) NonClass: 78290K(78784K)->78290K(78784K) Class: 21884K(22464K)->21884K(22464K)
[338.739s][info][gc             ] GC(230) Pause Young (Mixed) (G1 Humongous Allocation) (Evacuation Failure: Allocation) 2758M->2549M(2868M) 9.326ms
[338.739s][info][gc,cpu         ] GC(230) User=0.03s Sys=0.00s Real=0.00s
[338.741s][info][gc,start       ] GC(231) Pause Young (Concurrent Start) (G1 Humongous Allocation)
[338.741s][info][gc,task        ] GC(231) Using 4 workers of 4 for evacuation
[338.746s][info][gc,phases      ] GC(231)   Pre Evacuate Collection Set: 0.25ms
[338.746s][info][gc,phases      ] GC(231)   Merge Heap Roots: 0.06ms
[338.746s][info][gc,phases      ] GC(231)   Evacuate Collection Set: 4.73ms
[338.746s][info][gc,phases      ] GC(231)   Post Evacuate Collection Set: 0.51ms
[338.746s][info][gc,phases      ] GC(231)   Other: 0.06ms
[338.746s][info][gc,heap        ] GC(231) Eden regions: 5->0(258)
[338.746s][info][gc,heap        ] GC(231) Survivor regions: 22->3(14)
[338.746s][info][gc,heap        ] GC(231) Old regions: 738->465
[338.746s][info][gc,heap        ] GC(231) Humongous regions: 520->517
[338.746s][info][gc,metaspace   ] GC(231) Metaspace: 100174K(101248K)->100174K(101248K) NonClass: 78290K(78784K)->78290K(78784K) Class: 21884K(22464K)->21884K(22464K)
[338.746s][info][gc             ] GC(231) Pause Young (Concurrent Start) (G1 Humongous Allocation) 2568M->1967M(2868M) 5.707ms
[338.746s][info][gc             ] GC(232) Concurrent Mark Cycle
[338.746s][info][gc,marking     ] GC(232) Concurrent Scan Root Regions
[338.746s][info][gc,cpu         ] GC(231) User=0.02s Sys=0.00s Real=0.00s
[338.752s][info][gc,marking     ] GC(232) Concurrent Scan Root Regions 5.094ms
[338.752s][info][gc,marking     ] GC(232) Concurrent Mark
[338.752s][info][gc,marking     ] GC(232) Concurrent Mark From Roots
[338.752s][info][gc,task        ] GC(232) Using 1 workers of 1 for marking
[338.808s][info][gc,marking     ] GC(232) Concurrent Mark From Roots 56.421ms
[338.808s][info][gc,marking     ] GC(232) Concurrent Preclean
[338.808s][info][gc,marking     ] GC(232) Concurrent Preclean 0.105ms
[338.808s][info][gc,start       ] GC(232) Pause Remark
[338.810s][info][gc             ] GC(232) Pause Remark 2274M->1892M(2868M) 1.993ms
[338.810s][info][gc,cpu         ] GC(232) User=0.00s Sys=0.00s Real=0.01s
[338.810s][info][gc,marking     ] GC(232) Concurrent Mark 58.635ms
[338.810s][info][gc,marking     ] GC(232) Concurrent Rebuild Remembered Sets and Scrub Regions
[338.834s][info][gc,marking     ] GC(232) Concurrent Rebuild Remembered Sets and Scrub Regions 24.254ms
[338.835s][info][gc,start       ] GC(232) Pause Cleanup
[338.835s][info][gc             ] GC(232) Pause Cleanup 1893M->1893M(2868M) 0.074ms
[338.835s][info][gc,cpu         ] GC(232) User=0.00s Sys=0.00s Real=0.00s
[338.835s][info][gc,marking     ] GC(232) Concurrent Clear Claimed Marks
[338.835s][info][gc,marking     ] GC(232) Concurrent Clear Claimed Marks 0.114ms
[338.835s][info][gc,marking     ] GC(232) Concurrent Cleanup for Next Mark
[338.836s][info][gc,marking     ] GC(232) Concurrent Cleanup for Next Mark 1.180ms
[338.836s][info][gc             ] GC(232) Concurrent Mark Cycle 89.492ms
[339.732s][info][gc,start       ] GC(233) Pause Young (Prepare Mixed) (G1 Humongous Allocation)
[339.732s][info][gc,task        ] GC(233) Using 4 workers of 4 for evacuation
[339.741s][info][gc,phases      ] GC(233)   Pre Evacuate Collection Set: 0.13ms
[339.741s][info][gc,phases      ] GC(233)   Merge Heap Roots: 0.08ms
[339.741s][info][gc,phases      ] GC(233)   Evacuate Collection Set: 7.41ms
[339.741s][info][gc,phases      ] GC(233)   Post Evacuate Collection Set: 1.46ms
[339.741s][info][gc,phases      ] GC(233)   Other: 0.06ms
[339.741s][info][gc,heap        ] GC(233) Eden regions: 239->0(227)
[339.741s][info][gc,heap        ] GC(233) Survivor regions: 3->33(33)
[339.741s][info][gc,heap        ] GC(233) Old regions: 389->491
[339.741s][info][gc,heap        ] GC(233) Humongous regions: 728->509
[339.741s][info][gc,metaspace   ] GC(233) Metaspace: 100174K(101248K)->100174K(101248K) NonClass: 78290K(78784K)->78290K(78784K) Class: 21884K(22464K)->21884K(22464K)
[339.741s][info][gc             ] GC(233) Pause Young (Prepare Mixed) (G1 Humongous Allocation) (Evacuation Failure: Allocation) 2714M->2065M(2868M) 9.256ms
[339.741s][info][gc,cpu         ] GC(233) User=0.03s Sys=0.00s Real=0.01s
[339.869s][info][gc,start       ] GC(234) Pause Young (Mixed) (G1 Humongous Allocation)
[339.869s][info][gc,task        ] GC(234) Using 4 workers of 4 for evacuation
[339.877s][info][gc,phases      ] GC(234)   Pre Evacuate Collection Set: 0.46ms
[339.877s][info][gc,phases      ] GC(234)   Merge Heap Roots: 0.15ms
[339.877s][info][gc,phases      ] GC(234)   Evacuate Collection Set: 4.72ms
[339.877s][info][gc,phases      ] GC(234)   Post Evacuate Collection Set: 1.93ms
[339.877s][info][gc,phases      ] GC(234)   Other: 0.06ms
[339.877s][info][gc,heap        ] GC(234) Eden regions: 62->0(200)
[339.877s][info][gc,heap        ] GC(234) Survivor regions: 33->20(33)
[339.877s][info][gc,heap        ] GC(234) Old regions: 491->496
[339.877s][info][gc,heap        ] GC(234) Humongous regions: 796->559
[339.877s][info][gc,metaspace   ] GC(234) Metaspace: 100174K(101248K)->100174K(101248K) NonClass: 78290K(78784K)->78290K(78784K) Class: 21884K(22464K)->21884K(22464K)
[339.877s][info][gc             ] GC(234) Pause Young (Mixed) (G1 Humongous Allocation) (Evacuation Failure: Allocation) 2762M->2149M(2868M) 7.416ms
[339.877s][info][gc,cpu         ] GC(234) User=0.02s Sys=0.00s Real=0.01s
[339.878s][info][gc,start       ] GC(235) Pause Young (Concurrent Start) (G1 Humongous Allocation)
[339.878s][info][gc,task        ] GC(235) Using 4 workers of 4 for evacuation
[339.881s][info][gc,phases      ] GC(235)   Pre Evacuate Collection Set: 0.19ms
[339.881s][info][gc,phases      ] GC(235)   Merge Heap Roots: 0.05ms
[339.881s][info][gc,phases      ] GC(235)   Evacuate Collection Set: 2.96ms
[339.881s][info][gc,phases      ] GC(235)   Post Evacuate Collection Set: 0.48ms
[339.881s][info][gc,phases      ] GC(235)   Other: 0.05ms
[339.881s][info][gc,heap        ] GC(235) Eden regions: 2->0(269)
[339.881s][info][gc,heap        ] GC(235) Survivor regions: 20->2(28)
[339.881s][info][gc,heap        ] GC(235) Old regions: 496->424
[339.881s][info][gc,heap        ] GC(235) Humongous regions: 562->560
[339.881s][info][gc,metaspace   ] GC(235) Metaspace: 100174K(101248K)->100174K(101248K) NonClass: 78290K(78784K)->78290K(78784K) Class: 21884K(22464K)->21884K(22464K)
[339.881s][info][gc             ] GC(235) Pause Young (Concurrent Start) (G1 Humongous Allocation) 2159M->1970M(2868M) 3.813ms
[339.881s][info][gc,cpu         ] GC(235) User=0.02s Sys=0.00s Real=0.01s
[339.881s][info][gc             ] GC(236) Concurrent Mark Cycle
[339.881s][info][gc,marking     ] GC(236) Concurrent Scan Root Regions
[339.886s][info][gc,marking     ] GC(236) Concurrent Scan Root Regions 4.194ms
[339.886s][info][gc,marking     ] GC(236) Concurrent Mark
[339.886s][info][gc,marking     ] GC(236) Concurrent Mark From Roots
[339.886s][info][gc,task        ] GC(236) Using 1 workers of 1 for marking
[339.931s][info][gc,marking     ] GC(236) Concurrent Mark From Roots 45.000ms
[339.931s][info][gc,marking     ] GC(236) Concurrent Preclean
[339.931s][info][gc,marking     ] GC(236) Concurrent Preclean 0.151ms
[339.931s][info][gc,start       ] GC(236) Pause Remark
[339.935s][info][gc             ] GC(236) Pause Remark 2039M->1439M(2868M) 4.083ms
[339.935s][info][gc,cpu         ] GC(236) User=0.01s Sys=0.00s Real=0.00s
[339.935s][info][gc,marking     ] GC(236) Concurrent Mark 49.418ms
[339.935s][info][gc,marking     ] GC(236) Concurrent Rebuild Remembered Sets and Scrub Regions
[339.959s][info][gc,marking     ] GC(236) Concurrent Rebuild Remembered Sets and Scrub Regions 24.356ms
[339.959s][info][gc,start       ] GC(236) Pause Cleanup
[339.960s][info][gc             ] GC(236) Pause Cleanup 1496M->1496M(2868M) 0.088ms
[339.960s][info][gc,cpu         ] GC(236) User=0.00s Sys=0.00s Real=0.00s
[339.960s][info][gc,marking     ] GC(236) Concurrent Clear Claimed Marks
[339.960s][info][gc,marking     ] GC(236) Concurrent Clear Claimed Marks 0.126ms
[339.960s][info][gc,marking     ] GC(236) Concurrent Cleanup for Next Mark
[339.961s][info][gc,marking     ] GC(236) Concurrent Cleanup for Next Mark 1.367ms
[339.961s][info][gc             ] GC(236) Concurrent Mark Cycle 79.720ms
[340.968s][info][gc,start       ] GC(237) Pause Young (Prepare Mixed) (G1 Evacuation Pause)
[340.968s][info][gc,task        ] GC(237) Using 4 workers of 4 for evacuation
[340.979s][info][gc,phases      ] GC(237)   Pre Evacuate Collection Set: 0.15ms
[340.979s][info][gc,phases      ] GC(237)   Merge Heap Roots: 0.07ms
[340.979s][info][gc,phases      ] GC(237)   Evacuate Collection Set: 9.97ms
[340.979s][info][gc,phases      ] GC(237)   Post Evacuate Collection Set: 0.68ms
[340.979s][info][gc,phases      ] GC(237)   Other: 0.06ms
[340.979s][info][gc,heap        ] GC(237) Eden regions: 269->0(303)
[340.979s][info][gc,heap        ] GC(237) Survivor regions: 2->34(34)
[340.979s][info][gc,heap        ] GC(237) Old regions: 279->359
[340.979s][info][gc,heap        ] GC(237) Humongous regions: 705->492
[340.979s][info][gc,metaspace   ] GC(237) Metaspace: 100184K(101248K)->100184K(101248K) NonClass: 78300K(78784K)->78300K(78784K) Class: 21884K(22464K)->21884K(22464K)
[340.979s][info][gc             ] GC(237) Pause Young (Prepare Mixed) (G1 Evacuation Pause) 2508M->1768M(2868M) 11.056ms
[340.979s][info][gc,cpu         ] GC(237) User=0.04s Sys=0.00s Real=0.02s
[341.214s][info][gc,start       ] GC(238) Pause Young (Mixed) (G1 Humongous Allocation)
[341.214s][info][gc,task        ] GC(238) Using 4 workers of 4 for evacuation
[341.221s][info][gc,phases      ] GC(238)   Pre Evacuate Collection Set: 0.21ms
[341.221s][info][gc,phases      ] GC(238)   Merge Heap Roots: 0.07ms
[341.221s][info][gc,phases      ] GC(238)   Evacuate Collection Set: 3.78ms
[341.221s][info][gc,phases      ] GC(238)   Post Evacuate Collection Set: 2.88ms
[341.221s][info][gc,phases      ] GC(238)   Other: 0.05ms
[341.221s][info][gc,heap        ] GC(238) Eden regions: 116->0(191)
[341.221s][info][gc,heap        ] GC(238) Survivor regions: 34->18(27)
[341.221s][info][gc,heap        ] GC(238) Old regions: 359->512
[341.221s][info][gc,heap        ] GC(238) Humongous regions: 898->565
[341.221s][info][gc,metaspace   ] GC(238) Metaspace: 100184K(101248K)->100184K(101248K) NonClass: 78300K(78784K)->78300K(78784K) Class: 21884K(22464K)->21884K(22464K)
[341.221s][info][gc             ] GC(238) Pause Young (Mixed) (G1 Humongous Allocation) (Evacuation Failure: Allocation) 2811M->2189M(2868M) 7.121ms
[341.221s][info][gc,cpu         ] GC(238) User=0.02s Sys=0.00s Real=0.01s
[341.223s][info][gc,start       ] GC(239) Pause Young (Concurrent Start) (G1 Humongous Allocation)
[341.223s][info][gc,task        ] GC(239) Using 4 workers of 4 for evacuation
[341.228s][info][gc,phases      ] GC(239)   Pre Evacuate Collection Set: 0.23ms
[341.228s][info][gc,phases      ] GC(239)   Merge Heap Roots: 0.08ms
[341.228s][info][gc,phases      ] GC(239)   Evacuate Collection Set: 4.37ms
[341.228s][info][gc,phases      ] GC(239)   Post Evacuate Collection Set: 0.56ms
[341.228s][info][gc,phases      ] GC(239)   Other: 0.06ms
[341.228s][info][gc,heap        ] GC(239) Eden regions: 5->0(268)
[341.228s][info][gc,heap        ] GC(239) Survivor regions: 18->3(27)
[341.228s][info][gc,heap        ] GC(239) Old regions: 512->401
[341.228s][info][gc,heap        ] GC(239) Humongous regions: 570->567
[341.228s][info][gc,metaspace   ] GC(239) Metaspace: 100184K(101248K)->100184K(101248K) NonClass: 78300K(78784K)->78300K(78784K) Class: 21884K(22464K)->21884K(22464K)
[341.228s][info][gc             ] GC(239) Pause Young (Concurrent Start) (G1 Humongous Allocation) 2208M->1939M(2868M) 5.387ms
[341.228s][info][gc             ] GC(240) Concurrent Mark Cycle
[341.228s][info][gc,marking     ] GC(240) Concurrent Scan Root Regions
[341.228s][info][gc,cpu         ] GC(239) User=0.02s Sys=0.00s Real=0.00s
[341.233s][info][gc,marking     ] GC(240) Concurrent Scan Root Regions 4.688ms
[341.233s][info][gc,marking     ] GC(240) Concurrent Mark
[341.233s][info][gc,marking     ] GC(240) Concurrent Mark From Roots
[341.233s][info][gc,task        ] GC(240) Using 1 workers of 1 for marking
[341.276s][info][gc,marking     ] GC(240) Concurrent Mark From Roots 43.316ms
[341.276s][info][gc,marking     ] GC(240) Concurrent Preclean
[341.276s][info][gc,marking     ] GC(240) Concurrent Preclean 0.117ms
[341.276s][info][gc,start       ] GC(240) Pause Remark
[341.280s][info][gc             ] GC(240) Pause Remark 2058M->1552M(2868M) 3.449ms
[341.280s][info][gc,cpu         ] GC(240) User=0.01s Sys=0.00s Real=0.01s
[341.280s][info][gc,marking     ] GC(240) Concurrent Mark 47.012ms
[341.280s][info][gc,marking     ] GC(240) Concurrent Rebuild Remembered Sets and Scrub Regions
[341.307s][info][gc,marking     ] GC(240) Concurrent Rebuild Remembered Sets and Scrub Regions 27.162ms
[341.307s][info][gc,start       ] GC(240) Pause Cleanup
[341.307s][info][gc             ] GC(240) Pause Cleanup 1741M->1741M(2868M) 0.087ms
[341.307s][info][gc,cpu         ] GC(240) User=0.00s Sys=0.00s Real=0.00s
[341.307s][info][gc,marking     ] GC(240) Concurrent Clear Claimed Marks
[341.307s][info][gc,marking     ] GC(240) Concurrent Clear Claimed Marks 0.114ms
[341.307s][info][gc,marking     ] GC(240) Concurrent Cleanup for Next Mark
[341.309s][info][gc,marking     ] GC(240) Concurrent Cleanup for Next Mark 1.737ms
[341.309s][info][gc             ] GC(240) Concurrent Mark Cycle 80.988ms
[342.218s][info][gc,start       ] GC(241) Pause Young (Prepare Mixed) (G1 Humongous Allocation)
[342.218s][info][gc,task        ] GC(241) Using 4 workers of 4 for evacuation
[342.227s][info][gc,phases      ] GC(241)   Pre Evacuate Collection Set: 0.21ms
[342.227s][info][gc,phases      ] GC(241)   Merge Heap Roots: 0.10ms
[342.227s][info][gc,phases      ] GC(241)   Evacuate Collection Set: 5.52ms
[342.227s][info][gc,phases      ] GC(241)   Post Evacuate Collection Set: 2.85ms
[342.227s][info][gc,phases      ] GC(241)   Other: 0.06ms
[342.227s][info][gc,heap        ] GC(241) Eden regions: 261->0(169)
[342.227s][info][gc,heap        ] GC(241) Survivor regions: 3->34(34)
[342.227s][info][gc,heap        ] GC(241) Old regions: 313->571
[342.227s][info][gc,heap        ] GC(241) Humongous regions: 804->543
[342.227s][info][gc,metaspace   ] GC(241) Metaspace: 100186K(101248K)->100186K(101248K) NonClass: 78302K(78784K)->78302K(78784K) Class: 21884K(22464K)->21884K(22464K)
[342.227s][info][gc             ] GC(241) Pause Young (Prepare Mixed) (G1 Humongous Allocation) (Evacuation Failure: Allocation) 2758M->2294M(2868M) 8.844ms
[342.227s][info][gc,cpu         ] GC(241) User=0.02s Sys=0.00s Real=0.01s
[342.312s][info][gc,start       ] GC(242) Pause Young (Mixed) (G1 Humongous Allocation)
[342.312s][info][gc,task        ] GC(242) Using 4 workers of 4 for evacuation
[342.318s][info][gc,phases      ] GC(242)   Pre Evacuate Collection Set: 0.24ms
[342.318s][info][gc,phases      ] GC(242)   Merge Heap Roots: 0.11ms
[342.318s][info][gc,phases      ] GC(242)   Evacuate Collection Set: 2.70ms
[342.318s][info][gc,phases      ] GC(242)   Post Evacuate Collection Set: 2.96ms
[342.318s][info][gc,phases      ] GC(242)   Other: 0.25ms
[342.318s][info][gc,heap        ] GC(242) Eden regions: 46->0(197)
[342.318s][info][gc,heap        ] GC(242) Survivor regions: 34->6(21)
[342.318s][info][gc,heap        ] GC(242) Old regions: 571->517
[342.318s][info][gc,heap        ] GC(242) Humongous regions: 762->584
[342.318s][info][gc,metaspace   ] GC(242) Metaspace: 100186K(101248K)->100186K(101248K) NonClass: 78302K(78784K)->78302K(78784K) Class: 21884K(22464K)->21884K(22464K)
[342.318s][info][gc             ] GC(242) Pause Young (Mixed) (G1 Humongous Allocation) (Evacuation Failure: Allocation) 2823M->2213M(2868M) 6.359ms
[342.318s][info][gc,cpu         ] GC(242) User=0.02s Sys=0.00s Real=0.00s
[342.319s][info][gc,start       ] GC(243) Pause Young (Concurrent Start) (G1 Humongous Allocation)
[342.319s][info][gc,task        ] GC(243) Using 4 workers of 4 for evacuation
[342.324s][info][gc,phases      ] GC(243)   Pre Evacuate Collection Set: 0.47ms
[342.324s][info][gc,phases      ] GC(243)   Merge Heap Roots: 0.13ms
[342.324s][info][gc,phases      ] GC(243)   Evacuate Collection Set: 3.56ms
[342.324s][info][gc,phases      ] GC(243)   Post Evacuate Collection Set: 0.76ms
[342.324s][info][gc,phases      ] GC(243)   Other: 0.08ms
[342.324s][info][gc,heap        ] GC(243) Eden regions: 2->0(288)
[342.324s][info][gc,heap        ] GC(243) Survivor regions: 6->8(26)
[342.324s][info][gc,heap        ] GC(243) Old regions: 517->343
[342.324s][info][gc,heap        ] GC(243) Humongous regions: 587->585
[342.324s][info][gc,metaspace   ] GC(243) Metaspace: 100186K(101248K)->100186K(101248K) NonClass: 78302K(78784K)->78302K(78784K) Class: 21884K(22464K)->21884K(22464K)
[342.324s][info][gc             ] GC(243) Pause Young (Concurrent Start) (G1 Humongous Allocation) 2222M->1870M(2868M) 5.137ms
[342.324s][info][gc,cpu         ] GC(243) User=0.02s Sys=0.00s Real=0.01s
[342.324s][info][gc             ] GC(244) Concurrent Mark Cycle
[342.324s][info][gc,marking     ] GC(244) Concurrent Scan Root Regions
[342.328s][info][gc,marking     ] GC(244) Concurrent Scan Root Regions 3.716ms
[342.328s][info][gc,marking     ] GC(244) Concurrent Mark
[342.328s][info][gc,marking     ] GC(244) Concurrent Mark From Roots
[342.328s][info][gc,task        ] GC(244) Using 1 workers of 1 for marking
[342.371s][info][gc,marking     ] GC(244) Concurrent Mark From Roots 43.668ms
[342.371s][info][gc,marking     ] GC(244) Concurrent Preclean
[342.371s][info][gc,marking     ] GC(244) Concurrent Preclean 0.192ms
[342.372s][info][gc,start       ] GC(244) Pause Remark
[342.375s][info][gc             ] GC(244) Pause Remark 2005M->1389M(2868M) 3.225ms
[342.375s][info][gc,cpu         ] GC(244) User=0.01s Sys=0.00s Real=0.00s
[342.375s][info][gc,marking     ] GC(244) Concurrent Mark 47.381ms
[342.375s][info][gc,marking     ] GC(244) Concurrent Rebuild Remembered Sets and Scrub Regions
[342.397s][info][gc,marking     ] GC(244) Concurrent Rebuild Remembered Sets and Scrub Regions 22.261ms
[342.397s][info][gc,start       ] GC(244) Pause Cleanup
[342.397s][info][gc             ] GC(244) Pause Cleanup 1411M->1411M(2868M) 0.083ms
[342.397s][info][gc,cpu         ] GC(244) User=0.00s Sys=0.00s Real=0.00s
[342.397s][info][gc,marking     ] GC(244) Concurrent Clear Claimed Marks
[342.398s][info][gc,marking     ] GC(244) Concurrent Clear Claimed Marks 0.172ms
[342.398s][info][gc,marking     ] GC(244) Concurrent Cleanup for Next Mark
[342.399s][info][gc,marking     ] GC(244) Concurrent Cleanup for Next Mark 1.394ms
[342.399s][info][gc             ] GC(244) Concurrent Mark Cycle 75.220ms
[343.608s][info][gc,start       ] GC(245) Pause Young (Prepare Mixed) (G1 Evacuation Pause)
[343.608s][info][gc,task        ] GC(245) Using 4 workers of 4 for evacuation
[343.619s][info][gc,phases      ] GC(245)   Pre Evacuate Collection Set: 0.11ms
[343.619s][info][gc,phases      ] GC(245)   Merge Heap Roots: 0.06ms
[343.619s][info][gc,phases      ] GC(245)   Evacuate Collection Set: 9.41ms
[343.619s][info][gc,phases      ] GC(245)   Post Evacuate Collection Set: 0.51ms
[343.619s][info][gc,phases      ] GC(245)   Other: 0.05ms
[343.619s][info][gc,heap        ] GC(245) Eden regions: 288->0(326)
[343.619s][info][gc,heap        ] GC(245) Survivor regions: 8->37(37)
[343.619s][info][gc,heap        ] GC(245) Old regions: 215->295
[343.619s][info][gc,heap        ] GC(245) Humongous regions: 756->507
[343.619s][info][gc,metaspace   ] GC(245) Metaspace: 100186K(101248K)->100186K(101248K) NonClass: 78302K(78784K)->78302K(78784K) Class: 21884K(22464K)->21884K(22464K)
[343.619s][info][gc             ] GC(245) Pause Young (Prepare Mixed) (G1 Evacuation Pause) 2532M->1676M(2868M) 10.238ms
[343.619s][info][gc,cpu         ] GC(245) User=0.04s Sys=0.00s Real=0.01s
[343.921s][info][gc,start       ] GC(246) Pause Young (Mixed) (G1 Humongous Allocation)
[343.921s][info][gc,task        ] GC(246) Using 4 workers of 4 for evacuation
[343.930s][info][gc,phases      ] GC(246)   Pre Evacuate Collection Set: 0.28ms
[343.930s][info][gc,phases      ] GC(246)   Merge Heap Roots: 0.07ms
[343.930s][info][gc,phases      ] GC(246)   Evacuate Collection Set: 3.87ms
[343.930s][info][gc,phases      ] GC(246)   Post Evacuate Collection Set: 4.38ms
[343.930s][info][gc,phases      ] GC(246)   Other: 0.07ms
[343.930s][info][gc,heap        ] GC(246) Eden regions: 134->0(191)
[343.930s][info][gc,heap        ] GC(246) Survivor regions: 37->3(7)
[343.930s][info][gc,heap        ] GC(246) Old regions: 295->466
[343.930s][info][gc,heap        ] GC(246) Humongous regions: 961->634
[343.930s][info][gc,metaspace   ] GC(246) Metaspace: 100186K(101248K)->100186K(101248K) NonClass: 78302K(78784K)->78302K(78784K) Class: 21884K(22464K)->21884K(22464K)
[343.930s][info][gc             ] GC(246) Pause Young (Mixed) (G1 Humongous Allocation) (Evacuation Failure: Allocation) 2851M->2205M(2868M) 8.780ms
[343.930s][info][gc,cpu         ] GC(246) User=0.03s Sys=0.00s Real=0.01s
[343.930s][info][gc,start       ] GC(247) Pause Young (Concurrent Start) (G1 Humongous Allocation)
[343.930s][info][gc,task        ] GC(247) Using 4 workers of 4 for evacuation
[343.938s][info][gc,phases      ] GC(247)   Pre Evacuate Collection Set: 0.36ms
[343.938s][info][gc,phases      ] GC(247)   Merge Heap Roots: 0.14ms
[343.938s][info][gc,phases      ] GC(247)   Evacuate Collection Set: 6.94ms
[343.938s][info][gc,phases      ] GC(247)   Post Evacuate Collection Set: 0.70ms
[343.938s][info][gc,phases      ] GC(247)   Other: 0.06ms
[343.938s][info][gc,heap        ] GC(247) Eden regions: 2->0(271)
[343.938s][info][gc,heap        ] GC(247) Survivor regions: 3->5(25)
[343.938s][info][gc,heap        ] GC(247) Old regions: 466->358
[343.938s][info][gc,heap        ] GC(247) Humongous regions: 637->635
[343.938s][info][gc,metaspace   ] GC(247) Metaspace: 100186K(101248K)->100186K(101248K) NonClass: 78302K(78784K)->78302K(78784K) Class: 21884K(22464K)->21884K(22464K)
[343.938s][info][gc             ] GC(247) Pause Young (Concurrent Start) (G1 Humongous Allocation) 2215M->1994M(2868M) 8.277ms
[343.938s][info][gc,cpu         ] GC(247) User=0.03s Sys=0.00s Real=0.00s
[343.938s][info][gc             ] GC(248) Concurrent Mark Cycle
[343.938s][info][gc,marking     ] GC(248) Concurrent Scan Root Regions
[343.944s][info][gc,marking     ] GC(248) Concurrent Scan Root Regions 6.061ms
[343.944s][info][gc,marking     ] GC(248) Concurrent Mark
[343.945s][info][gc,marking     ] GC(248) Concurrent Mark From Roots
[343.945s][info][gc,task        ] GC(248) Using 1 workers of 1 for marking
[343.999s][info][gc,marking     ] GC(248) Concurrent Mark From Roots 54.962ms
[344.000s][info][gc,marking     ] GC(248) Concurrent Preclean
[344.000s][info][gc,marking     ] GC(248) Concurrent Preclean 0.245ms
[344.000s][info][gc,start       ] GC(248) Pause Remark
[344.004s][info][gc             ] GC(248) Pause Remark 2170M->1568M(2868M) 4.268ms
[344.004s][info][gc,cpu         ] GC(248) User=0.01s Sys=0.00s Real=0.00s
[344.004s][info][gc,marking     ] GC(248) Concurrent Mark 59.755ms
[344.004s][info][gc,marking     ] GC(248) Concurrent Rebuild Remembered Sets and Scrub Regions
[344.034s][info][gc,marking     ] GC(248) Concurrent Rebuild Remembered Sets and Scrub Regions 29.608ms
[344.035s][info][gc,start       ] GC(248) Pause Cleanup
[344.035s][info][gc             ] GC(248) Pause Cleanup 1600M->1600M(2868M) 0.230ms
[344.035s][info][gc,cpu         ] GC(248) User=0.00s Sys=0.00s Real=0.00s
[344.035s][info][gc,marking     ] GC(248) Concurrent Clear Claimed Marks
[344.035s][info][gc,marking     ] GC(248) Concurrent Clear Claimed Marks 0.171ms
[344.035s][info][gc,marking     ] GC(248) Concurrent Cleanup for Next Mark
[344.037s][info][gc,marking     ] GC(248) Concurrent Cleanup for Next Mark 2.114ms
[344.037s][info][gc             ] GC(248) Concurrent Mark Cycle 98.769ms
[344.918s][info][gc,start       ] GC(249) Pause Young (Prepare Mixed) (G1 Humongous Allocation)
[344.918s][info][gc,task        ] GC(249) Using 4 workers of 4 for evacuation
[344.922s][info][gc,phases      ] GC(249)   Pre Evacuate Collection Set: 0.18ms
[344.922s][info][gc,phases      ] GC(249)   Merge Heap Roots: 0.10ms
[344.922s][info][gc,phases      ] GC(249)   Evacuate Collection Set: 3.44ms
[344.922s][info][gc,phases      ] GC(249)   Post Evacuate Collection Set: 0.63ms
[344.922s][info][gc,phases      ] GC(249)   Other: 0.06ms
[344.922s][info][gc,heap        ] GC(249) Eden regions: 248->0(343)
[344.922s][info][gc,heap        ] GC(249) Survivor regions: 5->35(35)
[344.922s][info][gc,heap        ] GC(249) Old regions: 272->275
[344.922s][info][gc,heap        ] GC(249) Humongous regions: 868->574
[344.922s][info][gc,metaspace   ] GC(249) Metaspace: 100195K(101248K)->100195K(101248K) NonClass: 78311K(78784K)->78311K(78784K) Class: 21884K(22464K)->21884K(22464K)
[344.922s][info][gc             ] GC(249) Pause Young (Prepare Mixed) (G1 Humongous Allocation) 2784M->1767M(2868M) 4.539ms
[344.922s][info][gc,cpu         ] GC(249) User=0.02s Sys=0.00s Real=0.01s
[345.820s][info][gc,start       ] GC(250) Pause Young (Mixed) (G1 Evacuation Pause)
[345.820s][info][gc,task        ] GC(250) Using 4 workers of 4 for evacuation
[345.825s][info][gc,phases      ] GC(250)   Pre Evacuate Collection Set: 0.19ms
[345.825s][info][gc,phases      ] GC(250)   Merge Heap Roots: 0.06ms
[345.825s][info][gc,phases      ] GC(250)   Evacuate Collection Set: 1.55ms
[345.825s][info][gc,phases      ] GC(250)   Post Evacuate Collection Set: 2.57ms
[345.825s][info][gc,phases      ] GC(250)   Other: 0.05ms
[345.825s][info][gc,heap        ] GC(250) Eden regions: 154->0(221)
[345.825s][info][gc,heap        ] GC(250) Survivor regions: 35->0(0)
[345.825s][info][gc,heap        ] GC(250) Old regions: 275->456
[345.825s][info][gc,heap        ] GC(250) Humongous regions: 970->657
[345.825s][info][gc,metaspace   ] GC(250) Metaspace: 100195K(101248K)->100195K(101248K) NonClass: 78311K(78784K)->78311K(78784K) Class: 21884K(22464K)->21884K(22464K)
[345.825s][info][gc             ] GC(250) Pause Young (Mixed) (G1 Evacuation Pause) (Evacuation Failure: Allocation) 2867M->2225M(2868M) 4.513ms
[345.825s][info][gc,cpu         ] GC(250) User=0.01s Sys=0.01s Real=0.00s
[345.928s][info][gc,start       ] GC(251) Pause Young (Concurrent Start) (G1 Humongous Allocation)
[345.928s][info][gc,task        ] GC(251) Using 4 workers of 4 for evacuation
[345.934s][info][gc,phases      ] GC(251)   Pre Evacuate Collection Set: 0.32ms
[345.934s][info][gc,phases      ] GC(251)   Merge Heap Roots: 0.06ms
[345.934s][info][gc,phases      ] GC(251)   Evacuate Collection Set: 5.60ms
[345.934s][info][gc,phases      ] GC(251)   Post Evacuate Collection Set: 0.51ms
[345.934s][info][gc,phases      ] GC(251)   Other: 0.06ms
[345.934s][info][gc,heap        ] GC(251) Eden regions: 56->0(252)
[345.934s][info][gc,heap        ] GC(251) Survivor regions: 0->28(28)
[345.934s][info][gc,heap        ] GC(251) Old regions: 456->303
[345.934s][info][gc,heap        ] GC(251) Humongous regions: 657->657
[345.935s][info][gc,metaspace   ] GC(251) Metaspace: 100195K(101248K)->100195K(101248K) NonClass: 78311K(78784K)->78311K(78784K) Class: 21884K(22464K)->21884K(22464K)
[345.935s][info][gc             ] GC(251) Pause Young (Concurrent Start) (G1 Humongous Allocation) 2337M->1974M(2868M) 6.649ms
[345.935s][info][gc             ] GC(252) Concurrent Mark Cycle
[345.935s][info][gc,marking     ] GC(252) Concurrent Scan Root Regions
[345.935s][info][gc,cpu         ] GC(251) User=0.02s Sys=0.00s Real=0.01s
[345.940s][info][gc,marking     ] GC(252) Concurrent Scan Root Regions 5.187ms
[345.940s][info][gc,marking     ] GC(252) Concurrent Mark
[345.940s][info][gc,marking     ] GC(252) Concurrent Mark From Roots
[345.940s][info][gc,task        ] GC(252) Using 1 workers of 1 for marking
[345.979s][info][gc,marking     ] GC(252) Concurrent Mark From Roots 39.000ms
[345.979s][info][gc,marking     ] GC(252) Concurrent Preclean
[345.979s][info][gc,marking     ] GC(252) Concurrent Preclean 0.117ms
[345.979s][info][gc,start       ] GC(252) Pause Remark
[345.982s][info][gc             ] GC(252) Pause Remark 2099M->1483M(2868M) 2.902ms
[345.982s][info][gc,cpu         ] GC(252) User=0.01s Sys=0.00s Real=0.01s
[345.982s][info][gc,marking     ] GC(252) Concurrent Mark 42.148ms
[345.982s][info][gc,marking     ] GC(252) Concurrent Rebuild Remembered Sets and Scrub Regions
[346.005s][info][gc,marking     ] GC(252) Concurrent Rebuild Remembered Sets and Scrub Regions 22.592ms
[346.005s][info][gc,start       ] GC(252) Pause Cleanup
[346.005s][info][gc             ] GC(252) Pause Cleanup 1539M->1539M(2868M) 0.089ms
[346.005s][info][gc,cpu         ] GC(252) User=0.00s Sys=0.00s Real=0.00s
[346.005s][info][gc,marking     ] GC(252) Concurrent Clear Claimed Marks
[346.005s][info][gc,marking     ] GC(252) Concurrent Clear Claimed Marks 0.148ms
[346.005s][info][gc,marking     ] GC(252) Concurrent Cleanup for Next Mark
[346.006s][info][gc,marking     ] GC(252) Concurrent Cleanup for Next Mark 1.501ms
[346.006s][info][gc             ] GC(252) Concurrent Mark Cycle 71.914ms
[346.432s][info][gc,start       ] GC(253) Pause Young (Prepare Mixed) (G1 Humongous Allocation)
[346.432s][info][gc,task        ] GC(253) Using 4 workers of 4 for evacuation
[346.440s][info][gc,phases      ] GC(253)   Pre Evacuate Collection Set: 0.21ms
[346.440s][info][gc,phases      ] GC(253)   Merge Heap Roots: 0.10ms
[346.440s][info][gc,phases      ] GC(253)   Evacuate Collection Set: 3.31ms
[346.440s][info][gc,phases      ] GC(253)   Post Evacuate Collection Set: 3.55ms
[346.440s][info][gc,phases      ] GC(253)   Other: 0.06ms
[346.440s][info][gc,heap        ] GC(253) Eden regions: 238->0(221)
[346.440s][info][gc,heap        ] GC(253) Survivor regions: 28->12(13)
[346.440s][info][gc,heap        ] GC(253) Old regions: 205->470
[346.440s][info][gc,heap        ] GC(253) Humongous regions: 950->593
[346.440s][info][gc,metaspace   ] GC(253) Metaspace: 100197K(101248K)->100197K(101248K) NonClass: 78312K(78784K)->78312K(78784K) Class: 21884K(22464K)->21884K(22464K)
[346.440s][info][gc             ] GC(253) Pause Young (Prepare Mixed) (G1 Humongous Allocation) (Evacuation Failure: Allocation) 2839M->2149M(2868M) 7.341ms
[346.440s][info][gc,cpu         ] GC(253) User=0.02s Sys=0.00s Real=0.01s
[347.207s][info][gc,start       ] GC(254) Pause Young (Mixed) (G1 Humongous Allocation)
[347.207s][info][gc,task        ] GC(254) Using 4 workers of 4 for evacuation
[347.215s][info][gc,phases      ] GC(254)   Pre Evacuate Collection Set: 0.21ms
[347.215s][info][gc,phases      ] GC(254)   Merge Heap Roots: 0.14ms
[347.215s][info][gc,phases      ] GC(254)   Evacuate Collection Set: 3.53ms
[347.215s][info][gc,phases      ] GC(254)   Post Evacuate Collection Set: 4.43ms
[347.215s][info][gc,phases      ] GC(254)   Other: 0.05ms
[347.215s][info][gc,heap        ] GC(254) Eden regions: 137->0(157)
[347.215s][info][gc,heap        ] GC(254) Survivor regions: 12->8(16)
[347.215s][info][gc,heap        ] GC(254) Old regions: 470->531
[347.215s][info][gc,heap        ] GC(254) Humongous regions: 799->654
[347.215s][info][gc,metaspace   ] GC(254) Metaspace: 100201K(101248K)->100201K(101248K) NonClass: 78317K(78784K)->78317K(78784K) Class: 21884K(22464K)->21884K(22464K)
[347.215s][info][gc             ] GC(254) Pause Young (Mixed) (G1 Humongous Allocation) (Evacuation Failure: Allocation) 2835M->2385M(2868M) 8.486ms
[347.215s][info][gc,cpu         ] GC(254) User=0.03s Sys=0.00s Real=0.01s
[347.217s][info][gc,start       ] GC(255) Pause Young (Concurrent Start) (G1 Humongous Allocation)
[347.217s][info][gc,task        ] GC(255) Using 4 workers of 4 for evacuation
[347.225s][info][gc,phases      ] GC(255)   Pre Evacuate Collection Set: 0.26ms
[347.225s][info][gc,phases      ] GC(255)   Merge Heap Roots: 0.08ms
[347.225s][info][gc,phases      ] GC(255)   Evacuate Collection Set: 7.10ms
[347.225s][info][gc,phases      ] GC(255)   Post Evacuate Collection Set: 0.66ms
[347.225s][info][gc,phases      ] GC(255)   Other: 0.06ms
[347.225s][info][gc,heap        ] GC(255) Eden regions: 3->0(271)
[347.225s][info][gc,heap        ] GC(255) Survivor regions: 8->9(21)
[347.225s][info][gc,heap        ] GC(255) Old regions: 531->357
[347.225s][info][gc,heap        ] GC(255) Humongous regions: 657->650
[347.225s][info][gc,metaspace   ] GC(255) Metaspace: 100201K(101248K)->100201K(101248K) NonClass: 78317K(78784K)->78317K(78784K) Class: 21884K(22464K)->21884K(22464K)
[347.225s][info][gc             ] GC(255) Pause Young (Concurrent Start) (G1 Humongous Allocation) 2397M->2031M(2868M) 8.244ms
[347.225s][info][gc             ] GC(256) Concurrent Mark Cycle
[347.225s][info][gc,marking     ] GC(256) Concurrent Scan Root Regions
[347.225s][info][gc,cpu         ] GC(255) User=0.03s Sys=0.00s Real=0.01s
[347.233s][info][gc,marking     ] GC(256) Concurrent Scan Root Regions 7.846ms
[347.233s][info][gc,marking     ] GC(256) Concurrent Mark
[347.233s][info][gc,marking     ] GC(256) Concurrent Mark From Roots
[347.233s][info][gc,task        ] GC(256) Using 1 workers of 1 for marking
[347.276s][info][gc,marking     ] GC(256) Concurrent Mark From Roots 43.707ms
[347.276s][info][gc,marking     ] GC(256) Concurrent Preclean
[347.277s][info][gc,marking     ] GC(256) Concurrent Preclean 0.274ms
[347.277s][info][gc,start       ] GC(256) Pause Remark
[347.283s][info][gc             ] GC(256) Pause Remark 2150M->1512M(2868M) 6.041ms
[347.283s][info][gc,cpu         ] GC(256) User=0.01s Sys=0.00s Real=0.01s
[347.283s][info][gc,marking     ] GC(256) Concurrent Mark 50.621ms
[347.283s][info][gc,marking     ] GC(256) Concurrent Rebuild Remembered Sets and Scrub Regions
[347.320s][info][gc,marking     ] GC(256) Concurrent Rebuild Remembered Sets and Scrub Regions 36.797ms
[347.320s][info][gc,start       ] GC(256) Pause Cleanup
[347.320s][info][gc             ] GC(256) Pause Cleanup 1539M->1539M(2868M) 0.097ms
[347.320s][info][gc,cpu         ] GC(256) User=0.00s Sys=0.00s Real=0.00s
[347.320s][info][gc,marking     ] GC(256) Concurrent Clear Claimed Marks
[347.320s][info][gc,marking     ] GC(256) Concurrent Clear Claimed Marks 0.133ms
[347.320s][info][gc,marking     ] GC(256) Concurrent Cleanup for Next Mark
[347.322s][info][gc,marking     ] GC(256) Concurrent Cleanup for Next Mark 1.539ms
[347.322s][info][gc             ] GC(256) Concurrent Mark Cycle 97.260ms
[347.732s][info][gc,start       ] GC(257) Pause Young (Prepare Mixed) (G1 Humongous Allocation)
[347.733s][info][gc,task        ] GC(257) Using 4 workers of 4 for evacuation
[347.742s][info][gc,phases      ] GC(257)   Pre Evacuate Collection Set: 0.26ms
[347.742s][info][gc,phases      ] GC(257)   Merge Heap Roots: 0.10ms
[347.742s][info][gc,phases      ] GC(257)   Evacuate Collection Set: 5.11ms
[347.742s][info][gc,phases      ] GC(257)   Post Evacuate Collection Set: 3.95ms
[347.742s][info][gc,phases      ] GC(257)   Other: 0.07ms
[347.742s][info][gc,heap        ] GC(257) Eden regions: 213->0(253)
[347.742s][info][gc,heap        ] GC(257) Survivor regions: 9->32(35)
[347.742s][info][gc,heap        ] GC(257) Old regions: 278->485
[347.742s][info][gc,heap        ] GC(257) Humongous regions: 892->544
[347.742s][info][gc,metaspace   ] GC(257) Metaspace: 100215K(101248K)->100215K(101248K) NonClass: 78329K(78784K)->78329K(78784K) Class: 21886K(22464K)->21886K(22464K)
[347.742s][info][gc             ] GC(257) Pause Young (Prepare Mixed) (G1 Humongous Allocation) (Evacuation Failure: Allocation) 2782M->2121M(2868M) 9.586ms
[347.742s][info][gc,cpu         ] GC(257) User=0.04s Sys=0.00s Real=0.01s
[348.558s][info][gc,start       ] GC(258) Pause Young (Mixed) (G1 Humongous Allocation)
[348.558s][info][gc,task        ] GC(258) Using 4 workers of 4 for evacuation
[348.567s][info][gc,phases      ] GC(258)   Pre Evacuate Collection Set: 0.22ms
[348.567s][info][gc,phases      ] GC(258)   Merge Heap Roots: 0.13ms
[348.567s][info][gc,phases      ] GC(258)   Evacuate Collection Set: 3.56ms
[348.567s][info][gc,phases      ] GC(258)   Post Evacuate Collection Set: 5.06ms
[348.567s][info][gc,phases      ] GC(258)   Other: 0.06ms
[348.567s][info][gc,heap        ] GC(258) Eden regions: 159->0(158)
[348.567s][info][gc,heap        ] GC(258) Survivor regions: 32->6(12)
[348.567s][info][gc,heap        ] GC(258) Old regions: 485->624
[348.567s][info][gc,heap        ] GC(258) Humongous regions: 746->573
[348.567s][info][gc,metaspace   ] GC(258) Metaspace: 100216K(101248K)->100216K(101248K) NonClass: 78329K(78784K)->78329K(78784K) Class: 21886K(22464K)->21886K(22464K)
[348.567s][info][gc             ] GC(258) Pause Young (Mixed) (G1 Humongous Allocation) (Evacuation Failure: Allocation) 2843M->2405M(2868M) 9.118ms
[348.567s][info][gc,cpu         ] GC(258) User=0.04s Sys=0.00s Real=0.01s
[348.568s][info][gc,start       ] GC(259) Pause Young (Concurrent Start) (G1 Humongous Allocation)
[348.568s][info][gc,task        ] GC(259) Using 4 workers of 4 for evacuation
[348.575s][info][gc,phases      ] GC(259)   Pre Evacuate Collection Set: 0.20ms
[348.575s][info][gc,phases      ] GC(259)   Merge Heap Roots: 0.07ms
[348.575s][info][gc,phases      ] GC(259)   Evacuate Collection Set: 6.74ms
[348.575s][info][gc,phases      ] GC(259)   Post Evacuate Collection Set: 0.54ms
[348.575s][info][gc,phases      ] GC(259)   Other: 0.05ms
[348.575s][info][gc,heap        ] GC(259) Eden regions: 2->0(300)
[348.575s][info][gc,heap        ] GC(259) Survivor regions: 6->8(21)
[348.575s][info][gc,heap        ] GC(259) Old regions: 624->399
[348.575s][info][gc,heap        ] GC(259) Humongous regions: 575->574
[348.575s][info][gc,metaspace   ] GC(259) Metaspace: 100216K(101248K)->100216K(101248K) NonClass: 78329K(78784K)->78329K(78784K) Class: 21886K(22464K)->21886K(22464K)
[348.575s][info][gc             ] GC(259) Pause Young (Concurrent Start) (G1 Humongous Allocation) 2413M->1959M(2868M) 7.690ms
[348.575s][info][gc             ] GC(260) Concurrent Mark Cycle
[348.575s][info][gc,marking     ] GC(260) Concurrent Scan Root Regions
[348.575s][info][gc,cpu         ] GC(259) User=0.03s Sys=0.00s Real=0.01s
[348.584s][info][gc,marking     ] GC(260) Concurrent Scan Root Regions 8.854ms
[348.584s][info][gc,marking     ] GC(260) Concurrent Mark
[348.584s][info][gc,marking     ] GC(260) Concurrent Mark From Roots
[348.584s][info][gc,task        ] GC(260) Using 1 workers of 1 for marking
[348.629s][info][gc,marking     ] GC(260) Concurrent Mark From Roots 44.527ms
[348.629s][info][gc,marking     ] GC(260) Concurrent Preclean
[348.629s][info][gc,marking     ] GC(260) Concurrent Preclean 0.118ms
[348.629s][info][gc,start       ] GC(260) Pause Remark
[348.632s][info][gc             ] GC(260) Pause Remark 2110M->1770M(2868M) 2.473ms
[348.632s][info][gc,cpu         ] GC(260) User=0.01s Sys=0.00s Real=0.01s
[348.632s][info][gc,marking     ] GC(260) Concurrent Mark 47.264ms
[348.632s][info][gc,marking     ] GC(260) Concurrent Rebuild Remembered Sets and Scrub Regions
[348.661s][info][gc,marking     ] GC(260) Concurrent Rebuild Remembered Sets and Scrub Regions 28.978ms
[348.662s][info][gc,start       ] GC(260) Pause Cleanup
[348.662s][info][gc             ] GC(260) Pause Cleanup 1812M->1812M(2868M) 0.088ms
[348.662s][info][gc,cpu         ] GC(260) User=0.00s Sys=0.00s Real=0.00s
[348.662s][info][gc,marking     ] GC(260) Concurrent Clear Claimed Marks
[348.662s][info][gc,marking     ] GC(260) Concurrent Clear Claimed Marks 0.122ms
[348.662s][info][gc,marking     ] GC(260) Concurrent Cleanup for Next Mark
[348.663s][info][gc,marking     ] GC(260) Concurrent Cleanup for Next Mark 1.547ms
[348.663s][info][gc             ] GC(260) Concurrent Mark Cycle 87.903ms
[348.957s][info][gc,start       ] GC(261) Pause Young (Prepare Mixed) (G1 Humongous Allocation)
[348.957s][info][gc,task        ] GC(261) Using 4 workers of 4 for evacuation
[348.965s][info][gc,phases      ] GC(261)   Pre Evacuate Collection Set: 0.25ms
[348.965s][info][gc,phases      ] GC(261)   Merge Heap Roots: 0.10ms
[348.966s][info][gc,phases      ] GC(261)   Evacuate Collection Set: 3.96ms
[348.966s][info][gc,phases      ] GC(261)   Post Evacuate Collection Set: 3.72ms
[348.966s][info][gc,phases      ] GC(261)   Other: 0.10ms
[348.966s][info][gc,heap        ] GC(261) Eden regions: 172->0(245)
[348.966s][info][gc,heap        ] GC(261) Survivor regions: 8->10(19)
[348.966s][info][gc,heap        ] GC(261) Old regions: 394->566
[348.966s][info][gc,heap        ] GC(261) Humongous regions: 841->508
[348.966s][info][gc,metaspace   ] GC(261) Metaspace: 100216K(101248K)->100216K(101248K) NonClass: 78329K(78784K)->78329K(78784K) Class: 21886K(22464K)->21886K(22464K)
[348.966s][info][gc             ] GC(261) Pause Young (Prepare Mixed) (G1 Humongous Allocation) (Evacuation Failure: Allocation) 2826M->2166M(2868M) 8.229ms
[348.966s][info][gc,cpu         ] GC(261) User=0.03s Sys=0.00s Real=0.01s
[349.706s][info][gc,start       ] GC(262) Pause Young (Mixed) (G1 Evacuation Pause)
[349.706s][info][gc,task        ] GC(262) Using 4 workers of 4 for evacuation
[349.716s][info][gc,phases      ] GC(262)   Pre Evacuate Collection Set: 0.31ms
[349.716s][info][gc,phases      ] GC(262)   Merge Heap Roots: 0.16ms
[349.716s][info][gc,phases      ] GC(262)   Evacuate Collection Set: 3.51ms
[349.716s][info][gc,phases      ] GC(262)   Post Evacuate Collection Set: 5.53ms
[349.716s][info][gc,phases      ] GC(262)   Other: 0.06ms
[349.716s][info][gc,heap        ] GC(262) Eden regions: 113->0(132)
[349.716s][info][gc,heap        ] GC(262) Survivor regions: 10->0(0)
[349.716s][info][gc,heap        ] GC(262) Old regions: 566->687
[349.716s][info][gc,heap        ] GC(262) Humongous regions: 745->542
[349.716s][info][gc,metaspace   ] GC(262) Metaspace: 100216K(101248K)->100216K(101248K) NonClass: 78329K(78784K)->78329K(78784K) Class: 21886K(22464K)->21886K(22464K)
[349.716s][info][gc             ] GC(262) Pause Young (Mixed) (G1 Evacuation Pause) (Evacuation Failure: Allocation) 2866M->2456M(2868M) 9.682ms
[349.716s][info][gc,cpu         ] GC(262) User=0.04s Sys=0.00s Real=0.01s
[349.782s][info][gc,start       ] GC(263) Pause Young (Concurrent Start) (G1 Humongous Allocation)
[349.782s][info][gc,task        ] GC(263) Using 4 workers of 4 for evacuation
[349.792s][info][gc,phases      ] GC(263)   Pre Evacuate Collection Set: 0.65ms
[349.796s][info][gc,phases      ] GC(263)   Merge Heap Roots: 0.14ms
[349.796s][info][gc,phases      ] GC(263)   Evacuate Collection Set: 8.60ms
[349.796s][info][gc,phases      ] GC(263)   Post Evacuate Collection Set: 0.55ms
[349.796s][info][gc,phases      ] GC(263)   Other: 0.07ms
[349.796s][info][gc,heap        ] GC(263) Eden regions: 44->0(190)
[349.796s][info][gc,heap        ] GC(263) Survivor regions: 0->17(17)
[349.796s][info][gc,heap        ] GC(263) Old regions: 687->549
[349.796s][info][gc,heap        ] GC(263) Humongous regions: 542->542
[349.796s][info][gc,metaspace   ] GC(263) Metaspace: 100216K(101248K)->100216K(101248K) NonClass: 78329K(78784K)->78329K(78784K) Class: 21886K(22464K)->21886K(22464K)
[349.796s][info][gc             ] GC(263) Pause Young (Concurrent Start) (G1 Humongous Allocation) 2543M->2214M(2868M) 13.971ms
[349.796s][info][gc,cpu         ] GC(263) User=0.04s Sys=0.00s Real=0.01s
[349.796s][info][gc             ] GC(264) Concurrent Mark Cycle
[349.796s][info][gc,marking     ] GC(264) Concurrent Scan Root Regions
[349.809s][info][gc,marking     ] GC(264) Concurrent Scan Root Regions 12.427ms
[349.809s][info][gc,marking     ] GC(264) Concurrent Mark
[349.809s][info][gc,marking     ] GC(264) Concurrent Mark From Roots
[349.809s][info][gc,task        ] GC(264) Using 1 workers of 1 for marking
[349.855s][info][gc,marking     ] GC(264) Concurrent Mark From Roots 46.331ms
[349.855s][info][gc,marking     ] GC(264) Concurrent Preclean
[349.855s][info][gc,marking     ] GC(264) Concurrent Preclean 0.108ms
[349.855s][info][gc,start       ] GC(264) Pause Remark
[349.858s][info][gc             ] GC(264) Pause Remark 2331M->1993M(2868M) 2.393ms
[349.858s][info][gc,cpu         ] GC(264) User=0.01s Sys=0.00s Real=0.00s
[349.858s][info][gc,marking     ] GC(264) Concurrent Mark 48.982ms
[349.858s][info][gc,marking     ] GC(264) Concurrent Rebuild Remembered Sets and Scrub Regions
[349.891s][info][gc,marking     ] GC(264) Concurrent Rebuild Remembered Sets and Scrub Regions 33.418ms
[349.891s][info][gc,start       ] GC(264) Pause Cleanup
[349.891s][info][gc             ] GC(264) Pause Cleanup 2099M->2099M(2868M) 0.098ms
[349.891s][info][gc,cpu         ] GC(264) User=0.00s Sys=0.00s Real=0.00s
[349.891s][info][gc,marking     ] GC(264) Concurrent Clear Claimed Marks
[349.892s][info][gc,marking     ] GC(264) Concurrent Clear Claimed Marks 0.127ms
[349.892s][info][gc,marking     ] GC(264) Concurrent Cleanup for Next Mark
[349.893s][info][gc,marking     ] GC(264) Concurrent Cleanup for Next Mark 1.476ms
[349.893s][info][gc             ] GC(264) Concurrent Mark Cycle 96.692ms
[350.007s][info][gc,start       ] GC(265) Pause Young (Prepare Mixed) (G1 Humongous Allocation)
[350.008s][info][gc,task        ] GC(265) Using 4 workers of 4 for evacuation
[350.016s][info][gc,phases      ] GC(265)   Pre Evacuate Collection Set: 0.28ms
[350.016s][info][gc,phases      ] GC(265)   Merge Heap Roots: 0.09ms
[350.016s][info][gc,phases      ] GC(265)   Evacuate Collection Set: 4.92ms
[350.016s][info][gc,phases      ] GC(265)   Post Evacuate Collection Set: 3.43ms
[350.016s][info][gc,phases      ] GC(265)   Other: 0.06ms
[350.016s][info][gc,heap        ] GC(265) Eden regions: 129->0(156)
[350.016s][info][gc,heap        ] GC(265) Survivor regions: 17->11(26)
[350.016s][info][gc,heap        ] GC(265) Old regions: 515->675
[350.016s][info][gc,heap        ] GC(265) Humongous regions: 736->495
[350.016s][info][gc,metaspace   ] GC(265) Metaspace: 100223K(101248K)->100223K(101248K) NonClass: 78336K(78784K)->78336K(78784K) Class: 21886K(22464K)->21886K(22464K)
[350.016s][info][gc             ] GC(265) Pause Young (Prepare Mixed) (G1 Humongous Allocation) (Evacuation Failure: Allocation) 2792M->2361M(2868M) 8.882ms
[350.016s][info][gc,cpu         ] GC(265) User=0.03s Sys=0.00s Real=0.01s
[350.254s][info][gc,start       ] GC(266) Pause Young (Mixed) (G1 Humongous Allocation)
[350.254s][info][gc,task        ] GC(266) Using 4 workers of 4 for evacuation
[350.264s][info][gc,phases      ] GC(266)   Pre Evacuate Collection Set: 0.33ms
[350.264s][info][gc,phases      ] GC(266)   Merge Heap Roots: 0.10ms
[350.264s][info][gc,phases      ] GC(266)   Evacuate Collection Set: 3.20ms
[350.264s][info][gc,phases      ] GC(266)   Post Evacuate Collection Set: 6.08ms
[350.264s][info][gc,phases      ] GC(266)   Other: 0.06ms
[350.264s][info][gc,heap        ] GC(266) Eden regions: 83->0(71)
[350.264s][info][gc,heap        ] GC(266) Survivor regions: 11->2(5)
[350.264s][info][gc,heap        ] GC(266) Old regions: 675->771
[350.264s][info][gc,heap        ] GC(266) Humongous regions: 660->543
[350.264s][info][gc,metaspace   ] GC(266) Metaspace: 100223K(101248K)->100223K(101248K) NonClass: 78336K(78784K)->78336K(78784K) Class: 21886K(22464K)->21886K(22464K)
[350.264s][info][gc             ] GC(266) Pause Young (Mixed) (G1 Humongous Allocation) (Evacuation Failure: Allocation) 2857M->2631M(2868M) 9.864ms
[350.264s][info][gc,cpu         ] GC(266) User=0.03s Sys=0.00s Real=0.01s
[350.266s][info][gc,start       ] GC(267) Pause Young (Concurrent Start) (G1 Humongous Allocation)
[350.266s][info][gc,task        ] GC(267) Using 4 workers of 4 for evacuation
[350.273s][info][gc,phases      ] GC(267)   Pre Evacuate Collection Set: 0.20ms
[350.273s][info][gc,phases      ] GC(267)   Merge Heap Roots: 0.12ms
[350.273s][info][gc,phases      ] GC(267)   Evacuate Collection Set: 6.67ms
[350.273s][info][gc,phases      ] GC(267)   Post Evacuate Collection Set: 0.61ms
[350.273s][info][gc,phases      ] GC(267)   Other: 0.07ms
[350.273s][info][gc,heap        ] GC(267) Eden regions: 1->0(191)
[350.273s][info][gc,heap        ] GC(267) Survivor regions: 2->3(10)
[350.273s][info][gc,heap        ] GC(267) Old regions: 771->583
[350.273s][info][gc,heap        ] GC(267) Humongous regions: 545->539
[350.273s][info][gc,metaspace   ] GC(267) Metaspace: 100223K(101248K)->100223K(101248K) NonClass: 78336K(78784K)->78336K(78784K) Class: 21886K(22464K)->21886K(22464K)
[350.273s][info][gc             ] GC(267) Pause Young (Concurrent Start) (G1 Humongous Allocation) 2637M->2248M(2868M) 7.741ms
[350.273s][info][gc             ] GC(268) Concurrent Mark Cycle
[350.273s][info][gc,marking     ] GC(268) Concurrent Scan Root Regions
[350.273s][info][gc,cpu         ] GC(267) User=0.03s Sys=0.00s Real=0.01s
[350.283s][info][gc,marking     ] GC(268) Concurrent Scan Root Regions 10.029ms
[350.283s][info][gc,marking     ] GC(268) Concurrent Mark
[350.283s][info][gc,marking     ] GC(268) Concurrent Mark From Roots
[350.283s][info][gc,task        ] GC(268) Using 1 workers of 1 for marking
[350.332s][info][gc,marking     ] GC(268) Concurrent Mark From Roots 48.891ms
[350.332s][info][gc,marking     ] GC(268) Concurrent Preclean
[350.332s][info][gc,marking     ] GC(268) Concurrent Preclean 0.120ms
[350.333s][info][gc,start       ] GC(268) Pause Remark
[350.335s][info][gc             ] GC(268) Pause Remark 2338M->2030M(2868M) 2.124ms
[350.335s][info][gc,cpu         ] GC(268) User=0.01s Sys=0.00s Real=0.00s
[350.335s][info][gc,marking     ] GC(268) Concurrent Mark 51.260ms
[350.335s][info][gc,marking     ] GC(268) Concurrent Rebuild Remembered Sets and Scrub Regions
[350.363s][info][gc,marking     ] GC(268) Concurrent Rebuild Remembered Sets and Scrub Regions 28.343ms
[350.363s][info][gc,start       ] GC(268) Pause Cleanup
[350.363s][info][gc             ] GC(268) Pause Cleanup 2030M->2030M(2868M) 0.087ms
[350.363s][info][gc,cpu         ] GC(268) User=0.00s Sys=0.00s Real=0.00s
[350.363s][info][gc,marking     ] GC(268) Concurrent Clear Claimed Marks
[350.363s][info][gc,marking     ] GC(268) Concurrent Clear Claimed Marks 0.113ms
[350.363s][info][gc,marking     ] GC(268) Concurrent Cleanup for Next Mark
[350.365s][info][gc,marking     ] GC(268) Concurrent Cleanup for Next Mark 1.225ms
[350.365s][info][gc             ] GC(268) Concurrent Mark Cycle 91.206ms
[351.163s][info][gc,start       ] GC(269) Pause Young (Prepare Mixed) (G1 Evacuation Pause)
[351.163s][info][gc,task        ] GC(269) Using 4 workers of 4 for evacuation
[351.173s][info][gc,phases      ] GC(269)   Pre Evacuate Collection Set: 0.23ms
[351.173s][info][gc,phases      ] GC(269)   Merge Heap Roots: 0.20ms
[351.173s][info][gc,phases      ] GC(269)   Evacuate Collection Set: 5.12ms
[351.173s][info][gc,phases      ] GC(269)   Post Evacuate Collection Set: 4.10ms
[351.173s][info][gc,phases      ] GC(269)   Other: 0.06ms
[351.173s][info][gc,heap        ] GC(269) Eden regions: 191->0(107)
[351.173s][info][gc,heap        ] GC(269) Survivor regions: 3->21(25)
[351.173s][info][gc,heap        ] GC(269) Old regions: 544->741
[351.173s][info][gc,heap        ] GC(269) Humongous regions: 659->492
[351.173s][info][gc,metaspace   ] GC(269) Metaspace: 100226K(101248K)->100226K(101248K) NonClass: 78339K(78784K)->78339K(78784K) Class: 21886K(22464K)->21886K(22464K)
[351.173s][info][gc             ] GC(269) Pause Young (Prepare Mixed) (G1 Evacuation Pause) (Evacuation Failure: Allocation) 2792M->2507M(2868M) 9.799ms
[351.173s][info][gc,cpu         ] GC(269) User=0.03s Sys=0.00s Real=0.01s
[351.254s][info][gc,start       ] GC(270) Pause Young (Mixed) (G1 Humongous Allocation)
[351.255s][info][gc,task        ] GC(270) Using 4 workers of 4 for evacuation
[351.264s][info][gc,phases      ] GC(270)   Pre Evacuate Collection Set: 0.30ms
[351.264s][info][gc,phases      ] GC(270)   Merge Heap Roots: 0.11ms
[351.264s][info][gc,phases      ] GC(270)   Evacuate Collection Set: 4.88ms
[351.264s][info][gc,phases      ] GC(270)   Post Evacuate Collection Set: 4.49ms
[351.264s][info][gc,phases      ] GC(270)   Other: 0.06ms
[351.264s][info][gc,heap        ] GC(270) Eden regions: 60->0(63)
[351.264s][info][gc,heap        ] GC(270) Survivor regions: 21->8(16)
[351.264s][info][gc,heap        ] GC(270) Old regions: 741->821
[351.264s][info][gc,heap        ] GC(270) Humongous regions: 574->526
[351.264s][info][gc,metaspace   ] GC(270) Metaspace: 100226K(101248K)->100226K(101248K) NonClass: 78339K(78784K)->78339K(78784K) Class: 21886K(22464K)->21886K(22464K)
[351.264s][info][gc             ] GC(270) Pause Young (Mixed) (G1 Humongous Allocation) (Evacuation Failure: Allocation) 2790M->2709M(2868M) 9.926ms
[351.264s][info][gc,cpu         ] GC(270) User=0.04s Sys=0.00s Real=0.01s
[351.266s][info][gc,start       ] GC(271) Pause Young (Concurrent Start) (G1 Humongous Allocation)
[351.266s][info][gc,task        ] GC(271) Using 4 workers of 4 for evacuation
[351.273s][info][gc,phases      ] GC(271)   Pre Evacuate Collection Set: 0.22ms
[351.273s][info][gc,phases      ] GC(271)   Merge Heap Roots: 0.08ms
[351.273s][info][gc,phases      ] GC(271)   Evacuate Collection Set: 5.75ms
[351.273s][info][gc,phases      ] GC(271)   Post Evacuate Collection Set: 1.66ms
[351.273s][info][gc,phases      ] GC(271)   Other: 0.05ms
[351.273s][info][gc,heap        ] GC(271) Eden regions: 3->0(162)
[351.273s][info][gc,heap        ] GC(271) Survivor regions: 8->2(9)
[351.273s][info][gc,heap        ] GC(271) Old regions: 821->666
[351.273s][info][gc,heap        ] GC(271) Humongous regions: 531->531
[351.273s][info][gc,metaspace   ] GC(271) Metaspace: 100226K(101248K)->100226K(101248K) NonClass: 78339K(78784K)->78339K(78784K) Class: 21886K(22464K)->21886K(22464K)
[351.273s][info][gc             ] GC(271) Pause Young (Concurrent Start) (G1 Humongous Allocation) (Evacuation Failure: Allocation) 2725M->2396M(2868M) 7.851ms
[351.274s][info][gc             ] GC(272) Concurrent Mark Cycle
[351.274s][info][gc,marking     ] GC(272) Concurrent Scan Root Regions
[351.274s][info][gc,cpu         ] GC(271) User=0.03s Sys=0.00s Real=0.01s
[351.286s][info][gc,marking     ] GC(272) Concurrent Scan Root Regions 12.949ms
[351.286s][info][gc,marking     ] GC(272) Concurrent Mark
[351.286s][info][gc,marking     ] GC(272) Concurrent Mark From Roots
[351.287s][info][gc,task        ] GC(272) Using 1 workers of 1 for marking
[351.289s][info][gc,start       ] GC(273) Pause Young (Normal) (G1 Humongous Allocation)
[351.289s][info][gc,task        ] GC(273) Using 4 workers of 4 for evacuation
[351.292s][info][gc,phases      ] GC(273)   Pre Evacuate Collection Set: 0.21ms
[351.292s][info][gc,phases      ] GC(273)   Merge Heap Roots: 0.06ms
[351.292s][info][gc,phases      ] GC(273)   Evacuate Collection Set: 3.04ms
[351.292s][info][gc,phases      ] GC(273)   Post Evacuate Collection Set: 0.51ms
[351.292s][info][gc,phases      ] GC(273)   Other: 0.05ms
[351.292s][info][gc,heap        ] GC(273) Eden regions: 15->0(240)
[351.293s][info][gc,heap        ] GC(273) Survivor regions: 2->5(21)
[351.293s][info][gc,heap        ] GC(273) Old regions: 666->494
[351.293s][info][gc,heap        ] GC(273) Humongous regions: 694->589
[351.293s][info][gc,metaspace   ] GC(273) Metaspace: 100226K(101248K)->100226K(101248K) NonClass: 78339K(78784K)->78339K(78784K) Class: 21886K(22464K)->21886K(22464K)
[351.293s][info][gc             ] GC(273) Pause Young (Normal) (G1 Humongous Allocation) 2751M->2174M(2868M) 3.959ms
[351.293s][info][gc,cpu         ] GC(273) User=0.01s Sys=0.00s Real=0.01s
[351.340s][info][gc,marking     ] GC(272) Concurrent Mark From Roots 53.706ms
[351.340s][info][gc,marking     ] GC(272) Concurrent Preclean
[351.340s][info][gc,marking     ] GC(272) Concurrent Preclean 0.109ms
[351.340s][info][gc,start       ] GC(272) Pause Remark
[351.343s][info][gc             ] GC(272) Pause Remark 2284M->2046M(2868M) 2.369ms
[351.343s][info][gc,cpu         ] GC(272) User=0.01s Sys=0.00s Real=0.00s
[351.343s][info][gc,marking     ] GC(272) Concurrent Mark 56.373ms
[351.343s][info][gc,marking     ] GC(272) Concurrent Rebuild Remembered Sets and Scrub Regions
[351.374s][info][gc,marking     ] GC(272) Concurrent Rebuild Remembered Sets and Scrub Regions 31.413ms
[351.374s][info][gc,start       ] GC(272) Pause Cleanup
[351.374s][info][gc             ] GC(272) Pause Cleanup 2067M->2067M(2868M) 0.099ms
[351.374s][info][gc,cpu         ] GC(272) User=0.00s Sys=0.00s Real=0.00s
[351.374s][info][gc,marking     ] GC(272) Concurrent Clear Claimed Marks
[351.375s][info][gc,marking     ] GC(272) Concurrent Clear Claimed Marks 0.116ms
[351.375s][info][gc,marking     ] GC(272) Concurrent Cleanup for Next Mark
[351.376s][info][gc,marking     ] GC(272) Concurrent Cleanup for Next Mark 1.393ms
[351.376s][info][gc             ] GC(272) Concurrent Mark Cycle 102.501ms
[351.851s][info][gc,start       ] GC(274) Pause Young (Prepare Mixed) (G1 Humongous Allocation)
[351.851s][info][gc,task        ] GC(274) Using 4 workers of 4 for evacuation
[351.856s][info][gc,phases      ] GC(274)   Pre Evacuate Collection Set: 0.21ms
[351.856s][info][gc,phases      ] GC(274)   Merge Heap Roots: 0.10ms
[351.856s][info][gc,phases      ] GC(274)   Evacuate Collection Set: 3.54ms
[351.856s][info][gc,phases      ] GC(274)   Post Evacuate Collection Set: 1.01ms
[351.856s][info][gc,phases      ] GC(274)   Other: 0.06ms
[351.856s][info][gc,heap        ] GC(274) Eden regions: 126->0(197)
[351.856s][info][gc,heap        ] GC(274) Survivor regions: 5->31(31)
[351.856s][info][gc,heap        ] GC(274) Old regions: 475->546
[351.856s][info][gc,heap        ] GC(274) Humongous regions: 789->555
[351.856s][info][gc,metaspace   ] GC(274) Metaspace: 100226K(101248K)->100226K(101248K) NonClass: 78339K(78784K)->78339K(78784K) Class: 21886K(22464K)->21886K(22464K)
[351.856s][info][gc             ] GC(274) Pause Young (Prepare Mixed) (G1 Humongous Allocation) (Evacuation Failure: Allocation) 2787M->2263M(2868M) 5.015ms
[351.856s][info][gc,cpu         ] GC(274) User=0.02s Sys=0.00s Real=0.00s
[352.359s][info][gc,start       ] GC(275) Pause Young (Mixed) (G1 Humongous Allocation)
[352.359s][info][gc,task        ] GC(275) Using 4 workers of 4 for evacuation
[352.367s][info][gc,phases      ] GC(275)   Pre Evacuate Collection Set: 0.20ms
[352.367s][info][gc,phases      ] GC(275)   Merge Heap Roots: 0.12ms
[352.367s][info][gc,phases      ] GC(275)   Evacuate Collection Set: 3.18ms
[352.367s][info][gc,phases      ] GC(275)   Post Evacuate Collection Set: 4.49ms
[352.367s][info][gc,phases      ] GC(275)   Other: 0.06ms
[352.367s][info][gc,heap        ] GC(275) Eden regions: 163->0(71)
[352.367s][info][gc,heap        ] GC(275) Survivor regions: 31->3(8)
[352.367s][info][gc,heap        ] GC(275) Old regions: 546->738
[352.367s][info][gc,heap        ] GC(275) Humongous regions: 686->583
[352.367s][info][gc,metaspace   ] GC(275) Metaspace: 100226K(101248K)->100226K(101248K) NonClass: 78339K(78784K)->78339K(78784K) Class: 21886K(22464K)->21886K(22464K)
[352.367s][info][gc             ] GC(275) Pause Young (Mixed) (G1 Humongous Allocation) (Evacuation Failure: Allocation) 2851M->2647M(2868M) 8.128ms
[352.367s][info][gc,cpu         ] GC(275) User=0.02s Sys=0.00s Real=0.01s
[352.367s][info][gc,start       ] GC(276) Pause Young (Concurrent Start) (G1 Humongous Allocation)
[352.368s][info][gc,task        ] GC(276) Using 4 workers of 4 for evacuation
[352.375s][info][gc,phases      ] GC(276)   Pre Evacuate Collection Set: 0.23ms
[352.375s][info][gc,phases      ] GC(276)   Merge Heap Roots: 0.09ms
[352.375s][info][gc,phases      ] GC(276)   Evacuate Collection Set: 6.29ms
[352.375s][info][gc,phases      ] GC(276)   Post Evacuate Collection Set: 0.61ms
[352.375s][info][gc,phases      ] GC(276)   Other: 0.09ms
[352.375s][info][gc,heap        ] GC(276) Eden regions: 2->0(196)
[352.375s][info][gc,heap        ] GC(276) Survivor regions: 3->5(10)
[352.375s][info][gc,heap        ] GC(276) Old regions: 738->566
[352.375s][info][gc,heap        ] GC(276) Humongous regions: 585->584
[352.375s][info][gc,metaspace   ] GC(276) Metaspace: 100226K(101248K)->100226K(101248K) NonClass: 78339K(78784K)->78339K(78784K) Class: 21886K(22464K)->21886K(22464K)
[352.375s][info][gc             ] GC(276) Pause Young (Concurrent Start) (G1 Humongous Allocation) 2654M->2308M(2868M) 7.389ms
[352.375s][info][gc             ] GC(277) Concurrent Mark Cycle
[352.375s][info][gc,marking     ] GC(277) Concurrent Scan Root Regions
[352.375s][info][gc,cpu         ] GC(276) User=0.03s Sys=0.00s Real=0.01s
[352.382s][info][gc,marking     ] GC(277) Concurrent Scan Root Regions 7.398ms
[352.382s][info][gc,marking     ] GC(277) Concurrent Mark
[352.382s][info][gc,marking     ] GC(277) Concurrent Mark From Roots
[352.382s][info][gc,task        ] GC(277) Using 1 workers of 1 for marking
[352.428s][info][gc,marking     ] GC(277) Concurrent Mark From Roots 45.338ms
[352.428s][info][gc,marking     ] GC(277) Concurrent Preclean
[352.428s][info][gc,marking     ] GC(277) Concurrent Preclean 0.120ms
[352.429s][info][gc,start       ] GC(277) Pause Remark
[352.432s][info][gc             ] GC(277) Pause Remark 2461M->2043M(2868M) 3.609ms
[352.432s][info][gc,cpu         ] GC(277) User=0.01s Sys=0.00s Real=0.01s
[352.432s][info][gc,marking     ] GC(277) Concurrent Mark 49.899ms
[352.432s][info][gc,marking     ] GC(277) Concurrent Rebuild Remembered Sets and Scrub Regions
[352.464s][info][gc,marking     ] GC(277) Concurrent Rebuild Remembered Sets and Scrub Regions 31.327ms
[352.464s][info][gc,start       ] GC(277) Pause Cleanup
[352.465s][info][gc             ] GC(277) Pause Cleanup 2179M->2179M(2868M) 0.114ms
[352.465s][info][gc,cpu         ] GC(277) User=0.00s Sys=0.00s Real=0.00s
[352.465s][info][gc,marking     ] GC(277) Concurrent Clear Claimed Marks
[352.465s][info][gc,marking     ] GC(277) Concurrent Clear Claimed Marks 0.166ms
[352.465s][info][gc,marking     ] GC(277) Concurrent Cleanup for Next Mark
[352.468s][info][gc,marking     ] GC(277) Concurrent Cleanup for Next Mark 3.479ms
[352.469s][info][gc             ] GC(277) Concurrent Mark Cycle 93.606ms
[352.544s][info][gc,start       ] GC(278) Pause Young (Prepare Mixed) (G1 Humongous Allocation)
[352.545s][info][gc,task        ] GC(278) Using 4 workers of 4 for evacuation
[352.551s][info][gc,phases      ] GC(278)   Pre Evacuate Collection Set: 0.34ms
[352.551s][info][gc,phases      ] GC(278)   Merge Heap Roots: 0.13ms
[352.551s][info][gc,phases      ] GC(278)   Evacuate Collection Set: 5.49ms
[352.551s][info][gc,phases      ] GC(278)   Post Evacuate Collection Set: 0.59ms
[352.551s][info][gc,phases      ] GC(278)   Other: 0.06ms
[352.551s][info][gc,heap        ] GC(278) Eden regions: 99->0(236)
[352.551s][info][gc,heap        ] GC(278) Survivor regions: 5->26(26)
[352.551s][info][gc,heap        ] GC(278) Old regions: 517->497
[352.551s][info][gc,heap        ] GC(278) Humongous regions: 744->503
[352.551s][info][gc,metaspace   ] GC(278) Metaspace: 100226K(101248K)->100226K(101248K) NonClass: 78339K(78784K)->78339K(78784K) Class: 21886K(22464K)->21886K(22464K)
[352.551s][info][gc             ] GC(278) Pause Young (Prepare Mixed) (G1 Humongous Allocation) 2728M->2051M(2868M) 6.700ms
[352.551s][info][gc,cpu         ] GC(278) User=0.02s Sys=0.00s Real=0.01s
[353.174s][info][gc,start       ] GC(279) Pause Young (Mixed) (G1 Humongous Allocation)
[353.175s][info][gc,task        ] GC(279) Using 4 workers of 4 for evacuation
[353.182s][info][gc,phases      ] GC(279)   Pre Evacuate Collection Set: 0.22ms
[353.182s][info][gc,phases      ] GC(279)   Merge Heap Roots: 0.09ms
[353.182s][info][gc,phases      ] GC(279)   Evacuate Collection Set: 3.78ms
[353.182s][info][gc,phases      ] GC(279)   Post Evacuate Collection Set: 3.40ms
[353.182s][info][gc,phases      ] GC(279)   Other: 0.06ms
[353.182s][info][gc,heap        ] GC(279) Eden regions: 102->0(157)
[353.182s][info][gc,heap        ] GC(279) Survivor regions: 26->4(31)
[353.182s][info][gc,heap        ] GC(279) Old regions: 497->622
[353.182s][info][gc,heap        ] GC(279) Humongous regions: 778->554
[353.182s][info][gc,metaspace   ] GC(279) Metaspace: 100226K(101248K)->100226K(101248K) NonClass: 78340K(78784K)->78340K(78784K) Class: 21886K(22464K)->21886K(22464K)
[353.182s][info][gc             ] GC(279) Pause Young (Mixed) (G1 Humongous Allocation) (Evacuation Failure: Allocation) 2805M->2359M(2868M) 7.670ms
[353.182s][info][gc,cpu         ] GC(279) User=0.03s Sys=0.00s Real=0.01s
[353.630s][info][gc,start       ] GC(280) Pause Young (Mixed) (G1 Humongous Allocation)
[353.630s][info][gc,task        ] GC(280) Using 4 workers of 4 for evacuation
[353.641s][info][gc,phases      ] GC(280)   Pre Evacuate Collection Set: 0.36ms
[353.641s][info][gc,phases      ] GC(280)   Merge Heap Roots: 0.14ms
[353.641s][info][gc,phases      ] GC(280)   Evacuate Collection Set: 5.21ms
[353.641s][info][gc,phases      ] GC(280)   Post Evacuate Collection Set: 5.30ms
[353.641s][info][gc,phases      ] GC(280)   Other: 0.06ms
[353.641s][info][gc,heap        ] GC(280) Eden regions: 136->0(71)
[353.641s][info][gc,heap        ] GC(280) Survivor regions: 4->19(21)
[353.641s][info][gc,heap        ] GC(280) Old regions: 622->705
[353.641s][info][gc,heap        ] GC(280) Humongous regions: 639->579
[353.641s][info][gc,metaspace   ] GC(280) Metaspace: 100244K(101312K)->100244K(101312K) NonClass: 78358K(78848K)->78358K(78848K) Class: 21886K(22464K)->21886K(22464K)
[353.641s][info][gc             ] GC(280) Pause Young (Mixed) (G1 Humongous Allocation) (Evacuation Failure: Allocation) 2799M->2605M(2868M) 11.202ms
[353.641s][info][gc,cpu         ] GC(280) User=0.04s Sys=0.00s Real=0.01s
[353.642s][info][gc,start       ] GC(281) Pause Young (Concurrent Start) (G1 Humongous Allocation)
[353.642s][info][gc,task        ] GC(281) Using 4 workers of 4 for evacuation
[353.649s][info][gc,phases      ] GC(281)   Pre Evacuate Collection Set: 0.30ms
[353.649s][info][gc,phases      ] GC(281)   Merge Heap Roots: 0.12ms
[353.649s][info][gc,phases      ] GC(281)   Evacuate Collection Set: 6.59ms
[353.649s][info][gc,phases      ] GC(281)   Post Evacuate Collection Set: 0.76ms
[353.649s][info][gc,phases      ] GC(281)   Other: 0.06ms
[353.649s][info][gc,heap        ] GC(281) Eden regions: 2->0(227)
[353.649s][info][gc,heap        ] GC(281) Survivor regions: 19->2(12)
[353.649s][info][gc,heap        ] GC(281) Old regions: 705->482
[353.649s][info][gc,heap        ] GC(281) Humongous regions: 582->580
[353.649s][info][gc,metaspace   ] GC(281) Metaspace: 100244K(101312K)->100244K(101312K) NonClass: 78358K(78848K)->78358K(78848K) Class: 21886K(22464K)->21886K(22464K)
[353.649s][info][gc             ] GC(281) Pause Young (Concurrent Start) (G1 Humongous Allocation) 2614M->2127M(2868M) 7.916ms
[353.649s][info][gc,cpu         ] GC(281) User=0.03s Sys=0.00s Real=0.01s
[353.649s][info][gc             ] GC(282) Concurrent Mark Cycle
[353.649s][info][gc,marking     ] GC(282) Concurrent Scan Root Regions
[353.657s][info][gc,marking     ] GC(282) Concurrent Scan Root Regions 7.440ms
[353.657s][info][gc,marking     ] GC(282) Concurrent Mark
[353.657s][info][gc,marking     ] GC(282) Concurrent Mark From Roots
[353.657s][info][gc,task        ] GC(282) Using 1 workers of 1 for marking
[353.708s][info][gc,marking     ] GC(282) Concurrent Mark From Roots 50.617ms
[353.708s][info][gc,marking     ] GC(282) Concurrent Preclean
[353.708s][info][gc,marking     ] GC(282) Concurrent Preclean 0.210ms
[353.708s][info][gc,start       ] GC(282) Pause Remark
[353.712s][info][gc             ] GC(282) Pause Remark 2272M->1864M(2868M) 4.001ms
[353.712s][info][gc,cpu         ] GC(282) User=0.01s Sys=0.00s Real=0.01s
[353.712s][info][gc,marking     ] GC(282) Concurrent Mark 55.036ms
[353.712s][info][gc,marking     ] GC(282) Concurrent Rebuild Remembered Sets and Scrub Regions
[353.745s][info][gc,marking     ] GC(282) Concurrent Rebuild Remembered Sets and Scrub Regions 33.001ms
[353.745s][info][gc,start       ] GC(282) Pause Cleanup
[353.745s][info][gc             ] GC(282) Pause Cleanup 1941M->1941M(2868M) 0.093ms
[353.745s][info][gc,cpu         ] GC(282) User=0.00s Sys=0.00s Real=0.00s
[353.745s][info][gc,marking     ] GC(282) Concurrent Clear Claimed Marks
[353.745s][info][gc,marking     ] GC(282) Concurrent Clear Claimed Marks 0.121ms
[353.745s][info][gc,marking     ] GC(282) Concurrent Cleanup for Next Mark
[353.747s][info][gc,marking     ] GC(282) Concurrent Cleanup for Next Mark 1.685ms
[353.747s][info][gc             ] GC(282) Concurrent Mark Cycle 97.618ms
[353.844s][info][gc,start       ] GC(283) Pause Young (Prepare Mixed) (G1 Humongous Allocation)
[353.844s][info][gc,task        ] GC(283) Using 4 workers of 4 for evacuation
[353.849s][info][gc,phases      ] GC(283)   Pre Evacuate Collection Set: 0.13ms
[353.849s][info][gc,phases      ] GC(283)   Merge Heap Roots: 0.12ms
[353.849s][info][gc,phases      ] GC(283)   Evacuate Collection Set: 4.75ms
[353.849s][info][gc,phases      ] GC(283)   Post Evacuate Collection Set: 0.52ms
[353.849s][info][gc,phases      ] GC(283)   Other: 0.05ms
[353.849s][info][gc,heap        ] GC(283) Eden regions: 120->0(225)
[353.849s][info][gc,heap        ] GC(283) Survivor regions: 2->29(29)
[353.849s][info][gc,heap        ] GC(283) Old regions: 443->469
[353.849s][info][gc,heap        ] GC(283) Humongous regions: 783->525
[353.849s][info][gc,metaspace   ] GC(283) Metaspace: 100244K(101312K)->100244K(101312K) NonClass: 78358K(78848K)->78358K(78848K) Class: 21886K(22464K)->21886K(22464K)
[353.849s][info][gc             ] GC(283) Pause Young (Prepare Mixed) (G1 Humongous Allocation) 2695M->2045M(2868M) 5.672ms
[353.849s][info][gc,cpu         ] GC(283) User=0.03s Sys=0.00s Real=0.01s
[354.720s][info][gc,start       ] GC(284) Pause Young (Mixed) (G1 Humongous Allocation)
[354.720s][info][gc,task        ] GC(284) Using 4 workers of 4 for evacuation
[354.727s][info][gc,phases      ] GC(284)   Pre Evacuate Collection Set: 0.15ms
[354.727s][info][gc,phases      ] GC(284)   Merge Heap Roots: 0.06ms
[354.727s][info][gc,phases      ] GC(284)   Evacuate Collection Set: 3.94ms
[354.727s][info][gc,phases      ] GC(284)   Post Evacuate Collection Set: 2.03ms
[354.727s][info][gc,phases      ] GC(284)   Other: 0.08ms
[354.727s][info][gc,heap        ] GC(284) Eden regions: 124->0(153)
[354.727s][info][gc,heap        ] GC(284) Survivor regions: 29->16(32)
[354.727s][info][gc,heap        ] GC(284) Old regions: 469->574
[354.727s][info][gc,heap        ] GC(284) Humongous regions: 766->579
[354.727s][info][gc,metaspace   ] GC(284) Metaspace: 100244K(101312K)->100244K(101312K) NonClass: 78358K(78848K)->78358K(78848K) Class: 21886K(22464K)->21886K(22464K)
[354.727s][info][gc             ] GC(284) Pause Young (Mixed) (G1 Humongous Allocation) (Evacuation Failure: Allocation) 2775M->2337M(2868M) 6.357ms
[354.727s][info][gc,cpu         ] GC(284) User=0.02s Sys=0.00s Real=0.00s
[354.728s][info][gc,start       ] GC(285) Pause Young (Concurrent Start) (G1 Humongous Allocation)
[354.728s][info][gc,task        ] GC(285) Using 4 workers of 4 for evacuation
[354.732s][info][gc,phases      ] GC(285)   Pre Evacuate Collection Set: 0.19ms
[354.732s][info][gc,phases      ] GC(285)   Merge Heap Roots: 0.07ms
[354.732s][info][gc,phases      ] GC(285)   Evacuate Collection Set: 3.62ms
[354.732s][info][gc,phases      ] GC(285)   Post Evacuate Collection Set: 0.57ms
[354.732s][info][gc,phases      ] GC(285)   Other: 0.05ms
[354.732s][info][gc,heap        ] GC(285) Eden regions: 2->0(237)
[354.732s][info][gc,heap        ] GC(285) Survivor regions: 16->2(22)
[354.732s][info][gc,heap        ] GC(285) Old regions: 574->450
[354.732s][info][gc,heap        ] GC(285) Humongous regions: 582->580
[354.732s][info][gc,metaspace   ] GC(285) Metaspace: 100244K(101312K)->100244K(101312K) NonClass: 78358K(78848K)->78358K(78848K) Class: 21886K(22464K)->21886K(22464K)
[354.732s][info][gc             ] GC(285) Pause Young (Concurrent Start) (G1 Humongous Allocation) 2346M->2061M(2868M) 4.567ms
[354.732s][info][gc             ] GC(286) Concurrent Mark Cycle
[354.732s][info][gc,marking     ] GC(286) Concurrent Scan Root Regions
[354.732s][info][gc,cpu         ] GC(285) User=0.01s Sys=0.00s Real=0.01s
[354.736s][info][gc,marking     ] GC(286) Concurrent Scan Root Regions 4.338ms
[354.736s][info][gc,marking     ] GC(286) Concurrent Mark
[354.736s][info][gc,marking     ] GC(286) Concurrent Mark From Roots
[354.736s][info][gc,task        ] GC(286) Using 1 workers of 1 for marking
[354.783s][info][gc,marking     ] GC(286) Concurrent Mark From Roots 46.037ms
[354.783s][info][gc,marking     ] GC(286) Concurrent Preclean
[354.783s][info][gc,marking     ] GC(286) Concurrent Preclean 0.134ms
[354.783s][info][gc,start       ] GC(286) Pause Remark
[354.786s][info][gc             ] GC(286) Pause Remark 2119M->1679M(2868M) 3.156ms
[354.786s][info][gc,cpu         ] GC(286) User=0.01s Sys=0.00s Real=0.00s
[354.786s][info][gc,marking     ] GC(286) Concurrent Mark 49.499ms
[354.786s][info][gc,marking     ] GC(286) Concurrent Rebuild Remembered Sets and Scrub Regions
[354.816s][info][gc,marking     ] GC(286) Concurrent Rebuild Remembered Sets and Scrub Regions 30.110ms
[354.816s][info][gc,start       ] GC(286) Pause Cleanup
[354.816s][info][gc             ] GC(286) Pause Cleanup 1754M->1754M(2868M) 0.122ms
[354.816s][info][gc,cpu         ] GC(286) User=0.00s Sys=0.00s Real=0.00s
[354.816s][info][gc,marking     ] GC(286) Concurrent Clear Claimed Marks
[354.817s][info][gc,marking     ] GC(286) Concurrent Clear Claimed Marks 0.140ms
[354.817s][info][gc,marking     ] GC(286) Concurrent Cleanup for Next Mark
[354.818s][info][gc,marking     ] GC(286) Concurrent Cleanup for Next Mark 1.371ms
[354.818s][info][gc             ] GC(286) Concurrent Mark Cycle 85.866ms
[355.121s][info][gc,start       ] GC(287) Pause Young (Prepare Mixed) (G1 Humongous Allocation)
[355.122s][info][gc,task        ] GC(287) Using 4 workers of 4 for evacuation
[355.128s][info][gc,phases      ] GC(287)   Pre Evacuate Collection Set: 0.20ms
[355.128s][info][gc,phases      ] GC(287)   Merge Heap Roots: 0.12ms
[355.128s][info][gc,phases      ] GC(287)   Evacuate Collection Set: 5.74ms
[355.128s][info][gc,phases      ] GC(287)   Post Evacuate Collection Set: 0.58ms
[355.128s][info][gc,phases      ] GC(287)   Other: 0.06ms
[355.128s][info][gc,heap        ] GC(287) Eden regions: 223->0(262)
[355.128s][info][gc,heap        ] GC(287) Survivor regions: 2->30(30)
[355.128s][info][gc,heap        ] GC(287) Old regions: 400->436
[355.128s][info][gc,heap        ] GC(287) Humongous regions: 727->520
[355.128s][info][gc,metaspace   ] GC(287) Metaspace: 100244K(101312K)->100244K(101312K) NonClass: 78358K(78848K)->78358K(78848K) Class: 21886K(22464K)->21886K(22464K)
[355.128s][info][gc             ] GC(287) Pause Young (Prepare Mixed) (G1 Humongous Allocation) 2701M->1970M(2868M) 6.808ms
[355.128s][info][gc,cpu         ] GC(287) User=0.03s Sys=0.01s Real=0.00s
[355.804s][info][gc,start       ] GC(288) Pause Young (Mixed) (G1 Humongous Allocation)
[355.804s][info][gc,task        ] GC(288) Using 4 workers of 4 for evacuation
[355.810s][info][gc,phases      ] GC(288)   Pre Evacuate Collection Set: 0.19ms
[355.810s][info][gc,phases      ] GC(288)   Merge Heap Roots: 0.13ms
[355.810s][info][gc,phases      ] GC(288)   Evacuate Collection Set: 3.35ms
[355.810s][info][gc,phases      ] GC(288)   Post Evacuate Collection Set: 2.58ms
[355.810s][info][gc,phases      ] GC(288)   Other: 0.07ms
[355.810s][info][gc,heap        ] GC(288) Eden regions: 98->0(219)
[355.810s][info][gc,heap        ] GC(288) Survivor regions: 30->7(33)
[355.810s][info][gc,heap        ] GC(288) Old regions: 436->527
[355.810s][info][gc,heap        ] GC(288) Humongous regions: 837->537
[355.810s][info][gc,metaspace   ] GC(288) Metaspace: 100244K(101312K)->100244K(101312K) NonClass: 78358K(78848K)->78358K(78848K) Class: 21886K(22464K)->21886K(22464K)
[355.811s][info][gc             ] GC(288) Pause Young (Mixed) (G1 Humongous Allocation) (Evacuation Failure: Allocation) 2799M->2141M(2868M) 6.457ms
[355.811s][info][gc,cpu         ] GC(288) User=0.02s Sys=0.00s Real=0.01s
[355.811s][info][gc,start       ] GC(289) Pause Young (Concurrent Start) (G1 Humongous Allocation)
[355.812s][info][gc,task        ] GC(289) Using 4 workers of 4 for evacuation
[355.815s][info][gc,phases      ] GC(289)   Pre Evacuate Collection Set: 0.22ms
[355.815s][info][gc,phases      ] GC(289)   Merge Heap Roots: 0.08ms
[355.815s][info][gc,phases      ] GC(289)   Evacuate Collection Set: 2.77ms
[355.815s][info][gc,phases      ] GC(289)   Post Evacuate Collection Set: 0.57ms
[355.815s][info][gc,phases      ] GC(289)   Other: 0.06ms
[355.815s][info][gc,heap        ] GC(289) Eden regions: 2->0(317)
[355.815s][info][gc,heap        ] GC(289) Survivor regions: 7->9(29)
[355.815s][info][gc,heap        ] GC(289) Old regions: 527->387
[355.815s][info][gc,heap        ] GC(289) Humongous regions: 540->540
[355.815s][info][gc,metaspace   ] GC(289) Metaspace: 100244K(101312K)->100244K(101312K) NonClass: 78358K(78848K)->78358K(78848K) Class: 21886K(22464K)->21886K(22464K)
[355.815s][info][gc             ] GC(289) Pause Young (Concurrent Start) (G1 Humongous Allocation) 2151M->1870M(2868M) 3.769ms
[355.815s][info][gc,cpu         ] GC(289) User=0.01s Sys=0.00s Real=0.00s
[355.815s][info][gc             ] GC(290) Concurrent Mark Cycle
[355.815s][info][gc,marking     ] GC(290) Concurrent Scan Root Regions
[355.819s][info][gc,marking     ] GC(290) Concurrent Scan Root Regions 3.288ms
[355.819s][info][gc,marking     ] GC(290) Concurrent Mark
[355.819s][info][gc,marking     ] GC(290) Concurrent Mark From Roots
[355.819s][info][gc,task        ] GC(290) Using 1 workers of 1 for marking
[355.867s][info][gc,marking     ] GC(290) Concurrent Mark From Roots 48.403ms
[355.867s][info][gc,marking     ] GC(290) Concurrent Preclean
[355.867s][info][gc,marking     ] GC(290) Concurrent Preclean 0.130ms
[355.867s][info][gc,start       ] GC(290) Pause Remark
[355.870s][info][gc             ] GC(290) Pause Remark 1921M->1537M(2868M) 2.595ms
[355.870s][info][gc,cpu         ] GC(290) User=0.01s Sys=0.00s Real=0.01s
[355.870s][info][gc,marking     ] GC(290) Concurrent Mark 51.297ms
[355.870s][info][gc,marking     ] GC(290) Concurrent Rebuild Remembered Sets and Scrub Regions
[355.894s][info][gc,marking     ] GC(290) Concurrent Rebuild Remembered Sets and Scrub Regions 23.714ms
[355.894s][info][gc,start       ] GC(290) Pause Cleanup
[355.894s][info][gc             ] GC(290) Pause Cleanup 1542M->1542M(2868M) 0.080ms
[355.894s][info][gc,cpu         ] GC(290) User=0.00s Sys=0.00s Real=0.00s
[355.894s][info][gc,marking     ] GC(290) Concurrent Clear Claimed Marks
[355.894s][info][gc,marking     ] GC(290) Concurrent Clear Claimed Marks 0.118ms
[355.894s][info][gc,marking     ] GC(290) Concurrent Cleanup for Next Mark
[355.895s][info][gc,marking     ] GC(290) Concurrent Cleanup for Next Mark 1.281ms
[355.895s][info][gc             ] GC(290) Concurrent Mark Cycle 79.948ms
[356.582s][info][gc,start       ] GC(291) Pause Young (Prepare Mixed) (G1 Humongous Allocation)
[356.582s][info][gc,task        ] GC(291) Using 4 workers of 4 for evacuation
[356.588s][info][gc,phases      ] GC(291)   Pre Evacuate Collection Set: 0.15ms
[356.588s][info][gc,phases      ] GC(291)   Merge Heap Roots: 0.11ms
[356.588s][info][gc,phases      ] GC(291)   Evacuate Collection Set: 5.09ms
[356.588s][info][gc,phases      ] GC(291)   Post Evacuate Collection Set: 0.97ms
[356.588s][info][gc,phases      ] GC(291)   Other: 0.07ms
[356.588s][info][gc,heap        ] GC(291) Eden regions: 256->0(311)
[356.588s][info][gc,heap        ] GC(291) Survivor regions: 9->41(41)
[356.588s][info][gc,heap        ] GC(291) Old regions: 330->367
[356.588s][info][gc,heap        ] GC(291) Humongous regions: 786->541
[356.588s][info][gc,metaspace   ] GC(291) Metaspace: 100246K(101312K)->100246K(101312K) NonClass: 78359K(78848K)->78359K(78848K) Class: 21886K(22464K)->21886K(22464K)
[356.588s][info][gc             ] GC(291) Pause Young (Prepare Mixed) (G1 Humongous Allocation) (Evacuation Failure: Allocation) 2760M->1897M(2868M) 6.500ms
[356.588s][info][gc,cpu         ] GC(291) User=0.02s Sys=0.00s Real=0.00s
[357.602s][info][gc,start       ] GC(292) Pause Young (Mixed) (G1 Humongous Allocation)
[357.602s][info][gc,task        ] GC(292) Using 4 workers of 4 for evacuation
[357.610s][info][gc,phases      ] GC(292)   Pre Evacuate Collection Set: 0.28ms
[357.610s][info][gc,phases      ] GC(292)   Merge Heap Roots: 0.11ms
[357.610s][info][gc,phases      ] GC(292)   Evacuate Collection Set: 4.07ms
[357.610s][info][gc,phases      ] GC(292)   Post Evacuate Collection Set: 3.53ms
[357.610s][info][gc,phases      ] GC(292)   Other: 0.05ms
[357.610s][info][gc,heap        ] GC(292) Eden regions: 132->0(260)
[357.610s][info][gc,heap        ] GC(292) Survivor regions: 41->4(14)
[357.610s][info][gc,heap        ] GC(292) Old regions: 367->484
[357.610s][info][gc,heap        ] GC(292) Humongous regions: 880->554
[357.610s][info][gc,metaspace   ] GC(292) Metaspace: 100248K(101312K)->100248K(101312K) NonClass: 78362K(78848K)->78362K(78848K) Class: 21886K(22464K)->21886K(22464K)
[357.610s][info][gc             ] GC(292) Pause Young (Mixed) (G1 Humongous Allocation) (Evacuation Failure: Allocation) 2839M->2083M(2868M) 8.155ms
[357.610s][info][gc,cpu         ] GC(292) User=0.03s Sys=0.00s Real=0.01s
[357.612s][info][gc,start       ] GC(293) Pause Young (Concurrent Start) (G1 Humongous Allocation)
[357.612s][info][gc,task        ] GC(293) Using 4 workers of 4 for evacuation
[357.616s][info][gc,phases      ] GC(293)   Pre Evacuate Collection Set: 0.24ms
[357.616s][info][gc,phases      ] GC(293)   Merge Heap Roots: 0.06ms
[357.616s][info][gc,phases      ] GC(293)   Evacuate Collection Set: 3.66ms
[357.616s][info][gc,phases      ] GC(293)   Post Evacuate Collection Set: 0.51ms
[357.616s][info][gc,phases      ] GC(293)   Other: 0.05ms
[357.616s][info][gc,heap        ] GC(293) Eden regions: 2->0(356)
[357.616s][info][gc,heap        ] GC(293) Survivor regions: 4->6(33)
[357.616s][info][gc,heap        ] GC(293) Old regions: 484->315
[357.616s][info][gc,heap        ] GC(293) Humongous regions: 557->555
[357.616s][info][gc,metaspace   ] GC(293) Metaspace: 100248K(101312K)->100248K(101312K) NonClass: 78362K(78848K)->78362K(78848K) Class: 21886K(22464K)->21886K(22464K)
[357.616s][info][gc             ] GC(293) Pause Young (Concurrent Start) (G1 Humongous Allocation) 2093M->1749M(2868M) 4.592ms
[357.616s][info][gc,cpu         ] GC(293) User=0.02s Sys=0.00s Real=0.00s
[357.616s][info][gc             ] GC(294) Concurrent Mark Cycle
[357.616s][info][gc,marking     ] GC(294) Concurrent Scan Root Regions
[357.621s][info][gc,marking     ] GC(294) Concurrent Scan Root Regions 4.905ms
[357.621s][info][gc,marking     ] GC(294) Concurrent Mark
[357.621s][info][gc,marking     ] GC(294) Concurrent Mark From Roots
[357.621s][info][gc,task        ] GC(294) Using 1 workers of 1 for marking
[357.677s][info][gc,marking     ] GC(294) Concurrent Mark From Roots 55.768ms
[357.677s][info][gc,marking     ] GC(294) Concurrent Preclean
[357.677s][info][gc,marking     ] GC(294) Concurrent Preclean 0.124ms
[357.677s][info][gc,start       ] GC(294) Pause Remark
[357.682s][info][gc             ] GC(294) Pause Remark 1803M->1515M(2868M) 4.212ms
[357.682s][info][gc,cpu         ] GC(294) User=0.01s Sys=0.00s Real=0.01s
[357.682s][info][gc,marking     ] GC(294) Concurrent Mark 60.653ms
[357.682s][info][gc,marking     ] GC(294) Concurrent Rebuild Remembered Sets and Scrub Regions
[357.713s][info][gc,marking     ] GC(294) Concurrent Rebuild Remembered Sets and Scrub Regions 30.910ms
[357.713s][info][gc,start       ] GC(294) Pause Cleanup
[357.713s][info][gc             ] GC(294) Pause Cleanup 1584M->1584M(2868M) 0.094ms
[357.713s][info][gc,cpu         ] GC(294) User=0.00s Sys=0.00s Real=0.00s
[357.713s][info][gc,marking     ] GC(294) Concurrent Clear Claimed Marks
[357.713s][info][gc,marking     ] GC(294) Concurrent Clear Claimed Marks 0.123ms
[357.713s][info][gc,marking     ] GC(294) Concurrent Cleanup for Next Mark
[357.718s][info][gc,marking     ] GC(294) Concurrent Cleanup for Next Mark 4.884ms
[357.718s][info][gc             ] GC(294) Concurrent Mark Cycle 101.826ms
[358.094s][info][gc,start       ] GC(295) Pause Young (Prepare Mixed) (G1 Humongous Allocation)
[358.094s][info][gc,task        ] GC(295) Using 4 workers of 4 for evacuation
[358.100s][info][gc,phases      ] GC(295)   Pre Evacuate Collection Set: 0.16ms
[358.100s][info][gc,phases      ] GC(295)   Merge Heap Roots: 0.09ms
[358.100s][info][gc,phases      ] GC(295)   Evacuate Collection Set: 5.08ms
[358.100s][info][gc,phases      ] GC(295)   Post Evacuate Collection Set: 0.55ms
[358.100s][info][gc,phases      ] GC(295)   Other: 0.05ms
[358.100s][info][gc,heap        ] GC(295) Eden regions: 227->0(347)
[358.100s][info][gc,heap        ] GC(295) Survivor regions: 6->42(46)
[358.100s][info][gc,heap        ] GC(295) Old regions: 306->306
[358.100s][info][gc,heap        ] GC(295) Humongous regions: 830->552
[358.100s][info][gc,metaspace   ] GC(295) Metaspace: 100249K(101312K)->100249K(101312K) NonClass: 78363K(78848K)->78363K(78848K) Class: 21886K(22464K)->21886K(22464K)
[358.100s][info][gc             ] GC(295) Pause Young (Prepare Mixed) (G1 Humongous Allocation) 2735M->1797M(2868M) 6.026ms
[358.100s][info][gc,cpu         ] GC(295) User=0.02s Sys=0.00s Real=0.01s
[359.148s][info][gc,start       ] GC(296) Pause Young (Mixed) (G1 Humongous Allocation)
[359.148s][info][gc,task        ] GC(296) Using 4 workers of 4 for evacuation
[359.156s][info][gc,phases      ] GC(296)   Pre Evacuate Collection Set: 0.25ms
[359.156s][info][gc,phases      ] GC(296)   Merge Heap Roots: 0.10ms
[359.156s][info][gc,phases      ] GC(296)   Evacuate Collection Set: 4.53ms
[359.156s][info][gc,phases      ] GC(296)   Post Evacuate Collection Set: 2.99ms
[359.156s][info][gc,phases      ] GC(296)   Other: 0.07ms
[359.156s][info][gc,heap        ] GC(296) Eden regions: 175->0(233)
[359.156s][info][gc,heap        ] GC(296) Survivor regions: 42->25(46)
[359.156s][info][gc,heap        ] GC(296) Old regions: 306->447
[359.156s][info][gc,heap        ] GC(296) Humongous regions: 865->610
[359.156s][info][gc,metaspace   ] GC(296) Metaspace: 100251K(101312K)->100251K(101312K) NonClass: 78365K(78848K)->78365K(78848K) Class: 21886K(22464K)->21886K(22464K)
[359.156s][info][gc             ] GC(296) Pause Young (Mixed) (G1 Humongous Allocation) (Evacuation Failure: Allocation) 2773M->2163M(2868M) 8.053ms
[359.156s][info][gc,cpu         ] GC(296) User=0.03s Sys=0.00s Real=0.01s
[359.158s][info][gc,start       ] GC(297) Pause Young (Concurrent Start) (G1 Humongous Allocation)
[359.158s][info][gc,task        ] GC(297) Using 4 workers of 4 for evacuation
[359.161s][info][gc,phases      ] GC(297)   Pre Evacuate Collection Set: 0.20ms
[359.161s][info][gc,phases      ] GC(297)   Merge Heap Roots: 0.05ms
[359.161s][info][gc,phases      ] GC(297)   Evacuate Collection Set: 2.75ms
[359.161s][info][gc,phases      ] GC(297)   Post Evacuate Collection Set: 0.50ms
[359.161s][info][gc,phases      ] GC(297)   Other: 0.05ms
[359.161s][info][gc,heap        ] GC(297) Eden regions: 5->0(267)
[359.161s][info][gc,heap        ] GC(297) Survivor regions: 25->3(33)
[359.161s][info][gc,heap        ] GC(297) Old regions: 447->339
[359.161s][info][gc,heap        ] GC(297) Humongous regions: 615->612
[359.161s][info][gc,metaspace   ] GC(297) Metaspace: 100251K(101312K)->100251K(101312K) NonClass: 78365K(78848K)->78365K(78848K) Class: 21886K(22464K)->21886K(22464K)
[359.162s][info][gc             ] GC(297) Pause Young (Concurrent Start) (G1 Humongous Allocation) 2183M->1906M(2868M) 3.648ms
[359.162s][info][gc             ] GC(298) Concurrent Mark Cycle
[359.162s][info][gc,marking     ] GC(298) Concurrent Scan Root Regions
[359.162s][info][gc,cpu         ] GC(297) User=0.01s Sys=0.00s Real=0.01s
[359.165s][info][gc,marking     ] GC(298) Concurrent Scan Root Regions 3.673ms
[359.165s][info][gc,marking     ] GC(298) Concurrent Mark
[359.165s][info][gc,marking     ] GC(298) Concurrent Mark From Roots
[359.165s][info][gc,task        ] GC(298) Using 1 workers of 1 for marking
[359.208s][info][gc,marking     ] GC(298) Concurrent Mark From Roots 42.491ms
[359.208s][info][gc,marking     ] GC(298) Concurrent Preclean
[359.208s][info][gc,marking     ] GC(298) Concurrent Preclean 0.117ms
[359.208s][info][gc,start       ] GC(298) Pause Remark
[359.211s][info][gc             ] GC(298) Pause Remark 1999M->1445M(2868M) 2.924ms
[359.211s][info][gc,cpu         ] GC(298) User=0.01s Sys=0.00s Real=0.01s
[359.211s][info][gc,marking     ] GC(298) Concurrent Mark 45.699ms
[359.211s][info][gc,marking     ] GC(298) Concurrent Rebuild Remembered Sets and Scrub Regions
[359.234s][info][gc,marking     ] GC(298) Concurrent Rebuild Remembered Sets and Scrub Regions 22.829ms
[359.234s][info][gc,start       ] GC(298) Pause Cleanup
[359.234s][info][gc             ] GC(298) Pause Cleanup 1474M->1474M(2868M) 0.072ms
[359.234s][info][gc,cpu         ] GC(298) User=0.00s Sys=0.00s Real=0.00s
[359.234s][info][gc,marking     ] GC(298) Concurrent Clear Claimed Marks
[359.234s][info][gc,marking     ] GC(298) Concurrent Clear Claimed Marks 0.127ms
[359.234s][info][gc,marking     ] GC(298) Concurrent Cleanup for Next Mark
[359.236s][info][gc,marking     ] GC(298) Concurrent Cleanup for Next Mark 1.510ms
[359.236s][info][gc             ] GC(298) Concurrent Mark Cycle 74.073ms
[359.822s][info][gc,start       ] GC(299) Pause Young (Prepare Mixed) (G1 Humongous Allocation)
[359.822s][info][gc,task        ] GC(299) Using 4 workers of 4 for evacuation
[359.828s][info][gc,phases      ] GC(299)   Pre Evacuate Collection Set: 0.16ms
[359.828s][info][gc,phases      ] GC(299)   Merge Heap Roots: 0.08ms
[359.828s][info][gc,phases      ] GC(299)   Evacuate Collection Set: 2.76ms
[359.828s][info][gc,phases      ] GC(299)   Post Evacuate Collection Set: 3.26ms
[359.828s][info][gc,phases      ] GC(299)   Other: 0.05ms
[359.828s][info][gc,heap        ] GC(299) Eden regions: 239->0(222)
[359.828s][info][gc,heap        ] GC(299) Survivor regions: 3->9(9)
[359.828s][info][gc,heap        ] GC(299) Old regions: 252->491
[359.828s][info][gc,heap        ] GC(299) Humongous regions: 931->568
[359.828s][info][gc,metaspace   ] GC(299) Metaspace: 100251K(101312K)->100251K(101312K) NonClass: 78365K(78848K)->78365K(78848K) Class: 21886K(22464K)->21886K(22464K)
[359.828s][info][gc             ] GC(299) Pause Young (Prepare Mixed) (G1 Humongous Allocation) (Evacuation Failure: Allocation) 2848M->2135M(2868M) 6.402ms
[359.828s][info][gc,cpu         ] GC(299) User=0.02s Sys=0.01s Real=0.00s
[360.585s][info][gc,start       ] GC(300) Pause Young (Mixed) (G1 Humongous Allocation)
[360.585s][info][gc,task        ] GC(300) Using 4 workers of 4 for evacuation
[360.597s][info][gc,phases      ] GC(300)   Pre Evacuate Collection Set: 0.43ms
[360.597s][info][gc,phases      ] GC(300)   Merge Heap Roots: 0.16ms
[360.597s][info][gc,phases      ] GC(300)   Evacuate Collection Set: 6.27ms
[360.597s][info][gc,phases      ] GC(300)   Post Evacuate Collection Set: 4.63ms
[360.597s][info][gc,phases      ] GC(300)   Other: 0.06ms
[360.597s][info][gc,heap        ] GC(300) Eden regions: 131->0(125)
[360.597s][info][gc,heap        ] GC(300) Survivor regions: 9->15(29)
[360.597s][info][gc,heap        ] GC(300) Old regions: 491->621
[360.597s][info][gc,heap        ] GC(300) Humongous regions: 760->600
[360.597s][info][gc,metaspace   ] GC(300) Metaspace: 100258K(101312K)->100258K(101312K) NonClass: 78372K(78848K)->78372K(78848K) Class: 21886K(22464K)->21886K(22464K)
[360.597s][info][gc             ] GC(300) Pause Young (Mixed) (G1 Humongous Allocation) (Evacuation Failure: Allocation) 2780M->2471M(2868M) 11.661ms
[360.597s][info][gc,cpu         ] GC(300) User=0.04s Sys=0.00s Real=0.01s
[360.599s][info][gc,start       ] GC(301) Pause Young (Concurrent Start) (G1 Humongous Allocation)
[360.599s][info][gc,task        ] GC(301) Using 4 workers of 4 for evacuation
[360.608s][info][gc,phases      ] GC(301)   Pre Evacuate Collection Set: 0.63ms
[360.608s][info][gc,phases      ] GC(301)   Merge Heap Roots: 0.15ms
[360.608s][info][gc,phases      ] GC(301)   Evacuate Collection Set: 7.54ms
[360.608s][info][gc,phases      ] GC(301)   Post Evacuate Collection Set: 0.65ms
[360.608s][info][gc,phases      ] GC(301)   Other: 0.07ms
[360.608s][info][gc,heap        ] GC(301) Eden regions: 7->0(292)
[360.608s][info][gc,heap        ] GC(301) Survivor regions: 15->3(18)
[360.608s][info][gc,heap        ] GC(301) Old regions: 621->352
[360.608s][info][gc,heap        ] GC(301) Humongous regions: 605->602
[360.608s][info][gc,metaspace   ] GC(301) Metaspace: 100258K(101312K)->100258K(101312K) NonClass: 78372K(78848K)->78372K(78848K) Class: 21886K(22464K)->21886K(22464K)
[360.608s][info][gc             ] GC(301) Pause Young (Concurrent Start) (G1 Humongous Allocation) 2494M->1912M(2868M) 9.157ms
[360.608s][info][gc,cpu         ] GC(301) User=0.04s Sys=0.00s Real=0.01s
[360.608s][info][gc             ] GC(302) Concurrent Mark Cycle
[360.608s][info][gc,marking     ] GC(302) Concurrent Scan Root Regions
[360.615s][info][gc,marking     ] GC(302) Concurrent Scan Root Regions 7.183ms
[360.615s][info][gc,marking     ] GC(302) Concurrent Mark
[360.615s][info][gc,marking     ] GC(302) Concurrent Mark From Roots
[360.615s][info][gc,task        ] GC(302) Using 1 workers of 1 for marking
[360.658s][info][gc,marking     ] GC(302) Concurrent Mark From Roots 42.680ms
[360.658s][info][gc,marking     ] GC(302) Concurrent Preclean
[360.658s][info][gc,marking     ] GC(302) Concurrent Preclean 0.132ms
[360.659s][info][gc,start       ] GC(302) Pause Remark
[360.662s][info][gc             ] GC(302) Pause Remark 2030M->1602M(2868M) 3.252ms
[360.662s][info][gc,cpu         ] GC(302) User=0.01s Sys=0.00s Real=0.01s
[360.662s][info][gc,marking     ] GC(302) Concurrent Mark 46.508ms
[360.662s][info][gc,marking     ] GC(302) Concurrent Rebuild Remembered Sets and Scrub Regions
[360.685s][info][gc,marking     ] GC(302) Concurrent Rebuild Remembered Sets and Scrub Regions 23.484ms
[360.685s][info][gc,start       ] GC(302) Pause Cleanup
[360.685s][info][gc             ] GC(302) Pause Cleanup 1612M->1612M(2868M) 0.075ms
[360.685s][info][gc,cpu         ] GC(302) User=0.00s Sys=0.00s Real=0.00s
[360.686s][info][gc,marking     ] GC(302) Concurrent Clear Claimed Marks
[360.686s][info][gc,marking     ] GC(302) Concurrent Clear Claimed Marks 0.111ms
[360.686s][info][gc,marking     ] GC(302) Concurrent Cleanup for Next Mark
[360.687s][info][gc,marking     ] GC(302) Concurrent Cleanup for Next Mark 1.208ms
[360.687s][info][gc             ] GC(302) Concurrent Mark Cycle 78.722ms
[361.044s][info][gc,start       ] GC(303) Pause Young (Prepare Mixed) (G1 Humongous Allocation)
[361.044s][info][gc,task        ] GC(303) Using 4 workers of 4 for evacuation
[361.052s][info][gc,phases      ] GC(303)   Pre Evacuate Collection Set: 0.27ms
[361.052s][info][gc,phases      ] GC(303)   Merge Heap Roots: 0.19ms
[361.052s][info][gc,phases      ] GC(303)   Evacuate Collection Set: 4.69ms
[361.052s][info][gc,phases      ] GC(303)   Post Evacuate Collection Set: 2.51ms
[361.052s][info][gc,phases      ] GC(303)   Other: 0.05ms
[361.052s][info][gc,heap        ] GC(303) Eden regions: 188->0(211)
[361.052s][info][gc,heap        ] GC(303) Survivor regions: 3->32(37)
[361.052s][info][gc,heap        ] GC(303) Old regions: 318->512
[361.052s][info][gc,heap        ] GC(303) Humongous regions: 888->558
[361.052s][info][gc,metaspace   ] GC(303) Metaspace: 100259K(101312K)->100259K(101312K) NonClass: 78373K(78848K)->78373K(78848K) Class: 21886K(22464K)->21886K(22464K)
[361.052s][info][gc             ] GC(303) Pause Young (Prepare Mixed) (G1 Humongous Allocation) (Evacuation Failure: Allocation) 2791M->2203M(2868M) 7.811ms
[361.052s][info][gc,cpu         ] GC(303) User=0.03s Sys=0.00s Real=0.01s
[361.854s][info][gc,start       ] GC(304) Pause Young (Mixed) (G1 Humongous Allocation)
[361.854s][info][gc,task        ] GC(304) Using 4 workers of 4 for evacuation
[361.862s][info][gc,phases      ] GC(304)   Pre Evacuate Collection Set: 0.23ms
[361.862s][info][gc,phases      ] GC(304)   Merge Heap Roots: 0.08ms
[361.862s][info][gc,phases      ] GC(304)   Evacuate Collection Set: 3.67ms
[361.862s][info][gc,phases      ] GC(304)   Post Evacuate Collection Set: 4.20ms
[361.862s][info][gc,phases      ] GC(304)   Other: 0.05ms
[361.862s][info][gc,heap        ] GC(304) Eden regions: 120->0(99)
[361.862s][info][gc,heap        ] GC(304) Survivor regions: 32->9(25)
[361.862s][info][gc,heap        ] GC(304) Old regions: 512->644
[361.862s][info][gc,heap        ] GC(304) Humongous regions: 745->609
[361.862s][info][gc,metaspace   ] GC(304) Metaspace: 100259K(101312K)->100259K(101312K) NonClass: 78373K(78848K)->78373K(78848K) Class: 21886K(22464K)->21886K(22464K)
[361.862s][info][gc             ] GC(304) Pause Young (Mixed) (G1 Humongous Allocation) (Evacuation Failure: Allocation) 2817M->2523M(2868M) 8.328ms
[361.862s][info][gc,cpu         ] GC(304) User=0.03s Sys=0.00s Real=0.01s
[361.862s][info][gc,start       ] GC(305) Pause Young (Concurrent Start) (G1 Humongous Allocation)
[361.862s][info][gc,task        ] GC(305) Using 4 workers of 4 for evacuation
[361.869s][info][gc,phases      ] GC(305)   Pre Evacuate Collection Set: 0.21ms
[361.869s][info][gc,phases      ] GC(305)   Merge Heap Roots: 0.07ms
[361.869s][info][gc,phases      ] GC(305)   Evacuate Collection Set: 6.27ms
[361.869s][info][gc,phases      ] GC(305)   Post Evacuate Collection Set: 0.54ms
[361.869s][info][gc,phases      ] GC(305)   Other: 0.05ms
[361.869s][info][gc,heap        ] GC(305) Eden regions: 2->0(310)
[361.869s][info][gc,heap        ] GC(305) Survivor regions: 9->2(14)
[361.869s][info][gc,heap        ] GC(305) Old regions: 644->376
[361.869s][info][gc,heap        ] GC(305) Humongous regions: 612->610
[361.869s][info][gc,metaspace   ] GC(305) Metaspace: 100260K(101312K)->100260K(101312K) NonClass: 78374K(78848K)->78374K(78848K) Class: 21886K(22464K)->21886K(22464K)
[361.869s][info][gc             ] GC(305) Pause Young (Concurrent Start) (G1 Humongous Allocation) 2532M->1974M(2868M) 7.216ms
[361.869s][info][gc             ] GC(306) Concurrent Mark Cycle
[361.869s][info][gc,marking     ] GC(306) Concurrent Scan Root Regions
[361.869s][info][gc,cpu         ] GC(305) User=0.03s Sys=0.00s Real=0.01s
[361.875s][info][gc,marking     ] GC(306) Concurrent Scan Root Regions 5.571ms
[361.875s][info][gc,marking     ] GC(306) Concurrent Mark
[361.875s][info][gc,marking     ] GC(306) Concurrent Mark From Roots
[361.875s][info][gc,task        ] GC(306) Using 1 workers of 1 for marking
[361.919s][info][gc,marking     ] GC(306) Concurrent Mark From Roots 43.621ms
[361.919s][info][gc,marking     ] GC(306) Concurrent Preclean
[361.919s][info][gc,marking     ] GC(306) Concurrent Preclean 0.159ms
[361.919s][info][gc,start       ] GC(306) Pause Remark
[361.922s][info][gc             ] GC(306) Pause Remark 2106M->1596M(2868M) 2.587ms
[361.922s][info][gc,cpu         ] GC(306) User=0.01s Sys=0.00s Real=0.01s
[361.922s][info][gc,marking     ] GC(306) Concurrent Mark 46.523ms
[361.922s][info][gc,marking     ] GC(306) Concurrent Rebuild Remembered Sets and Scrub Regions
[361.948s][info][gc,marking     ] GC(306) Concurrent Rebuild Remembered Sets and Scrub Regions 26.333ms
[361.948s][info][gc,start       ] GC(306) Pause Cleanup
[361.948s][info][gc             ] GC(306) Pause Cleanup 1661M->1661M(2868M) 0.081ms
[361.948s][info][gc,cpu         ] GC(306) User=0.00s Sys=0.00s Real=0.00s
[361.948s][info][gc,marking     ] GC(306) Concurrent Clear Claimed Marks
[361.948s][info][gc,marking     ] GC(306) Concurrent Clear Claimed Marks 0.118ms
[361.948s][info][gc,marking     ] GC(306) Concurrent Cleanup for Next Mark
[361.950s][info][gc,marking     ] GC(306) Concurrent Cleanup for Next Mark 1.311ms
[361.950s][info][gc             ] GC(306) Concurrent Mark Cycle 80.096ms
[362.290s][info][gc,start       ] GC(307) Pause Young (Prepare Mixed) (G1 Humongous Allocation)
[362.290s][info][gc,task        ] GC(307) Using 4 workers of 4 for evacuation
[362.297s][info][gc,phases      ] GC(307)   Pre Evacuate Collection Set: 0.17ms
[362.297s][info][gc,phases      ] GC(307)   Merge Heap Roots: 0.09ms
[362.297s][info][gc,phases      ] GC(307)   Evacuate Collection Set: 3.83ms
[362.297s][info][gc,phases      ] GC(307)   Post Evacuate Collection Set: 2.77ms
[362.297s][info][gc,phases      ] GC(307)   Other: 0.05ms
[362.297s][info][gc,heap        ] GC(307) Eden regions: 219->0(235)
[362.297s][info][gc,heap        ] GC(307) Survivor regions: 2->23(23)
[362.297s][info][gc,heap        ] GC(307) Old regions: 321->539
[362.297s][info][gc,heap        ] GC(307) Humongous regions: 869->545
[362.297s][info][gc,metaspace   ] GC(307) Metaspace: 100260K(101312K)->100260K(101312K) NonClass: 78374K(78848K)->78374K(78848K) Class: 21886K(22464K)->21886K(22464K)
[362.297s][info][gc             ] GC(307) Pause Young (Prepare Mixed) (G1 Humongous Allocation) (Evacuation Failure: Allocation) 2820M->2213M(2868M) 7.013ms
[362.297s][info][gc,cpu         ] GC(307) User=0.02s Sys=0.00s Real=0.00s
[363.073s][info][gc,start       ] GC(308) Pause Young (Mixed) (G1 Humongous Allocation)
[363.073s][info][gc,task        ] GC(308) Using 4 workers of 4 for evacuation
[363.081s][info][gc,phases      ] GC(308)   Pre Evacuate Collection Set: 0.27ms
[363.081s][info][gc,phases      ] GC(308)   Merge Heap Roots: 0.11ms
[363.081s][info][gc,phases      ] GC(308)   Evacuate Collection Set: 3.46ms
[363.081s][info][gc,phases      ] GC(308)   Post Evacuate Collection Set: 4.28ms
[363.081s][info][gc,phases      ] GC(308)   Other: 0.06ms
[363.081s][info][gc,heap        ] GC(308) Eden regions: 108->0(110)
[363.081s][info][gc,heap        ] GC(308) Survivor regions: 23->5(18)
[363.081s][info][gc,heap        ] GC(308) Old regions: 539->642
[363.081s][info][gc,heap        ] GC(308) Humongous regions: 746->604
[363.081s][info][gc,metaspace   ] GC(308) Metaspace: 100260K(101312K)->100260K(101312K) NonClass: 78374K(78848K)->78374K(78848K) Class: 21886K(22464K)->21886K(22464K)
[363.081s][info][gc             ] GC(308) Pause Young (Mixed) (G1 Humongous Allocation) (Evacuation Failure: Allocation) 2830M->2501M(2868M) 8.262ms
[363.081s][info][gc,cpu         ] GC(308) User=0.03s Sys=0.00s Real=0.01s
[363.081s][info][gc,start       ] GC(309) Pause Young (Concurrent Start) (G1 Humongous Allocation)
[363.081s][info][gc,task        ] GC(309) Using 4 workers of 4 for evacuation
[363.089s][info][gc,phases      ] GC(309)   Pre Evacuate Collection Set: 0.24ms
[363.089s][info][gc,phases      ] GC(309)   Merge Heap Roots: 0.07ms
[363.089s][info][gc,phases      ] GC(309)   Evacuate Collection Set: 6.48ms
[363.089s][info][gc,phases      ] GC(309)   Post Evacuate Collection Set: 0.69ms
[363.089s][info][gc,phases      ] GC(309)   Other: 0.06ms
[363.089s][info][gc,heap        ] GC(309) Eden regions: 2->0(283)
[363.089s][info][gc,heap        ] GC(309) Survivor regions: 5->6(15)
[363.089s][info][gc,heap        ] GC(309) Old regions: 642->423
[363.089s][info][gc,heap        ] GC(309) Humongous regions: 607->605
[363.089s][info][gc,metaspace   ] GC(309) Metaspace: 100260K(101312K)->100260K(101312K) NonClass: 78374K(78848K)->78374K(78848K) Class: 21886K(22464K)->21886K(22464K)
[363.089s][info][gc             ] GC(309) Pause Young (Concurrent Start) (G1 Humongous Allocation) 2511M->2066M(2868M) 7.617ms
[363.089s][info][gc             ] GC(310) Concurrent Mark Cycle
[363.089s][info][gc,marking     ] GC(310) Concurrent Scan Root Regions
[363.089s][info][gc,cpu         ] GC(309) User=0.03s Sys=0.00s Real=0.00s
[363.097s][info][gc,marking     ] GC(310) Concurrent Scan Root Regions 7.936ms
[363.097s][info][gc,marking     ] GC(310) Concurrent Mark
[363.097s][info][gc,marking     ] GC(310) Concurrent Mark From Roots
[363.097s][info][gc,task        ] GC(310) Using 1 workers of 1 for marking
[363.139s][info][gc,marking     ] GC(310) Concurrent Mark From Roots 41.761ms
[363.139s][info][gc,marking     ] GC(310) Concurrent Preclean
[363.139s][info][gc,marking     ] GC(310) Concurrent Preclean 0.132ms
[363.139s][info][gc,start       ] GC(310) Pause Remark
[363.142s][info][gc             ] GC(310) Pause Remark 2132M->1608M(2868M) 2.616ms
[363.142s][info][gc,cpu         ] GC(310) User=0.01s Sys=0.00s Real=0.01s
[363.142s][info][gc,marking     ] GC(310) Concurrent Mark 44.652ms
[363.142s][info][gc,marking     ] GC(310) Concurrent Rebuild Remembered Sets and Scrub Regions
[363.168s][info][gc,marking     ] GC(310) Concurrent Rebuild Remembered Sets and Scrub Regions 26.642ms
[363.168s][info][gc,start       ] GC(310) Pause Cleanup
[363.169s][info][gc             ] GC(310) Pause Cleanup 1680M->1680M(2868M) 0.095ms
[363.169s][info][gc,cpu         ] GC(310) User=0.00s Sys=0.00s Real=0.00s
[363.169s][info][gc,marking     ] GC(310) Concurrent Clear Claimed Marks
[363.169s][info][gc,marking     ] GC(310) Concurrent Clear Claimed Marks 0.128ms
[363.169s][info][gc,marking     ] GC(310) Concurrent Cleanup for Next Mark
[363.170s][info][gc,marking     ] GC(310) Concurrent Cleanup for Next Mark 1.446ms
[363.170s][info][gc             ] GC(310) Concurrent Mark Cycle 81.092ms
[363.491s][info][gc,start       ] GC(311) Pause Young (Prepare Mixed) (G1 Humongous Allocation)
[363.491s][info][gc,task        ] GC(311) Using 4 workers of 4 for evacuation
[363.497s][info][gc,phases      ] GC(311)   Pre Evacuate Collection Set: 0.19ms
[363.497s][info][gc,phases      ] GC(311)   Merge Heap Roots: 0.11ms
[363.497s][info][gc,phases      ] GC(311)   Evacuate Collection Set: 4.94ms
[363.497s][info][gc,phases      ] GC(311)   Post Evacuate Collection Set: 0.74ms
[363.497s][info][gc,phases      ] GC(311)   Other: 0.06ms
[363.497s][info][gc,heap        ] GC(311) Eden regions: 224->0(373)
[363.497s][info][gc,heap        ] GC(311) Survivor regions: 6->36(37)
[363.497s][info][gc,heap        ] GC(311) Old regions: 361->326
[363.497s][info][gc,heap        ] GC(311) Humongous regions: 786->546
[363.497s][info][gc,metaspace   ] GC(311) Metaspace: 100274K(101312K)->100274K(101312K) NonClass: 78388K(78848K)->78388K(78848K) Class: 21886K(22464K)->21886K(22464K)
[363.497s][info][gc             ] GC(311) Pause Young (Prepare Mixed) (G1 Humongous Allocation) (Evacuation Failure: Allocation) 2752M->1815M(2868M) 6.133ms
[363.497s][info][gc,cpu         ] GC(311) User=0.02s Sys=0.00s Real=0.00s
[364.550s][info][gc,start       ] GC(312) Pause Young (Mixed) (G1 Humongous Allocation)
[364.550s][info][gc,task        ] GC(312) Using 4 workers of 4 for evacuation
[364.555s][info][gc,phases      ] GC(312)   Pre Evacuate Collection Set: 0.18ms
[364.555s][info][gc,phases      ] GC(312)   Merge Heap Roots: 0.06ms
[364.555s][info][gc,phases      ] GC(312)   Evacuate Collection Set: 3.24ms
[364.555s][info][gc,phases      ] GC(312)   Post Evacuate Collection Set: 2.10ms
[364.555s][info][gc,phases      ] GC(312)   Other: 0.05ms
[364.556s][info][gc,heap        ] GC(312) Eden regions: 171->0(287)
[364.556s][info][gc,heap        ] GC(312) Survivor regions: 36->12(24)
[364.556s][info][gc,heap        ] GC(312) Old regions: 326->440
[364.556s][info][gc,heap        ] GC(312) Humongous regions: 877->584
[364.556s][info][gc,metaspace   ] GC(312) Metaspace: 100274K(101312K)->100274K(101312K) NonClass: 78388K(78848K)->78388K(78848K) Class: 21886K(22464K)->21886K(22464K)
[364.556s][info][gc             ] GC(312) Pause Young (Mixed) (G1 Humongous Allocation) (Evacuation Failure: Allocation) 2818M->2071M(2868M) 5.780ms
[364.556s][info][gc,cpu         ] GC(312) User=0.02s Sys=0.00s Real=0.00s
[364.556s][info][gc,start       ] GC(313) Pause Young (Concurrent Start) (G1 Humongous Allocation)
[364.557s][info][gc,task        ] GC(313) Using 4 workers of 4 for evacuation
[364.561s][info][gc,phases      ] GC(313)   Pre Evacuate Collection Set: 0.27ms
[364.561s][info][gc,phases      ] GC(313)   Merge Heap Roots: 0.05ms
[364.561s][info][gc,phases      ] GC(313)   Evacuate Collection Set: 3.55ms
[364.561s][info][gc,phases      ] GC(313)   Post Evacuate Collection Set: 0.56ms
[364.561s][info][gc,phases      ] GC(313)   Other: 0.04ms
[364.561s][info][gc,heap        ] GC(313) Eden regions: 3->0(359)
[364.561s][info][gc,heap        ] GC(313) Survivor regions: 12->14(38)
[364.561s][info][gc,heap        ] GC(313) Old regions: 440->306
[364.561s][info][gc,heap        ] GC(313) Humongous regions: 587->585
[364.561s][info][gc,metaspace   ] GC(313) Metaspace: 100274K(101312K)->100274K(101312K) NonClass: 78388K(78848K)->78388K(78848K) Class: 21886K(22464K)->21886K(22464K)
[364.561s][info][gc             ] GC(313) Pause Young (Concurrent Start) (G1 Humongous Allocation) 2082M->1808M(2868M) 4.551ms
[364.561s][info][gc             ] GC(314) Concurrent Mark Cycle
[364.561s][info][gc,marking     ] GC(314) Concurrent Scan Root Regions
[364.561s][info][gc,cpu         ] GC(313) User=0.02s Sys=0.00s Real=0.01s
[364.566s][info][gc,marking     ] GC(314) Concurrent Scan Root Regions 4.429ms
[364.566s][info][gc,marking     ] GC(314) Concurrent Mark
[364.566s][info][gc,marking     ] GC(314) Concurrent Mark From Roots
[364.566s][info][gc,task        ] GC(314) Using 1 workers of 1 for marking
[364.606s][info][gc,marking     ] GC(314) Concurrent Mark From Roots 40.120ms
[364.606s][info][gc,marking     ] GC(314) Concurrent Preclean
[364.606s][info][gc,marking     ] GC(314) Concurrent Preclean 0.112ms
[364.606s][info][gc,start       ] GC(314) Pause Remark
[364.608s][info][gc             ] GC(314) Pause Remark 1963M->1381M(2868M) 2.454ms
[364.608s][info][gc,cpu         ] GC(314) User=0.01s Sys=0.00s Real=0.00s
[364.608s][info][gc,marking     ] GC(314) Concurrent Mark 42.877ms
[364.608s][info][gc,marking     ] GC(314) Concurrent Rebuild Remembered Sets and Scrub Regions
[364.630s][info][gc,marking     ] GC(314) Concurrent Rebuild Remembered Sets and Scrub Regions 21.232ms
[364.630s][info][gc,start       ] GC(314) Pause Cleanup
[364.630s][info][gc             ] GC(314) Pause Cleanup 1403M->1403M(2868M) 0.092ms
[364.630s][info][gc,cpu         ] GC(314) User=0.00s Sys=0.00s Real=0.00s
[364.630s][info][gc,marking     ] GC(314) Concurrent Clear Claimed Marks
[364.630s][info][gc,marking     ] GC(314) Concurrent Clear Claimed Marks 0.126ms
[364.630s][info][gc,marking     ] GC(314) Concurrent Cleanup for Next Mark
[364.631s][info][gc,marking     ] GC(314) Concurrent Cleanup for Next Mark 1.360ms
[364.631s][info][gc             ] GC(314) Concurrent Mark Cycle 70.288ms
[365.287s][info][gc,start       ] GC(315) Pause Young (Prepare Mixed) (G1 Humongous Allocation)
[365.287s][info][gc,task        ] GC(315) Using 4 workers of 4 for evacuation
[365.301s][info][gc,phases      ] GC(315)   Pre Evacuate Collection Set: 1.34ms
[365.301s][info][gc,phases      ] GC(315)   Merge Heap Roots: 0.73ms
[365.301s][info][gc,phases      ] GC(315)   Evacuate Collection Set: 6.01ms
[365.301s][info][gc,phases      ] GC(315)   Post Evacuate Collection Set: 5.44ms
[365.301s][info][gc,phases      ] GC(315)   Other: 0.07ms
[365.301s][info][gc,heap        ] GC(315) Eden regions: 247->0(271)
[365.301s][info][gc,heap        ] GC(315) Survivor regions: 14->40(40)
[365.301s][info][gc,heap        ] GC(315) Old regions: 195->449
[365.301s][info][gc,heap        ] GC(315) Humongous regions: 938->554
[365.301s][info][gc,metaspace   ] GC(315) Metaspace: 100274K(101312K)->100274K(101312K) NonClass: 78388K(78848K)->78388K(78848K) Class: 21886K(22464K)->21886K(22464K)
[365.301s][info][gc             ] GC(315) Pause Young (Prepare Mixed) (G1 Humongous Allocation) (Evacuation Failure: Allocation) 2786M->2085M(2868M) 13.704ms
[365.301s][info][gc,cpu         ] GC(315) User=0.03s Sys=0.01s Real=0.02s
[365.977s][info][gc,start       ] GC(316) Pause Young (Mixed) (G1 Humongous Allocation)
[365.977s][info][gc,task        ] GC(316) Using 4 workers of 4 for evacuation
[365.988s][info][gc,phases      ] GC(316)   Pre Evacuate Collection Set: 0.32ms
[365.988s][info][gc,phases      ] GC(316)   Merge Heap Roots: 0.51ms
[365.988s][info][gc,phases      ] GC(316)   Evacuate Collection Set: 5.10ms
[365.988s][info][gc,phases      ] GC(316)   Post Evacuate Collection Set: 5.71ms
[365.988s][info][gc,phases      ] GC(316)   Other: 0.06ms
[365.988s][info][gc,heap        ] GC(316) Eden regions: 163->0(156)
[365.988s][info][gc,heap        ] GC(316) Survivor regions: 40->2(24)
[365.988s][info][gc,heap        ] GC(316) Old regions: 449->594
[365.988s][info][gc,heap        ] GC(316) Humongous regions: 758->609
[365.988s][info][gc,metaspace   ] GC(316) Metaspace: 100274K(101312K)->100274K(101312K) NonClass: 78388K(78848K)->78388K(78848K) Class: 21886K(22464K)->21886K(22464K)
[365.988s][info][gc             ] GC(316) Pause Young (Mixed) (G1 Humongous Allocation) (Evacuation Failure: Allocation) 2819M->2409M(2868M) 11.801ms
[365.988s][info][gc,cpu         ] GC(316) User=0.04s Sys=0.00s Real=0.01s
[365.989s][info][gc,start       ] GC(317) Pause Young (Concurrent Start) (G1 Humongous Allocation)
[365.990s][info][gc,task        ] GC(317) Using 4 workers of 4 for evacuation
[365.997s][info][gc,phases      ] GC(317)   Pre Evacuate Collection Set: 0.36ms
[365.998s][info][gc,phases      ] GC(317)   Merge Heap Roots: 0.11ms
[365.998s][info][gc,phases      ] GC(317)   Evacuate Collection Set: 6.65ms
[365.998s][info][gc,phases      ] GC(317)   Post Evacuate Collection Set: 0.75ms
[365.998s][info][gc,phases      ] GC(317)   Other: 0.09ms
[365.998s][info][gc,heap        ] GC(317) Eden regions: 3->0(290)
[365.998s][info][gc,heap        ] GC(317) Survivor regions: 2->4(20)
[365.998s][info][gc,heap        ] GC(317) Old regions: 594->355
[365.998s][info][gc,heap        ] GC(317) Humongous regions: 612->610
[365.998s][info][gc,metaspace   ] GC(317) Metaspace: 100274K(101312K)->100274K(101312K) NonClass: 78388K(78848K)->78388K(78848K) Class: 21886K(22464K)->21886K(22464K)
[365.998s][info][gc             ] GC(317) Pause Young (Concurrent Start) (G1 Humongous Allocation) 2420M->1936M(2868M) 8.067ms
[365.998s][info][gc,cpu         ] GC(317) User=0.03s Sys=0.00s Real=0.00s
[365.998s][info][gc             ] GC(318) Concurrent Mark Cycle
[365.998s][info][gc,marking     ] GC(318) Concurrent Scan Root Regions
[366.006s][info][gc,marking     ] GC(318) Concurrent Scan Root Regions 8.299ms
[366.006s][info][gc,marking     ] GC(318) Concurrent Mark
[366.006s][info][gc,marking     ] GC(318) Concurrent Mark From Roots
[366.006s][info][gc,task        ] GC(318) Using 1 workers of 1 for marking
[366.049s][info][gc,marking     ] GC(318) Concurrent Mark From Roots 42.915ms
[366.049s][info][gc,marking     ] GC(318) Concurrent Preclean
[366.049s][info][gc,marking     ] GC(318) Concurrent Preclean 0.141ms
[366.049s][info][gc,start       ] GC(318) Pause Remark
[366.053s][info][gc             ] GC(318) Pause Remark 2074M->1604M(2868M) 3.818ms
[366.053s][info][gc,cpu         ] GC(318) User=0.01s Sys=0.00s Real=0.01s
[366.053s][info][gc,marking     ] GC(318) Concurrent Mark 47.053ms
[366.053s][info][gc,marking     ] GC(318) Concurrent Rebuild Remembered Sets and Scrub Regions
[366.080s][info][gc,marking     ] GC(318) Concurrent Rebuild Remembered Sets and Scrub Regions 26.743ms
[366.081s][info][gc,start       ] GC(318) Pause Cleanup
[366.081s][info][gc             ] GC(318) Pause Cleanup 1677M->1677M(2868M) 0.212ms
[366.081s][info][gc,cpu         ] GC(318) User=0.00s Sys=0.00s Real=0.00s
[366.081s][info][gc,marking     ] GC(318) Concurrent Clear Claimed Marks
[366.081s][info][gc,marking     ] GC(318) Concurrent Clear Claimed Marks 0.170ms
[366.081s][info][gc,marking     ] GC(318) Concurrent Cleanup for Next Mark
[366.082s][info][gc,marking     ] GC(318) Concurrent Cleanup for Next Mark 1.457ms
[366.083s][info][gc             ] GC(318) Concurrent Mark Cycle 84.938ms
[366.677s][info][gc,start       ] GC(319) Pause Young (Prepare Mixed) (G1 Humongous Allocation)
[366.677s][info][gc,task        ] GC(319) Using 4 workers of 4 for evacuation
[366.684s][info][gc,phases      ] GC(319)   Pre Evacuate Collection Set: 0.18ms
[366.684s][info][gc,phases      ] GC(319)   Merge Heap Roots: 0.19ms
[366.684s][info][gc,phases      ] GC(319)   Evacuate Collection Set: 3.28ms
[366.684s][info][gc,phases      ] GC(319)   Post Evacuate Collection Set: 3.09ms
[366.684s][info][gc,phases      ] GC(319)   Other: 0.05ms
[366.684s][info][gc,heap        ] GC(319) Eden regions: 194->0(244)
[366.684s][info][gc,heap        ] GC(319) Survivor regions: 4->12(13)
[366.684s][info][gc,heap        ] GC(319) Old regions: 315->512
[366.684s][info][gc,heap        ] GC(319) Humongous regions: 908->543
[366.684s][info][gc,metaspace   ] GC(319) Metaspace: 100275K(101312K)->100275K(101312K) NonClass: 78388K(78848K)->78388K(78848K) Class: 21887K(22464K)->21887K(22464K)
[366.684s][info][gc             ] GC(319) Pause Young (Prepare Mixed) (G1 Humongous Allocation) (Evacuation Failure: Allocation) 2839M->2132M(2868M) 6.899ms
[366.684s][info][gc,cpu         ] GC(319) User=0.02s Sys=0.00s Real=0.01s
[367.337s][info][gc,start       ] GC(320) Pause Young (Mixed) (G1 Humongous Allocation)
[367.337s][info][gc,task        ] GC(320) Using 4 workers of 4 for evacuation
[367.346s][info][gc,phases      ] GC(320)   Pre Evacuate Collection Set: 0.36ms
[367.347s][info][gc,phases      ] GC(320)   Merge Heap Roots: 0.10ms
[367.347s][info][gc,phases      ] GC(320)   Evacuate Collection Set: 3.01ms
[367.347s][info][gc,phases      ] GC(320)   Post Evacuate Collection Set: 5.40ms
[367.347s][info][gc,phases      ] GC(320)   Other: 0.06ms
[367.347s][info][gc,heap        ] GC(320) Eden regions: 172->0(123)
[367.347s][info][gc,heap        ] GC(320) Survivor regions: 12->2(2)
[367.347s][info][gc,heap        ] GC(320) Old regions: 512->643
[367.347s][info][gc,heap        ] GC(320) Humongous regions: 736->593
[367.347s][info][gc,metaspace   ] GC(320) Metaspace: 100275K(101312K)->100275K(101312K) NonClass: 78388K(78848K)->78388K(78848K) Class: 21887K(22464K)->21887K(22464K)
[367.347s][info][gc             ] GC(320) Pause Young (Mixed) (G1 Humongous Allocation) (Evacuation Failure: Allocation) 2862M->2474M(2868M) 9.331ms
[367.347s][info][gc,cpu         ] GC(320) User=0.03s Sys=0.00s Real=0.01s
[367.348s][info][gc,start       ] GC(321) Pause Young (Concurrent Start) (G1 Humongous Allocation)
[367.348s][info][gc,task        ] GC(321) Using 4 workers of 4 for evacuation
[367.356s][info][gc,phases      ] GC(321)   Pre Evacuate Collection Set: 0.25ms
[367.356s][info][gc,phases      ] GC(321)   Merge Heap Roots: 0.09ms
[367.356s][info][gc,phases      ] GC(321)   Evacuate Collection Set: 7.14ms
[367.356s][info][gc,phases      ] GC(321)   Post Evacuate Collection Set: 0.75ms
[367.356s][info][gc,phases      ] GC(321)   Other: 0.08ms
[367.356s][info][gc,heap        ] GC(321) Eden regions: 2->0(265)
[367.356s][info][gc,heap        ] GC(321) Survivor regions: 2->3(16)
[367.356s][info][gc,heap        ] GC(321) Old regions: 643->461
[367.356s][info][gc,heap        ] GC(321) Humongous regions: 595->594
[367.356s][info][gc,metaspace   ] GC(321) Metaspace: 100275K(101312K)->100275K(101312K) NonClass: 78388K(78848K)->78388K(78848K) Class: 21887K(22464K)->21887K(22464K)
[367.356s][info][gc             ] GC(321) Pause Young (Concurrent Start) (G1 Humongous Allocation) 2481M->2115M(2868M) 8.390ms
[367.356s][info][gc             ] GC(322) Concurrent Mark Cycle
[367.356s][info][gc,marking     ] GC(322) Concurrent Scan Root Regions
[367.356s][info][gc,cpu         ] GC(321) User=0.03s Sys=0.00s Real=0.01s
[367.367s][info][gc,marking     ] GC(322) Concurrent Scan Root Regions 10.951ms
[367.367s][info][gc,marking     ] GC(322) Concurrent Mark
[367.367s][info][gc,marking     ] GC(322) Concurrent Mark From Roots
[367.367s][info][gc,task        ] GC(322) Using 1 workers of 1 for marking
[367.411s][info][gc,marking     ] GC(322) Concurrent Mark From Roots 44.356ms
[367.411s][info][gc,marking     ] GC(322) Concurrent Preclean
[367.411s][info][gc,marking     ] GC(322) Concurrent Preclean 0.113ms
[367.411s][info][gc,start       ] GC(322) Pause Remark
[367.415s][info][gc             ] GC(322) Pause Remark 2271M->1835M(2868M) 3.352ms
[367.415s][info][gc,cpu         ] GC(322) User=0.01s Sys=0.00s Real=0.00s
[367.415s][info][gc,marking     ] GC(322) Concurrent Mark 47.977ms
[367.415s][info][gc,marking     ] GC(322) Concurrent Rebuild Remembered Sets and Scrub Regions
[367.445s][info][gc,marking     ] GC(322) Concurrent Rebuild Remembered Sets and Scrub Regions 29.726ms
[367.445s][info][gc,start       ] GC(322) Pause Cleanup
[367.445s][info][gc             ] GC(322) Pause Cleanup 1909M->1909M(2868M) 0.093ms
[367.445s][info][gc,cpu         ] GC(322) User=0.00s Sys=0.00s Real=0.00s
[367.445s][info][gc,marking     ] GC(322) Concurrent Clear Claimed Marks
[367.445s][info][gc,marking     ] GC(322) Concurrent Clear Claimed Marks 0.114ms
[367.445s][info][gc,marking     ] GC(322) Concurrent Cleanup for Next Mark
[367.446s][info][gc,marking     ] GC(322) Concurrent Cleanup for Next Mark 1.350ms
[367.446s][info][gc             ] GC(322) Concurrent Mark Cycle 90.363ms
[367.667s][info][gc,start       ] GC(323) Pause Young (Prepare Mixed) (G1 Humongous Allocation)
[367.667s][info][gc,task        ] GC(323) Using 4 workers of 4 for evacuation
[367.675s][info][gc,phases      ] GC(323)   Pre Evacuate Collection Set: 0.16ms
[367.675s][info][gc,phases      ] GC(323)   Merge Heap Roots: 0.08ms
[367.675s][info][gc,phases      ] GC(323)   Evacuate Collection Set: 4.84ms
[367.675s][info][gc,phases      ] GC(323)   Post Evacuate Collection Set: 3.21ms
[367.676s][info][gc,phases      ] GC(323)   Other: 0.06ms
[367.676s][info][gc,heap        ] GC(323) Eden regions: 133->0(286)
[367.676s][info][gc,heap        ] GC(323) Survivor regions: 3->21(34)
[367.676s][info][gc,heap        ] GC(323) Old regions: 413->551
[367.676s][info][gc,heap        ] GC(323) Humongous regions: 849->467
[367.676s][info][gc,metaspace   ] GC(323) Metaspace: 100277K(101312K)->100277K(101312K) NonClass: 78389K(78848K)->78389K(78848K) Class: 21887K(22464K)->21887K(22464K)
[367.676s][info][gc             ] GC(323) Pause Young (Prepare Mixed) (G1 Humongous Allocation) (Evacuation Failure: Allocation) 2795M->2077M(2868M) 8.452ms
[367.676s][info][gc,cpu         ] GC(323) User=0.03s Sys=0.00s Real=0.01s
[368.513s][info][gc,start       ] GC(324) Pause Young (Mixed) (G1 Humongous Allocation)
[368.513s][info][gc,task        ] GC(324) Using 4 workers of 4 for evacuation
[368.523s][info][gc,phases      ] GC(324)   Pre Evacuate Collection Set: 0.31ms
[368.523s][info][gc,phases      ] GC(324)   Merge Heap Roots: 0.13ms
[368.523s][info][gc,phases      ] GC(324)   Evacuate Collection Set: 3.87ms
[368.523s][info][gc,phases      ] GC(324)   Post Evacuate Collection Set: 5.68ms
[368.523s][info][gc,phases      ] GC(324)   Other: 0.07ms
[368.523s][info][gc,heap        ] GC(324) Eden regions: 160->0(145)
[368.523s][info][gc,heap        ] GC(324) Survivor regions: 21->3(13)
[368.523s][info][gc,heap        ] GC(324) Old regions: 551->699
[368.523s][info][gc,heap        ] GC(324) Humongous regions: 689->514
[368.523s][info][gc,metaspace   ] GC(324) Metaspace: 100291K(101376K)->100291K(101376K) NonClass: 78404K(78912K)->78404K(78912K) Class: 21887K(22464K)->21887K(22464K)
[368.523s][info][gc             ] GC(324) Pause Young (Mixed) (G1 Humongous Allocation) (Evacuation Failure: Allocation) 2841M->2431M(2868M) 10.168ms
[368.523s][info][gc,cpu         ] GC(324) User=0.03s Sys=0.00s Real=0.01s
[368.525s][info][gc,start       ] GC(325) Pause Young (Concurrent Start) (G1 Humongous Allocation)
[368.525s][info][gc,task        ] GC(325) Using 4 workers of 4 for evacuation
[368.532s][info][gc,phases      ] GC(325)   Pre Evacuate Collection Set: 0.26ms
[368.532s][info][gc,phases      ] GC(325)   Merge Heap Roots: 0.10ms
[368.532s][info][gc,phases      ] GC(325)   Evacuate Collection Set: 6.80ms
[368.532s][info][gc,phases      ] GC(325)   Post Evacuate Collection Set: 0.54ms
[368.532s][info][gc,phases      ] GC(325)   Other: 0.05ms
[368.532s][info][gc,heap        ] GC(325) Eden regions: 2->0(314)
[368.532s][info][gc,heap        ] GC(325) Survivor regions: 3->4(19)
[368.532s][info][gc,heap        ] GC(325) Old regions: 699->501
[368.532s][info][gc,heap        ] GC(325) Humongous regions: 517->500
[368.532s][info][gc,metaspace   ] GC(325) Metaspace: 100291K(101376K)->100291K(101376K) NonClass: 78404K(78912K)->78404K(78912K) Class: 21887K(22464K)->21887K(22464K)
[368.532s][info][gc             ] GC(325) Pause Young (Concurrent Start) (G1 Humongous Allocation) 2440M->2008M(2868M) 7.822ms
[368.532s][info][gc             ] GC(326) Concurrent Mark Cycle
[368.532s][info][gc,marking     ] GC(326) Concurrent Scan Root Regions
[368.532s][info][gc,cpu         ] GC(325) User=0.03s Sys=0.00s Real=0.01s
[368.543s][info][gc,marking     ] GC(326) Concurrent Scan Root Regions 10.200ms
[368.543s][info][gc,marking     ] GC(326) Concurrent Mark
[368.543s][info][gc,marking     ] GC(326) Concurrent Mark From Roots
[368.543s][info][gc,task        ] GC(326) Using 1 workers of 1 for marking
[368.589s][info][gc,marking     ] GC(326) Concurrent Mark From Roots 46.321ms
[368.589s][info][gc,marking     ] GC(326) Concurrent Preclean
[368.589s][info][gc,marking     ] GC(326) Concurrent Preclean 0.126ms
[368.589s][info][gc,start       ] GC(326) Pause Remark
[368.592s][info][gc             ] GC(326) Pause Remark 2183M->1955M(2868M) 2.536ms
[368.592s][info][gc,cpu         ] GC(326) User=0.01s Sys=0.00s Real=0.01s
[368.592s][info][gc,marking     ] GC(326) Concurrent Mark 49.147ms
[368.592s][info][gc,marking     ] GC(326) Concurrent Rebuild Remembered Sets and Scrub Regions
[368.623s][info][gc,marking     ] GC(326) Concurrent Rebuild Remembered Sets and Scrub Regions 31.254ms
[368.623s][info][gc,start       ] GC(326) Pause Cleanup
[368.623s][info][gc             ] GC(326) Pause Cleanup 1995M->1995M(2868M) 0.100ms
[368.623s][info][gc,cpu         ] GC(326) User=0.00s Sys=0.00s Real=0.00s
[368.623s][info][gc,marking     ] GC(326) Concurrent Clear Claimed Marks
[368.623s][info][gc,marking     ] GC(326) Concurrent Clear Claimed Marks 0.125ms
[368.623s][info][gc,marking     ] GC(326) Concurrent Cleanup for Next Mark
[368.625s][info][gc,marking     ] GC(326) Concurrent Cleanup for Next Mark 1.489ms
[368.625s][info][gc             ] GC(326) Concurrent Mark Cycle 92.508ms
[368.776s][info][gc,start       ] GC(327) Pause Young (Prepare Mixed) (G1 Humongous Allocation)
[368.777s][info][gc,task        ] GC(327) Using 4 workers of 4 for evacuation
[368.785s][info][gc,phases      ] GC(327)   Pre Evacuate Collection Set: 0.19ms
[368.785s][info][gc,phases      ] GC(327)   Merge Heap Roots: 0.08ms
[368.785s][info][gc,phases      ] GC(327)   Evacuate Collection Set: 4.44ms
[368.785s][info][gc,phases      ] GC(327)   Post Evacuate Collection Set: 3.66ms
[368.785s][info][gc,phases      ] GC(327)   Other: 0.05ms
[368.785s][info][gc,heap        ] GC(327) Eden regions: 166->0(209)
[368.785s][info][gc,heap        ] GC(327) Survivor regions: 4->24(30)
[368.785s][info][gc,heap        ] GC(327) Old regions: 462->629
[368.785s][info][gc,heap        ] GC(327) Humongous regions: 772->492
[368.785s][info][gc,metaspace   ] GC(327) Metaspace: 100291K(101376K)->100291K(101376K) NonClass: 78404K(78912K)->78404K(78912K) Class: 21887K(22464K)->21887K(22464K)
[368.785s][info][gc             ] GC(327) Pause Young (Prepare Mixed) (G1 Humongous Allocation) (Evacuation Failure: Allocation) 2804M->2289M(2868M) 8.517ms
[368.785s][info][gc,cpu         ] GC(327) User=0.03s Sys=0.00s Real=0.01s
[369.230s][info][gc,start       ] GC(328) Pause Young (Mixed) (G1 Humongous Allocation)
[369.230s][info][gc,task        ] GC(328) Using 4 workers of 4 for evacuation
[369.239s][info][gc,phases      ] GC(328)   Pre Evacuate Collection Set: 0.30ms
[369.239s][info][gc,phases      ] GC(328)   Merge Heap Roots: 0.10ms
[369.239s][info][gc,phases      ] GC(328)   Evacuate Collection Set: 4.13ms
[369.239s][info][gc,phases      ] GC(328)   Post Evacuate Collection Set: 4.37ms
[369.239s][info][gc,phases      ] GC(328)   Other: 0.06ms
[369.239s][info][gc,heap        ] GC(328) Eden regions: 76->0(76)
[369.239s][info][gc,heap        ] GC(328) Survivor regions: 24->7(24)
[369.239s][info][gc,heap        ] GC(328) Old regions: 629->738
[369.239s][info][gc,heap        ] GC(328) Humongous regions: 681->540
[369.239s][info][gc,metaspace   ] GC(328) Metaspace: 100291K(101376K)->100291K(101376K) NonClass: 78404K(78912K)->78404K(78912K) Class: 21887K(22464K)->21887K(22464K)
[369.239s][info][gc             ] GC(328) Pause Young (Mixed) (G1 Humongous Allocation) (Evacuation Failure: Allocation) 2818M->2569M(2868M) 9.046ms
[369.239s][info][gc,cpu         ] GC(328) User=0.03s Sys=0.01s Real=0.01s
[369.241s][info][gc,start       ] GC(329) Pause Young (Concurrent Start) (G1 Humongous Allocation)
[369.241s][info][gc,task        ] GC(329) Using 4 workers of 4 for evacuation
[369.249s][info][gc,phases      ] GC(329)   Pre Evacuate Collection Set: 0.24ms
[369.249s][info][gc,phases      ] GC(329)   Merge Heap Roots: 0.09ms
[369.249s][info][gc,phases      ] GC(329)   Evacuate Collection Set: 6.65ms
[369.249s][info][gc,phases      ] GC(329)   Post Evacuate Collection Set: 0.53ms
[369.249s][info][gc,phases      ] GC(329)   Other: 0.06ms
[369.249s][info][gc,heap        ] GC(329) Eden regions: 3->0(230)
[369.249s][info][gc,heap        ] GC(329) Survivor regions: 7->2(11)
[369.249s][info][gc,heap        ] GC(329) Old regions: 738->551
[369.249s][info][gc,heap        ] GC(329) Humongous regions: 545->542
[369.249s][info][gc,metaspace   ] GC(329) Metaspace: 100291K(101376K)->100291K(101376K) NonClass: 78404K(78912K)->78404K(78912K) Class: 21887K(22464K)->21887K(22464K)
[369.249s][info][gc             ] GC(329) Pause Young (Concurrent Start) (G1 Humongous Allocation) 2585M->2188M(2868M) 7.653ms
[369.249s][info][gc,cpu         ] GC(329) User=0.03s Sys=0.00s Real=0.00s
[369.249s][info][gc             ] GC(330) Concurrent Mark Cycle
[369.249s][info][gc,marking     ] GC(330) Concurrent Scan Root Regions
[369.256s][info][gc,marking     ] GC(330) Concurrent Scan Root Regions 7.693ms
[369.256s][info][gc,marking     ] GC(330) Concurrent Mark
[369.256s][info][gc,marking     ] GC(330) Concurrent Mark From Roots
[369.256s][info][gc,task        ] GC(330) Using 1 workers of 1 for marking
[369.302s][info][gc,marking     ] GC(330) Concurrent Mark From Roots 45.373ms
[369.302s][info][gc,marking     ] GC(330) Concurrent Preclean
[369.302s][info][gc,marking     ] GC(330) Concurrent Preclean 0.125ms
[369.302s][info][gc,start       ] GC(330) Pause Remark
[369.305s][info][gc             ] GC(330) Pause Remark 2252M->1938M(2868M) 3.039ms
[369.305s][info][gc,cpu         ] GC(330) User=0.01s Sys=0.00s Real=0.00s
[369.305s][info][gc,marking     ] GC(330) Concurrent Mark 48.685ms
[369.305s][info][gc,marking     ] GC(330) Concurrent Rebuild Remembered Sets and Scrub Regions
[369.336s][info][gc,marking     ] GC(330) Concurrent Rebuild Remembered Sets and Scrub Regions 30.694ms
[369.336s][info][gc,start       ] GC(330) Pause Cleanup
[369.336s][info][gc             ] GC(330) Pause Cleanup 1945M->1945M(2868M) 0.080ms
[369.336s][info][gc,cpu         ] GC(330) User=0.00s Sys=0.00s Real=0.00s
[369.336s][info][gc,marking     ] GC(330) Concurrent Clear Claimed Marks
[369.336s][info][gc,marking     ] GC(330) Concurrent Clear Claimed Marks 0.113ms
[369.336s][info][gc,marking     ] GC(330) Concurrent Cleanup for Next Mark
[369.337s][info][gc,marking     ] GC(330) Concurrent Cleanup for Next Mark 1.253ms
[369.337s][info][gc             ] GC(330) Concurrent Mark Cycle 88.675ms
[369.987s][info][gc,start       ] GC(331) Pause Young (Prepare Mixed) (G1 Evacuation Pause)
[369.987s][info][gc,task        ] GC(331) Using 4 workers of 4 for evacuation
[369.997s][info][gc,phases      ] GC(331)   Pre Evacuate Collection Set: 0.25ms
[369.997s][info][gc,phases      ] GC(331)   Merge Heap Roots: 0.11ms
[369.997s][info][gc,phases      ] GC(331)   Evacuate Collection Set: 4.52ms
[369.997s][info][gc,phases      ] GC(331)   Post Evacuate Collection Set: 4.40ms
[369.997s][info][gc,phases      ] GC(331)   Other: 0.05ms
[369.997s][info][gc,heap        ] GC(331) Eden regions: 230->0(119)
[369.997s][info][gc,heap        ] GC(331) Survivor regions: 2->11(22)
[369.997s][info][gc,heap        ] GC(331) Old regions: 519->744
[369.997s][info][gc,heap        ] GC(331) Humongous regions: 661->487
[369.997s][info][gc,metaspace   ] GC(331) Metaspace: 100299K(101376K)->100299K(101376K) NonClass: 78411K(78912K)->78411K(78912K) Class: 21887K(22464K)->21887K(22464K)
[369.997s][info][gc             ] GC(331) Pause Young (Prepare Mixed) (G1 Evacuation Pause) (Evacuation Failure: Allocation) 2822M->2483M(2868M) 9.428ms
[369.997s][info][gc,cpu         ] GC(331) User=0.03s Sys=0.00s Real=0.01s
[370.051s][info][gc,start       ] GC(332) Pause Young (Mixed) (G1 Humongous Allocation)
[370.051s][info][gc,task        ] GC(332) Using 4 workers of 4 for evacuation
[370.059s][info][gc,phases      ] GC(332)   Pre Evacuate Collection Set: 0.38ms
[370.059s][info][gc,phases      ] GC(332)   Merge Heap Roots: 0.16ms
[370.059s][info][gc,phases      ] GC(332)   Evacuate Collection Set: 3.69ms
[370.059s][info][gc,phases      ] GC(332)   Post Evacuate Collection Set: 4.13ms
[370.059s][info][gc,phases      ] GC(332)   Other: 0.06ms
[370.059s][info][gc,heap        ] GC(332) Eden regions: 42->0(71)
[370.059s][info][gc,heap        ] GC(332) Survivor regions: 11->3(12)
[370.059s][info][gc,heap        ] GC(332) Old regions: 744->790
[370.059s][info][gc,heap        ] GC(332) Humongous regions: 625->522
[370.059s][info][gc,metaspace   ] GC(332) Metaspace: 100299K(101376K)->100299K(101376K) NonClass: 78411K(78912K)->78411K(78912K) Class: 21887K(22464K)->21887K(22464K)
[370.059s][info][gc             ] GC(332) Pause Young (Mixed) (G1 Humongous Allocation) (Evacuation Failure: Allocation) 2843M->2629M(2868M) 8.501ms
[370.059s][info][gc,cpu         ] GC(332) User=0.03s Sys=0.00s Real=0.00s
[370.060s][info][gc,start       ] GC(333) Pause Young (Concurrent Start) (G1 Humongous Allocation)
[370.061s][info][gc,task        ] GC(333) Using 4 workers of 4 for evacuation
[370.068s][info][gc,phases      ] GC(333)   Pre Evacuate Collection Set: 0.26ms
[370.068s][info][gc,phases      ] GC(333)   Merge Heap Roots: 0.08ms
[370.068s][info][gc,phases      ] GC(333)   Evacuate Collection Set: 6.82ms
[370.068s][info][gc,phases      ] GC(333)   Post Evacuate Collection Set: 0.57ms
[370.068s][info][gc,phases      ] GC(333)   Other: 0.05ms
[370.068s][info][gc,heap        ] GC(333) Eden regions: 3->0(237)
[370.068s][info][gc,heap        ] GC(333) Survivor regions: 3->4(10)
[370.068s][info][gc,heap        ] GC(333) Old regions: 790->593
[370.068s][info][gc,heap        ] GC(333) Humongous regions: 528->525
[370.068s][info][gc,metaspace   ] GC(333) Metaspace: 100299K(101376K)->100299K(101376K) NonClass: 78411K(78912K)->78411K(78912K) Class: 21887K(22464K)->21887K(22464K)
[370.068s][info][gc             ] GC(333) Pause Young (Concurrent Start) (G1 Humongous Allocation) 2646M->2243M(2868M) 7.859ms
[370.068s][info][gc             ] GC(334) Concurrent Mark Cycle
[370.068s][info][gc,marking     ] GC(334) Concurrent Scan Root Regions
[370.068s][info][gc,cpu         ] GC(333) User=0.03s Sys=0.00s Real=0.00s
[370.083s][info][gc,marking     ] GC(334) Concurrent Scan Root Regions 14.438ms
[370.083s][info][gc,marking     ] GC(334) Concurrent Mark
[370.083s][info][gc,marking     ] GC(334) Concurrent Mark From Roots
[370.083s][info][gc,task        ] GC(334) Using 1 workers of 1 for marking
[370.132s][info][gc,marking     ] GC(334) Concurrent Mark From Roots 48.981ms
[370.132s][info][gc,marking     ] GC(334) Concurrent Preclean
[370.132s][info][gc,marking     ] GC(334) Concurrent Preclean 0.127ms
[370.132s][info][gc,start       ] GC(334) Pause Remark
[370.135s][info][gc             ] GC(334) Pause Remark 2671M->2387M(2868M) 2.872ms
[370.135s][info][gc,cpu         ] GC(334) User=0.01s Sys=0.00s Real=0.00s
[370.135s][info][gc,marking     ] GC(334) Concurrent Mark 52.141ms
[370.135s][info][gc,marking     ] GC(334) Concurrent Rebuild Remembered Sets and Scrub Regions
[370.166s][info][gc,marking     ] GC(334) Concurrent Rebuild Remembered Sets and Scrub Regions 30.988ms
[370.166s][info][gc,start       ] GC(334) Pause Cleanup
[370.166s][info][gc             ] GC(334) Pause Cleanup 2396M->2396M(2868M) 0.107ms
[370.166s][info][gc,cpu         ] GC(334) User=0.00s Sys=0.00s Real=0.00s
[370.166s][info][gc,marking     ] GC(334) Concurrent Clear Claimed Marks
[370.166s][info][gc,marking     ] GC(334) Concurrent Clear Claimed Marks 0.117ms
[370.166s][info][gc,marking     ] GC(334) Concurrent Cleanup for Next Mark
[370.168s][info][gc,marking     ] GC(334) Concurrent Cleanup for Next Mark 1.291ms
[370.168s][info][gc             ] GC(334) Concurrent Mark Cycle 99.251ms
[370.724s][info][gc,start       ] GC(335) Pause Young (Prepare Mixed) (G1 Humongous Allocation)
[370.724s][info][gc,task        ] GC(335) Using 4 workers of 4 for evacuation
[370.731s][info][gc,phases      ] GC(335)   Pre Evacuate Collection Set: 0.21ms
[370.731s][info][gc,phases      ] GC(335)   Merge Heap Roots: 0.10ms
[370.731s][info][gc,phases      ] GC(335)   Evacuate Collection Set: 4.27ms
[370.731s][info][gc,phases      ] GC(335)   Post Evacuate Collection Set: 2.03ms
[370.731s][info][gc,phases      ] GC(335)   Other: 0.06ms
[370.731s][info][gc,heap        ] GC(335) Eden regions: 94->0(211)
[370.731s][info][gc,heap        ] GC(335) Survivor regions: 4->19(31)
[370.731s][info][gc,heap        ] GC(335) Old regions: 551->642
[370.731s][info][gc,heap        ] GC(335) Humongous regions: 743->489
[370.731s][info][gc,metaspace   ] GC(335) Metaspace: 100299K(101376K)->100299K(101376K) NonClass: 78411K(78912K)->78411K(78912K) Class: 21887K(22464K)->21887K(22464K)
[370.731s][info][gc             ] GC(335) Pause Young (Prepare Mixed) (G1 Humongous Allocation) (Evacuation Failure: Allocation) 2781M->2299M(2868M) 6.776ms
[370.731s][info][gc,cpu         ] GC(335) User=0.02s Sys=0.00s Real=0.01s
[371.226s][info][gc,start       ] GC(336) Pause Young (Mixed) (G1 Humongous Allocation)
[371.226s][info][gc,task        ] GC(336) Using 4 workers of 4 for evacuation
[371.234s][info][gc,phases      ] GC(336)   Pre Evacuate Collection Set: 0.22ms
[371.234s][info][gc,phases      ] GC(336)   Merge Heap Roots: 0.08ms
[371.234s][info][gc,phases      ] GC(336)   Evacuate Collection Set: 3.61ms
[371.234s][info][gc,phases      ] GC(336)   Post Evacuate Collection Set: 4.24ms
[371.234s][info][gc,phases      ] GC(336)   Other: 0.06ms
[371.234s][info][gc,heap        ] GC(336) Eden regions: 113->0(71)
[371.234s][info][gc,heap        ] GC(336) Survivor regions: 19->9(24)
[371.234s][info][gc,heap        ] GC(336) Old regions: 642->750
[371.234s][info][gc,heap        ] GC(336) Humongous regions: 636->535
[371.234s][info][gc,metaspace   ] GC(336) Metaspace: 100299K(101376K)->100299K(101376K) NonClass: 78411K(78912K)->78411K(78912K) Class: 21887K(22464K)->21887K(22464K)
[371.234s][info][gc             ] GC(336) Pause Young (Mixed) (G1 Humongous Allocation) (Evacuation Failure: Allocation) 2819M->2587M(2868M) 8.307ms
[371.234s][info][gc,cpu         ] GC(336) User=0.03s Sys=0.00s Real=0.01s
[371.234s][info][gc,start       ] GC(337) Pause Young (Concurrent Start) (G1 Humongous Allocation)
[371.234s][info][gc,task        ] GC(337) Using 4 workers of 4 for evacuation
[371.241s][info][gc,phases      ] GC(337)   Pre Evacuate Collection Set: 0.27ms
[371.241s][info][gc,phases      ] GC(337)   Merge Heap Roots: 0.08ms
[371.241s][info][gc,phases      ] GC(337)   Evacuate Collection Set: 5.05ms
[371.241s][info][gc,phases      ] GC(337)   Post Evacuate Collection Set: 0.57ms
[371.241s][info][gc,phases      ] GC(337)   Other: 0.08ms
[371.241s][info][gc,heap        ] GC(337) Eden regions: 3->0(304)
[371.241s][info][gc,heap        ] GC(337) Survivor regions: 9->3(10)
[371.241s][info][gc,heap        ] GC(337) Old regions: 750->461
[371.241s][info][gc,heap        ] GC(337) Humongous regions: 538->535
[371.241s][info][gc,metaspace   ] GC(337) Metaspace: 100299K(101376K)->100299K(101376K) NonClass: 78411K(78912K)->78411K(78912K) Class: 21887K(22464K)->21887K(22464K)
[371.241s][info][gc             ] GC(337) Pause Young (Concurrent Start) (G1 Humongous Allocation) 2599M->1996M(2868M) 6.135ms
[371.241s][info][gc,cpu         ] GC(337) User=0.02s Sys=0.00s Real=0.01s
[371.241s][info][gc             ] GC(338) Concurrent Mark Cycle
[371.241s][info][gc,marking     ] GC(338) Concurrent Scan Root Regions
[371.246s][info][gc,marking     ] GC(338) Concurrent Scan Root Regions 5.668ms
[371.246s][info][gc,marking     ] GC(338) Concurrent Mark
[371.246s][info][gc,marking     ] GC(338) Concurrent Mark From Roots
[371.246s][info][gc,task        ] GC(338) Using 1 workers of 1 for marking
[371.292s][info][gc,marking     ] GC(338) Concurrent Mark From Roots 45.658ms
[371.292s][info][gc,marking     ] GC(338) Concurrent Preclean
[371.292s][info][gc,marking     ] GC(338) Concurrent Preclean 0.116ms
[371.292s][info][gc,start       ] GC(338) Pause Remark
[371.296s][info][gc             ] GC(338) Pause Remark 2100M->1728M(2868M) 3.760ms
[371.296s][info][gc,cpu         ] GC(338) User=0.01s Sys=0.00s Real=0.00s
[371.296s][info][gc,marking     ] GC(338) Concurrent Mark 49.698ms
[371.296s][info][gc,marking     ] GC(338) Concurrent Rebuild Remembered Sets and Scrub Regions
[371.324s][info][gc,marking     ] GC(338) Concurrent Rebuild Remembered Sets and Scrub Regions 28.031ms
[371.325s][info][gc,start       ] GC(338) Pause Cleanup
[371.325s][info][gc             ] GC(338) Pause Cleanup 1839M->1839M(2868M) 0.092ms
[371.325s][info][gc,cpu         ] GC(338) User=0.00s Sys=0.00s Real=0.00s
[371.325s][info][gc,marking     ] GC(338) Concurrent Clear Claimed Marks
[371.325s][info][gc,marking     ] GC(338) Concurrent Clear Claimed Marks 0.125ms
[371.325s][info][gc,marking     ] GC(338) Concurrent Cleanup for Next Mark
[371.326s][info][gc,marking     ] GC(338) Concurrent Cleanup for Next Mark 1.350ms
[371.326s][info][gc             ] GC(338) Concurrent Mark Cycle 85.617ms
[371.590s][info][gc,start       ] GC(339) Pause Young (Prepare Mixed) (G1 Humongous Allocation)
[371.590s][info][gc,task        ] GC(339) Using 4 workers of 4 for evacuation
[371.597s][info][gc,phases      ] GC(339)   Pre Evacuate Collection Set: 0.27ms
[371.597s][info][gc,phases      ] GC(339)   Merge Heap Roots: 0.09ms
[371.597s][info][gc,phases      ] GC(339)   Evacuate Collection Set: 4.16ms
[371.597s][info][gc,phases      ] GC(339)   Post Evacuate Collection Set: 3.24ms
[371.597s][info][gc,phases      ] GC(339)   Other: 0.06ms
[371.597s][info][gc,heap        ] GC(339) Eden regions: 175->0(204)
[371.597s][info][gc,heap        ] GC(339) Survivor regions: 3->37(37)
[371.597s][info][gc,heap        ] GC(339) Old regions: 405->579
[371.597s][info][gc,heap        ] GC(339) Humongous regions: 814->523
[371.597s][info][gc,metaspace   ] GC(339) Metaspace: 100299K(101376K)->100299K(101376K) NonClass: 78411K(78912K)->78411K(78912K) Class: 21887K(22464K)->21887K(22464K)
[371.597s][info][gc             ] GC(339) Pause Young (Prepare Mixed) (G1 Humongous Allocation) (Evacuation Failure: Allocation) 2792M->2277M(2868M) 7.913ms
[371.597s][info][gc,cpu         ] GC(339) User=0.02s Sys=0.00s Real=0.00s
[372.077s][info][gc,start       ] GC(340) Pause Young (Mixed) (G1 Humongous Allocation)
[372.077s][info][gc,task        ] GC(340) Using 4 workers of 4 for evacuation
[372.086s][info][gc,phases      ] GC(340)   Pre Evacuate Collection Set: 0.20ms
[372.086s][info][gc,phases      ] GC(340)   Merge Heap Roots: 0.09ms
[372.086s][info][gc,phases      ] GC(340)   Evacuate Collection Set: 4.86ms
[372.086s][info][gc,phases      ] GC(340)   Post Evacuate Collection Set: 3.90ms
[372.086s][info][gc,phases      ] GC(340)   Other: 0.05ms
[372.086s][info][gc,heap        ] GC(340) Eden regions: 75->0(159)
[372.086s][info][gc,heap        ] GC(340) Survivor regions: 37->11(31)
[372.086s][info][gc,heap        ] GC(340) Old regions: 579->646
[372.086s][info][gc,heap        ] GC(340) Humongous regions: 698->545
[372.086s][info][gc,metaspace   ] GC(340) Metaspace: 100299K(101376K)->100299K(101376K) NonClass: 78411K(78912K)->78411K(78912K) Class: 21887K(22464K)->21887K(22464K)
[372.086s][info][gc             ] GC(340) Pause Young (Mixed) (G1 Humongous Allocation) (Evacuation Failure: Allocation) 2777M->2403M(2868M) 9.190ms
[372.086s][info][gc,cpu         ] GC(340) User=0.04s Sys=0.00s Real=0.01s
[372.088s][info][gc,start       ] GC(341) Pause Young (Concurrent Start) (G1 Humongous Allocation)
[372.088s][info][gc,task        ] GC(341) Using 4 workers of 4 for evacuation
[372.093s][info][gc,phases      ] GC(341)   Pre Evacuate Collection Set: 0.21ms
[372.095s][info][gc,phases      ] GC(341)   Merge Heap Roots: 0.06ms
[372.095s][info][gc,phases      ] GC(341)   Evacuate Collection Set: 4.95ms
[372.095s][info][gc,phases      ] GC(341)   Post Evacuate Collection Set: 0.50ms
[372.095s][info][gc,phases      ] GC(341)   Other: 0.05ms
[372.095s][info][gc,heap        ] GC(341) Eden regions: 2->0(335)
[372.095s][info][gc,heap        ] GC(341) Survivor regions: 11->11(22)
[372.095s][info][gc,heap        ] GC(341) Old regions: 646->382
[372.095s][info][gc,heap        ] GC(341) Humongous regions: 550->547
[372.095s][info][gc,metaspace   ] GC(341) Metaspace: 100299K(101376K)->100299K(101376K) NonClass: 78411K(78912K)->78411K(78912K) Class: 21887K(22464K)->21887K(22464K)
[372.095s][info][gc             ] GC(341) Pause Young (Concurrent Start) (G1 Humongous Allocation) 2417M->1878M(2868M) 7.096ms
[372.095s][info][gc             ] GC(342) Concurrent Mark Cycle
[372.095s][info][gc,marking     ] GC(342) Concurrent Scan Root Regions
[372.095s][info][gc,cpu         ] GC(341) User=0.02s Sys=0.00s Real=0.01s
[372.099s][info][gc,marking     ] GC(342) Concurrent Scan Root Regions 4.275ms
[372.099s][info][gc,marking     ] GC(342) Concurrent Mark
[372.099s][info][gc,marking     ] GC(342) Concurrent Mark From Roots
[372.099s][info][gc,task        ] GC(342) Using 1 workers of 1 for marking
[372.142s][info][gc,marking     ] GC(342) Concurrent Mark From Roots 43.306ms
[372.142s][info][gc,marking     ] GC(342) Concurrent Preclean
[372.142s][info][gc,marking     ] GC(342) Concurrent Preclean 0.113ms
[372.142s][info][gc,start       ] GC(342) Pause Remark
[372.145s][info][gc             ] GC(342) Pause Remark 1904M->1600M(2868M) 2.430ms
[372.145s][info][gc,cpu         ] GC(342) User=0.01s Sys=0.01s Real=0.00s
[372.145s][info][gc,marking     ] GC(342) Concurrent Mark 45.991ms
[372.145s][info][gc,marking     ] GC(342) Concurrent Rebuild Remembered Sets and Scrub Regions
[372.170s][info][gc,marking     ] GC(342) Concurrent Rebuild Remembered Sets and Scrub Regions 25.133ms
[372.170s][info][gc,start       ] GC(342) Pause Cleanup
[372.170s][info][gc             ] GC(342) Pause Cleanup 1607M->1607M(2868M) 0.065ms
[372.170s][info][gc,cpu         ] GC(342) User=0.00s Sys=0.00s Real=0.00s
[372.170s][info][gc,marking     ] GC(342) Concurrent Clear Claimed Marks
[372.170s][info][gc,marking     ] GC(342) Concurrent Clear Claimed Marks 0.111ms
[372.170s][info][gc,marking     ] GC(342) Concurrent Cleanup for Next Mark
[372.172s][info][gc,marking     ] GC(342) Concurrent Cleanup for Next Mark 1.202ms
[372.172s][info][gc             ] GC(342) Concurrent Mark Cycle 76.906ms
[372.696s][info][gc,start       ] GC(343) Pause Young (Prepare Mixed) (G1 Humongous Allocation)
[372.697s][info][gc,task        ] GC(343) Using 4 workers of 4 for evacuation
[372.702s][info][gc,phases      ] GC(343)   Pre Evacuate Collection Set: 0.14ms
[372.702s][info][gc,phases      ] GC(343)   Merge Heap Roots: 0.09ms
[372.702s][info][gc,phases      ] GC(343)   Evacuate Collection Set: 4.81ms
[372.702s][info][gc,phases      ] GC(343)   Post Evacuate Collection Set: 0.55ms
[372.702s][info][gc,phases      ] GC(343)   Other: 0.05ms
[372.702s][info][gc,heap        ] GC(343) Eden regions: 255->0(333)
[372.702s][info][gc,heap        ] GC(343) Survivor regions: 11->44(44)
[372.702s][info][gc,heap        ] GC(343) Old regions: 365->374
[372.702s][info][gc,heap        ] GC(343) Humongous regions: 749->527
[372.702s][info][gc,metaspace   ] GC(343) Metaspace: 100302K(101376K)->100302K(101376K) NonClass: 78414K(78912K)->78414K(78912K) Class: 21887K(22464K)->21887K(22464K)
[372.702s][info][gc             ] GC(343) Pause Young (Prepare Mixed) (G1 Humongous Allocation) 2758M->1889M(2868M) 5.720ms
[372.702s][info][gc,cpu         ] GC(343) User=0.02s Sys=0.00s Real=0.01s
[373.418s][info][gc,start       ] GC(344) Pause Young (Mixed) (G1 Humongous Allocation)
[373.418s][info][gc,task        ] GC(344) Using 4 workers of 4 for evacuation
[373.422s][info][gc,phases      ] GC(344)   Pre Evacuate Collection Set: 0.16ms
[373.422s][info][gc,phases      ] GC(344)   Merge Heap Roots: 0.06ms
[373.422s][info][gc,phases      ] GC(344)   Evacuate Collection Set: 1.97ms
[373.422s][info][gc,phases      ] GC(344)   Post Evacuate Collection Set: 1.73ms
[373.422s][info][gc,phases      ] GC(344)   Other: 0.05ms
[373.422s][info][gc,heap        ] GC(344) Eden regions: 112->0(278)
[373.422s][info][gc,heap        ] GC(344) Survivor regions: 44->5(14)
[373.422s][info][gc,heap        ] GC(344) Old regions: 374->469
[373.422s][info][gc,heap        ] GC(344) Humongous regions: 890->555
[373.422s][info][gc,metaspace   ] GC(344) Metaspace: 100307K(101376K)->100307K(101376K) NonClass: 78420K(78912K)->78420K(78912K) Class: 21887K(22464K)->21887K(22464K)
[373.422s][info][gc             ] GC(344) Pause Young (Mixed) (G1 Humongous Allocation) (Evacuation Failure: Allocation) 2839M->2057M(2868M) 4.056ms
[373.422s][info][gc,cpu         ] GC(344) User=0.01s Sys=0.00s Real=0.01s
[373.451s][info][gc,start       ] GC(345) Pause Young (Concurrent Start) (G1 Humongous Allocation)
[373.451s][info][gc,task        ] GC(345) Using 4 workers of 4 for evacuation
[373.454s][info][gc,phases      ] GC(345)   Pre Evacuate Collection Set: 0.28ms
[373.454s][info][gc,phases      ] GC(345)   Merge Heap Roots: 0.08ms
[373.454s][info][gc,phases      ] GC(345)   Evacuate Collection Set: 2.32ms
[373.454s][info][gc,phases      ] GC(345)   Post Evacuate Collection Set: 0.75ms
[373.454s][info][gc,phases      ] GC(345)   Other: 0.05ms
[373.454s][info][gc,heap        ] GC(345) Eden regions: 6->0(303)
[373.454s][info][gc,heap        ] GC(345) Survivor regions: 5->9(36)
[373.454s][info][gc,heap        ] GC(345) Old regions: 469->341
[373.454s][info][gc,heap        ] GC(345) Humongous regions: 558->552
[373.454s][info][gc,metaspace   ] GC(345) Metaspace: 100307K(101376K)->100307K(101376K) NonClass: 78420K(78912K)->78420K(78912K) Class: 21887K(22464K)->21887K(22464K)
[373.454s][info][gc             ] GC(345) Pause Young (Concurrent Start) (G1 Humongous Allocation) 2074M->1802M(2868M) 3.561ms
[373.454s][info][gc,cpu         ] GC(345) User=0.01s Sys=0.00s Real=0.00s
[373.454s][info][gc             ] GC(346) Concurrent Mark Cycle
[373.454s][info][gc,marking     ] GC(346) Concurrent Scan Root Regions
[373.458s][info][gc,marking     ] GC(346) Concurrent Scan Root Regions 3.471ms
[373.458s][info][gc,marking     ] GC(346) Concurrent Mark
[373.458s][info][gc,marking     ] GC(346) Concurrent Mark From Roots
[373.458s][info][gc,task        ] GC(346) Using 1 workers of 1 for marking
[373.498s][info][gc,marking     ] GC(346) Concurrent Mark From Roots 40.107ms
[373.498s][info][gc,marking     ] GC(346) Concurrent Preclean
[373.498s][info][gc,marking     ] GC(346) Concurrent Preclean 0.114ms
[373.498s][info][gc,start       ] GC(346) Pause Remark
[373.501s][info][gc             ] GC(346) Pause Remark 1850M->1446M(2868M) 2.952ms
[373.501s][info][gc,cpu         ] GC(346) User=0.00s Sys=0.00s Real=0.01s
[373.501s][info][gc,marking     ] GC(346) Concurrent Mark 43.302ms
[373.501s][info][gc,marking     ] GC(346) Concurrent Rebuild Remembered Sets and Scrub Regions
[373.523s][info][gc,marking     ] GC(346) Concurrent Rebuild Remembered Sets and Scrub Regions 21.734ms
[373.523s][info][gc,start       ] GC(346) Pause Cleanup
[373.523s][info][gc             ] GC(346) Pause Cleanup 1451M->1451M(2868M) 0.077ms
[373.523s][info][gc,cpu         ] GC(346) User=0.00s Sys=0.00s Real=0.00s
[373.523s][info][gc,marking     ] GC(346) Concurrent Clear Claimed Marks
[373.523s][info][gc,marking     ] GC(346) Concurrent Clear Claimed Marks 0.112ms
[373.523s][info][gc,marking     ] GC(346) Concurrent Cleanup for Next Mark
[373.524s][info][gc,marking     ] GC(346) Concurrent Cleanup for Next Mark 1.261ms
[373.524s][info][gc             ] GC(346) Concurrent Mark Cycle 70.128ms
[373.992s][info][gc,start       ] GC(347) Pause Young (Prepare Mixed) (G1 Humongous Allocation)
[373.992s][info][gc,task        ] GC(347) Using 4 workers of 4 for evacuation
[373.997s][info][gc,phases      ] GC(347)   Pre Evacuate Collection Set: 0.12ms
[373.997s][info][gc,phases      ] GC(347)   Merge Heap Roots: 0.08ms
[373.997s][info][gc,phases      ] GC(347)   Evacuate Collection Set: 3.90ms
[373.997s][info][gc,phases      ] GC(347)   Post Evacuate Collection Set: 0.58ms
[373.997s][info][gc,phases      ] GC(347)   Other: 0.05ms
[373.997s][info][gc,heap        ] GC(347) Eden regions: 247->0(330)
[373.997s][info][gc,heap        ] GC(347) Survivor regions: 9->39(39)
[373.997s][info][gc,heap        ] GC(347) Old regions: 289->296
[373.997s][info][gc,heap        ] GC(347) Humongous regions: 832->527
[373.997s][info][gc,metaspace   ] GC(347) Metaspace: 100307K(101376K)->100307K(101376K) NonClass: 78420K(78912K)->78420K(78912K) Class: 21887K(22464K)->21887K(22464K)
[373.997s][info][gc             ] GC(347) Pause Young (Prepare Mixed) (G1 Humongous Allocation) 2752M->1722M(2868M) 4.826ms
[373.997s][info][gc,cpu         ] GC(347) User=0.01s Sys=0.01s Real=0.00s
[375.020s][info][gc,start       ] GC(348) Pause Young (Mixed) (G1 Humongous Allocation)
[375.020s][info][gc,task        ] GC(348) Using 4 workers of 4 for evacuation
[375.028s][info][gc,phases      ] GC(348)   Pre Evacuate Collection Set: 0.22ms
[375.028s][info][gc,phases      ] GC(348)   Merge Heap Roots: 0.11ms
[375.028s][info][gc,phases      ] GC(348)   Evacuate Collection Set: 4.00ms
[375.028s][info][gc,phases      ] GC(348)   Post Evacuate Collection Set: 3.34ms
[375.028s][info][gc,phases      ] GC(348)   Other: 0.06ms
[375.028s][info][gc,heap        ] GC(348) Eden regions: 207->0(196)
[375.028s][info][gc,heap        ] GC(348) Survivor regions: 39->10(27)
[375.028s][info][gc,heap        ] GC(348) Old regions: 296->499
[375.028s][info][gc,heap        ] GC(348) Humongous regions: 865->619
[375.028s][info][gc,metaspace   ] GC(348) Metaspace: 100310K(101376K)->100310K(101376K) NonClass: 78423K(78912K)->78423K(78912K) Class: 21887K(22464K)->21887K(22464K)
[375.028s][info][gc             ] GC(348) Pause Young (Mixed) (G1 Humongous Allocation) (Evacuation Failure: Allocation) 2812M->2255M(2868M) 7.852ms
[375.028s][info][gc,cpu         ] GC(348) User=0.03s Sys=0.00s Real=0.00s
[375.029s][info][gc,start       ] GC(349) Pause Young (Concurrent Start) (G1 Humongous Allocation)
[375.029s][info][gc,task        ] GC(349) Using 4 workers of 4 for evacuation
[375.036s][info][gc,phases      ] GC(349)   Pre Evacuate Collection Set: 0.35ms
[375.036s][info][gc,phases      ] GC(349)   Merge Heap Roots: 0.10ms
[375.036s][info][gc,phases      ] GC(349)   Evacuate Collection Set: 6.65ms
[375.036s][info][gc,phases      ] GC(349)   Post Evacuate Collection Set: 0.60ms
[375.036s][info][gc,phases      ] GC(349)   Other: 0.05ms
[375.036s][info][gc,heap        ] GC(349) Eden regions: 3->0(271)
[375.036s][info][gc,heap        ] GC(349) Survivor regions: 10->12(26)
[375.036s][info][gc,heap        ] GC(349) Old regions: 499->318
[375.036s][info][gc,heap        ] GC(349) Humongous regions: 622->620
[375.036s][info][gc,metaspace   ] GC(349) Metaspace: 100310K(101376K)->100310K(101376K) NonClass: 78423K(78912K)->78423K(78912K) Class: 21887K(22464K)->21887K(22464K)
[375.036s][info][gc             ] GC(349) Pause Young (Concurrent Start) (G1 Humongous Allocation) 2267M->1899M(2868M) 7.828ms
[375.036s][info][gc             ] GC(350) Concurrent Mark Cycle
[375.036s][info][gc,cpu         ] GC(349) User=0.03s Sys=0.00s Real=0.01s
[375.036s][info][gc,marking     ] GC(350) Concurrent Scan Root Regions
[375.043s][info][gc,marking     ] GC(350) Concurrent Scan Root Regions 6.222ms
[375.043s][info][gc,marking     ] GC(350) Concurrent Mark
[375.043s][info][gc,marking     ] GC(350) Concurrent Mark From Roots
[375.043s][info][gc,task        ] GC(350) Using 1 workers of 1 for marking
[375.086s][info][gc,marking     ] GC(350) Concurrent Mark From Roots 43.281ms
[375.086s][info][gc,marking     ] GC(350) Concurrent Preclean
[375.086s][info][gc,marking     ] GC(350) Concurrent Preclean 0.215ms
[375.086s][info][gc,start       ] GC(350) Pause Remark
[375.090s][info][gc             ] GC(350) Pause Remark 2067M->1549M(2868M) 3.385ms
[375.090s][info][gc,cpu         ] GC(350) User=0.01s Sys=0.00s Real=0.01s
[375.090s][info][gc,marking     ] GC(350) Concurrent Mark 47.276ms
[375.090s][info][gc,marking     ] GC(350) Concurrent Rebuild Remembered Sets and Scrub Regions
[375.114s][info][gc,marking     ] GC(350) Concurrent Rebuild Remembered Sets and Scrub Regions 24.103ms
[375.114s][info][gc,start       ] GC(350) Pause Cleanup
[375.114s][info][gc             ] GC(350) Pause Cleanup 1590M->1590M(2868M) 0.099ms
[375.114s][info][gc,cpu         ] GC(350) User=0.00s Sys=0.00s Real=0.00s
[375.114s][info][gc,marking     ] GC(350) Concurrent Clear Claimed Marks
[375.114s][info][gc,marking     ] GC(350) Concurrent Clear Claimed Marks 0.136ms
[375.114s][info][gc,marking     ] GC(350) Concurrent Cleanup for Next Mark
[375.116s][info][gc,marking     ] GC(350) Concurrent Cleanup for Next Mark 1.410ms
[375.116s][info][gc             ] GC(350) Concurrent Mark Cycle 79.443ms
[375.708s][info][gc,start       ] GC(351) Pause Young (Prepare Mixed) (G1 Humongous Allocation)
[375.709s][info][gc,task        ] GC(351) Using 4 workers of 4 for evacuation
[375.716s][info][gc,phases      ] GC(351)   Pre Evacuate Collection Set: 0.18ms
[375.716s][info][gc,phases      ] GC(351)   Merge Heap Roots: 0.09ms
[375.716s][info][gc,phases      ] GC(351)   Evacuate Collection Set: 4.32ms
[375.716s][info][gc,phases      ] GC(351)   Post Evacuate Collection Set: 2.58ms
[375.716s][info][gc,phases      ] GC(351)   Other: 0.07ms
[375.716s][info][gc,heap        ] GC(351) Eden regions: 218->0(212)
[375.716s][info][gc,heap        ] GC(351) Survivor regions: 12->35(35)
[375.716s][info][gc,heap        ] GC(351) Old regions: 264->490
[375.716s][info][gc,heap        ] GC(351) Humongous regions: 905->559
[375.716s][info][gc,metaspace   ] GC(351) Metaspace: 100310K(101376K)->100310K(101376K) NonClass: 78423K(78912K)->78423K(78912K) Class: 21887K(22464K)->21887K(22464K)
[375.716s][info][gc             ] GC(351) Pause Young (Prepare Mixed) (G1 Humongous Allocation) (Evacuation Failure: Allocation) 2797M->2167M(2868M) 7.340ms
[375.716s][info][gc,cpu         ] GC(351) User=0.02s Sys=0.01s Real=0.01s
[376.306s][info][gc,start       ] GC(352) Pause Young (Mixed) (G1 Humongous Allocation)
[376.306s][info][gc,task        ] GC(352) Using 4 workers of 4 for evacuation
[376.315s][info][gc,phases      ] GC(352)   Pre Evacuate Collection Set: 0.21ms
[376.315s][info][gc,phases      ] GC(352)   Merge Heap Roots: 0.08ms
[376.315s][info][gc,phases      ] GC(352)   Evacuate Collection Set: 5.08ms
[376.315s][info][gc,phases      ] GC(352)   Post Evacuate Collection Set: 4.16ms
[376.315s][info][gc,phases      ] GC(352)   Other: 0.06ms
[376.315s][info][gc,heap        ] GC(352) Eden regions: 122->0(129)
[376.315s][info][gc,heap        ] GC(352) Survivor regions: 35->12(31)
[376.315s][info][gc,heap        ] GC(352) Old regions: 490->610
[376.315s][info][gc,heap        ] GC(352) Humongous regions: 740->610
[376.315s][info][gc,metaspace   ] GC(352) Metaspace: 100312K(101376K)->100312K(101376K) NonClass: 78424K(78912K)->78424K(78912K) Class: 21887K(22464K)->21887K(22464K)
[376.315s][info][gc             ] GC(352) Pause Young (Mixed) (G1 Humongous Allocation) (Evacuation Failure: Allocation) 2772M->2462M(2868M) 9.704ms
[376.315s][info][gc,cpu         ] GC(352) User=0.03s Sys=0.00s Real=0.01s
[376.332s][info][gc,start       ] GC(353) Pause Young (Concurrent Start) (G1 Humongous Allocation)
[376.333s][info][gc,task        ] GC(353) Using 4 workers of 4 for evacuation
[376.341s][info][gc,phases      ] GC(353)   Pre Evacuate Collection Set: 0.52ms
[376.341s][info][gc,phases      ] GC(353)   Merge Heap Roots: 0.10ms
[376.341s][info][gc,phases      ] GC(353)   Evacuate Collection Set: 6.45ms
[376.341s][info][gc,phases      ] GC(353)   Post Evacuate Collection Set: 0.73ms
[376.341s][info][gc,phases      ] GC(353)   Other: 0.07ms
[376.341s][info][gc,heap        ] GC(353) Eden regions: 16->0(257)
[376.341s][info][gc,heap        ] GC(353) Survivor regions: 12->8(18)
[376.341s][info][gc,heap        ] GC(353) Old regions: 610->344
[376.341s][info][gc,heap        ] GC(353) Humongous regions: 613->607
[376.341s][info][gc,metaspace   ] GC(353) Metaspace: 100312K(101376K)->100312K(101376K) NonClass: 78424K(78912K)->78424K(78912K) Class: 21887K(22464K)->21887K(22464K)
[376.341s][info][gc             ] GC(353) Pause Young (Concurrent Start) (G1 Humongous Allocation) 2499M->1916M(2868M) 8.920ms
[376.341s][info][gc,cpu         ] GC(353) User=0.03s Sys=0.00s Real=0.01s
[376.341s][info][gc             ] GC(354) Concurrent Mark Cycle
[376.341s][info][gc,marking     ] GC(354) Concurrent Scan Root Regions
[376.349s][info][gc,marking     ] GC(354) Concurrent Scan Root Regions 7.338ms
[376.349s][info][gc,marking     ] GC(354) Concurrent Mark
[376.349s][info][gc,marking     ] GC(354) Concurrent Mark From Roots
[376.349s][info][gc,task        ] GC(354) Using 1 workers of 1 for marking
[376.393s][info][gc,marking     ] GC(354) Concurrent Mark From Roots 44.160ms
[376.393s][info][gc,marking     ] GC(354) Concurrent Preclean
[376.393s][info][gc,marking     ] GC(354) Concurrent Preclean 0.136ms
[376.393s][info][gc,start       ] GC(354) Pause Remark
[376.396s][info][gc             ] GC(354) Pause Remark 2091M->1607M(2868M) 2.913ms
[376.396s][info][gc,cpu         ] GC(354) User=0.02s Sys=0.00s Real=0.00s
[376.396s][info][gc,marking     ] GC(354) Concurrent Mark 47.399ms
[376.396s][info][gc,marking     ] GC(354) Concurrent Rebuild Remembered Sets and Scrub Regions
[376.422s][info][gc,marking     ] GC(354) Concurrent Rebuild Remembered Sets and Scrub Regions 26.253ms
[376.422s][info][gc,start       ] GC(354) Pause Cleanup
[376.422s][info][gc             ] GC(354) Pause Cleanup 1650M->1650M(2868M) 0.076ms
[376.422s][info][gc,cpu         ] GC(354) User=0.00s Sys=0.00s Real=0.00s
[376.422s][info][gc,marking     ] GC(354) Concurrent Clear Claimed Marks
[376.423s][info][gc,marking     ] GC(354) Concurrent Clear Claimed Marks 0.129ms
[376.423s][info][gc,marking     ] GC(354) Concurrent Cleanup for Next Mark
[376.424s][info][gc,marking     ] GC(354) Concurrent Cleanup for Next Mark 1.266ms
[376.424s][info][gc             ] GC(354) Concurrent Mark Cycle 82.616ms
[377.030s][info][gc,start       ] GC(355) Pause Young (Prepare Mixed) (G1 Humongous Allocation)
[377.030s][info][gc,task        ] GC(355) Using 4 workers of 4 for evacuation
[377.037s][info][gc,phases      ] GC(355)   Pre Evacuate Collection Set: 0.18ms
[377.037s][info][gc,phases      ] GC(355)   Merge Heap Roots: 0.10ms
[377.037s][info][gc,phases      ] GC(355)   Evacuate Collection Set: 3.66ms
[377.037s][info][gc,phases      ] GC(355)   Post Evacuate Collection Set: 2.47ms
[377.037s][info][gc,phases      ] GC(355)   Other: 0.06ms
[377.037s][info][gc,heap        ] GC(355) Eden regions: 216->0(197)
[377.037s][info][gc,heap        ] GC(355) Survivor regions: 8->24(24)
[377.037s][info][gc,heap        ] GC(355) Old regions: 297->520
[377.037s][info][gc,heap        ] GC(355) Humongous regions: 889->553
[377.037s][info][gc,metaspace   ] GC(355) Metaspace: 100313K(101376K)->100313K(101376K) NonClass: 78424K(78912K)->78424K(78912K) Class: 21888K(22464K)->21888K(22464K)
[377.037s][info][gc             ] GC(355) Pause Young (Prepare Mixed) (G1 Humongous Allocation) (Evacuation Failure: Allocation) 2817M->2193M(2868M) 6.571ms
[377.037s][info][gc,cpu         ] GC(355) User=0.02s Sys=0.00s Real=0.00s
[377.580s][info][gc,start       ] GC(356) Pause Young (Mixed) (G1 Humongous Allocation)
[377.580s][info][gc,task        ] GC(356) Using 4 workers of 4 for evacuation
[377.589s][info][gc,phases      ] GC(356)   Pre Evacuate Collection Set: 0.35ms
[377.589s][info][gc,phases      ] GC(356)   Merge Heap Roots: 0.15ms
[377.589s][info][gc,phases      ] GC(356)   Evacuate Collection Set: 4.31ms
[377.589s][info][gc,phases      ] GC(356)   Post Evacuate Collection Set: 3.89ms
[377.589s][info][gc,phases      ] GC(356)   Other: 0.07ms
[377.589s][info][gc,heap        ] GC(356) Eden regions: 122->0(119)
[377.589s][info][gc,heap        ] GC(356) Survivor regions: 24->19(26)
[377.589s][info][gc,heap        ] GC(356) Old regions: 520->611
[377.589s][info][gc,heap        ] GC(356) Humongous regions: 742->609
[377.589s][info][gc,metaspace   ] GC(356) Metaspace: 100314K(101376K)->100314K(101376K) NonClass: 78425K(78912K)->78425K(78912K) Class: 21888K(22464K)->21888K(22464K)
[377.589s][info][gc             ] GC(356) Pause Young (Mixed) (G1 Humongous Allocation) (Evacuation Failure: Allocation) 2815M->2477M(2868M) 8.877ms
[377.589s][info][gc,cpu         ] GC(356) User=0.02s Sys=0.01s Real=0.00s
[377.591s][info][gc,start       ] GC(357) Pause Young (Concurrent Start) (G1 Humongous Allocation)
[377.591s][info][gc,task        ] GC(357) Using 4 workers of 4 for evacuation
[377.599s][info][gc,phases      ] GC(357)   Pre Evacuate Collection Set: 0.24ms
[377.602s][info][gc,phases      ] GC(357)   Merge Heap Roots: 0.07ms
[377.602s][info][gc,phases      ] GC(357)   Evacuate Collection Set: 7.26ms
[377.602s][info][gc,phases      ] GC(357)   Post Evacuate Collection Set: 0.60ms
[377.602s][info][gc,phases      ] GC(357)   Other: 0.06ms
[377.602s][info][gc,heap        ] GC(357) Eden regions: 3->0(260)
[377.602s][info][gc,heap        ] GC(357) Survivor regions: 19->2(18)
[377.602s][info][gc,heap        ] GC(357) Old regions: 611->386
[377.602s][info][gc,heap        ] GC(357) Humongous regions: 612->610
[377.602s][info][gc,metaspace   ] GC(357) Metaspace: 100314K(101376K)->100314K(101376K) NonClass: 78425K(78912K)->78425K(78912K) Class: 21888K(22464K)->21888K(22464K)
[377.602s][info][gc             ] GC(357) Pause Young (Concurrent Start) (G1 Humongous Allocation) 2489M->1994M(2868M) 11.120ms
[377.602s][info][gc,cpu         ] GC(357) User=0.03s Sys=0.00s Real=0.01s
[377.602s][info][gc             ] GC(358) Concurrent Mark Cycle
[377.602s][info][gc,marking     ] GC(358) Concurrent Scan Root Regions
[377.610s][info][gc,marking     ] GC(358) Concurrent Scan Root Regions 7.942ms
[377.610s][info][gc,marking     ] GC(358) Concurrent Mark
[377.610s][info][gc,marking     ] GC(358) Concurrent Mark From Roots
[377.610s][info][gc,task        ] GC(358) Using 1 workers of 1 for marking
[377.651s][info][gc,marking     ] GC(358) Concurrent Mark From Roots 41.582ms
[377.651s][info][gc,marking     ] GC(358) Concurrent Preclean
[377.652s][info][gc,marking     ] GC(358) Concurrent Preclean 0.199ms
[377.652s][info][gc,start       ] GC(358) Pause Remark
[377.655s][info][gc             ] GC(358) Pause Remark 2207M->1627M(2868M) 3.259ms
[377.655s][info][gc,cpu         ] GC(358) User=0.00s Sys=0.00s Real=0.00s
[377.655s][info][gc,marking     ] GC(358) Concurrent Mark 45.277ms
[377.655s][info][gc,marking     ] GC(358) Concurrent Rebuild Remembered Sets and Scrub Regions
[377.680s][info][gc,marking     ] GC(358) Concurrent Rebuild Remembered Sets and Scrub Regions 24.785ms
[377.680s][info][gc,start       ] GC(358) Pause Cleanup
[377.680s][info][gc             ] GC(358) Pause Cleanup 1680M->1680M(2868M) 0.080ms
[377.680s][info][gc,cpu         ] GC(358) User=0.00s Sys=0.00s Real=0.00s
[377.680s][info][gc,marking     ] GC(358) Concurrent Clear Claimed Marks
[377.680s][info][gc,marking     ] GC(358) Concurrent Clear Claimed Marks 0.120ms
[377.680s][info][gc,marking     ] GC(358) Concurrent Cleanup for Next Mark
[377.682s][info][gc,marking     ] GC(358) Concurrent Cleanup for Next Mark 1.402ms
[377.682s][info][gc             ] GC(358) Concurrent Mark Cycle 79.818ms
[378.292s][info][gc,start       ] GC(359) Pause Young (Prepare Mixed) (G1 Humongous Allocation)
[378.292s][info][gc,task        ] GC(359) Using 4 workers of 4 for evacuation
[378.297s][info][gc,phases      ] GC(359)   Pre Evacuate Collection Set: 0.18ms
[378.297s][info][gc,phases      ] GC(359)   Merge Heap Roots: 0.10ms
[378.297s][info][gc,phases      ] GC(359)   Evacuate Collection Set: 2.34ms
[378.297s][info][gc,phases      ] GC(359)   Post Evacuate Collection Set: 3.00ms
[378.297s][info][gc,phases      ] GC(359)   Other: 0.07ms
[378.297s][info][gc,heap        ] GC(359) Eden regions: 229->0(231)
[378.297s][info][gc,heap        ] GC(359) Survivor regions: 2->0(0)
[378.297s][info][gc,heap        ] GC(359) Old regions: 296->526
[378.297s][info][gc,heap        ] GC(359) Humongous regions: 907->553
[378.297s][info][gc,metaspace   ] GC(359) Metaspace: 100316K(101376K)->100316K(101376K) NonClass: 78427K(78912K)->78427K(78912K) Class: 21888K(22464K)->21888K(22464K)
[378.297s][info][gc             ] GC(359) Pause Young (Prepare Mixed) (G1 Humongous Allocation) (Evacuation Failure: Allocation) 2865M->2157M(2868M) 5.785ms
[378.297s][info][gc,cpu         ] GC(359) User=0.02s Sys=0.00s Real=0.00s
[378.855s][info][gc,start       ] GC(360) Pause Young (Mixed) (G1 Humongous Allocation)
[378.855s][info][gc,task        ] GC(360) Using 4 workers of 4 for evacuation
[378.865s][info][gc,phases      ] GC(360)   Pre Evacuate Collection Set: 0.35ms
[378.865s][info][gc,phases      ] GC(360)   Merge Heap Roots: 0.12ms
[378.865s][info][gc,phases      ] GC(360)   Evacuate Collection Set: 4.85ms
[378.865s][info][gc,phases      ] GC(360)   Post Evacuate Collection Set: 3.92ms
[378.865s][info][gc,phases      ] GC(360)   Other: 0.07ms
[378.865s][info][gc,heap        ] GC(360) Eden regions: 132->0(120)
[378.865s][info][gc,heap        ] GC(360) Survivor regions: 0->11(29)
[378.865s][info][gc,heap        ] GC(360) Old regions: 526->621
[378.865s][info][gc,heap        ] GC(360) Humongous regions: 742->609
[378.865s][info][gc,metaspace   ] GC(360) Metaspace: 100316K(101376K)->100316K(101376K) NonClass: 78428K(78912K)->78428K(78912K) Class: 21888K(22464K)->21888K(22464K)
[378.865s][info][gc             ] GC(360) Pause Young (Mixed) (G1 Humongous Allocation) (Evacuation Failure: Allocation) 2799M->2481M(2868M) 9.424ms
[378.865s][info][gc,cpu         ] GC(360) User=0.03s Sys=0.00s Real=0.01s
[378.866s][info][gc,start       ] GC(361) Pause Young (Concurrent Start) (G1 Humongous Allocation)
[378.866s][info][gc,task        ] GC(361) Using 4 workers of 4 for evacuation
[378.874s][info][gc,phases      ] GC(361)   Pre Evacuate Collection Set: 0.26ms
[378.875s][info][gc,phases      ] GC(361)   Merge Heap Roots: 0.08ms
[378.875s][info][gc,phases      ] GC(361)   Evacuate Collection Set: 7.34ms
[378.875s][info][gc,phases      ] GC(361)   Post Evacuate Collection Set: 0.75ms
[378.875s][info][gc,phases      ] GC(361)   Other: 0.05ms
[378.875s][info][gc,heap        ] GC(361) Eden regions: 3->0(257)
[378.875s][info][gc,heap        ] GC(361) Survivor regions: 11->2(17)
[378.875s][info][gc,heap        ] GC(361) Old regions: 621->424
[378.875s][info][gc,heap        ] GC(361) Humongous regions: 612->610
[378.875s][info][gc,metaspace   ] GC(361) Metaspace: 100316K(101376K)->100316K(101376K) NonClass: 78428K(78912K)->78428K(78912K) Class: 21888K(22464K)->21888K(22464K)
[378.875s][info][gc             ] GC(361) Pause Young (Concurrent Start) (G1 Humongous Allocation) 2491M->2070M(2868M) 9.663ms
[378.875s][info][gc,cpu         ] GC(361) User=0.03s Sys=0.00s Real=0.01s
[378.875s][info][gc             ] GC(362) Concurrent Mark Cycle
[378.875s][info][gc,marking     ] GC(362) Concurrent Scan Root Regions
[378.885s][info][gc,marking     ] GC(362) Concurrent Scan Root Regions 9.876ms
[378.885s][info][gc,marking     ] GC(362) Concurrent Mark
[378.885s][info][gc,marking     ] GC(362) Concurrent Mark From Roots
[378.885s][info][gc,task        ] GC(362) Using 1 workers of 1 for marking
[378.928s][info][gc,marking     ] GC(362) Concurrent Mark From Roots 42.897ms
[378.928s][info][gc,marking     ] GC(362) Concurrent Preclean
[378.928s][info][gc,marking     ] GC(362) Concurrent Preclean 0.127ms
[378.928s][info][gc,start       ] GC(362) Pause Remark
[378.931s][info][gc             ] GC(362) Pause Remark 2296M->1710M(2868M) 2.624ms
[378.931s][info][gc,cpu         ] GC(362) User=0.01s Sys=0.00s Real=0.01s
[378.931s][info][gc,marking     ] GC(362) Concurrent Mark 45.791ms
[378.931s][info][gc,marking     ] GC(362) Concurrent Rebuild Remembered Sets and Scrub Regions
[378.957s][info][gc,marking     ] GC(362) Concurrent Rebuild Remembered Sets and Scrub Regions 25.983ms
[378.957s][info][gc,start       ] GC(362) Pause Cleanup
[378.957s][info][gc             ] GC(362) Pause Cleanup 1748M->1748M(2868M) 0.088ms
[378.957s][info][gc,cpu         ] GC(362) User=0.00s Sys=0.00s Real=0.00s
[378.957s][info][gc,marking     ] GC(362) Concurrent Clear Claimed Marks
[378.957s][info][gc,marking     ] GC(362) Concurrent Clear Claimed Marks 0.118ms
[378.957s][info][gc,marking     ] GC(362) Concurrent Cleanup for Next Mark
[378.959s][info][gc,marking     ] GC(362) Concurrent Cleanup for Next Mark 1.395ms
[378.959s][info][gc             ] GC(362) Concurrent Mark Cycle 83.398ms
[379.245s][info][gc,start       ] GC(363) Pause Young (Prepare Mixed) (G1 Humongous Allocation)
[379.245s][info][gc,task        ] GC(363) Using 4 workers of 4 for evacuation
[379.254s][info][gc,phases      ] GC(363)   Pre Evacuate Collection Set: 0.18ms
[379.254s][info][gc,phases      ] GC(363)   Merge Heap Roots: 0.08ms
[379.254s][info][gc,phases      ] GC(363)   Evacuate Collection Set: 5.26ms
[379.254s][info][gc,phases      ] GC(363)   Post Evacuate Collection Set: 2.74ms
[379.254s][info][gc,phases      ] GC(363)   Other: 0.06ms
[379.254s][info][gc,heap        ] GC(363) Eden regions: 172->0(272)
[379.254s][info][gc,heap        ] GC(363) Survivor regions: 2->33(33)
[379.254s][info][gc,heap        ] GC(363) Old regions: 336->505
[379.254s][info][gc,heap        ] GC(363) Humongous regions: 884->479
[379.254s][info][gc,metaspace   ] GC(363) Metaspace: 100327K(101376K)->100327K(101376K) NonClass: 78439K(78912K)->78439K(78912K) Class: 21888K(22464K)->21888K(22464K)
[379.254s][info][gc             ] GC(363) Pause Young (Prepare Mixed) (G1 Humongous Allocation) (Evacuation Failure: Allocation) 2786M->2033M(2868M) 8.429ms
[379.254s][info][gc,cpu         ] GC(363) User=0.03s Sys=0.00s Real=0.01s
[380.131s][info][gc,start       ] GC(364) Pause Young (Mixed) (G1 Humongous Allocation)
[380.132s][info][gc,task        ] GC(364) Using 4 workers of 4 for evacuation
[380.141s][info][gc,phases      ] GC(364)   Pre Evacuate Collection Set: 0.19ms
[380.141s][info][gc,phases      ] GC(364)   Merge Heap Roots: 0.08ms
[380.141s][info][gc,phases      ] GC(364)   Evacuate Collection Set: 4.33ms
[380.141s][info][gc,phases      ] GC(364)   Post Evacuate Collection Set: 4.59ms
[380.141s][info][gc,phases      ] GC(364)   Other: 0.08ms
[380.141s][info][gc,heap        ] GC(364) Eden regions: 183->0(122)
[380.141s][info][gc,heap        ] GC(364) Survivor regions: 33->15(30)
[380.141s][info][gc,heap        ] GC(364) Old regions: 505->689
[380.141s][info][gc,heap        ] GC(364) Humongous regions: 683->535
[380.141s][info][gc,metaspace   ] GC(364) Metaspace: 100328K(101376K)->100328K(101376K) NonClass: 78439K(78912K)->78439K(78912K) Class: 21889K(22464K)->21889K(22464K)
[380.141s][info][gc             ] GC(364) Pause Young (Mixed) (G1 Humongous Allocation) (Evacuation Failure: Allocation) 2806M->2476M(2868M) 9.360ms
[380.141s][info][gc,cpu         ] GC(364) User=0.04s Sys=0.00s Real=0.01s
[380.142s][info][gc,start       ] GC(365) Pause Young (Concurrent Start) (G1 Humongous Allocation)
[380.142s][info][gc,task        ] GC(365) Using 4 workers of 4 for evacuation
[380.151s][info][gc,phases      ] GC(365)   Pre Evacuate Collection Set: 0.35ms
[380.151s][info][gc,phases      ] GC(365)   Merge Heap Roots: 0.13ms
[380.151s][info][gc,phases      ] GC(365)   Evacuate Collection Set: 7.57ms
[380.151s][info][gc,phases      ] GC(365)   Post Evacuate Collection Set: 0.67ms
[380.151s][info][gc,phases      ] GC(365)   Other: 0.06ms
[380.151s][info][gc,heap        ] GC(365) Eden regions: 5->0(277)
[380.151s][info][gc,heap        ] GC(365) Survivor regions: 15->3(18)
[380.151s][info][gc,heap        ] GC(365) Old regions: 689->407
[380.151s][info][gc,heap        ] GC(365) Humongous regions: 538->532
[380.151s][info][gc,metaspace   ] GC(365) Metaspace: 100328K(101376K)->100328K(101376K) NonClass: 78439K(78912K)->78439K(78912K) Class: 21889K(22464K)->21889K(22464K)
[380.151s][info][gc             ] GC(365) Pause Young (Concurrent Start) (G1 Humongous Allocation) 2492M->1883M(2868M) 8.859ms
[380.151s][info][gc,cpu         ] GC(365) User=0.03s Sys=0.00s Real=0.01s
[380.151s][info][gc             ] GC(366) Concurrent Mark Cycle
[380.151s][info][gc,marking     ] GC(366) Concurrent Scan Root Regions
[380.160s][info][gc,marking     ] GC(366) Concurrent Scan Root Regions 9.246ms
[380.160s][info][gc,marking     ] GC(366) Concurrent Mark
[380.160s][info][gc,marking     ] GC(366) Concurrent Mark From Roots
[380.161s][info][gc,task        ] GC(366) Using 1 workers of 1 for marking
[380.205s][info][gc,marking     ] GC(366) Concurrent Mark From Roots 44.386ms
[380.205s][info][gc,marking     ] GC(366) Concurrent Preclean
[380.205s][info][gc,marking     ] GC(366) Concurrent Preclean 0.113ms
[380.205s][info][gc,start       ] GC(366) Pause Remark
[380.208s][info][gc             ] GC(366) Pause Remark 2101M->1725M(2868M) 2.700ms
[380.208s][info][gc,cpu         ] GC(366) User=0.01s Sys=0.00s Real=0.00s
[380.208s][info][gc,marking     ] GC(366) Concurrent Mark 47.372ms
[380.208s][info][gc,marking     ] GC(366) Concurrent Rebuild Remembered Sets and Scrub Regions
[380.235s][info][gc,marking     ] GC(366) Concurrent Rebuild Remembered Sets and Scrub Regions 27.267ms
[380.235s][info][gc,start       ] GC(366) Pause Cleanup
[380.235s][info][gc             ] GC(366) Pause Cleanup 1769M->1769M(2868M) 0.091ms
[380.235s][info][gc,cpu         ] GC(366) User=0.00s Sys=0.00s Real=0.00s
[380.235s][info][gc,marking     ] GC(366) Concurrent Clear Claimed Marks
[380.235s][info][gc,marking     ] GC(366) Concurrent Clear Claimed Marks 0.135ms
[380.235s][info][gc,marking     ] GC(366) Concurrent Cleanup for Next Mark
[380.237s][info][gc,marking     ] GC(366) Concurrent Cleanup for Next Mark 1.375ms
[380.237s][info][gc             ] GC(366) Concurrent Mark Cycle 85.655ms
[380.664s][info][gc,start       ] GC(367) Pause Young (Prepare Mixed) (G1 Evacuation Pause)
[380.664s][info][gc,task        ] GC(367) Using 4 workers of 4 for evacuation
[380.669s][info][gc,phases      ] GC(367)   Pre Evacuate Collection Set: 0.23ms
[380.669s][info][gc,phases      ] GC(367)   Merge Heap Roots: 0.09ms
[380.669s][info][gc,phases      ] GC(367)   Evacuate Collection Set: 2.00ms
[380.669s][info][gc,phases      ] GC(367)   Post Evacuate Collection Set: 2.89ms
[380.669s][info][gc,phases      ] GC(367)   Other: 0.05ms
[380.669s][info][gc,heap        ] GC(367) Eden regions: 187->0(223)
[380.669s][info][gc,heap        ] GC(367) Survivor regions: 3->0(0)
[380.669s][info][gc,heap        ] GC(367) Old regions: 349->528
[380.669s][info][gc,heap        ] GC(367) Humongous regions: 895->547
[380.669s][info][gc,metaspace   ] GC(367) Metaspace: 100330K(101376K)->100330K(101376K) NonClass: 78440K(78912K)->78440K(78912K) Class: 21889K(22464K)->21889K(22464K)
[380.669s][info][gc             ] GC(367) Pause Young (Prepare Mixed) (G1 Evacuation Pause) (Evacuation Failure: Allocation) 2867M->2149M(2868M) 5.366ms
[380.669s][info][gc,cpu         ] GC(367) User=0.02s Sys=0.00s Real=0.00s
[381.298s][info][gc,start       ] GC(368) Pause Young (Mixed) (G1 Humongous Allocation)
[381.299s][info][gc,task        ] GC(368) Using 4 workers of 4 for evacuation
[381.308s][info][gc,phases      ] GC(368)   Pre Evacuate Collection Set: 0.19ms
[381.308s][info][gc,phases      ] GC(368)   Merge Heap Roots: 0.08ms
[381.308s][info][gc,phases      ] GC(368)   Evacuate Collection Set: 5.09ms
[381.308s][info][gc,phases      ] GC(368)   Post Evacuate Collection Set: 3.97ms
[381.308s][info][gc,phases      ] GC(368)   Other: 0.05ms
[381.308s][info][gc,heap        ] GC(368) Eden regions: 152->0(71)
[381.308s][info][gc,heap        ] GC(368) Survivor regions: 0->26(28)
[381.308s][info][gc,heap        ] GC(368) Old regions: 528->670
[381.308s][info][gc,heap        ] GC(368) Humongous regions: 711->603
[381.308s][info][gc,metaspace   ] GC(368) Metaspace: 100330K(101376K)->100330K(101376K) NonClass: 78440K(78912K)->78440K(78912K) Class: 21889K(22464K)->21889K(22464K)
[381.308s][info][gc             ] GC(368) Pause Young (Mixed) (G1 Humongous Allocation) (Evacuation Failure: Allocation) 2780M->2596M(2868M) 9.462ms
[381.308s][info][gc,cpu         ] GC(368) User=0.03s Sys=0.00s Real=0.01s
[381.309s][info][gc,start       ] GC(369) Pause Young (Concurrent Start) (G1 Humongous Allocation)
[381.309s][info][gc,task        ] GC(369) Using 4 workers of 4 for evacuation
[381.317s][info][gc,phases      ] GC(369)   Pre Evacuate Collection Set: 0.22ms
[381.317s][info][gc,phases      ] GC(369)   Merge Heap Roots: 0.07ms
[381.317s][info][gc,phases      ] GC(369)   Evacuate Collection Set: 6.75ms
[381.317s][info][gc,phases      ] GC(369)   Post Evacuate Collection Set: 0.59ms
[381.317s][info][gc,phases      ] GC(369)   Other: 0.05ms
[381.317s][info][gc,heap        ] GC(369) Eden regions: 4->0(262)
[381.317s][info][gc,heap        ] GC(369) Survivor regions: 26->3(13)
[381.317s][info][gc,heap        ] GC(369) Old regions: 670->402
[381.317s][info][gc,heap        ] GC(369) Humongous regions: 609->606
[381.317s][info][gc,metaspace   ] GC(369) Metaspace: 100330K(101376K)->100330K(101376K) NonClass: 78440K(78912K)->78440K(78912K) Class: 21889K(22464K)->21889K(22464K)
[381.317s][info][gc             ] GC(369) Pause Young (Concurrent Start) (G1 Humongous Allocation) 2616M->2020M(2868M) 7.773ms
[381.317s][info][gc             ] GC(370) Concurrent Mark Cycle
[381.317s][info][gc,marking     ] GC(370) Concurrent Scan Root Regions
[381.317s][info][gc,cpu         ] GC(369) User=0.03s Sys=0.00s Real=0.01s
[381.325s][info][gc,marking     ] GC(370) Concurrent Scan Root Regions 8.429ms
[381.325s][info][gc,marking     ] GC(370) Concurrent Mark
[381.325s][info][gc,marking     ] GC(370) Concurrent Mark From Roots
[381.325s][info][gc,task        ] GC(370) Using 1 workers of 1 for marking
[381.367s][info][gc,marking     ] GC(370) Concurrent Mark From Roots 41.438ms
[381.367s][info][gc,marking     ] GC(370) Concurrent Preclean
[381.367s][info][gc,marking     ] GC(370) Concurrent Preclean 0.150ms
[381.367s][info][gc,start       ] GC(370) Pause Remark
[381.370s][info][gc             ] GC(370) Pause Remark 2260M->1708M(2868M) 3.086ms
[381.370s][info][gc,cpu         ] GC(370) User=0.01s Sys=0.00s Real=0.01s
[381.370s][info][gc,marking     ] GC(370) Concurrent Mark 44.891ms
[381.370s][info][gc,marking     ] GC(370) Concurrent Rebuild Remembered Sets and Scrub Regions
[381.398s][info][gc,marking     ] GC(370) Concurrent Rebuild Remembered Sets and Scrub Regions 27.830ms
[381.399s][info][gc,start       ] GC(370) Pause Cleanup
[381.399s][info][gc             ] GC(370) Pause Cleanup 1768M->1768M(2868M) 0.109ms
[381.399s][info][gc,cpu         ] GC(370) User=0.00s Sys=0.00s Real=0.00s
[381.399s][info][gc,marking     ] GC(370) Concurrent Clear Claimed Marks
[381.399s][info][gc,marking     ] GC(370) Concurrent Clear Claimed Marks 0.132ms
[381.399s][info][gc,marking     ] GC(370) Concurrent Cleanup for Next Mark
[381.400s][info][gc,marking     ] GC(370) Concurrent Cleanup for Next Mark 1.496ms
[381.400s][info][gc             ] GC(370) Concurrent Mark Cycle 83.691ms
[381.661s][info][gc,start       ] GC(371) Pause Young (Prepare Mixed) (G1 Humongous Allocation)
[381.662s][info][gc,task        ] GC(371) Using 4 workers of 4 for evacuation
[381.667s][info][gc,phases      ] GC(371)   Pre Evacuate Collection Set: 0.17ms
[381.667s][info][gc,phases      ] GC(371)   Merge Heap Roots: 0.08ms
[381.667s][info][gc,phases      ] GC(371)   Evacuate Collection Set: 3.09ms
[381.667s][info][gc,phases      ] GC(371)   Post Evacuate Collection Set: 1.76ms
[381.667s][info][gc,phases      ] GC(371)   Other: 0.06ms
[381.667s][info][gc,heap        ] GC(371) Eden regions: 173->0(241)
[381.667s][info][gc,heap        ] GC(371) Survivor regions: 3->27(27)
[381.667s][info][gc,heap        ] GC(371) Old regions: 321->480
[381.667s][info][gc,heap        ] GC(371) Humongous regions: 910->550
[381.667s][info][gc,metaspace   ] GC(371) Metaspace: 100330K(101376K)->100330K(101376K) NonClass: 78440K(78912K)->78440K(78912K) Class: 21889K(22464K)->21889K(22464K)
[381.667s][info][gc             ] GC(371) Pause Young (Prepare Mixed) (G1 Humongous Allocation) (Evacuation Failure: Allocation) 2811M->2112M(2868M) 5.258ms
[381.667s][info][gc,cpu         ] GC(371) User=0.02s Sys=0.00s Real=0.00s
[382.488s][info][gc,start       ] GC(372) Pause Young (Mixed) (G1 Humongous Allocation)
[382.488s][info][gc,task        ] GC(372) Using 4 workers of 4 for evacuation
[382.498s][info][gc,phases      ] GC(372)   Pre Evacuate Collection Set: 0.29ms
[382.498s][info][gc,phases      ] GC(372)   Merge Heap Roots: 0.14ms
[382.498s][info][gc,phases      ] GC(372)   Evacuate Collection Set: 5.32ms
[382.498s][info][gc,phases      ] GC(372)   Post Evacuate Collection Set: 4.02ms
[382.498s][info][gc,phases      ] GC(372)   Other: 0.06ms
[382.498s][info][gc,heap        ] GC(372) Eden regions: 175->0(99)
[382.498s][info][gc,heap        ] GC(372) Survivor regions: 27->21(34)
[382.498s][info][gc,heap        ] GC(372) Old regions: 480->647
[382.498s][info][gc,heap        ] GC(372) Humongous regions: 700->594
[382.498s][info][gc,metaspace   ] GC(372) Metaspace: 100340K(101376K)->100340K(101376K) NonClass: 78450K(78912K)->78450K(78912K) Class: 21889K(22464K)->21889K(22464K)
[382.498s][info][gc             ] GC(372) Pause Young (Mixed) (G1 Humongous Allocation) (Evacuation Failure: Allocation) 2762M->2523M(2868M) 9.937ms
[382.498s][info][gc,cpu         ] GC(372) User=0.03s Sys=0.00s Real=0.01s
[382.500s][info][gc,start       ] GC(373) Pause Young (Concurrent Start) (G1 Humongous Allocation)
[382.500s][info][gc,task        ] GC(373) Using 4 workers of 4 for evacuation
[382.506s][info][gc,phases      ] GC(373)   Pre Evacuate Collection Set: 0.35ms
[382.506s][info][gc,phases      ] GC(373)   Merge Heap Roots: 0.07ms
[382.506s][info][gc,phases      ] GC(373)   Evacuate Collection Set: 5.34ms
[382.506s][info][gc,phases      ] GC(373)   Post Evacuate Collection Set: 0.74ms
[382.506s][info][gc,phases      ] GC(373)   Other: 0.05ms
[382.506s][info][gc,heap        ] GC(373) Eden regions: 4->0(252)
[382.506s][info][gc,heap        ] GC(373) Survivor regions: 21->2(15)
[382.506s][info][gc,heap        ] GC(373) Old regions: 647->384
[382.506s][info][gc,heap        ] GC(373) Humongous regions: 597->595
[382.506s][info][gc,metaspace   ] GC(373) Metaspace: 100340K(101376K)->100340K(101376K) NonClass: 78450K(78912K)->78450K(78912K) Class: 21889K(22464K)->21889K(22464K)
[382.506s][info][gc             ] GC(373) Pause Young (Concurrent Start) (G1 Humongous Allocation) 2536M->1960M(2868M) 6.646ms
[382.506s][info][gc             ] GC(374) Concurrent Mark Cycle
[382.506s][info][gc,marking     ] GC(374) Concurrent Scan Root Regions
[382.506s][info][gc,cpu         ] GC(373) User=0.03s Sys=0.00s Real=0.00s
[382.515s][info][gc,marking     ] GC(374) Concurrent Scan Root Regions 8.663ms
[382.515s][info][gc,marking     ] GC(374) Concurrent Mark
[382.515s][info][gc,marking     ] GC(374) Concurrent Mark From Roots
[382.515s][info][gc,task        ] GC(374) Using 1 workers of 1 for marking
[382.559s][info][gc,marking     ] GC(374) Concurrent Mark From Roots 44.448ms
[382.559s][info][gc,marking     ] GC(374) Concurrent Preclean
[382.560s][info][gc,marking     ] GC(374) Concurrent Preclean 0.128ms
[382.560s][info][gc,start       ] GC(374) Pause Remark
[382.563s][info][gc             ] GC(374) Pause Remark 2249M->1621M(2868M) 3.366ms
[382.563s][info][gc,cpu         ] GC(374) User=0.01s Sys=0.00s Real=0.00s
[382.563s][info][gc,marking     ] GC(374) Concurrent Mark 48.164ms
[382.563s][info][gc,marking     ] GC(374) Concurrent Rebuild Remembered Sets and Scrub Regions
[382.589s][info][gc,marking     ] GC(374) Concurrent Rebuild Remembered Sets and Scrub Regions 25.896ms
[382.592s][info][gc,start       ] GC(374) Pause Cleanup
[382.592s][info][gc             ] GC(374) Pause Cleanup 1676M->1676M(2868M) 0.103ms
[382.592s][info][gc,cpu         ] GC(374) User=0.00s Sys=0.00s Real=0.00s
[382.593s][info][gc,marking     ] GC(374) Concurrent Clear Claimed Marks
[382.593s][info][gc,marking     ] GC(374) Concurrent Clear Claimed Marks 0.166ms
[382.593s][info][gc,marking     ] GC(374) Concurrent Cleanup for Next Mark
[382.594s][info][gc,marking     ] GC(374) Concurrent Cleanup for Next Mark 1.521ms
[382.594s][info][gc             ] GC(374) Concurrent Mark Cycle 88.067ms
[383.325s][info][gc,start       ] GC(375) Pause Young (Prepare Mixed) (G1 Evacuation Pause)
[383.325s][info][gc,task        ] GC(375) Using 4 workers of 4 for evacuation
[383.331s][info][gc,phases      ] GC(375)   Pre Evacuate Collection Set: 0.12ms
[383.331s][info][gc,phases      ] GC(375)   Merge Heap Roots: 0.08ms
[383.331s][info][gc,phases      ] GC(375)   Evacuate Collection Set: 2.44ms
[383.331s][info][gc,phases      ] GC(375)   Post Evacuate Collection Set: 3.43ms
[383.331s][info][gc,phases      ] GC(375)   Other: 0.12ms
[383.331s][info][gc,heap        ] GC(375) Eden regions: 220->0(251)
[383.331s][info][gc,heap        ] GC(375) Survivor regions: 2->0(0)
[383.331s][info][gc,heap        ] GC(375) Old regions: 260->462
[383.331s][info][gc,heap        ] GC(375) Humongous regions: 952->562
[383.331s][info][gc,metaspace   ] GC(375) Metaspace: 100340K(101376K)->100340K(101376K) NonClass: 78450K(78912K)->78450K(78912K) Class: 21889K(22464K)->21889K(22464K)
[383.331s][info][gc             ] GC(375) Pause Young (Prepare Mixed) (G1 Evacuation Pause) (Evacuation Failure: Allocation) 2866M->2047M(2868M) 6.311ms
[383.331s][info][gc,cpu         ] GC(375) User=0.02s Sys=0.00s Real=0.01s
[383.713s][info][gc,start       ] GC(376) Pause Young (Mixed) (G1 Humongous Allocation)
[383.713s][info][gc,task        ] GC(376) Using 4 workers of 4 for evacuation
[383.722s][info][gc,phases      ] GC(376)   Pre Evacuate Collection Set: 0.19ms
[383.722s][info][gc,phases      ] GC(376)   Merge Heap Roots: 0.08ms
[383.722s][info][gc,phases      ] GC(376)   Evacuate Collection Set: 5.13ms
[383.722s][info][gc,phases      ] GC(376)   Post Evacuate Collection Set: 4.23ms
[383.722s][info][gc,phases      ] GC(376)   Other: 0.06ms
[383.722s][info][gc,heap        ] GC(376) Eden regions: 153->0(88)
[383.722s][info][gc,heap        ] GC(376) Survivor regions: 0->15(32)
[383.722s][info][gc,heap        ] GC(376) Old regions: 462->623
[383.722s][info][gc,heap        ] GC(376) Humongous regions: 775->635
[383.722s][info][gc,metaspace   ] GC(376) Metaspace: 100341K(101376K)->100341K(101376K) NonClass: 78451K(78912K)->78451K(78912K) Class: 21889K(22464K)->21889K(22464K)
[383.722s][info][gc             ] GC(376) Pause Young (Mixed) (G1 Humongous Allocation) (Evacuation Failure: Allocation) 2779M->2545M(2868M) 9.791ms
[383.722s][info][gc,cpu         ] GC(376) User=0.04s Sys=0.00s Real=0.01s
[383.723s][info][gc,start       ] GC(377) Pause Young (Concurrent Start) (G1 Humongous Allocation)
[383.724s][info][gc,task        ] GC(377) Using 4 workers of 4 for evacuation
[383.730s][info][gc,phases      ] GC(377)   Pre Evacuate Collection Set: 0.27ms
[383.730s][info][gc,phases      ] GC(377)   Merge Heap Roots: 0.07ms
[383.730s][info][gc,phases      ] GC(377)   Evacuate Collection Set: 5.37ms
[383.730s][info][gc,phases      ] GC(377)   Post Evacuate Collection Set: 0.58ms
[383.730s][info][gc,phases      ] GC(377)   Other: 0.05ms
[383.730s][info][gc,heap        ] GC(377) Eden regions: 2->0(324)
[383.730s][info][gc,heap        ] GC(377) Survivor regions: 15->2(13)
[383.730s][info][gc,heap        ] GC(377) Old regions: 623->317
[383.730s][info][gc,heap        ] GC(377) Humongous regions: 638->638
[383.730s][info][gc,metaspace   ] GC(377) Metaspace: 100341K(101376K)->100341K(101376K) NonClass: 78451K(78912K)->78451K(78912K) Class: 21889K(22464K)->21889K(22464K)
[383.730s][info][gc             ] GC(377) Pause Young (Concurrent Start) (G1 Humongous Allocation) 2554M->1912M(2868M) 6.391ms
[383.730s][info][gc             ] GC(378) Concurrent Mark Cycle
[383.730s][info][gc,marking     ] GC(378) Concurrent Scan Root Regions
[383.730s][info][gc,cpu         ] GC(377) User=0.02s Sys=0.00s Real=0.01s
[383.737s][info][gc,marking     ] GC(378) Concurrent Scan Root Regions 6.946ms
[383.737s][info][gc,marking     ] GC(378) Concurrent Mark
[383.737s][info][gc,marking     ] GC(378) Concurrent Mark From Roots
[383.737s][info][gc,task        ] GC(378) Using 1 workers of 1 for marking
[383.779s][info][gc,marking     ] GC(378) Concurrent Mark From Roots 42.263ms
[383.779s][info][gc,marking     ] GC(378) Concurrent Preclean
[383.779s][info][gc,marking     ] GC(378) Concurrent Preclean 0.113ms
[383.779s][info][gc,start       ] GC(378) Pause Remark
[383.783s][info][gc             ] GC(378) Pause Remark 2059M->1439M(2868M) 3.753ms
[383.783s][info][gc,cpu         ] GC(378) User=0.01s Sys=0.00s Real=0.01s
[383.783s][info][gc,marking     ] GC(378) Concurrent Mark 46.332ms
[383.783s][info][gc,marking     ] GC(378) Concurrent Rebuild Remembered Sets and Scrub Regions
[383.808s][info][gc,marking     ] GC(378) Concurrent Rebuild Remembered Sets and Scrub Regions 24.682ms
[383.808s][info][gc,start       ] GC(378) Pause Cleanup
[383.808s][info][gc             ] GC(378) Pause Cleanup 1489M->1489M(2868M) 0.094ms
[383.808s][info][gc,cpu         ] GC(378) User=0.00s Sys=0.00s Real=0.00s
[383.808s][info][gc,marking     ] GC(378) Concurrent Clear Claimed Marks
[383.808s][info][gc,marking     ] GC(378) Concurrent Clear Claimed Marks 0.124ms
[383.808s][info][gc,marking     ] GC(378) Concurrent Cleanup for Next Mark
[383.810s][info][gc,marking     ] GC(378) Concurrent Cleanup for Next Mark 1.489ms
[383.810s][info][gc             ] GC(378) Concurrent Mark Cycle 79.900ms
[384.647s][info][gc,start       ] GC(379) Pause Young (Prepare Mixed) (G1 Humongous Allocation)
[384.648s][info][gc,task        ] GC(379) Using 4 workers of 4 for evacuation
[384.653s][info][gc,phases      ] GC(379)   Pre Evacuate Collection Set: 0.13ms
[384.653s][info][gc,phases      ] GC(379)   Merge Heap Roots: 0.08ms
[384.653s][info][gc,phases      ] GC(379)   Evacuate Collection Set: 3.08ms
[384.653s][info][gc,phases      ] GC(379)   Post Evacuate Collection Set: 2.16ms
[384.653s][info][gc,phases      ] GC(379)   Other: 0.05ms
[384.653s][info][gc,heap        ] GC(379) Eden regions: 238->0(286)
[384.653s][info][gc,heap        ] GC(379) Survivor regions: 2->20(20)
[384.653s][info][gc,heap        ] GC(379) Old regions: 217->441
[384.653s][info][gc,heap        ] GC(379) Humongous regions: 957->570
[384.653s][info][gc,metaspace   ] GC(379) Metaspace: 100341K(101376K)->100341K(101376K) NonClass: 78451K(78912K)->78451K(78912K) Class: 21889K(22464K)->21889K(22464K)
[384.653s][info][gc             ] GC(379) Pause Young (Prepare Mixed) (G1 Humongous Allocation) (Evacuation Failure: Allocation) 2826M->2061M(2868M) 5.569ms
[384.653s][info][gc,cpu         ] GC(379) User=0.02s Sys=0.00s Real=0.01s
[385.103s][info][gc,start       ] GC(380) Pause Young (Mixed) (G1 Humongous Allocation)
[385.103s][info][gc,task        ] GC(380) Using 4 workers of 4 for evacuation
[385.114s][info][gc,phases      ] GC(380)   Pre Evacuate Collection Set: 0.21ms
[385.114s][info][gc,phases      ] GC(380)   Merge Heap Roots: 0.15ms
[385.114s][info][gc,phases      ] GC(380)   Evacuate Collection Set: 3.20ms
[385.114s][info][gc,phases      ] GC(380)   Post Evacuate Collection Set: 7.08ms
[385.114s][info][gc,phases      ] GC(380)   Other: 0.09ms
[385.114s][info][gc,heap        ] GC(380) Eden regions: 211->0(137)
[385.114s][info][gc,heap        ] GC(380) Survivor regions: 20->0(1)
[385.114s][info][gc,heap        ] GC(380) Old regions: 441->601
[385.114s][info][gc,heap        ] GC(380) Humongous regions: 761->623
[385.114s][info][gc,metaspace   ] GC(380) Metaspace: 100341K(101376K)->100341K(101376K) NonClass: 78451K(78912K)->78451K(78912K) Class: 21889K(22464K)->21889K(22464K)
[385.114s][info][gc             ] GC(380) Pause Young (Mixed) (G1 Humongous Allocation) (Evacuation Failure: Allocation) 2865M->2447M(2868M) 10.861ms
[385.114s][info][gc,cpu         ] GC(380) User=0.04s Sys=0.01s Real=0.01s
[385.116s][info][gc,start       ] GC(381) Pause Young (Concurrent Start) (G1 Humongous Allocation)
[385.116s][info][gc,task        ] GC(381) Using 4 workers of 4 for evacuation
[385.123s][info][gc,phases      ] GC(381)   Pre Evacuate Collection Set: 0.44ms
[385.123s][info][gc,phases      ] GC(381)   Merge Heap Roots: 0.10ms
[385.123s][info][gc,phases      ] GC(381)   Evacuate Collection Set: 6.52ms
[385.123s][info][gc,phases      ] GC(381)   Post Evacuate Collection Set: 0.57ms
[385.123s][info][gc,phases      ] GC(381)   Other: 0.07ms
[385.123s][info][gc,heap        ] GC(381) Eden regions: 2->0(284)
[385.123s][info][gc,heap        ] GC(381) Survivor regions: 0->1(18)
[385.123s][info][gc,heap        ] GC(381) Old regions: 601->411
[385.123s][info][gc,heap        ] GC(381) Humongous regions: 625->624
[385.123s][info][gc,metaspace   ] GC(381) Metaspace: 100341K(101376K)->100341K(101376K) NonClass: 78451K(78912K)->78451K(78912K) Class: 21889K(22464K)->21889K(22464K)
[385.123s][info][gc             ] GC(381) Pause Young (Concurrent Start) (G1 Humongous Allocation) 2454M->2071M(2868M) 7.784ms
[385.123s][info][gc,cpu         ] GC(381) User=0.03s Sys=0.00s Real=0.01s
[385.123s][info][gc             ] GC(382) Concurrent Mark Cycle
[385.123s][info][gc,marking     ] GC(382) Concurrent Scan Root Regions
[385.139s][info][gc,marking     ] GC(382) Concurrent Scan Root Regions 15.963ms
[385.139s][info][gc,marking     ] GC(382) Concurrent Mark
[385.139s][info][gc,marking     ] GC(382) Concurrent Mark From Roots
[385.139s][info][gc,task        ] GC(382) Using 1 workers of 1 for marking
[385.184s][info][gc,marking     ] GC(382) Concurrent Mark From Roots 44.280ms
[385.184s][info][gc,marking     ] GC(382) Concurrent Preclean
[385.184s][info][gc,marking     ] GC(382) Concurrent Preclean 0.104ms
[385.184s][info][gc,start       ] GC(382) Pause Remark
[385.187s][info][gc             ] GC(382) Pause Remark 2689M->2095M(2868M) 2.726ms
[385.187s][info][gc,cpu         ] GC(382) User=0.01s Sys=0.00s Real=0.00s
[385.187s][info][gc,marking     ] GC(382) Concurrent Mark 47.286ms
[385.187s][info][gc,marking     ] GC(382) Concurrent Rebuild Remembered Sets and Scrub Regions
[385.212s][info][gc,marking     ] GC(382) Concurrent Rebuild Remembered Sets and Scrub Regions 25.640ms
[385.212s][info][gc,start       ] GC(382) Pause Cleanup
[385.213s][info][gc             ] GC(382) Pause Cleanup 2105M->2105M(2868M) 0.293ms
[385.213s][info][gc,cpu         ] GC(382) User=0.00s Sys=0.00s Real=0.00s
[385.213s][info][gc,marking     ] GC(382) Concurrent Clear Claimed Marks
[385.213s][info][gc,marking     ] GC(382) Concurrent Clear Claimed Marks 0.174ms
[385.213s][info][gc,marking     ] GC(382) Concurrent Cleanup for Next Mark
[385.214s][info][gc,marking     ] GC(382) Concurrent Cleanup for Next Mark 1.493ms
[385.215s][info][gc             ] GC(382) Concurrent Mark Cycle 91.204ms
[386.076s][info][gc,start       ] GC(383) Pause Young (Prepare Mixed) (G1 Humongous Allocation)
[386.076s][info][gc,task        ] GC(383) Using 4 workers of 4 for evacuation
[386.086s][info][gc,phases      ] GC(383)   Pre Evacuate Collection Set: 0.19ms
[386.086s][info][gc,phases      ] GC(383)   Merge Heap Roots: 0.11ms
[386.086s][info][gc,phases      ] GC(383)   Evacuate Collection Set: 6.20ms
[386.086s][info][gc,phases      ] GC(383)   Post Evacuate Collection Set: 3.53ms
[386.086s][info][gc,phases      ] GC(383)   Other: 0.06ms
[386.086s][info][gc,heap        ] GC(383) Eden regions: 151->0(257)
[386.086s][info][gc,heap        ] GC(383) Survivor regions: 1->25(36)
[386.086s][info][gc,heap        ] GC(383) Old regions: 334->498
[386.086s][info][gc,heap        ] GC(383) Humongous regions: 900->540
[386.086s][info][gc,metaspace   ] GC(383) Metaspace: 100355K(101376K)->100355K(101376K) NonClass: 78465K(78912K)->78465K(78912K) Class: 21889K(22464K)->21889K(22464K)
[386.086s][info][gc             ] GC(383) Pause Young (Prepare Mixed) (G1 Humongous Allocation) (Evacuation Failure: Allocation) 2771M->2125M(2868M) 10.198ms
[386.086s][info][gc,cpu         ] GC(383) User=0.04s Sys=0.00s Real=0.01s
[386.437s][info][gc,start       ] GC(384) Pause Young (Mixed) (G1 Evacuation Pause)
[386.437s][info][gc,task        ] GC(384) Using 4 workers of 4 for evacuation
[386.446s][info][gc,phases      ] GC(384)   Pre Evacuate Collection Set: 0.22ms
[386.446s][info][gc,phases      ] GC(384)   Merge Heap Roots: 0.09ms
[386.446s][info][gc,phases      ] GC(384)   Evacuate Collection Set: 2.81ms
[386.446s][info][gc,phases      ] GC(384)   Post Evacuate Collection Set: 5.74ms
[386.446s][info][gc,phases      ] GC(384)   Other: 0.06ms
[386.446s][info][gc,heap        ] GC(384) Eden regions: 190->0(129)
[386.446s][info][gc,heap        ] GC(384) Survivor regions: 25->0(0)
[386.446s][info][gc,heap        ] GC(384) Old regions: 498->645
[386.446s][info][gc,heap        ] GC(384) Humongous regions: 721->587
[386.446s][info][gc,metaspace   ] GC(384) Metaspace: 100355K(101376K)->100355K(101376K) NonClass: 78465K(78912K)->78465K(78912K) Class: 21889K(22464K)->21889K(22464K)
[386.446s][info][gc             ] GC(384) Pause Young (Mixed) (G1 Evacuation Pause) (Evacuation Failure: Allocation) 2867M->2463M(2868M) 9.015ms
[386.446s][info][gc,cpu         ] GC(384) User=0.03s Sys=0.00s Real=0.01s
[386.457s][info][gc,start       ] GC(385) Pause Young (Concurrent Start) (G1 Humongous Allocation)
[386.457s][info][gc,task        ] GC(385) Using 4 workers of 4 for evacuation
[386.466s][info][gc,phases      ] GC(385)   Pre Evacuate Collection Set: 0.38ms
[386.466s][info][gc,phases      ] GC(385)   Merge Heap Roots: 0.15ms
[386.466s][info][gc,phases      ] GC(385)   Evacuate Collection Set: 7.53ms
[386.466s][info][gc,phases      ] GC(385)   Post Evacuate Collection Set: 0.56ms
[386.466s][info][gc,phases      ] GC(385)   Other: 0.06ms
[386.466s][info][gc,heap        ] GC(385) Eden regions: 15->0(234)
[386.466s][info][gc,heap        ] GC(385) Survivor regions: 0->8(17)
[386.466s][info][gc,heap        ] GC(385) Old regions: 645->437
[386.466s][info][gc,heap        ] GC(385) Humongous regions: 587->587
[386.466s][info][gc,metaspace   ] GC(385) Metaspace: 100355K(101376K)->100355K(101376K) NonClass: 78465K(78912K)->78465K(78912K) Class: 21889K(22464K)->21889K(22464K)
[386.466s][info][gc             ] GC(385) Pause Young (Concurrent Start) (G1 Humongous Allocation) 2493M->2063M(2868M) 8.812ms
[386.466s][info][gc             ] GC(386) Concurrent Mark Cycle
[386.466s][info][gc,cpu         ] GC(385) User=0.03s Sys=0.00s Real=0.01s
[386.466s][info][gc,marking     ] GC(386) Concurrent Scan Root Regions
[386.482s][info][gc,marking     ] GC(386) Concurrent Scan Root Regions 16.379ms
[386.482s][info][gc,marking     ] GC(386) Concurrent Mark
[386.482s][info][gc,marking     ] GC(386) Concurrent Mark From Roots
[386.482s][info][gc,task        ] GC(386) Using 1 workers of 1 for marking
[386.526s][info][gc,marking     ] GC(386) Concurrent Mark From Roots 43.360ms
[386.526s][info][gc,marking     ] GC(386) Concurrent Preclean
[386.526s][info][gc,marking     ] GC(386) Concurrent Preclean 0.109ms
[386.526s][info][gc,start       ] GC(386) Pause Remark
[386.529s][info][gc             ] GC(386) Pause Remark 2686M->2274M(2868M) 2.819ms
[386.529s][info][gc,cpu         ] GC(386) User=0.00s Sys=0.00s Real=0.00s
[386.529s][info][gc,marking     ] GC(386) Concurrent Mark 46.424ms
[386.529s][info][gc,marking     ] GC(386) Concurrent Rebuild Remembered Sets and Scrub Regions
[386.556s][info][gc,marking     ] GC(386) Concurrent Rebuild Remembered Sets and Scrub Regions 27.381ms
[386.556s][info][gc,start       ] GC(386) Pause Cleanup
[386.556s][info][gc             ] GC(386) Pause Cleanup 2288M->2288M(2868M) 0.111ms
[386.556s][info][gc,cpu         ] GC(386) User=0.00s Sys=0.00s Real=0.00s
[386.556s][info][gc,marking     ] GC(386) Concurrent Clear Claimed Marks
[386.557s][info][gc,marking     ] GC(386) Concurrent Clear Claimed Marks 0.120ms
[386.557s][info][gc,marking     ] GC(386) Concurrent Cleanup for Next Mark
[386.558s][info][gc,marking     ] GC(386) Concurrent Cleanup for Next Mark 1.337ms
[386.558s][info][gc             ] GC(386) Concurrent Mark Cycle 92.008ms
[387.220s][info][gc,start       ] GC(387) Pause Young (Prepare Mixed) (G1 Humongous Allocation)
[387.221s][info][gc,task        ] GC(387) Using 4 workers of 4 for evacuation
[387.227s][info][gc,phases      ] GC(387)   Pre Evacuate Collection Set: 0.20ms
[387.227s][info][gc,phases      ] GC(387)   Merge Heap Roots: 0.10ms
[387.227s][info][gc,phases      ] GC(387)   Evacuate Collection Set: 3.18ms
[387.227s][info][gc,phases      ] GC(387)   Post Evacuate Collection Set: 3.31ms
[387.227s][info][gc,phases      ] GC(387)   Other: 0.06ms
[387.227s][info][gc,heap        ] GC(387) Eden regions: 133->0(216)
[387.227s][info][gc,heap        ] GC(387) Survivor regions: 8->10(13)
[387.227s][info][gc,heap        ] GC(387) Old regions: 416->553
[387.227s][info][gc,heap        ] GC(387) Humongous regions: 864->529
[387.227s][info][gc,metaspace   ] GC(387) Metaspace: 100355K(101376K)->100355K(101376K) NonClass: 78465K(78912K)->78465K(78912K) Class: 21889K(22464K)->21889K(22464K)
[387.227s][info][gc             ] GC(387) Pause Young (Prepare Mixed) (G1 Humongous Allocation) (Evacuation Failure: Allocation) 2840M->2183M(2868M) 6.951ms
[387.227s][info][gc,cpu         ] GC(387) User=0.02s Sys=0.00s Real=0.00s
[387.549s][info][gc,start       ] GC(388) Pause Young (Mixed) (G1 Humongous Allocation)
[387.549s][info][gc,task        ] GC(388) Using 4 workers of 4 for evacuation
[387.559s][info][gc,phases      ] GC(388)   Pre Evacuate Collection Set: 0.39ms
[387.559s][info][gc,phases      ] GC(388)   Merge Heap Roots: 0.11ms
[387.559s][info][gc,phases      ] GC(388)   Evacuate Collection Set: 4.97ms
[387.559s][info][gc,phases      ] GC(388)   Post Evacuate Collection Set: 4.95ms
[387.559s][info][gc,phases      ] GC(388)   Other: 0.06ms
[387.559s][info][gc,heap        ] GC(388) Eden regions: 126->0(78)
[387.559s][info][gc,heap        ] GC(388) Survivor regions: 10->10(29)
[387.559s][info][gc,heap        ] GC(388) Old regions: 553->698
[387.559s][info][gc,heap        ] GC(388) Humongous regions: 713->575
[387.559s][info][gc,metaspace   ] GC(388) Metaspace: 100355K(101376K)->100355K(101376K) NonClass: 78465K(78912K)->78465K(78912K) Class: 21889K(22464K)->21889K(22464K)
[387.559s][info][gc             ] GC(388) Pause Young (Mixed) (G1 Humongous Allocation) (Evacuation Failure: Allocation) 2802M->2564M(2868M) 10.585ms
[387.559s][info][gc,cpu         ] GC(388) User=0.03s Sys=0.00s Real=0.01s
[387.559s][info][gc,start       ] GC(389) Pause Young (Concurrent Start) (G1 Humongous Allocation)
[387.560s][info][gc,task        ] GC(389) Using 4 workers of 4 for evacuation
[387.568s][info][gc,phases      ] GC(389)   Pre Evacuate Collection Set: 0.36ms
[387.568s][info][gc,phases      ] GC(389)   Merge Heap Roots: 0.11ms
[387.568s][info][gc,phases      ] GC(389)   Evacuate Collection Set: 7.14ms
[387.568s][info][gc,phases      ] GC(389)   Post Evacuate Collection Set: 0.72ms
[387.568s][info][gc,phases      ] GC(389)   Other: 0.07ms
[387.568s][info][gc,heap        ] GC(389) Eden regions: 2->0(255)
[387.568s][info][gc,heap        ] GC(389) Survivor regions: 10->1(11)
[387.568s][info][gc,heap        ] GC(389) Old regions: 698->483
[387.568s][info][gc,heap        ] GC(389) Humongous regions: 580->580
[387.568s][info][gc,metaspace   ] GC(389) Metaspace: 100355K(101376K)->100355K(101376K) NonClass: 78465K(78912K)->78465K(78912K) Class: 21889K(22464K)->21889K(22464K)
[387.568s][info][gc             ] GC(389) Pause Young (Concurrent Start) (G1 Humongous Allocation) 2577M->2126M(2868M) 8.466ms
[387.568s][info][gc             ] GC(390) Concurrent Mark Cycle
[387.568s][info][gc,marking     ] GC(390) Concurrent Scan Root Regions
[387.568s][info][gc,cpu         ] GC(389) User=0.03s Sys=0.00s Real=0.00s
[387.578s][info][gc,marking     ] GC(390) Concurrent Scan Root Regions 9.591ms
[387.578s][info][gc,marking     ] GC(390) Concurrent Mark
[387.578s][info][gc,marking     ] GC(390) Concurrent Mark From Roots
[387.578s][info][gc,task        ] GC(390) Using 1 workers of 1 for marking
[387.621s][info][gc,marking     ] GC(390) Concurrent Mark From Roots 42.936ms
[387.621s][info][gc,marking     ] GC(390) Concurrent Preclean
[387.621s][info][gc,marking     ] GC(390) Concurrent Preclean 0.120ms
[387.621s][info][gc,start       ] GC(390) Pause Remark
[387.624s][info][gc             ] GC(390) Pause Remark 2249M->1781M(2868M) 2.809ms
[387.624s][info][gc,cpu         ] GC(390) User=0.01s Sys=0.00s Real=0.00s
[387.624s][info][gc,marking     ] GC(390) Concurrent Mark 46.017ms
[387.624s][info][gc,marking     ] GC(390) Concurrent Rebuild Remembered Sets and Scrub Regions
[387.653s][info][gc,marking     ] GC(390) Concurrent Rebuild Remembered Sets and Scrub Regions 29.588ms
[387.653s][info][gc,start       ] GC(390) Pause Cleanup
[387.654s][info][gc             ] GC(390) Pause Cleanup 1822M->1822M(2868M) 0.130ms
[387.654s][info][gc,cpu         ] GC(390) User=0.00s Sys=0.00s Real=0.00s
[387.654s][info][gc,marking     ] GC(390) Concurrent Clear Claimed Marks
[387.654s][info][gc,marking     ] GC(390) Concurrent Clear Claimed Marks 0.125ms
[387.654s][info][gc,marking     ] GC(390) Concurrent Cleanup for Next Mark
[387.655s][info][gc,marking     ] GC(390) Concurrent Cleanup for Next Mark 1.476ms
[387.655s][info][gc             ] GC(390) Concurrent Mark Cycle 87.376ms
[387.970s][info][gc,start       ] GC(391) Pause Young (Prepare Mixed) (G1 Humongous Allocation)
[387.970s][info][gc,task        ] GC(391) Using 4 workers of 4 for evacuation
[387.975s][info][gc,phases      ] GC(391)   Pre Evacuate Collection Set: 0.15ms
[387.975s][info][gc,phases      ] GC(391)   Merge Heap Roots: 0.07ms
[387.975s][info][gc,phases      ] GC(391)   Evacuate Collection Set: 2.83ms
[387.975s][info][gc,phases      ] GC(391)   Post Evacuate Collection Set: 2.69ms
[387.975s][info][gc,phases      ] GC(391)   Other: 0.05ms
[387.975s][info][gc,heap        ] GC(391) Eden regions: 155->0(240)
[387.975s][info][gc,heap        ] GC(391) Survivor regions: 1->10(15)
[387.975s][info][gc,heap        ] GC(391) Old regions: 419->569
[387.975s][info][gc,heap        ] GC(391) Humongous regions: 844->525
[387.975s][info][gc,metaspace   ] GC(391) Metaspace: 100355K(101376K)->100355K(101376K) NonClass: 78465K(78912K)->78465K(78912K) Class: 21889K(22464K)->21889K(22464K)
[387.975s][info][gc             ] GC(391) Pause Young (Prepare Mixed) (G1 Humongous Allocation) (Evacuation Failure: Allocation) 2835M->2205M(2868M) 5.889ms
[387.975s][info][gc,cpu         ] GC(391) User=0.02s Sys=0.00s Real=0.00s
[388.657s][info][gc,start       ] GC(392) Pause Young (Mixed) (G1 Humongous Allocation)
[388.657s][info][gc,task        ] GC(392) Using 4 workers of 4 for evacuation
[388.666s][info][gc,phases      ] GC(392)   Pre Evacuate Collection Set: 0.25ms
[388.666s][info][gc,phases      ] GC(392)   Merge Heap Roots: 0.08ms
[388.666s][info][gc,phases      ] GC(392)   Evacuate Collection Set: 4.48ms
[388.666s][info][gc,phases      ] GC(392)   Post Evacuate Collection Set: 4.26ms
[388.666s][info][gc,phases      ] GC(392)   Other: 0.05ms
[388.666s][info][gc,heap        ] GC(392) Eden regions: 135->0(86)
[388.666s][info][gc,heap        ] GC(392) Survivor regions: 10->20(32)
[388.666s][info][gc,heap        ] GC(392) Old regions: 569->695
[388.666s][info][gc,heap        ] GC(392) Humongous regions: 687->560
[388.666s][info][gc,metaspace   ] GC(392) Metaspace: 100370K(101376K)->100370K(101376K) NonClass: 78480K(78912K)->78480K(78912K) Class: 21889K(22464K)->21889K(22464K)
[388.666s][info][gc             ] GC(392) Pause Young (Mixed) (G1 Humongous Allocation) (Evacuation Failure: Allocation) 2799M->2547M(2868M) 9.221ms
[388.666s][info][gc,cpu         ] GC(392) User=0.03s Sys=0.00s Real=0.01s
[388.667s][info][gc,start       ] GC(393) Pause Young (Concurrent Start) (G1 Humongous Allocation)
[388.667s][info][gc,task        ] GC(393) Using 4 workers of 4 for evacuation
[388.675s][info][gc,phases      ] GC(393)   Pre Evacuate Collection Set: 0.26ms
[388.675s][info][gc,phases      ] GC(393)   Merge Heap Roots: 0.08ms
[388.675s][info][gc,phases      ] GC(393)   Evacuate Collection Set: 6.46ms
[388.675s][info][gc,phases      ] GC(393)   Post Evacuate Collection Set: 0.59ms
[388.675s][info][gc,phases      ] GC(393)   Other: 0.06ms
[388.675s][info][gc,heap        ] GC(393) Eden regions: 8->0(279)
[388.675s][info][gc,heap        ] GC(393) Survivor regions: 20->5(14)
[388.675s][info][gc,heap        ] GC(393) Old regions: 695->385
[388.675s][info][gc,heap        ] GC(393) Humongous regions: 565->562
[388.675s][info][gc,metaspace   ] GC(393) Metaspace: 100370K(101376K)->100370K(101376K) NonClass: 78480K(78912K)->78480K(78912K) Class: 21889K(22464K)->21889K(22464K)
[388.675s][info][gc             ] GC(393) Pause Young (Concurrent Start) (G1 Humongous Allocation) 2572M->1901M(2868M) 7.531ms
[388.675s][info][gc,cpu         ] GC(393) User=0.02s Sys=0.00s Real=0.01s
[388.675s][info][gc             ] GC(394) Concurrent Mark Cycle
[388.675s][info][gc,marking     ] GC(394) Concurrent Scan Root Regions
[388.681s][info][gc,marking     ] GC(394) Concurrent Scan Root Regions 6.211ms
[388.681s][info][gc,marking     ] GC(394) Concurrent Mark
[388.681s][info][gc,marking     ] GC(394) Concurrent Mark From Roots
[388.681s][info][gc,task        ] GC(394) Using 1 workers of 1 for marking
[388.724s][info][gc,marking     ] GC(394) Concurrent Mark From Roots 42.814ms
[388.724s][info][gc,marking     ] GC(394) Concurrent Preclean
[388.724s][info][gc,marking     ] GC(394) Concurrent Preclean 0.132ms
[388.724s][info][gc,start       ] GC(394) Pause Remark
[388.727s][info][gc             ] GC(394) Pause Remark 2081M->1689M(2868M) 2.546ms
[388.727s][info][gc,cpu         ] GC(394) User=0.01s Sys=0.00s Real=0.00s
[388.727s][info][gc,marking     ] GC(394) Concurrent Mark 45.672ms
[388.727s][info][gc,marking     ] GC(394) Concurrent Rebuild Remembered Sets and Scrub Regions
[388.753s][info][gc,marking     ] GC(394) Concurrent Rebuild Remembered Sets and Scrub Regions 26.668ms
[388.753s][info][gc,start       ] GC(394) Pause Cleanup
[388.754s][info][gc             ] GC(394) Pause Cleanup 1818M->1818M(2868M) 0.078ms
[388.754s][info][gc,cpu         ] GC(394) User=0.00s Sys=0.00s Real=0.00s
[388.754s][info][gc,marking     ] GC(394) Concurrent Clear Claimed Marks
[388.754s][info][gc,marking     ] GC(394) Concurrent Clear Claimed Marks 0.119ms
[388.754s][info][gc,marking     ] GC(394) Concurrent Cleanup for Next Mark
[388.755s][info][gc,marking     ] GC(394) Concurrent Cleanup for Next Mark 1.372ms
[388.755s][info][gc             ] GC(394) Concurrent Mark Cycle 80.274ms
[389.090s][info][gc,start       ] GC(395) Pause Young (Prepare Mixed) (G1 Humongous Allocation)
[389.090s][info][gc,task        ] GC(395) Using 4 workers of 4 for evacuation
[389.096s][info][gc,phases      ] GC(395)   Pre Evacuate Collection Set: 0.14ms
[389.096s][info][gc,phases      ] GC(395)   Merge Heap Roots: 0.11ms
[389.096s][info][gc,phases      ] GC(395)   Evacuate Collection Set: 3.40ms
[389.096s][info][gc,phases      ] GC(395)   Post Evacuate Collection Set: 2.36ms
[389.096s][info][gc,phases      ] GC(395)   Other: 0.06ms
[389.096s][info][gc,heap        ] GC(395) Eden regions: 205->0(200)
[389.096s][info][gc,heap        ] GC(395) Survivor regions: 5->19(19)
[389.096s][info][gc,heap        ] GC(395) Old regions: 334->543
[389.096s][info][gc,heap        ] GC(395) Humongous regions: 871->550
[389.096s][info][gc,metaspace   ] GC(395) Metaspace: 100390K(101440K)->100390K(101440K) NonClass: 78500K(78976K)->78500K(78976K) Class: 21889K(22464K)->21889K(22464K)
[389.096s][info][gc             ] GC(395) Pause Young (Prepare Mixed) (G1 Humongous Allocation) (Evacuation Failure: Allocation) 2827M->2223M(2868M) 6.167ms
[389.096s][info][gc,cpu         ] GC(395) User=0.02s Sys=0.00s Real=0.00s
[389.688s][info][gc,start       ] GC(396) Pause Young (Mixed) (G1 Humongous Allocation)
[389.688s][info][gc,task        ] GC(396) Using 4 workers of 4 for evacuation
[389.696s][info][gc,phases      ] GC(396)   Pre Evacuate Collection Set: 0.21ms
[389.696s][info][gc,phases      ] GC(396)   Merge Heap Roots: 0.09ms
[389.696s][info][gc,phases      ] GC(396)   Evacuate Collection Set: 3.67ms
[389.696s][info][gc,phases      ] GC(396)   Post Evacuate Collection Set: 3.48ms
[389.696s][info][gc,phases      ] GC(396)   Other: 0.06ms
[389.696s][info][gc,heap        ] GC(396) Eden regions: 111->0(100)
[389.696s][info][gc,heap        ] GC(396) Survivor regions: 19->16(27)
[389.696s][info][gc,heap        ] GC(396) Old regions: 543->641
[389.696s][info][gc,heap        ] GC(396) Humongous regions: 734->604
[389.696s][info][gc,metaspace   ] GC(396) Metaspace: 100390K(101440K)->100390K(101440K) NonClass: 78500K(78976K)->78500K(78976K) Class: 21889K(22464K)->21889K(22464K)
[389.696s][info][gc             ] GC(396) Pause Young (Mixed) (G1 Humongous Allocation) (Evacuation Failure: Allocation) 2813M->2521M(2868M) 7.615ms
[389.696s][info][gc,cpu         ] GC(396) User=0.03s Sys=0.00s Real=0.01s
[389.697s][info][gc,start       ] GC(397) Pause Young (Concurrent Start) (G1 Humongous Allocation)
[389.697s][info][gc,task        ] GC(397) Using 4 workers of 4 for evacuation
[389.703s][info][gc,phases      ] GC(397)   Pre Evacuate Collection Set: 0.21ms
[389.703s][info][gc,phases      ] GC(397)   Merge Heap Roots: 0.06ms
[389.703s][info][gc,phases      ] GC(397)   Evacuate Collection Set: 5.94ms
[389.703s][info][gc,phases      ] GC(397)   Post Evacuate Collection Set: 0.53ms
[389.703s][info][gc,phases      ] GC(397)   Other: 0.05ms
[389.703s][info][gc,heap        ] GC(397) Eden regions: 3->0(269)
[389.703s][info][gc,heap        ] GC(397) Survivor regions: 16->2(15)
[389.703s][info][gc,heap        ] GC(397) Old regions: 641->396
[389.703s][info][gc,heap        ] GC(397) Humongous regions: 607->605
[389.703s][info][gc,metaspace   ] GC(397) Metaspace: 100390K(101440K)->100390K(101440K) NonClass: 78500K(78976K)->78500K(78976K) Class: 21889K(22464K)->21889K(22464K)
[389.703s][info][gc             ] GC(397) Pause Young (Concurrent Start) (G1 Humongous Allocation) 2532M->2004M(2868M) 6.874ms
[389.703s][info][gc             ] GC(398) Concurrent Mark Cycle
[389.703s][info][gc,marking     ] GC(398) Concurrent Scan Root Regions
[389.703s][info][gc,cpu         ] GC(397) User=0.03s Sys=0.00s Real=0.01s
[389.710s][info][gc,marking     ] GC(398) Concurrent Scan Root Regions 6.279ms
[389.710s][info][gc,marking     ] GC(398) Concurrent Mark
[389.710s][info][gc,marking     ] GC(398) Concurrent Mark From Roots
[389.710s][info][gc,task        ] GC(398) Using 1 workers of 1 for marking
[389.747s][info][gc,marking     ] GC(398) Concurrent Mark From Roots 37.259ms
[389.747s][info][gc,marking     ] GC(398) Concurrent Preclean
[389.747s][info][gc,marking     ] GC(398) Concurrent Preclean 0.104ms
[389.747s][info][gc,start       ] GC(398) Pause Remark
[389.750s][info][gc             ] GC(398) Pause Remark 2079M->1407M(2868M) 2.635ms
[389.750s][info][gc,cpu         ] GC(398) User=0.01s Sys=0.00s Real=0.01s
[389.750s][info][gc,marking     ] GC(398) Concurrent Mark 40.131ms
[389.750s][info][gc,marking     ] GC(398) Concurrent Rebuild Remembered Sets and Scrub Regions
[389.771s][info][gc,marking     ] GC(398) Concurrent Rebuild Remembered Sets and Scrub Regions 21.062ms
[389.771s][info][gc,start       ] GC(398) Pause Cleanup
[389.771s][info][gc             ] GC(398) Pause Cleanup 1416M->1416M(2868M) 0.060ms
[389.771s][info][gc,cpu         ] GC(398) User=0.00s Sys=0.00s Real=0.00s
[389.771s][info][gc,marking     ] GC(398) Concurrent Clear Claimed Marks
[389.771s][info][gc,marking     ] GC(398) Concurrent Clear Claimed Marks 0.113ms
[389.771s][info][gc,marking     ] GC(398) Concurrent Cleanup for Next Mark
[389.772s][info][gc,marking     ] GC(398) Concurrent Cleanup for Next Mark 1.255ms
[389.772s][info][gc             ] GC(398) Concurrent Mark Cycle 69.039ms
[390.240s][info][gc,start       ] GC(399) Pause Young (Prepare Mixed) (G1 Humongous Allocation)
[390.240s][info][gc,task        ] GC(399) Using 4 workers of 4 for evacuation
[390.245s][info][gc,phases      ] GC(399)   Pre Evacuate Collection Set: 0.20ms
[390.245s][info][gc,phases      ] GC(399)   Merge Heap Roots: 0.11ms
[390.245s][info][gc,phases      ] GC(399)   Evacuate Collection Set: 3.49ms
[390.245s][info][gc,phases      ] GC(399)   Post Evacuate Collection Set: 1.26ms
[390.245s][info][gc,phases      ] GC(399)   Other: 0.06ms
[390.245s][info][gc,heap        ] GC(399) Eden regions: 241->0(327)
[390.245s][info][gc,heap        ] GC(399) Survivor regions: 2->34(34)
[390.245s][info][gc,heap        ] GC(399) Old regions: 260->335
[390.245s][info][gc,heap        ] GC(399) Humongous regions: 895->549
[390.245s][info][gc,metaspace   ] GC(399) Metaspace: 100390K(101440K)->100390K(101440K) NonClass: 78500K(78976K)->78500K(78976K) Class: 21889K(22464K)->21889K(22464K)
[390.245s][info][gc             ] GC(399) Pause Young (Prepare Mixed) (G1 Humongous Allocation) (Evacuation Failure: Allocation) 2793M->1835M(2868M) 5.209ms
[390.245s][info][gc,cpu         ] GC(399) User=0.01s Sys=0.01s Real=0.00s
[391.131s][info][gc,start       ] GC(400) Pause Young (Mixed) (G1 Humongous Allocation)
[391.131s][info][gc,task        ] GC(400) Using 4 workers of 4 for evacuation
[391.135s][info][gc,phases      ] GC(400)   Pre Evacuate Collection Set: 0.22ms
[391.135s][info][gc,phases      ] GC(400)   Merge Heap Roots: 0.06ms
[391.135s][info][gc,phases      ] GC(400)   Evacuate Collection Set: 3.11ms
[391.135s][info][gc,phases      ] GC(400)   Post Evacuate Collection Set: 0.64ms
[391.135s][info][gc,phases      ] GC(400)   Other: 0.05ms
[391.135s][info][gc,heap        ] GC(400) Eden regions: 149->0(330)
[391.135s][info][gc,heap        ] GC(400) Survivor regions: 34->16(44)
[391.135s][info][gc,heap        ] GC(400) Old regions: 335->263
[391.135s][info][gc,heap        ] GC(400) Humongous regions: 872->644
[391.135s][info][gc,metaspace   ] GC(400) Metaspace: 100390K(101440K)->100390K(101440K) NonClass: 78500K(78976K)->78500K(78976K) Class: 21889K(22464K)->21889K(22464K)
[391.135s][info][gc             ] GC(400) Pause Young (Mixed) (G1 Humongous Allocation) 2779M->1845M(2868M) 4.177ms
[391.135s][info][gc,cpu         ] GC(400) User=0.01s Sys=0.00s Real=0.00s
[391.136s][info][gc,start       ] GC(401) Pause Young (Concurrent Start) (G1 Humongous Allocation)
[391.136s][info][gc,task        ] GC(401) Using 4 workers of 4 for evacuation
[391.138s][info][gc,phases      ] GC(401)   Pre Evacuate Collection Set: 0.20ms
[391.138s][info][gc,phases      ] GC(401)   Merge Heap Roots: 0.03ms
[391.138s][info][gc,phases      ] GC(401)   Evacuate Collection Set: 1.29ms
[391.138s][info][gc,phases      ] GC(401)   Post Evacuate Collection Set: 0.41ms
[391.138s][info][gc,phases      ] GC(401)   Other: 0.04ms
[391.138s][info][gc,heap        ] GC(401) Eden regions: 2->0(323)
[391.138s][info][gc,heap        ] GC(401) Survivor regions: 16->16(44)
[391.138s][info][gc,heap        ] GC(401) Old regions: 263->263
[391.138s][info][gc,heap        ] GC(401) Humongous regions: 647->645
[391.138s][info][gc,metaspace   ] GC(401) Metaspace: 100390K(101440K)->100390K(101440K) NonClass: 78500K(78976K)->78500K(78976K) Class: 21889K(22464K)->21889K(22464K)
[391.138s][info][gc             ] GC(401) Pause Young (Concurrent Start) (G1 Humongous Allocation) 1855M->1847M(2868M) 2.038ms
[391.138s][info][gc             ] GC(402) Concurrent Mark Cycle
[391.138s][info][gc,marking     ] GC(402) Concurrent Scan Root Regions
[391.138s][info][gc,cpu         ] GC(401) User=0.01s Sys=0.01s Real=0.00s
[391.140s][info][gc,marking     ] GC(402) Concurrent Scan Root Regions 2.253ms
[391.140s][info][gc,marking     ] GC(402) Concurrent Mark
[391.140s][info][gc,marking     ] GC(402) Concurrent Mark From Roots
[391.140s][info][gc,task        ] GC(402) Using 1 workers of 1 for marking
[391.177s][info][gc,marking     ] GC(402) Concurrent Mark From Roots 36.941ms
[391.177s][info][gc,marking     ] GC(402) Concurrent Preclean
[391.177s][info][gc,marking     ] GC(402) Concurrent Preclean 0.109ms
[391.177s][info][gc,start       ] GC(402) Pause Remark
[391.179s][info][gc             ] GC(402) Pause Remark 1912M->1072M(2868M) 2.423ms
[391.179s][info][gc,cpu         ] GC(402) User=0.01s Sys=0.00s Real=0.01s
[391.179s][info][gc,marking     ] GC(402) Concurrent Mark 39.615ms
[391.179s][info][gc,marking     ] GC(402) Concurrent Rebuild Remembered Sets and Scrub Regions
[391.195s][info][gc,marking     ] GC(402) Concurrent Rebuild Remembered Sets and Scrub Regions 15.377ms
[391.195s][info][gc,start       ] GC(402) Pause Cleanup
[391.195s][info][gc             ] GC(402) Pause Cleanup 1091M->1091M(2868M) 0.070ms
[391.195s][info][gc,cpu         ] GC(402) User=0.00s Sys=0.00s Real=0.00s
[391.195s][info][gc,marking     ] GC(402) Concurrent Clear Claimed Marks
[391.195s][info][gc,marking     ] GC(402) Concurrent Clear Claimed Marks 0.113ms
[391.195s][info][gc,marking     ] GC(402) Concurrent Cleanup for Next Mark
[391.197s][info][gc,marking     ] GC(402) Concurrent Cleanup for Next Mark 1.363ms
[391.197s][info][gc             ] GC(402) Concurrent Mark Cycle 58.958ms
[392.220s][info][gc,start       ] GC(403) Pause Young (Prepare Mixed) (G1 Evacuation Pause)
[392.220s][info][gc,task        ] GC(403) Using 4 workers of 4 for evacuation
[392.223s][info][gc,phases      ] GC(403)   Pre Evacuate Collection Set: 0.14ms
[392.223s][info][gc,phases      ] GC(403)   Merge Heap Roots: 0.06ms
[392.223s][info][gc,phases      ] GC(403)   Evacuate Collection Set: 2.60ms
[392.223s][info][gc,phases      ] GC(403)   Post Evacuate Collection Set: 0.63ms
[392.223s][info][gc,phases      ] GC(403)   Other: 0.05ms
[392.223s][info][gc,heap        ] GC(403) Eden regions: 323->0(540)
[392.223s][info][gc,heap        ] GC(403) Survivor regions: 16->29(35)
[392.223s][info][gc,heap        ] GC(403) Old regions: 83->83
[392.223s][info][gc,heap        ] GC(403) Humongous regions: 977->507
[392.223s][info][gc,metaspace   ] GC(403) Metaspace: 100395K(101440K)->100395K(101440K) NonClass: 78505K(78976K)->78505K(78976K) Class: 21889K(22464K)->21889K(22464K)
[392.223s][info][gc             ] GC(403) Pause Young (Prepare Mixed) (G1 Evacuation Pause) 2797M->1237M(2868M) 3.574ms
[392.223s][info][gc,cpu         ] GC(403) User=0.01s Sys=0.00s Real=0.00s
[393.058s][info][gc,start       ] GC(404) Pause Young (Mixed) (G1 Evacuation Pause)
[393.058s][info][gc,task        ] GC(404) Using 4 workers of 4 for evacuation
[393.061s][info][gc,phases      ] GC(404)   Pre Evacuate Collection Set: 0.26ms
[393.061s][info][gc,phases      ] GC(404)   Merge Heap Roots: 0.12ms
[393.061s][info][gc,phases      ] GC(404)   Evacuate Collection Set: 1.16ms
[393.061s][info][gc,phases      ] GC(404)   Post Evacuate Collection Set: 2.11ms
[393.061s][info][gc,phases      ] GC(404)   Other: 0.11ms
[393.061s][info][gc,heap        ] GC(404) Eden regions: 271->0(516)
[393.061s][info][gc,heap        ] GC(404) Survivor regions: 29->0(0)
[393.061s][info][gc,heap        ] GC(404) Old regions: 83->186
[393.061s][info][gc,heap        ] GC(404) Humongous regions: 1051->497
[393.061s][info][gc,metaspace   ] GC(404) Metaspace: 100395K(101440K)->100395K(101440K) NonClass: 78505K(78976K)->78505K(78976K) Class: 21889K(22464K)->21889K(22464K)
[393.061s][info][gc             ] GC(404) Pause Young (Mixed) (G1 Evacuation Pause) (Evacuation Failure: Allocation) 2867M->1365M(2868M) 3.885ms
[393.061s][info][gc,cpu         ] GC(404) User=0.01s Sys=0.00s Real=0.01s
[393.079s][info][gc,start       ] GC(405) Pause Young (Concurrent Start) (G1 Humongous Allocation)
[393.079s][info][gc,task        ] GC(405) Using 4 workers of 4 for evacuation
[393.082s][info][gc,phases      ] GC(405)   Pre Evacuate Collection Set: 0.28ms
[393.082s][info][gc,phases      ] GC(405)   Merge Heap Roots: 0.06ms
[393.083s][info][gc,phases      ] GC(405)   Evacuate Collection Set: 2.47ms
[393.083s][info][gc,phases      ] GC(405)   Post Evacuate Collection Set: 0.47ms
[393.083s][info][gc,phases      ] GC(405)   Other: 0.05ms
[393.083s][info][gc,heap        ] GC(405) Eden regions: 9->0(477)
[393.083s][info][gc,heap        ] GC(405) Survivor regions: 0->4(65)
[393.083s][info][gc,heap        ] GC(405) Old regions: 186->99
[393.083s][info][gc,heap        ] GC(405) Humongous regions: 497->497
[393.083s][info][gc,metaspace   ] GC(405) Metaspace: 100395K(101440K)->100395K(101440K) NonClass: 78505K(78976K)->78505K(78976K) Class: 21889K(22464K)->21889K(22464K)
[393.083s][info][gc             ] GC(405) Pause Young (Concurrent Start) (G1 Humongous Allocation) 1383M->1199M(2868M) 3.430ms
[393.083s][info][gc,cpu         ] GC(405) User=0.01s Sys=0.00s Real=0.01s
[393.083s][info][gc             ] GC(406) Concurrent Mark Cycle
[393.083s][info][gc,marking     ] GC(406) Concurrent Scan Root Regions
[393.086s][info][gc,marking     ] GC(406) Concurrent Scan Root Regions 3.001ms
[393.086s][info][gc,marking     ] GC(406) Concurrent Mark
[393.086s][info][gc,marking     ] GC(406) Concurrent Mark From Roots
[393.086s][info][gc,task        ] GC(406) Using 1 workers of 1 for marking
[393.125s][info][gc,marking     ] GC(406) Concurrent Mark From Roots 39.181ms
[393.125s][info][gc,marking     ] GC(406) Concurrent Preclean
[393.125s][info][gc,marking     ] GC(406) Concurrent Preclean 0.128ms
[393.125s][info][gc,start       ] GC(406) Pause Remark
[393.133s][info][gc             ] GC(406) Pause Remark 1258M->1064M(2868M) 8.196ms
[393.133s][info][gc,cpu         ] GC(406) User=0.00s Sys=0.00s Real=0.01s
[393.133s][info][gc,marking     ] GC(406) Concurrent Mark 47.725ms
[393.133s][info][gc,marking     ] GC(406) Concurrent Rebuild Remembered Sets and Scrub Regions
[393.152s][info][gc,marking     ] GC(406) Concurrent Rebuild Remembered Sets and Scrub Regions 19.103ms
[393.153s][info][gc,start       ] GC(406) Pause Cleanup
[393.153s][info][gc             ] GC(406) Pause Cleanup 1076M->1076M(2868M) 0.069ms
[393.153s][info][gc,cpu         ] GC(406) User=0.00s Sys=0.00s Real=0.00s
[393.153s][info][gc,marking     ] GC(406) Concurrent Clear Claimed Marks
[393.153s][info][gc,marking     ] GC(406) Concurrent Clear Claimed Marks 0.125ms
[393.153s][info][gc,marking     ] GC(406) Concurrent Cleanup for Next Mark
[393.155s][info][gc,marking     ] GC(406) Concurrent Cleanup for Next Mark 1.787ms
[393.155s][info][gc             ] GC(406) Concurrent Mark Cycle 72.035ms
[393.932s][info][gc,start       ] GC(407) Pause Young (Prepare Mixed) (G1 Humongous Allocation)
[393.933s][info][gc,task        ] GC(407) Using 4 workers of 4 for evacuation
[393.937s][info][gc,phases      ] GC(407)   Pre Evacuate Collection Set: 0.22ms
[393.937s][info][gc,phases      ] GC(407)   Merge Heap Roots: 0.09ms
[393.937s][info][gc,phases      ] GC(407)   Evacuate Collection Set: 1.70ms
[393.937s][info][gc,phases      ] GC(407)   Post Evacuate Collection Set: 2.86ms
[393.937s][info][gc,phases      ] GC(407)   Other: 0.07ms
[393.937s][info][gc,heap        ] GC(407) Eden regions: 303->0(299)
[393.937s][info][gc,heap        ] GC(407) Survivor regions: 4->2(2)
[393.937s][info][gc,heap        ] GC(407) Old regions: 97->371
[393.937s][info][gc,heap        ] GC(407) Humongous regions: 1028->590
[393.938s][info][gc,metaspace   ] GC(407) Metaspace: 100396K(101440K)->100396K(101440K) NonClass: 78505K(78976K)->78505K(78976K) Class: 21890K(22464K)->21890K(22464K)
[393.938s][info][gc             ] GC(407) Pause Young (Prepare Mixed) (G1 Humongous Allocation) (Evacuation Failure: Allocation) 2863M->1925M(2868M) 5.030ms
[393.938s][info][gc,cpu         ] GC(407) User=0.02s Sys=0.00s Real=0.00s
[394.809s][info][gc,start       ] GC(408) Pause Young (Mixed) (G1 Evacuation Pause)
[394.809s][info][gc,task        ] GC(408) Using 4 workers of 4 for evacuation
[394.815s][info][gc,phases      ] GC(408)   Pre Evacuate Collection Set: 0.26ms
[394.815s][info][gc,phases      ] GC(408)   Merge Heap Roots: 0.08ms
[394.815s][info][gc,phases      ] GC(408)   Evacuate Collection Set: 1.91ms
[394.815s][info][gc,phases      ] GC(408)   Post Evacuate Collection Set: 4.40ms
[394.815s][info][gc,phases      ] GC(408)   Other: 0.06ms
[394.815s][info][gc,heap        ] GC(408) Eden regions: 162->0(259)
[394.815s][info][gc,heap        ] GC(408) Survivor regions: 2->0(0)
[394.815s][info][gc,heap        ] GC(408) Old regions: 371->385
[394.815s][info][gc,heap        ] GC(408) Humongous regions: 899->662
[394.815s][info][gc,metaspace   ] GC(408) Metaspace: 100396K(101440K)->100396K(101440K) NonClass: 78505K(78976K)->78505K(78976K) Class: 21890K(22464K)->21890K(22464K)
[394.815s][info][gc             ] GC(408) Pause Young (Mixed) (G1 Evacuation Pause) (Evacuation Failure: Allocation) 2867M->2093M(2868M) 6.821ms
[394.815s][info][gc,cpu         ] GC(408) User=0.03s Sys=0.00s Real=0.01s
[394.919s][info][gc,start       ] GC(409) Pause Young (Concurrent Start) (G1 Humongous Allocation)
[394.919s][info][gc,task        ] GC(409) Using 4 workers of 4 for evacuation
[394.929s][info][gc,phases      ] GC(409)   Pre Evacuate Collection Set: 0.54ms
[394.929s][info][gc,phases      ] GC(409)   Merge Heap Roots: 0.14ms
[394.929s][info][gc,phases      ] GC(409)   Evacuate Collection Set: 8.24ms
[394.929s][info][gc,phases      ] GC(409)   Post Evacuate Collection Set: 0.57ms
[394.929s][info][gc,phases      ] GC(409)   Other: 0.06ms
[394.929s][info][gc,heap        ] GC(409) Eden regions: 90->0(326)
[394.929s][info][gc,heap        ] GC(409) Survivor regions: 0->33(33)
[394.929s][info][gc,heap        ] GC(409) Old regions: 385->154
[394.929s][info][gc,heap        ] GC(409) Humongous regions: 662->662
[394.929s][info][gc,metaspace   ] GC(409) Metaspace: 100396K(101440K)->100396K(101440K) NonClass: 78505K(78976K)->78505K(78976K) Class: 21890K(22464K)->21890K(22464K)
[394.929s][info][gc             ] GC(409) Pause Young (Concurrent Start) (G1 Humongous Allocation) 2273M->1696M(2868M) 9.655ms
[394.929s][info][gc             ] GC(410) Concurrent Mark Cycle
[394.929s][info][gc,marking     ] GC(410) Concurrent Scan Root Regions
[394.929s][info][gc,cpu         ] GC(409) User=0.03s Sys=0.00s Real=0.01s
[394.936s][info][gc,marking     ] GC(410) Concurrent Scan Root Regions 7.411ms
[394.936s][info][gc,marking     ] GC(410) Concurrent Mark
[394.936s][info][gc,marking     ] GC(410) Concurrent Mark From Roots
[394.936s][info][gc,task        ] GC(410) Using 1 workers of 1 for marking
[394.974s][info][gc,marking     ] GC(410) Concurrent Mark From Roots 37.996ms
[394.974s][info][gc,marking     ] GC(410) Concurrent Preclean
[394.974s][info][gc,marking     ] GC(410) Concurrent Preclean 0.106ms
[394.974s][info][gc,start       ] GC(410) Pause Remark
[394.977s][info][gc             ] GC(410) Pause Remark 1839M->1425M(2868M) 2.875ms
[394.977s][info][gc,cpu         ] GC(410) User=0.01s Sys=0.00s Real=0.00s
[394.977s][info][gc,marking     ] GC(410) Concurrent Mark 41.148ms
[394.977s][info][gc,marking     ] GC(410) Concurrent Rebuild Remembered Sets and Scrub Regions
[394.998s][info][gc,marking     ] GC(410) Concurrent Rebuild Remembered Sets and Scrub Regions 20.300ms
[394.998s][info][gc,start       ] GC(410) Pause Cleanup
[394.998s][info][gc             ] GC(410) Pause Cleanup 1456M->1456M(2868M) 0.077ms
[394.998s][info][gc,cpu         ] GC(410) User=0.00s Sys=0.00s Real=0.00s
[394.998s][info][gc,marking     ] GC(410) Concurrent Clear Claimed Marks
[394.998s][info][gc,marking     ] GC(410) Concurrent Clear Claimed Marks 0.129ms
[394.998s][info][gc,marking     ] GC(410) Concurrent Cleanup for Next Mark
[394.999s][info][gc,marking     ] GC(410) Concurrent Cleanup for Next Mark 1.431ms
[394.999s][info][gc             ] GC(410) Concurrent Mark Cycle 70.763ms
[395.991s][info][gc,start       ] GC(411) Pause Young (Prepare Mixed) (G1 Evacuation Pause)
[395.991s][info][gc,task        ] GC(411) Using 4 workers of 4 for evacuation
[395.997s][info][gc,phases      ] GC(411)   Pre Evacuate Collection Set: 0.19ms
[395.997s][info][gc,phases      ] GC(411)   Merge Heap Roots: 0.07ms
[395.997s][info][gc,phases      ] GC(411)   Evacuate Collection Set: 2.31ms
[395.997s][info][gc,phases      ] GC(411)   Post Evacuate Collection Set: 4.08ms
[395.997s][info][gc,phases      ] GC(411)   Other: 0.06ms
[395.997s][info][gc,heap        ] GC(411) Eden regions: 231->0(258)
[395.997s][info][gc,heap        ] GC(411) Survivor regions: 33->0(0)
[395.997s][info][gc,heap        ] GC(411) Old regions: 147->391
[395.997s][info][gc,heap        ] GC(411) Humongous regions: 1023->627
[395.997s][info][gc,metaspace   ] GC(411) Metaspace: 100421K(101440K)->100421K(101440K) NonClass: 78527K(78976K)->78527K(78976K) Class: 21893K(22464K)->21893K(22464K)
[395.998s][info][gc             ] GC(411) Pause Young (Prepare Mixed) (G1 Evacuation Pause) (Evacuation Failure: Allocation) 2866M->2035M(2868M) 6.858ms
[395.998s][info][gc,cpu         ] GC(411) User=0.02s Sys=0.00s Real=0.00s
[396.412s][info][gc,start       ] GC(412) Pause Young (Mixed) (G1 Humongous Allocation)
[396.412s][info][gc,task        ] GC(412) Using 4 workers of 4 for evacuation
[396.422s][info][gc,phases      ] GC(412)   Pre Evacuate Collection Set: 0.24ms
[396.422s][info][gc,phases      ] GC(412)   Merge Heap Roots: 0.12ms
[396.422s][info][gc,phases      ] GC(412)   Evacuate Collection Set: 3.73ms
[396.422s][info][gc,phases      ] GC(412)   Post Evacuate Collection Set: 5.59ms
[396.422s][info][gc,phases      ] GC(412)   Other: 0.06ms
[396.422s][info][gc,heap        ] GC(412) Eden regions: 207->0(71)
[396.422s][info][gc,heap        ] GC(412) Survivor regions: 0->6(11)
[396.422s][info][gc,heap        ] GC(412) Old regions: 391->597
[396.422s][info][gc,heap        ] GC(412) Humongous regions: 825->690
[396.422s][info][gc,metaspace   ] GC(412) Metaspace: 100421K(101440K)->100421K(101440K) NonClass: 78527K(78976K)->78527K(78976K) Class: 21893K(22464K)->21893K(22464K)
[396.422s][info][gc             ] GC(412) Pause Young (Mixed) (G1 Humongous Allocation) (Evacuation Failure: Allocation) 2844M->2585M(2868M) 9.836ms
[396.422s][info][gc,cpu         ] GC(412) User=0.04s Sys=0.00s Real=0.01s
[396.422s][info][gc,start       ] GC(413) Pause Young (Concurrent Start) (G1 Humongous Allocation)
[396.422s][info][gc,task        ] GC(413) Using 4 workers of 4 for evacuation
[396.432s][info][gc,phases      ] GC(413)   Pre Evacuate Collection Set: 0.24ms
[396.432s][info][gc,phases      ] GC(413)   Merge Heap Roots: 0.08ms
[396.432s][info][gc,phases      ] GC(413)   Evacuate Collection Set: 8.14ms
[396.432s][info][gc,phases      ] GC(413)   Post Evacuate Collection Set: 0.56ms
[396.432s][info][gc,phases      ] GC(413)   Other: 0.05ms
[396.432s][info][gc,heap        ] GC(413) Eden regions: 3->0(263)
[396.432s][info][gc,heap        ] GC(413) Survivor regions: 6->1(10)
[396.432s][info][gc,heap        ] GC(413) Old regions: 597->364
[396.432s][info][gc,heap        ] GC(413) Humongous regions: 695->692
[396.432s][info][gc,metaspace   ] GC(413) Metaspace: 100421K(101440K)->100421K(101440K) NonClass: 78527K(78976K)->78527K(78976K) Class: 21893K(22464K)->21893K(22464K)
[396.432s][info][gc             ] GC(413) Pause Young (Concurrent Start) (G1 Humongous Allocation) 2601M->2112M(2868M) 9.147ms
[396.432s][info][gc             ] GC(414) Concurrent Mark Cycle
[396.432s][info][gc,marking     ] GC(414) Concurrent Scan Root Regions
[396.432s][info][gc,cpu         ] GC(413) User=0.03s Sys=0.00s Real=0.01s
[396.449s][info][gc,marking     ] GC(414) Concurrent Scan Root Regions 17.379ms
[396.449s][info][gc,marking     ] GC(414) Concurrent Mark
[396.449s][info][gc,marking     ] GC(414) Concurrent Mark From Roots
[396.449s][info][gc,task        ] GC(414) Using 1 workers of 1 for marking
[396.489s][info][gc,marking     ] GC(414) Concurrent Mark From Roots 40.206ms
[396.489s][info][gc,marking     ] GC(414) Concurrent Preclean
[396.489s][info][gc,marking     ] GC(414) Concurrent Preclean 0.105ms
[396.489s][info][gc,start       ] GC(414) Pause Remark
[396.492s][info][gc             ] GC(414) Pause Remark 2752M->2148M(2868M) 2.654ms
[396.492s][info][gc,cpu         ] GC(414) User=0.01s Sys=0.00s Real=0.00s
[396.492s][info][gc,marking     ] GC(414) Concurrent Mark 43.111ms
[396.492s][info][gc,marking     ] GC(414) Concurrent Rebuild Remembered Sets and Scrub Regions
[396.517s][info][gc,marking     ] GC(414) Concurrent Rebuild Remembered Sets and Scrub Regions 25.033ms
[396.517s][info][gc,start       ] GC(414) Pause Cleanup
[396.517s][info][gc             ] GC(414) Pause Cleanup 2223M->2223M(2868M) 0.121ms
[396.517s][info][gc,cpu         ] GC(414) User=0.00s Sys=0.00s Real=0.00s
[396.517s][info][gc,marking     ] GC(414) Concurrent Clear Claimed Marks
[396.518s][info][gc,marking     ] GC(414) Concurrent Clear Claimed Marks 0.158ms
[396.518s][info][gc,marking     ] GC(414) Concurrent Cleanup for Next Mark
[396.519s][info][gc,marking     ] GC(414) Concurrent Cleanup for Next Mark 1.271ms
[396.519s][info][gc             ] GC(414) Concurrent Mark Cycle 87.282ms
[397.323s][info][gc,start       ] GC(415) Pause Young (Prepare Mixed) (G1 Humongous Allocation)
[397.323s][info][gc,task        ] GC(415) Using 4 workers of 4 for evacuation
[397.329s][info][gc,phases      ] GC(415)   Pre Evacuate Collection Set: 0.20ms
[397.329s][info][gc,phases      ] GC(415)   Merge Heap Roots: 0.08ms
[397.329s][info][gc,phases      ] GC(415)   Evacuate Collection Set: 3.07ms
[397.329s][info][gc,phases      ] GC(415)   Post Evacuate Collection Set: 2.86ms
[397.329s][info][gc,phases      ] GC(415)   Other: 0.05ms
[397.329s][info][gc,heap        ] GC(415) Eden regions: 156->0(282)
[397.329s][info][gc,heap        ] GC(415) Survivor regions: 1->13(17)
[397.329s][info][gc,heap        ] GC(415) Old regions: 322->469
[397.329s][info][gc,heap        ] GC(415) Humongous regions: 938->564
[397.329s][info][gc,metaspace   ] GC(415) Metaspace: 100421K(101440K)->100421K(101440K) NonClass: 78527K(78976K)->78527K(78976K) Class: 21893K(22464K)->21893K(22464K)
[397.329s][info][gc             ] GC(415) Pause Young (Prepare Mixed) (G1 Humongous Allocation) (Evacuation Failure: Allocation) 2831M->2091M(2868M) 6.355ms
[397.329s][info][gc,cpu         ] GC(415) User=0.02s Sys=0.00s Real=0.00s
[397.663s][info][gc,start       ] GC(416) Pause Young (Mixed) (G1 Humongous Allocation)
[397.663s][info][gc,task        ] GC(416) Using 4 workers of 4 for evacuation
[397.673s][info][gc,phases      ] GC(416)   Pre Evacuate Collection Set: 0.28ms
[397.673s][info][gc,phases      ] GC(416)   Merge Heap Roots: 0.08ms
[397.673s][info][gc,phases      ] GC(416)   Evacuate Collection Set: 4.87ms
[397.673s][info][gc,phases      ] GC(416)   Post Evacuate Collection Set: 4.39ms
[397.673s][info][gc,phases      ] GC(416)   Other: 0.06ms
[397.673s][info][gc,heap        ] GC(416) Eden regions: 199->0(142)
[397.673s][info][gc,heap        ] GC(416) Survivor regions: 13->20(33)
[397.673s][info][gc,heap        ] GC(416) Old regions: 469->604
[397.673s][info][gc,heap        ] GC(416) Humongous regions: 720->595
[397.673s][info][gc,metaspace   ] GC(416) Metaspace: 100421K(101440K)->100421K(101440K) NonClass: 78527K(78976K)->78527K(78976K) Class: 21893K(22464K)->21893K(22464K)
[397.673s][info][gc             ] GC(416) Pause Young (Mixed) (G1 Humongous Allocation) (Evacuation Failure: Allocation) 2801M->2437M(2868M) 9.776ms
[397.673s][info][gc,cpu         ] GC(416) User=0.04s Sys=0.00s Real=0.01s
[397.673s][info][gc,start       ] GC(417) Pause Young (Concurrent Start) (G1 Humongous Allocation)
[397.674s][info][gc,task        ] GC(417) Using 4 workers of 4 for evacuation
[397.683s][info][gc,phases      ] GC(417)   Pre Evacuate Collection Set: 0.20ms
[397.683s][info][gc,phases      ] GC(417)   Merge Heap Roots: 0.07ms
[397.683s][info][gc,phases      ] GC(417)   Evacuate Collection Set: 8.43ms
[397.683s][info][gc,phases      ] GC(417)   Post Evacuate Collection Set: 0.56ms
[397.683s][info][gc,phases      ] GC(417)   Other: 0.05ms
[397.683s][info][gc,heap        ] GC(417) Eden regions: 4->0(331)
[397.683s][info][gc,heap        ] GC(417) Survivor regions: 20->2(21)
[397.683s][info][gc,heap        ] GC(417) Old regions: 604->349
[397.683s][info][gc,heap        ] GC(417) Humongous regions: 600->597
[397.683s][info][gc,metaspace   ] GC(417) Metaspace: 100421K(101440K)->100421K(101440K) NonClass: 78527K(78976K)->78527K(78976K) Class: 21893K(22464K)->21893K(22464K)
[397.683s][info][gc             ] GC(417) Pause Young (Concurrent Start) (G1 Humongous Allocation) 2455M->1894M(2868M) 9.402ms
[397.683s][info][gc,cpu         ] GC(417) User=0.03s Sys=0.00s Real=0.01s
[397.683s][info][gc             ] GC(418) Concurrent Mark Cycle
[397.683s][info][gc,marking     ] GC(418) Concurrent Scan Root Regions
[397.694s][info][gc,marking     ] GC(418) Concurrent Scan Root Regions 10.919ms
[397.694s][info][gc,marking     ] GC(418) Concurrent Mark
[397.694s][info][gc,marking     ] GC(418) Concurrent Mark From Roots
[397.694s][info][gc,task        ] GC(418) Using 1 workers of 1 for marking
[397.737s][info][gc,marking     ] GC(418) Concurrent Mark From Roots 43.383ms
[397.737s][info][gc,marking     ] GC(418) Concurrent Preclean
[397.737s][info][gc,marking     ] GC(418) Concurrent Preclean 0.124ms
[397.738s][info][gc,start       ] GC(418) Pause Remark
[397.740s][info][gc             ] GC(418) Pause Remark 2626M->2092M(2868M) 2.437ms
[397.740s][info][gc,cpu         ] GC(418) User=0.01s Sys=0.00s Real=0.01s
[397.740s][info][gc,marking     ] GC(418) Concurrent Mark 46.097ms
[397.740s][info][gc,marking     ] GC(418) Concurrent Rebuild Remembered Sets and Scrub Regions
[397.763s][info][gc,marking     ] GC(418) Concurrent Rebuild Remembered Sets and Scrub Regions 22.783ms
[397.763s][info][gc,start       ] GC(418) Pause Cleanup
[397.763s][info][gc             ] GC(418) Pause Cleanup 2095M->2095M(2868M) 0.103ms
[397.763s][info][gc,cpu         ] GC(418) User=0.00s Sys=0.00s Real=0.00s
[397.763s][info][gc,marking     ] GC(418) Concurrent Clear Claimed Marks
[397.763s][info][gc,marking     ] GC(418) Concurrent Clear Claimed Marks 0.116ms
[397.763s][info][gc,marking     ] GC(418) Concurrent Cleanup for Next Mark
[397.764s][info][gc,marking     ] GC(418) Concurrent Cleanup for Next Mark 1.260ms
[397.764s][info][gc             ] GC(418) Concurrent Mark Cycle 81.486ms
[398.684s][info][gc,start       ] GC(419) Pause Young (Prepare Mixed) (G1 Humongous Allocation)
[398.684s][info][gc,task        ] GC(419) Using 4 workers of 4 for evacuation
[398.689s][info][gc,phases      ] GC(419)   Pre Evacuate Collection Set: 0.19ms
[398.689s][info][gc,phases      ] GC(419)   Merge Heap Roots: 0.10ms
[398.689s][info][gc,phases      ] GC(419)   Evacuate Collection Set: 3.63ms
[398.689s][info][gc,phases      ] GC(419)   Post Evacuate Collection Set: 0.65ms
[398.689s][info][gc,phases      ] GC(419)   Other: 0.06ms
[398.689s][info][gc,heap        ] GC(419) Eden regions: 155->0(368)
[398.689s][info][gc,heap        ] GC(419) Survivor regions: 2->33(42)
[398.689s][info][gc,heap        ] GC(419) Old regions: 272->272
[398.689s][info][gc,heap        ] GC(419) Humongous regions: 960->569
[398.689s][info][gc,metaspace   ] GC(419) Metaspace: 100426K(101440K)->100426K(101440K) NonClass: 78532K(78976K)->78532K(78976K) Class: 21893K(22464K)->21893K(22464K)
[398.689s][info][gc             ] GC(419) Pause Young (Prepare Mixed) (G1 Humongous Allocation) 2776M->1745M(2868M) 4.719ms
[398.689s][info][gc,cpu         ] GC(419) User=0.02s Sys=0.00s Real=0.00s
[399.091s][info][gc,start       ] GC(420) Pause Young (Mixed) (G1 Humongous Allocation)
[399.091s][info][gc,task        ] GC(420) Using 4 workers of 4 for evacuation
[399.097s][info][gc,phases      ] GC(420)   Pre Evacuate Collection Set: 0.16ms
[399.097s][info][gc,phases      ] GC(420)   Merge Heap Roots: 0.07ms
[399.097s][info][gc,phases      ] GC(420)   Evacuate Collection Set: 3.17ms
[399.097s][info][gc,phases      ] GC(420)   Post Evacuate Collection Set: 2.81ms
[399.097s][info][gc,phases      ] GC(420)   Other: 0.06ms
[399.097s][info][gc,heap        ] GC(420) Eden regions: 209->0(182)
[399.097s][info][gc,heap        ] GC(420) Survivor regions: 33->21(28)
[399.097s][info][gc,heap        ] GC(420) Old regions: 272->497
[399.097s][info][gc,heap        ] GC(420) Humongous regions: 892->653
[399.097s][info][gc,metaspace   ] GC(420) Metaspace: 100426K(101440K)->100426K(101440K) NonClass: 78532K(78976K)->78532K(78976K) Class: 21893K(22464K)->21893K(22464K)
[399.097s][info][gc             ] GC(420) Pause Young (Mixed) (G1 Humongous Allocation) (Evacuation Failure: Allocation) 2808M->2340M(2868M) 6.424ms
[399.097s][info][gc,cpu         ] GC(420) User=0.02s Sys=0.00s Real=0.00s
[399.098s][info][gc,start       ] GC(421) Pause Young (Concurrent Start) (G1 Humongous Allocation)
[399.098s][info][gc,task        ] GC(421) Using 4 workers of 4 for evacuation
[399.102s][info][gc,phases      ] GC(421)   Pre Evacuate Collection Set: 0.28ms
[399.102s][info][gc,phases      ] GC(421)   Merge Heap Roots: 0.10ms
[399.102s][info][gc,phases      ] GC(421)   Evacuate Collection Set: 3.39ms
[399.102s][info][gc,phases      ] GC(421)   Post Evacuate Collection Set: 0.58ms
[399.102s][info][gc,phases      ] GC(421)   Other: 0.06ms
[399.102s][info][gc,heap        ] GC(421) Eden regions: 2->0(337)
[399.102s][info][gc,heap        ] GC(421) Survivor regions: 21->2(26)
[399.102s][info][gc,heap        ] GC(421) Old regions: 497->309
[399.102s][info][gc,heap        ] GC(421) Humongous regions: 656->656
[399.102s][info][gc,metaspace   ] GC(421) Metaspace: 100426K(101440K)->100426K(101440K) NonClass: 78532K(78976K)->78532K(78976K) Class: 21893K(22464K)->21893K(22464K)
[399.102s][info][gc             ] GC(421) Pause Young (Concurrent Start) (G1 Humongous Allocation) 2348M->1932M(2868M) 4.520ms
[399.102s][info][gc             ] GC(422) Concurrent Mark Cycle
[399.102s][info][gc,marking     ] GC(422) Concurrent Scan Root Regions
[399.102s][info][gc,cpu         ] GC(421) User=0.01s Sys=0.00s Real=0.01s
[399.107s][info][gc,marking     ] GC(422) Concurrent Scan Root Regions 5.088ms
[399.107s][info][gc,marking     ] GC(422) Concurrent Mark
[399.107s][info][gc,marking     ] GC(422) Concurrent Mark From Roots
[399.107s][info][gc,task        ] GC(422) Using 1 workers of 1 for marking
[399.150s][info][gc,marking     ] GC(422) Concurrent Mark From Roots 43.007ms
[399.150s][info][gc,marking     ] GC(422) Concurrent Preclean
[399.150s][info][gc,marking     ] GC(422) Concurrent Preclean 0.117ms
[399.150s][info][gc,start       ] GC(422) Pause Remark
[399.153s][info][gc             ] GC(422) Pause Remark 2234M->1590M(2868M) 2.781ms
[399.153s][info][gc,cpu         ] GC(422) User=0.01s Sys=0.00s Real=0.00s
[399.153s][info][gc,marking     ] GC(422) Concurrent Mark 46.066ms
[399.153s][info][gc,marking     ] GC(422) Concurrent Rebuild Remembered Sets and Scrub Regions
[399.174s][info][gc,marking     ] GC(422) Concurrent Rebuild Remembered Sets and Scrub Regions 20.795ms
[399.174s][info][gc,start       ] GC(422) Pause Cleanup
[399.174s][info][gc             ] GC(422) Pause Cleanup 1630M->1630M(2868M) 0.086ms
[399.174s][info][gc,cpu         ] GC(422) User=0.00s Sys=0.00s Real=0.00s
[399.174s][info][gc,marking     ] GC(422) Concurrent Clear Claimed Marks
[399.174s][info][gc,marking     ] GC(422) Concurrent Clear Claimed Marks 0.118ms
[399.174s][info][gc,marking     ] GC(422) Concurrent Cleanup for Next Mark
[399.176s][info][gc,marking     ] GC(422) Concurrent Cleanup for Next Mark 1.288ms
[399.176s][info][gc             ] GC(422) Concurrent Mark Cycle 73.597ms
[400.239s][info][gc,start       ] GC(423) Pause Young (Prepare Mixed) (G1 Humongous Allocation)
[400.239s][info][gc,task        ] GC(423) Using 4 workers of 4 for evacuation
[400.247s][info][gc,phases      ] GC(423)   Pre Evacuate Collection Set: 0.16ms
[400.247s][info][gc,phases      ] GC(423)   Merge Heap Roots: 0.09ms
[400.247s][info][gc,phases      ] GC(423)   Evacuate Collection Set: 3.42ms
[400.247s][info][gc,phases      ] GC(423)   Post Evacuate Collection Set: 4.44ms
[400.247s][info][gc,phases      ] GC(423)   Other: 0.05ms
[400.247s][info][gc,heap        ] GC(423) Eden regions: 324->0(313)
[400.247s][info][gc,heap        ] GC(423) Survivor regions: 2->2(2)
[400.247s][info][gc,heap        ] GC(423) Old regions: 202->456
[400.247s][info][gc,heap        ] GC(423) Humongous regions: 904->568
[400.247s][info][gc,metaspace   ] GC(423) Metaspace: 100426K(101440K)->100426K(101440K) NonClass: 78532K(78976K)->78532K(78976K) Class: 21893K(22464K)->21893K(22464K)
[400.248s][info][gc             ] GC(423) Pause Young (Prepare Mixed) (G1 Humongous Allocation) (Evacuation Failure: Allocation) 2862M->2051M(2868M) 8.265ms
[400.248s][info][gc,cpu         ] GC(423) User=0.03s Sys=0.00s Real=0.01s
[400.345s][info][gc,start       ] GC(424) Pause Young (Mixed) (G1 Humongous Allocation)
[400.345s][info][gc,task        ] GC(424) Using 4 workers of 4 for evacuation
[400.351s][info][gc,phases      ] GC(424)   Pre Evacuate Collection Set: 0.26ms
[400.351s][info][gc,phases      ] GC(424)   Merge Heap Roots: 0.08ms
[400.351s][info][gc,phases      ] GC(424)   Evacuate Collection Set: 3.14ms
[400.351s][info][gc,phases      ] GC(424)   Post Evacuate Collection Set: 2.79ms
[400.351s][info][gc,phases      ] GC(424)   Other: 0.05ms
[400.351s][info][gc,heap        ] GC(424) Eden regions: 40->0(253)
[400.351s][info][gc,heap        ] GC(424) Survivor regions: 2->5(20)
[400.351s][info][gc,heap        ] GC(424) Old regions: 456->431
[400.351s][info][gc,heap        ] GC(424) Humongous regions: 916->672
[400.351s][info][gc,metaspace   ] GC(424) Metaspace: 100426K(101440K)->100426K(101440K) NonClass: 78532K(78976K)->78532K(78976K) Class: 21893K(22464K)->21893K(22464K)
[400.351s][info][gc             ] GC(424) Pause Young (Mixed) (G1 Humongous Allocation) (Evacuation Failure: Allocation) 2825M->2215M(2868M) 6.433ms
[400.351s][info][gc,cpu         ] GC(424) User=0.03s Sys=0.00s Real=0.01s
[400.352s][info][gc,start       ] GC(425) Pause Young (Concurrent Start) (G1 Humongous Allocation)
[400.353s][info][gc,task        ] GC(425) Using 4 workers of 4 for evacuation
[400.355s][info][gc,phases      ] GC(425)   Pre Evacuate Collection Set: 0.19ms
[400.355s][info][gc,phases      ] GC(425)   Merge Heap Roots: 0.05ms
[400.355s][info][gc,phases      ] GC(425)   Evacuate Collection Set: 1.36ms
[400.355s][info][gc,phases      ] GC(425)   Post Evacuate Collection Set: 0.43ms
[400.355s][info][gc,phases      ] GC(425)   Other: 0.04ms
[400.355s][info][gc,heap        ] GC(425) Eden regions: 3->0(394)
[400.355s][info][gc,heap        ] GC(425) Survivor regions: 5->6(33)
[400.355s][info][gc,heap        ] GC(425) Old regions: 431->214
[400.355s][info][gc,heap        ] GC(425) Humongous regions: 680->675
[400.355s][info][gc,metaspace   ] GC(425) Metaspace: 100426K(101440K)->100426K(101440K) NonClass: 78532K(78976K)->78532K(78976K) Class: 21893K(22464K)->21893K(22464K)
[400.355s][info][gc             ] GC(425) Pause Young (Concurrent Start) (G1 Humongous Allocation) 2235M->1789M(2868M) 2.144ms
[400.355s][info][gc             ] GC(426) Concurrent Mark Cycle
[400.355s][info][gc,marking     ] GC(426) Concurrent Scan Root Regions
[400.355s][info][gc,cpu         ] GC(425) User=0.00s Sys=0.00s Real=0.00s
[400.357s][info][gc,marking     ] GC(426) Concurrent Scan Root Regions 2.164ms
[400.357s][info][gc,marking     ] GC(426) Concurrent Mark
[400.357s][info][gc,marking     ] GC(426) Concurrent Mark From Roots
[400.357s][info][gc,task        ] GC(426) Using 1 workers of 1 for marking
[400.394s][info][gc,marking     ] GC(426) Concurrent Mark From Roots 36.992ms
[400.394s][info][gc,marking     ] GC(426) Concurrent Preclean
[400.394s][info][gc,marking     ] GC(426) Concurrent Preclean 0.115ms
[400.394s][info][gc,start       ] GC(426) Pause Remark
[400.397s][info][gc             ] GC(426) Pause Remark 1870M->1166M(2868M) 2.796ms
[400.397s][info][gc,cpu         ] GC(426) User=0.01s Sys=0.00s Real=0.00s
[400.397s][info][gc,marking     ] GC(426) Concurrent Mark 40.026ms
[400.397s][info][gc,marking     ] GC(426) Concurrent Rebuild Remembered Sets and Scrub Regions
[400.413s][info][gc,marking     ] GC(426) Concurrent Rebuild Remembered Sets and Scrub Regions 16.321ms
[400.413s][info][gc,start       ] GC(426) Pause Cleanup
[400.413s][info][gc             ] GC(426) Pause Cleanup 1170M->1170M(2868M) 0.067ms
[400.413s][info][gc,cpu         ] GC(426) User=0.00s Sys=0.00s Real=0.00s
[400.413s][info][gc,marking     ] GC(426) Concurrent Clear Claimed Marks
[400.413s][info][gc,marking     ] GC(426) Concurrent Clear Claimed Marks 0.116ms
[400.413s][info][gc,marking     ] GC(426) Concurrent Cleanup for Next Mark
[400.415s][info][gc,marking     ] GC(426) Concurrent Cleanup for Next Mark 1.390ms
[400.415s][info][gc             ] GC(426) Concurrent Mark Cycle 60.252ms
[401.514s][info][gc,start       ] GC(427) Pause Young (Prepare Mixed) (G1 Humongous Allocation)
[401.514s][info][gc,task        ] GC(427) Using 4 workers of 4 for evacuation
[401.519s][info][gc,phases      ] GC(427)   Pre Evacuate Collection Set: 0.14ms
[401.519s][info][gc,phases      ] GC(427)   Merge Heap Roots: 0.07ms
[401.519s][info][gc,phases      ] GC(427)   Evacuate Collection Set: 1.91ms
[401.519s][info][gc,phases      ] GC(427)   Post Evacuate Collection Set: 2.88ms
[401.519s][info][gc,phases      ] GC(427)   Other: 0.05ms
[401.519s][info][gc,heap        ] GC(427) Eden regions: 340->0(411)
[401.519s][info][gc,heap        ] GC(427) Survivor regions: 6->4(4)
[401.519s][info][gc,heap        ] GC(427) Old regions: 117->390
[401.519s][info][gc,heap        ] GC(427) Humongous regions: 967->507
[401.519s][info][gc,metaspace   ] GC(427) Metaspace: 100429K(101440K)->100429K(101440K) NonClass: 78535K(78976K)->78535K(78976K) Class: 21893K(22464K)->21893K(22464K)
[401.519s][info][gc             ] GC(427) Pause Young (Prepare Mixed) (G1 Humongous Allocation) (Evacuation Failure: Allocation) 2858M->1800M(2868M) 5.154ms
[401.519s][info][gc,cpu         ] GC(427) User=0.02s Sys=0.00s Real=0.00s
[402.377s][info][gc,start       ] GC(428) Pause Young (Mixed) (G1 Humongous Allocation)
[402.377s][info][gc,task        ] GC(428) Using 4 workers of 4 for evacuation
[402.381s][info][gc,phases      ] GC(428)   Pre Evacuate Collection Set: 0.29ms
[402.381s][info][gc,phases      ] GC(428)   Merge Heap Roots: 0.08ms
[402.381s][info][gc,phases      ] GC(428)   Evacuate Collection Set: 1.52ms
[402.381s][info][gc,phases      ] GC(428)   Post Evacuate Collection Set: 1.81ms
[402.381s][info][gc,phases      ] GC(428)   Other: 0.05ms
[402.381s][info][gc,heap        ] GC(428) Eden regions: 148->0(497)
[402.381s][info][gc,heap        ] GC(428) Survivor regions: 4->4(8)
[402.381s][info][gc,heap        ] GC(428) Old regions: 390->277
[402.381s][info][gc,heap        ] GC(428) Humongous regions: 884->509
[402.381s][info][gc,metaspace   ] GC(428) Metaspace: 100431K(101440K)->100431K(101440K) NonClass: 78537K(78976K)->78537K(78976K) Class: 21893K(22464K)->21893K(22464K)
[402.381s][info][gc             ] GC(428) Pause Young (Mixed) (G1 Humongous Allocation) (Evacuation Failure: Allocation) 2849M->1578M(2868M) 3.854ms
[402.381s][info][gc,cpu         ] GC(428) User=0.01s Sys=0.01s Real=0.01s
[402.381s][info][gc,start       ] GC(429) Pause Young (Concurrent Start) (G1 Humongous Allocation)
[402.382s][info][gc,task        ] GC(429) Using 4 workers of 4 for evacuation
[402.384s][info][gc,phases      ] GC(429)   Pre Evacuate Collection Set: 0.15ms
[402.384s][info][gc,phases      ] GC(429)   Merge Heap Roots: 0.05ms
[402.384s][info][gc,phases      ] GC(429)   Evacuate Collection Set: 1.94ms
[402.384s][info][gc,phases      ] GC(429)   Post Evacuate Collection Set: 0.40ms
[402.384s][info][gc,phases      ] GC(429)   Other: 0.04ms
[402.384s][info][gc,heap        ] GC(429) Eden regions: 2->0(604)
[402.384s][info][gc,heap        ] GC(429) Survivor regions: 4->5(63)
[402.384s][info][gc,heap        ] GC(429) Old regions: 277->131
[402.384s][info][gc,heap        ] GC(429) Humongous regions: 512->510
[402.384s][info][gc,metaspace   ] GC(429) Metaspace: 100431K(101440K)->100431K(101440K) NonClass: 78537K(78976K)->78537K(78976K) Class: 21893K(22464K)->21893K(22464K)
[402.384s][info][gc             ] GC(429) Pause Young (Concurrent Start) (G1 Humongous Allocation) 1588M->1291M(2868M) 2.642ms
[402.384s][info][gc,cpu         ] GC(429) User=0.01s Sys=0.00s Real=0.00s
[402.384s][info][gc             ] GC(430) Concurrent Mark Cycle
[402.384s][info][gc,marking     ] GC(430) Concurrent Scan Root Regions
[402.387s][info][gc,marking     ] GC(430) Concurrent Scan Root Regions 3.313ms
[402.388s][info][gc,marking     ] GC(430) Concurrent Mark
[402.388s][info][gc,marking     ] GC(430) Concurrent Mark From Roots
[402.388s][info][gc,task        ] GC(430) Using 1 workers of 1 for marking
[402.425s][info][gc,marking     ] GC(430) Concurrent Mark From Roots 37.554ms
[402.425s][info][gc,marking     ] GC(430) Concurrent Preclean
[402.425s][info][gc,marking     ] GC(430) Concurrent Preclean 0.114ms
[402.425s][info][gc,start       ] GC(430) Pause Remark
[402.428s][info][gc             ] GC(430) Pause Remark 1409M->1213M(2868M) 2.628ms
[402.428s][info][gc,cpu         ] GC(430) User=0.01s Sys=0.00s Real=0.00s
[402.428s][info][gc,marking     ] GC(430) Concurrent Mark 40.435ms
[402.428s][info][gc,marking     ] GC(430) Concurrent Rebuild Remembered Sets and Scrub Regions
[402.446s][info][gc,marking     ] GC(430) Concurrent Rebuild Remembered Sets and Scrub Regions 18.179ms
[402.446s][info][gc,start       ] GC(430) Pause Cleanup
[402.447s][info][gc             ] GC(430) Pause Cleanup 1236M->1236M(2868M) 0.075ms
[402.447s][info][gc,cpu         ] GC(430) User=0.00s Sys=0.00s Real=0.00s
[402.447s][info][gc,marking     ] GC(430) Concurrent Clear Claimed Marks
[402.447s][info][gc,marking     ] GC(430) Concurrent Clear Claimed Marks 0.126ms
[402.447s][info][gc,marking     ] GC(430) Concurrent Cleanup for Next Mark
[402.448s][info][gc,marking     ] GC(430) Concurrent Cleanup for Next Mark 1.345ms
[402.448s][info][gc             ] GC(430) Concurrent Mark Cycle 63.962ms
[403.307s][info][gc,start       ] GC(431) Pause Young (Prepare Mixed) (G1 Evacuation Pause)
[403.307s][info][gc,task        ] GC(431) Using 4 workers of 4 for evacuation
[403.312s][info][gc,phases      ] GC(431)   Pre Evacuate Collection Set: 0.16ms
[403.312s][info][gc,phases      ] GC(431)   Merge Heap Roots: 0.08ms
[403.312s][info][gc,phases      ] GC(431)   Evacuate Collection Set: 1.43ms
[403.312s][info][gc,phases      ] GC(431)   Post Evacuate Collection Set: 2.88ms
[403.312s][info][gc,phases      ] GC(431)   Other: 0.05ms
[403.312s][info][gc,heap        ] GC(431) Eden regions: 308->0(412)
[403.312s][info][gc,heap        ] GC(431) Survivor regions: 5->0(0)
[403.312s][info][gc,heap        ] GC(431) Old regions: 128->388
[403.312s][info][gc,heap        ] GC(431) Humongous regions: 993->542
[403.312s][info][gc,metaspace   ] GC(431) Metaspace: 100431K(101440K)->100431K(101440K) NonClass: 78537K(78976K)->78537K(78976K) Class: 21893K(22464K)->21893K(22464K)
[403.312s][info][gc             ] GC(431) Pause Young (Prepare Mixed) (G1 Evacuation Pause) (Evacuation Failure: Allocation) 2867M->1859M(2868M) 4.701ms
[403.312s][info][gc,cpu         ] GC(431) User=0.01s Sys=0.00s Real=0.01s
[403.897s][info][gc,start       ] GC(432) Pause Young (Mixed) (G1 Humongous Allocation)
[403.897s][info][gc,task        ] GC(432) Using 4 workers of 4 for evacuation
[403.907s][info][gc,phases      ] GC(432)   Pre Evacuate Collection Set: 0.22ms
[403.907s][info][gc,phases      ] GC(432)   Merge Heap Roots: 0.11ms
[403.907s][info][gc,phases      ] GC(432)   Evacuate Collection Set: 3.70ms
[403.907s][info][gc,phases      ] GC(432)   Post Evacuate Collection Set: 5.05ms
[403.907s][info][gc,phases      ] GC(432)   Other: 0.06ms
[403.907s][info][gc,heap        ] GC(432) Eden regions: 241->0(279)
[403.907s][info][gc,heap        ] GC(432) Survivor regions: 0->4(7)
[403.907s][info][gc,heap        ] GC(432) Old regions: 388->500
[403.907s][info][gc,heap        ] GC(432) Humongous regions: 798->578
[403.907s][info][gc,metaspace   ] GC(432) Metaspace: 100431K(101440K)->100431K(101440K) NonClass: 78538K(78976K)->78538K(78976K) Class: 21893K(22464K)->21893K(22464K)
[403.907s][info][gc             ] GC(432) Pause Young (Mixed) (G1 Humongous Allocation) (Evacuation Failure: Allocation) 2852M->2163M(2868M) 9.234ms
[403.907s][info][gc,cpu         ] GC(432) User=0.04s Sys=0.00s Real=0.01s
[403.907s][info][gc,start       ] GC(433) Pause Young (Concurrent Start) (G1 Humongous Allocation)
[403.907s][info][gc,task        ] GC(433) Using 4 workers of 4 for evacuation
[403.915s][info][gc,phases      ] GC(433)   Pre Evacuate Collection Set: 0.21ms
[403.915s][info][gc,phases      ] GC(433)   Merge Heap Roots: 0.07ms
[403.915s][info][gc,phases      ] GC(433)   Evacuate Collection Set: 6.91ms
[403.915s][info][gc,phases      ] GC(433)   Post Evacuate Collection Set: 0.51ms
[403.915s][info][gc,phases      ] GC(433)   Other: 0.05ms
[403.915s][info][gc,heap        ] GC(433) Eden regions: 2->0(499)
[403.915s][info][gc,heap        ] GC(433) Survivor regions: 4->5(36)
[403.915s][info][gc,heap        ] GC(433) Old regions: 500->197
[403.915s][info][gc,heap        ] GC(433) Humongous regions: 580->579
[403.915s][info][gc,metaspace   ] GC(433) Metaspace: 100431K(101440K)->100431K(101440K) NonClass: 78538K(78976K)->78538K(78976K) Class: 21893K(22464K)->21893K(22464K)
[403.915s][info][gc             ] GC(433) Pause Young (Concurrent Start) (G1 Humongous Allocation) 2171M->1560M(2868M) 7.814ms
[403.915s][info][gc             ] GC(434) Concurrent Mark Cycle
[403.915s][info][gc,marking     ] GC(434) Concurrent Scan Root Regions
[403.915s][info][gc,cpu         ] GC(433) User=0.03s Sys=0.00s Real=0.01s
[403.925s][info][gc,marking     ] GC(434) Concurrent Scan Root Regions 9.625ms
[403.925s][info][gc,marking     ] GC(434) Concurrent Mark
[403.925s][info][gc,marking     ] GC(434) Concurrent Mark From Roots
[403.925s][info][gc,task        ] GC(434) Using 1 workers of 1 for marking
[403.964s][info][gc,marking     ] GC(434) Concurrent Mark From Roots 39.360ms
[403.964s][info][gc,marking     ] GC(434) Concurrent Preclean
[403.965s][info][gc,marking     ] GC(434) Concurrent Preclean 0.150ms
[403.965s][info][gc,start       ] GC(434) Pause Remark
[403.968s][info][gc             ] GC(434) Pause Remark 2085M->1705M(2868M) 2.616ms
[403.968s][info][gc,cpu         ] GC(434) User=0.01s Sys=0.00s Real=0.00s
[403.968s][info][gc,marking     ] GC(434) Concurrent Mark 43.208ms
[403.968s][info][gc,marking     ] GC(434) Concurrent Rebuild Remembered Sets and Scrub Regions
[403.989s][info][gc,marking     ] GC(434) Concurrent Rebuild Remembered Sets and Scrub Regions 20.890ms
[403.989s][info][gc,start       ] GC(434) Pause Cleanup
[403.989s][info][gc             ] GC(434) Pause Cleanup 1805M->1805M(2868M) 0.082ms
[403.989s][info][gc,cpu         ] GC(434) User=0.00s Sys=0.00s Real=0.00s
[403.989s][info][gc,marking     ] GC(434) Concurrent Clear Claimed Marks
[403.989s][info][gc,marking     ] GC(434) Concurrent Clear Claimed Marks 0.109ms
[403.989s][info][gc,marking     ] GC(434) Concurrent Cleanup for Next Mark
[403.991s][info][gc,marking     ] GC(434) Concurrent Cleanup for Next Mark 1.238ms
[403.991s][info][gc             ] GC(434) Concurrent Mark Cycle 75.362ms
[404.947s][info][gc,start       ] GC(435) Pause Young (Prepare Mixed) (G1 Evacuation Pause)
[404.947s][info][gc,task        ] GC(435) Using 4 workers of 4 for evacuation
[404.952s][info][gc,phases      ] GC(435)   Pre Evacuate Collection Set: 0.17ms
[404.953s][info][gc,phases      ] GC(435)   Merge Heap Roots: 0.10ms
[404.953s][info][gc,phases      ] GC(435)   Evacuate Collection Set: 2.50ms
[404.953s][info][gc,phases      ] GC(435)   Post Evacuate Collection Set: 2.95ms
[404.953s][info][gc,phases      ] GC(435)   Other: 0.06ms
[404.953s][info][gc,heap        ] GC(435) Eden regions: 242->0(381)
[404.953s][info][gc,heap        ] GC(435) Survivor regions: 5->0(0)
[404.953s][info][gc,heap        ] GC(435) Old regions: 162->371
[404.953s][info][gc,heap        ] GC(435) Humongous regions: 1025->592
[404.953s][info][gc,metaspace   ] GC(435) Metaspace: 100435K(101440K)->100435K(101440K) NonClass: 78541K(78976K)->78541K(78976K) Class: 21893K(22464K)->21893K(22464K)
[404.953s][info][gc             ] GC(435) Pause Young (Prepare Mixed) (G1 Evacuation Pause) (Evacuation Failure: Allocation) 2866M->1925M(2868M) 5.919ms
[404.953s][info][gc,cpu         ] GC(435) User=0.02s Sys=0.00s Real=0.01s
[405.159s][info][gc,start       ] GC(436) Pause Young (Mixed) (G1 Humongous Allocation)
[405.159s][info][gc,task        ] GC(436) Using 4 workers of 4 for evacuation
[405.164s][info][gc,phases      ] GC(436)   Pre Evacuate Collection Set: 0.25ms
[405.164s][info][gc,phases      ] GC(436)   Merge Heap Roots: 0.08ms
[405.164s][info][gc,phases      ] GC(436)   Evacuate Collection Set: 2.01ms
[405.164s][info][gc,phases      ] GC(436)   Post Evacuate Collection Set: 3.12ms
[405.164s][info][gc,phases      ] GC(436)   Other: 0.06ms
[405.164s][info][gc,heap        ] GC(436) Eden regions: 133->0(185)
[405.164s][info][gc,heap        ] GC(436) Survivor regions: 0->3(9)
[405.164s][info][gc,heap        ] GC(436) Old regions: 371->479
[405.164s][info][gc,heap        ] GC(436) Humongous regions: 921->694
[405.164s][info][gc,metaspace   ] GC(436) Metaspace: 100435K(101440K)->100435K(101440K) NonClass: 78541K(78976K)->78541K(78976K) Class: 21893K(22464K)->21893K(22464K)
[405.164s][info][gc             ] GC(436) Pause Young (Mixed) (G1 Humongous Allocation) (Evacuation Failure: Allocation) 2848M->2351M(2868M) 5.611ms
[405.164s][info][gc,cpu         ] GC(436) User=0.02s Sys=0.00s Real=0.01s
[405.166s][info][gc,start       ] GC(437) Pause Young (Concurrent Start) (G1 Humongous Allocation)
[405.166s][info][gc,task        ] GC(437) Using 4 workers of 4 for evacuation
[405.170s][info][gc,phases      ] GC(437)   Pre Evacuate Collection Set: 0.31ms
[405.170s][info][gc,phases      ] GC(437)   Merge Heap Roots: 0.07ms
[405.170s][info][gc,phases      ] GC(437)   Evacuate Collection Set: 3.32ms
[405.170s][info][gc,phases      ] GC(437)   Post Evacuate Collection Set: 0.58ms
[405.170s][info][gc,phases      ] GC(437)   Other: 0.05ms
[405.170s][info][gc,heap        ] GC(437) Eden regions: 3->0(428)
[405.170s][info][gc,heap        ] GC(437) Survivor regions: 3->4(24)
[405.170s][info][gc,heap        ] GC(437) Old regions: 479->200
[405.170s][info][gc,heap        ] GC(437) Humongous regions: 700->693
[405.170s][info][gc,metaspace   ] GC(437) Metaspace: 100435K(101440K)->100435K(101440K) NonClass: 78541K(78976K)->78541K(78976K) Class: 21893K(22464K)->21893K(22464K)
[405.170s][info][gc             ] GC(437) Pause Young (Concurrent Start) (G1 Humongous Allocation) 2367M->1792M(2868M) 4.413ms
[405.170s][info][gc             ] GC(438) Concurrent Mark Cycle
[405.170s][info][gc,marking     ] GC(438) Concurrent Scan Root Regions
[405.170s][info][gc,cpu         ] GC(437) User=0.01s Sys=0.00s Real=0.01s
[405.174s][info][gc,marking     ] GC(438) Concurrent Scan Root Regions 4.242ms
[405.174s][info][gc,marking     ] GC(438) Concurrent Mark
[405.174s][info][gc,marking     ] GC(438) Concurrent Mark From Roots
[405.174s][info][gc,task        ] GC(438) Using 1 workers of 1 for marking
[405.214s][info][gc,marking     ] GC(438) Concurrent Mark From Roots 39.388ms
[405.214s][info][gc,marking     ] GC(438) Concurrent Preclean
[405.214s][info][gc,marking     ] GC(438) Concurrent Preclean 0.102ms
[405.214s][info][gc,start       ] GC(438) Pause Remark
[405.217s][info][gc             ] GC(438) Pause Remark 1922M->1424M(2868M) 2.965ms
[405.217s][info][gc,cpu         ] GC(438) User=0.01s Sys=0.00s Real=0.00s
[405.217s][info][gc,marking     ] GC(438) Concurrent Mark 42.605ms
[405.217s][info][gc,marking     ] GC(438) Concurrent Rebuild Remembered Sets and Scrub Regions
[405.237s][info][gc,marking     ] GC(438) Concurrent Rebuild Remembered Sets and Scrub Regions 20.426ms
[405.237s][info][gc,start       ] GC(438) Pause Cleanup
[405.237s][info][gc             ] GC(438) Pause Cleanup 1467M->1467M(2868M) 0.082ms
[405.237s][info][gc,cpu         ] GC(438) User=0.00s Sys=0.00s Real=0.00s
[405.237s][info][gc,marking     ] GC(438) Concurrent Clear Claimed Marks
[405.238s][info][gc,marking     ] GC(438) Concurrent Clear Claimed Marks 0.120ms
[405.238s][info][gc,marking     ] GC(438) Concurrent Cleanup for Next Mark
[405.239s][info][gc,marking     ] GC(438) Concurrent Cleanup for Next Mark 1.235ms
[405.239s][info][gc             ] GC(438) Concurrent Mark Cycle 68.875ms
[406.354s][info][gc,start       ] GC(439) Pause Young (Prepare Mixed) (G1 Humongous Allocation)
[406.354s][info][gc,task        ] GC(439) Using 4 workers of 4 for evacuation
[406.360s][info][gc,phases      ] GC(439)   Pre Evacuate Collection Set: 0.15ms
[406.360s][info][gc,phases      ] GC(439)   Merge Heap Roots: 0.09ms
[406.360s][info][gc,phases      ] GC(439)   Evacuate Collection Set: 2.58ms
[406.360s][info][gc,phases      ] GC(439)   Post Evacuate Collection Set: 3.86ms
[406.360s][info][gc,phases      ] GC(439)   Other: 0.05ms
[406.360s][info][gc,heap        ] GC(439) Eden regions: 342->0(313)
[406.360s][info][gc,heap        ] GC(439) Survivor regions: 4->0(0)
[406.360s][info][gc,heap        ] GC(439) Old regions: 176->459
[406.360s][info][gc,heap        ] GC(439) Humongous regions: 912->589
[406.360s][info][gc,metaspace   ] GC(439) Metaspace: 100435K(101440K)->100435K(101440K) NonClass: 78541K(78976K)->78541K(78976K) Class: 21893K(22464K)->21893K(22464K)
[406.360s][info][gc             ] GC(439) Pause Young (Prepare Mixed) (G1 Humongous Allocation) (Evacuation Failure: Allocation) 2865M->2094M(2868M) 6.818ms
[406.360s][info][gc,cpu         ] GC(439) User=0.02s Sys=0.00s Real=0.01s
[406.570s][info][gc,start       ] GC(440) Pause Young (Mixed) (G1 Humongous Allocation)
[406.570s][info][gc,task        ] GC(440) Using 4 workers of 4 for evacuation
[406.575s][info][gc,phases      ] GC(440)   Pre Evacuate Collection Set: 0.27ms
[406.575s][info][gc,phases      ] GC(440)   Merge Heap Roots: 0.08ms
[406.575s][info][gc,phases      ] GC(440)   Evacuate Collection Set: 1.93ms
[406.575s][info][gc,phases      ] GC(440)   Post Evacuate Collection Set: 3.18ms
[406.575s][info][gc,phases      ] GC(440)   Other: 0.06ms
[406.575s][info][gc,heap        ] GC(440) Eden regions: 50->0(204)
[406.575s][info][gc,heap        ] GC(440) Survivor regions: 0->5(9)
[406.575s][info][gc,heap        ] GC(440) Old regions: 459->469
[406.575s][info][gc,heap        ] GC(440) Humongous regions: 916->683
[406.575s][info][gc,metaspace   ] GC(440) Metaspace: 100435K(101440K)->100435K(101440K) NonClass: 78541K(78976K)->78541K(78976K) Class: 21893K(22464K)->21893K(22464K)
[406.575s][info][gc             ] GC(440) Pause Young (Mixed) (G1 Humongous Allocation) (Evacuation Failure: Allocation) 2848M->2312M(2868M) 5.618ms
[406.575s][info][gc,cpu         ] GC(440) User=0.02s Sys=0.00s Real=0.00s
[406.576s][info][gc,start       ] GC(441) Pause Young (Concurrent Start) (G1 Humongous Allocation)
[406.576s][info][gc,task        ] GC(441) Using 4 workers of 4 for evacuation
[406.580s][info][gc,phases      ] GC(441)   Pre Evacuate Collection Set: 0.25ms
[406.580s][info][gc,phases      ] GC(441)   Merge Heap Roots: 0.06ms
[406.580s][info][gc,phases      ] GC(441)   Evacuate Collection Set: 3.04ms
[406.581s][info][gc,phases      ] GC(441)   Post Evacuate Collection Set: 0.60ms
[406.581s][info][gc,phases      ] GC(441)   Other: 0.05ms
[406.581s][info][gc,heap        ] GC(441) Eden regions: 2->0(432)
[406.581s][info][gc,heap        ] GC(441) Survivor regions: 5->6(27)
[406.581s][info][gc,heap        ] GC(441) Old regions: 469->204
[406.581s][info][gc,heap        ] GC(441) Humongous regions: 685->684
[406.581s][info][gc,metaspace   ] GC(441) Metaspace: 100435K(101440K)->100435K(101440K) NonClass: 78541K(78976K)->78541K(78976K) Class: 21893K(22464K)->21893K(22464K)
[406.581s][info][gc             ] GC(441) Pause Young (Concurrent Start) (G1 Humongous Allocation) 2319M->1787M(2868M) 4.070ms
[406.581s][info][gc             ] GC(442) Concurrent Mark Cycle
[406.581s][info][gc,marking     ] GC(442) Concurrent Scan Root Regions
[406.581s][info][gc,cpu         ] GC(441) User=0.01s Sys=0.00s Real=0.01s
[406.584s][info][gc,marking     ] GC(442) Concurrent Scan Root Regions 3.274ms
[406.584s][info][gc,marking     ] GC(442) Concurrent Mark
[406.584s][info][gc,marking     ] GC(442) Concurrent Mark From Roots
[406.584s][info][gc,task        ] GC(442) Using 1 workers of 1 for marking
[406.621s][info][gc,marking     ] GC(442) Concurrent Mark From Roots 36.720ms
[406.621s][info][gc,marking     ] GC(442) Concurrent Preclean
[406.621s][info][gc,marking     ] GC(442) Concurrent Preclean 0.126ms
[406.621s][info][gc,start       ] GC(442) Pause Remark
[406.624s][info][gc             ] GC(442) Pause Remark 1838M->1152M(2868M) 3.021ms
[406.624s][info][gc,cpu         ] GC(442) User=0.01s Sys=0.00s Real=0.00s
[406.624s][info][gc,marking     ] GC(442) Concurrent Mark 40.001ms
[406.624s][info][gc,marking     ] GC(442) Concurrent Rebuild Remembered Sets and Scrub Regions
[406.642s][info][gc,marking     ] GC(442) Concurrent Rebuild Remembered Sets and Scrub Regions 17.996ms
[406.642s][info][gc,start       ] GC(442) Pause Cleanup
[406.642s][info][gc             ] GC(442) Pause Cleanup 1196M->1196M(2868M) 0.077ms
[406.642s][info][gc,cpu         ] GC(442) User=0.00s Sys=0.00s Real=0.00s
[406.642s][info][gc,marking     ] GC(442) Concurrent Clear Claimed Marks
[406.642s][info][gc,marking     ] GC(442) Concurrent Clear Claimed Marks 0.124ms
[406.642s][info][gc,marking     ] GC(442) Concurrent Cleanup for Next Mark
[406.643s][info][gc,marking     ] GC(442) Concurrent Cleanup for Next Mark 1.276ms
[406.643s][info][gc             ] GC(442) Concurrent Mark Cycle 62.911ms
[407.640s][info][gc,start       ] GC(443) Pause Young (Prepare Mixed) (G1 Humongous Allocation)
[407.640s][info][gc,task        ] GC(443) Using 4 workers of 4 for evacuation
[407.646s][info][gc,phases      ] GC(443)   Pre Evacuate Collection Set: 0.19ms
[407.646s][info][gc,phases      ] GC(443)   Merge Heap Roots: 0.10ms
[407.646s][info][gc,phases      ] GC(443)   Evacuate Collection Set: 1.79ms
[407.646s][info][gc,phases      ] GC(443)   Post Evacuate Collection Set: 3.21ms
[407.646s][info][gc,phases      ] GC(443)   Other: 0.06ms
[407.646s][info][gc,heap        ] GC(443) Eden regions: 314->0(376)
[407.646s][info][gc,heap        ] GC(443) Survivor regions: 6->0(0)
[407.646s][info][gc,heap        ] GC(443) Old regions: 121->415
[407.646s][info][gc,heap        ] GC(443) Humongous regions: 993->570
[407.646s][info][gc,metaspace   ] GC(443) Metaspace: 100435K(101440K)->100435K(101440K) NonClass: 78541K(78976K)->78541K(78976K) Class: 21893K(22464K)->21893K(22464K)
[407.646s][info][gc             ] GC(443) Pause Young (Prepare Mixed) (G1 Humongous Allocation) (Evacuation Failure: Allocation) 2867M->1969M(2868M) 5.459ms
[407.646s][info][gc,cpu         ] GC(443) User=0.01s Sys=0.00s Real=0.00s
[408.496s][info][gc,start       ] GC(444) Pause Young (Mixed) (G1 Humongous Allocation)
[408.496s][info][gc,task        ] GC(444) Using 4 workers of 4 for evacuation
[408.500s][info][gc,phases      ] GC(444)   Pre Evacuate Collection Set: 0.20ms
[408.500s][info][gc,phases      ] GC(444)   Merge Heap Roots: 0.08ms
[408.500s][info][gc,phases      ] GC(444)   Evacuate Collection Set: 3.54ms
[408.500s][info][gc,phases      ] GC(444)   Post Evacuate Collection Set: 0.92ms
[408.500s][info][gc,phases      ] GC(444)   Other: 0.05ms
[408.500s][info][gc,heap        ] GC(444) Eden regions: 134->0(498)
[408.500s][info][gc,heap        ] GC(444) Survivor regions: 0->17(31)
[408.500s][info][gc,heap        ] GC(444) Old regions: 415->176
[408.500s][info][gc,heap        ] GC(444) Humongous regions: 854->635
[408.500s][info][gc,metaspace   ] GC(444) Metaspace: 100445K(101440K)->100445K(101440K) NonClass: 78552K(78976K)->78552K(78976K) Class: 21893K(22464K)->21893K(22464K)
[408.500s][info][gc             ] GC(444) Pause Young (Mixed) (G1 Humongous Allocation) (Evacuation Failure: Allocation) 2805M->1655M(2868M) 4.893ms
[408.501s][info][gc,cpu         ] GC(444) User=0.02s Sys=0.00s Real=0.01s
[408.502s][info][gc,start       ] GC(445) Pause Young (Concurrent Start) (G1 Humongous Allocation)
[408.502s][info][gc,task        ] GC(445) Using 4 workers of 4 for evacuation
[408.505s][info][gc,phases      ] GC(445)   Pre Evacuate Collection Set: 0.17ms
[408.505s][info][gc,phases      ] GC(445)   Merge Heap Roots: 0.04ms
[408.505s][info][gc,phases      ] GC(445)   Evacuate Collection Set: 1.65ms
[408.505s][info][gc,phases      ] GC(445)   Post Evacuate Collection Set: 0.41ms
[408.505s][info][gc,phases      ] GC(445)   Other: 0.04ms
[408.505s][info][gc,heap        ] GC(445) Eden regions: 3->0(476)
[408.505s][info][gc,heap        ] GC(445) Survivor regions: 17->18(65)
[408.505s][info][gc,heap        ] GC(445) Old regions: 176->135
[408.505s][info][gc,heap        ] GC(445) Humongous regions: 640->637
[408.505s][info][gc,metaspace   ] GC(445) Metaspace: 100450K(101440K)->100450K(101440K) NonClass: 78556K(78976K)->78556K(78976K) Class: 21893K(22464K)->21893K(22464K)
[408.505s][info][gc             ] GC(445) Pause Young (Concurrent Start) (G1 Humongous Allocation) 1671M->1578M(2868M) 2.378ms
[408.505s][info][gc             ] GC(446) Concurrent Mark Cycle
[408.505s][info][gc,marking     ] GC(446) Concurrent Scan Root Regions
[408.505s][info][gc,cpu         ] GC(445) User=0.01s Sys=0.00s Real=0.00s
[408.508s][info][gc,marking     ] GC(446) Concurrent Scan Root Regions 2.727ms
[408.508s][info][gc,marking     ] GC(446) Concurrent Mark
[408.508s][info][gc,marking     ] GC(446) Concurrent Mark From Roots
[408.508s][info][gc,task        ] GC(446) Using 1 workers of 1 for marking
[408.545s][info][gc,marking     ] GC(446) Concurrent Mark From Roots 37.228ms
[408.545s][info][gc,marking     ] GC(446) Concurrent Preclean
[408.545s][info][gc,marking     ] GC(446) Concurrent Preclean 0.133ms
[408.545s][info][gc,start       ] GC(446) Pause Remark
[408.549s][info][gc             ] GC(446) Pause Remark 1707M->1127M(2868M) 3.946ms
[408.549s][info][gc,cpu         ] GC(446) User=0.01s Sys=0.00s Real=0.00s
[408.549s][info][gc,marking     ] GC(446) Concurrent Mark 41.469ms
[408.549s][info][gc,marking     ] GC(446) Concurrent Rebuild Remembered Sets and Scrub Regions
[408.564s][info][gc,marking     ] GC(446) Concurrent Rebuild Remembered Sets and Scrub Regions 15.364ms
[408.565s][info][gc,start       ] GC(446) Pause Cleanup
[408.565s][info][gc             ] GC(446) Pause Cleanup 1130M->1130M(2868M) 0.081ms
[408.565s][info][gc,cpu         ] GC(446) User=0.00s Sys=0.00s Real=0.00s
[408.565s][info][gc,marking     ] GC(446) Concurrent Clear Claimed Marks
[408.565s][info][gc,marking     ] GC(446) Concurrent Clear Claimed Marks 0.135ms
[408.565s][info][gc,marking     ] GC(446) Concurrent Cleanup for Next Mark
[408.566s][info][gc,marking     ] GC(446) Concurrent Cleanup for Next Mark 1.481ms
[408.566s][info][gc             ] GC(446) Concurrent Mark Cycle 61.432ms
[409.512s][info][gc,start       ] GC(447) Pause Young (Prepare Mixed) (G1 Evacuation Pause)
[409.512s][info][gc,task        ] GC(447) Using 4 workers of 4 for evacuation
[409.516s][info][gc,phases      ] GC(447)   Pre Evacuate Collection Set: 0.24ms
[409.516s][info][gc,phases      ] GC(447)   Merge Heap Roots: 0.10ms
[409.516s][info][gc,phases      ] GC(447)   Evacuate Collection Set: 1.54ms
[409.516s][info][gc,phases      ] GC(447)   Post Evacuate Collection Set: 2.18ms
[409.516s][info][gc,phases      ] GC(447)   Other: 0.06ms
[409.516s][info][gc,heap        ] GC(447) Eden regions: 315->0(554)
[409.516s][info][gc,heap        ] GC(447) Survivor regions: 18->0(0)
[409.516s][info][gc,heap        ] GC(447) Old regions: 80->214
[409.516s][info][gc,heap        ] GC(447) Humongous regions: 1021->512
[409.516s][info][gc,metaspace   ] GC(447) Metaspace: 100481K(101440K)->100481K(101440K) NonClass: 78586K(78976K)->78586K(78976K) Class: 21894K(22464K)->21894K(22464K)
[409.516s][info][gc             ] GC(447) Pause Young (Prepare Mixed) (G1 Evacuation Pause) (Evacuation Failure: Allocation) 2866M->1451M(2868M) 4.212ms
[409.516s][info][gc,cpu         ] GC(447) User=0.01s Sys=0.01s Real=0.00s
[410.143s][info][gc,start       ] GC(448) Pause Young (Mixed) (G1 Humongous Allocation)
[410.143s][info][gc,task        ] GC(448) Using 4 workers of 4 for evacuation
[410.148s][info][gc,phases      ] GC(448)   Pre Evacuate Collection Set: 0.16ms
[410.148s][info][gc,phases      ] GC(448)   Merge Heap Roots: 0.06ms
[410.148s][info][gc,phases      ] GC(448)   Evacuate Collection Set: 1.67ms
[410.148s][info][gc,phases      ] GC(448)   Post Evacuate Collection Set: 3.36ms
[410.148s][info][gc,phases      ] GC(448)   Other: 0.05ms
[410.148s][info][gc,heap        ] GC(448) Eden regions: 255->0(368)
[410.148s][info][gc,heap        ] GC(448) Survivor regions: 0->1(3)
[410.148s][info][gc,heap        ] GC(448) Old regions: 214->426
[410.148s][info][gc,heap        ] GC(448) Humongous regions: 962->550
[410.148s][info][gc,metaspace   ] GC(448) Metaspace: 100481K(101440K)->100481K(101440K) NonClass: 78586K(78976K)->78586K(78976K) Class: 21894K(22464K)->21894K(22464K)
[410.148s][info][gc             ] GC(448) Pause Young (Mixed) (G1 Humongous Allocation) (Evacuation Failure: Allocation) 2860M->1952M(2868M) 5.390ms
[410.148s][info][gc,cpu         ] GC(448) User=0.02s Sys=0.00s Real=0.00s
[410.150s][info][gc,start       ] GC(449) Pause Young (Concurrent Start) (G1 Humongous Allocation)
[410.150s][info][gc,task        ] GC(449) Using 4 workers of 4 for evacuation
[410.155s][info][gc,phases      ] GC(449)   Pre Evacuate Collection Set: 0.21ms
[410.155s][info][gc,phases      ] GC(449)   Merge Heap Roots: 0.06ms
[410.155s][info][gc,phases      ] GC(449)   Evacuate Collection Set: 3.84ms
[410.155s][info][gc,phases      ] GC(449)   Post Evacuate Collection Set: 0.59ms
[410.155s][info][gc,phases      ] GC(449)   Other: 0.05ms
[410.155s][info][gc,heap        ] GC(449) Eden regions: 3->0(563)
[410.155s][info][gc,heap        ] GC(449) Survivor regions: 1->2(47)
[410.155s][info][gc,heap        ] GC(449) Old regions: 426->121
[410.155s][info][gc,heap        ] GC(449) Humongous regions: 556->553
[410.155s][info][gc,metaspace   ] GC(449) Metaspace: 100481K(101440K)->100481K(101440K) NonClass: 78586K(78976K)->78586K(78976K) Class: 21894K(22464K)->21894K(22464K)
[410.155s][info][gc             ] GC(449) Pause Young (Concurrent Start) (G1 Humongous Allocation) 1969M->1350M(2868M) 4.856ms
[410.155s][info][gc,cpu         ] GC(449) User=0.02s Sys=0.00s Real=0.00s
[410.155s][info][gc             ] GC(450) Concurrent Mark Cycle
[410.155s][info][gc,marking     ] GC(450) Concurrent Scan Root Regions
[410.159s][info][gc,marking     ] GC(450) Concurrent Scan Root Regions 4.213ms
[410.159s][info][gc,marking     ] GC(450) Concurrent Mark
[410.159s][info][gc,marking     ] GC(450) Concurrent Mark From Roots
[410.159s][info][gc,task        ] GC(450) Using 1 workers of 1 for marking
[410.197s][info][gc,marking     ] GC(450) Concurrent Mark From Roots 37.842ms
[410.197s][info][gc,marking     ] GC(450) Concurrent Preclean
[410.197s][info][gc,marking     ] GC(450) Concurrent Preclean 0.112ms
[410.197s][info][gc,start       ] GC(450) Pause Remark
[410.200s][info][gc             ] GC(450) Pause Remark 1565M->1311M(2868M) 2.610ms
[410.200s][info][gc,cpu         ] GC(450) User=0.01s Sys=0.00s Real=0.01s
[410.200s][info][gc,marking     ] GC(450) Concurrent Mark 40.691ms
[410.200s][info][gc,marking     ] GC(450) Concurrent Rebuild Remembered Sets and Scrub Regions
[410.218s][info][gc,marking     ] GC(450) Concurrent Rebuild Remembered Sets and Scrub Regions 18.061ms
[410.218s][info][gc,start       ] GC(450) Pause Cleanup
[410.218s][info][gc             ] GC(450) Pause Cleanup 1352M->1352M(2868M) 0.073ms
[410.218s][info][gc,cpu         ] GC(450) User=0.00s Sys=0.00s Real=0.00s
[410.218s][info][gc,marking     ] GC(450) Concurrent Clear Claimed Marks
[410.218s][info][gc,marking     ] GC(450) Concurrent Clear Claimed Marks 0.118ms
[410.218s][info][gc,marking     ] GC(450) Concurrent Cleanup for Next Mark
[410.219s][info][gc,marking     ] GC(450) Concurrent Cleanup for Next Mark 1.345ms
[410.219s][info][gc             ] GC(450) Concurrent Mark Cycle 64.668ms
[411.385s][info][gc,start       ] GC(451) Pause Young (Prepare Mixed) (G1 Humongous Allocation)
[411.386s][info][gc,task        ] GC(451) Using 4 workers of 4 for evacuation
[411.393s][info][gc,phases      ] GC(451)   Pre Evacuate Collection Set: 0.15ms
[411.393s][info][gc,phases      ] GC(451)   Merge Heap Roots: 0.09ms
[411.393s][info][gc,phases      ] GC(451)   Evacuate Collection Set: 2.95ms
[411.393s][info][gc,phases      ] GC(451)   Post Evacuate Collection Set: 4.02ms
[411.393s][info][gc,phases      ] GC(451)   Other: 0.06ms
[411.393s][info][gc,heap        ] GC(451) Eden regions: 348->0(354)
[411.393s][info][gc,heap        ] GC(451) Survivor regions: 2->5(5)
[411.393s][info][gc,heap        ] GC(451) Old regions: 119->411
[411.393s][info][gc,heap        ] GC(451) Humongous regions: 960->562
[411.393s][info][gc,metaspace   ] GC(451) Metaspace: 100483K(101440K)->100483K(101440K) NonClass: 78589K(78976K)->78589K(78976K) Class: 21894K(22464K)->21894K(22464K)
[411.393s][info][gc             ] GC(451) Pause Young (Prepare Mixed) (G1 Humongous Allocation) (Evacuation Failure: Allocation) 2856M->1955M(2868M) 7.382ms
[411.393s][info][gc,cpu         ] GC(451) User=0.03s Sys=0.00s Real=0.01s
[411.878s][info][gc,start       ] GC(452) Pause Young (Mixed) (G1 Humongous Allocation)
[411.878s][info][gc,task        ] GC(452) Using 4 workers of 4 for evacuation
[411.884s][info][gc,phases      ] GC(452)   Pre Evacuate Collection Set: 0.23ms
[411.884s][info][gc,phases      ] GC(452)   Merge Heap Roots: 0.08ms
[411.884s][info][gc,phases      ] GC(452)   Evacuate Collection Set: 1.92ms
[411.884s][info][gc,phases      ] GC(452)   Post Evacuate Collection Set: 3.12ms
[411.884s][info][gc,phases      ] GC(452)   Other: 0.06ms
[411.884s][info][gc,heap        ] GC(452) Eden regions: 88->0(314)
[411.884s][info][gc,heap        ] GC(452) Survivor regions: 5->7(10)
[411.884s][info][gc,heap        ] GC(452) Old regions: 411->389
[411.884s][info][gc,heap        ] GC(452) Humongous regions: 920->642
[411.884s][info][gc,metaspace   ] GC(452) Metaspace: 100483K(101440K)->100483K(101440K) NonClass: 78589K(78976K)->78589K(78976K) Class: 21894K(22464K)->21894K(22464K)
[411.884s][info][gc             ] GC(452) Pause Young (Mixed) (G1 Humongous Allocation) (Evacuation Failure: Allocation) 2846M->2075M(2868M) 5.505ms
[411.884s][info][gc,cpu         ] GC(452) User=0.02s Sys=0.01s Real=0.01s
[411.884s][info][gc,start       ] GC(453) Pause Young (Concurrent Start) (G1 Humongous Allocation)
[411.885s][info][gc,task        ] GC(453) Using 4 workers of 4 for evacuation
[411.888s][info][gc,phases      ] GC(453)   Pre Evacuate Collection Set: 0.24ms
[411.888s][info][gc,phases      ] GC(453)   Merge Heap Roots: 0.08ms
[411.888s][info][gc,phases      ] GC(453)   Evacuate Collection Set: 3.01ms
[411.888s][info][gc,phases      ] GC(453)   Post Evacuate Collection Set: 0.55ms
[411.888s][info][gc,phases      ] GC(453)   Other: 0.06ms
[411.888s][info][gc,heap        ] GC(453) Eden regions: 2->0(450)
[411.888s][info][gc,heap        ] GC(453) Survivor regions: 7->8(41)
[411.888s][info][gc,heap        ] GC(453) Old regions: 389->144
[411.888s][info][gc,heap        ] GC(453) Humongous regions: 645->645
[411.888s][info][gc,metaspace   ] GC(453) Metaspace: 100483K(101440K)->100483K(101440K) NonClass: 78589K(78976K)->78589K(78976K) Class: 21894K(22464K)->21894K(22464K)
[411.889s][info][gc             ] GC(453) Pause Young (Concurrent Start) (G1 Humongous Allocation) 2084M->1592M(2868M) 4.021ms
[411.889s][info][gc,cpu         ] GC(453) User=0.01s Sys=0.00s Real=0.00s
[411.889s][info][gc             ] GC(454) Concurrent Mark Cycle
[411.889s][info][gc,marking     ] GC(454) Concurrent Scan Root Regions
[411.892s][info][gc,marking     ] GC(454) Concurrent Scan Root Regions 3.070ms
[411.892s][info][gc,marking     ] GC(454) Concurrent Mark
[411.892s][info][gc,marking     ] GC(454) Concurrent Mark From Roots
[411.892s][info][gc,task        ] GC(454) Using 1 workers of 1 for marking
[411.929s][info][gc,marking     ] GC(454) Concurrent Mark From Roots 37.121ms
[411.929s][info][gc,marking     ] GC(454) Concurrent Preclean
[411.929s][info][gc,marking     ] GC(454) Concurrent Preclean 0.109ms
[411.929s][info][gc,start       ] GC(454) Pause Remark
[411.932s][info][gc             ] GC(454) Pause Remark 1616M->1198M(2868M) 2.909ms
[411.932s][info][gc,cpu         ] GC(454) User=0.01s Sys=0.00s Real=0.01s
[411.932s][info][gc,marking     ] GC(454) Concurrent Mark 40.280ms
[411.932s][info][gc,marking     ] GC(454) Concurrent Rebuild Remembered Sets and Scrub Regions
[411.950s][info][gc,marking     ] GC(454) Concurrent Rebuild Remembered Sets and Scrub Regions 18.553ms
[411.951s][info][gc,start       ] GC(454) Pause Cleanup
[411.951s][info][gc             ] GC(454) Pause Cleanup 1241M->1241M(2868M) 0.061ms
[411.951s][info][gc,cpu         ] GC(454) User=0.00s Sys=0.00s Real=0.00s
[411.951s][info][gc,marking     ] GC(454) Concurrent Clear Claimed Marks
[411.951s][info][gc,marking     ] GC(454) Concurrent Clear Claimed Marks 0.112ms
[411.951s][info][gc,marking     ] GC(454) Concurrent Cleanup for Next Mark
[411.952s][info][gc,marking     ] GC(454) Concurrent Cleanup for Next Mark 1.224ms
[411.952s][info][gc             ] GC(454) Concurrent Mark Cycle 63.452ms
[412.648s][info][gc,start       ] GC(455) Pause Young (Prepare Mixed) (G1 Humongous Allocation)
[412.649s][info][gc,task        ] GC(455) Using 4 workers of 4 for evacuation
[412.654s][info][gc,phases      ] GC(455)   Pre Evacuate Collection Set: 0.19ms
[412.654s][info][gc,phases      ] GC(455)   Merge Heap Roots: 0.09ms
[412.654s][info][gc,phases      ] GC(455)   Evacuate Collection Set: 2.00ms
[412.654s][info][gc,phases      ] GC(455)   Post Evacuate Collection Set: 3.11ms
[412.654s][info][gc,phases      ] GC(455)   Other: 0.05ms
[412.654s][info][gc,heap        ] GC(455) Eden regions: 280->0(348)
[412.654s][info][gc,heap        ] GC(455) Survivor regions: 8->0(0)
[412.654s][info][gc,heap        ] GC(455) Old regions: 135->390
[412.654s][info][gc,heap        ] GC(455) Humongous regions: 1011->600
[412.654s][info][gc,metaspace   ] GC(455) Metaspace: 100483K(101440K)->100483K(101440K) NonClass: 78589K(78976K)->78589K(78976K) Class: 21894K(22464K)->21894K(22464K)
[412.654s][info][gc             ] GC(455) Pause Young (Prepare Mixed) (G1 Humongous Allocation) (Evacuation Failure: Allocation) 2865M->1978M(2868M) 5.538ms
[412.654s][info][gc,cpu         ] GC(455) User=0.02s Sys=0.00s Real=0.01s
[413.559s][info][gc,start       ] GC(456) Pause Young (Mixed) (G1 Humongous Allocation)
[413.559s][info][gc,task        ] GC(456) Using 4 workers of 4 for evacuation
[413.564s][info][gc,phases      ] GC(456)   Pre Evacuate Collection Set: 0.31ms
[413.564s][info][gc,phases      ] GC(456)   Merge Heap Roots: 0.09ms
[413.564s][info][gc,phases      ] GC(456)   Evacuate Collection Set: 2.44ms
[413.564s][info][gc,phases      ] GC(456)   Post Evacuate Collection Set: 2.85ms
[413.564s][info][gc,phases      ] GC(456)   Other: 0.06ms
[413.564s][info][gc,heap        ] GC(456) Eden regions: 149->0(296)
[413.564s][info][gc,heap        ] GC(456) Survivor regions: 0->8(14)
[413.564s][info][gc,heap        ] GC(456) Old regions: 390->374
[413.564s][info][gc,heap        ] GC(456) Humongous regions: 881->678
[413.564s][info][gc,metaspace   ] GC(456) Metaspace: 100483K(101440K)->100483K(101440K) NonClass: 78589K(78976K)->78589K(78976K) Class: 21894K(22464K)->21894K(22464K)
[413.564s][info][gc             ] GC(456) Pause Young (Mixed) (G1 Humongous Allocation) (Evacuation Failure: Allocation) 2837M->2118M(2868M) 5.862ms
[413.565s][info][gc,cpu         ] GC(456) User=0.02s Sys=0.01s Real=0.01s
[413.565s][info][gc,start       ] GC(457) Pause Young (Concurrent Start) (G1 Humongous Allocation)
[413.566s][info][gc,task        ] GC(457) Using 4 workers of 4 for evacuation
[413.570s][info][gc,phases      ] GC(457)   Pre Evacuate Collection Set: 0.19ms
[413.570s][info][gc,phases      ] GC(457)   Merge Heap Roots: 0.07ms
[413.570s][info][gc,phases      ] GC(457)   Evacuate Collection Set: 3.25ms
[413.570s][info][gc,phases      ] GC(457)   Post Evacuate Collection Set: 0.56ms
[413.570s][info][gc,phases      ] GC(457)   Other: 0.05ms
[413.570s][info][gc,heap        ] GC(457) Eden regions: 2->0(466)
[413.570s][info][gc,heap        ] GC(457) Survivor regions: 8->9(38)
[413.570s][info][gc,heap        ] GC(457) Old regions: 374->169
[413.570s][info][gc,heap        ] GC(457) Humongous regions: 680->679
[413.570s][info][gc,metaspace   ] GC(457) Metaspace: 100483K(101440K)->100483K(101440K) NonClass: 78589K(78976K)->78589K(78976K) Class: 21894K(22464K)->21894K(22464K)
[413.570s][info][gc             ] GC(457) Pause Young (Concurrent Start) (G1 Humongous Allocation) 2125M->1712M(2868M) 4.184ms
[413.570s][info][gc             ] GC(458) Concurrent Mark Cycle
[413.570s][info][gc,marking     ] GC(458) Concurrent Scan Root Regions
[413.570s][info][gc,cpu         ] GC(457) User=0.02s Sys=0.00s Real=0.01s
[413.573s][info][gc,marking     ] GC(458) Concurrent Scan Root Regions 3.616ms
[413.573s][info][gc,marking     ] GC(458) Concurrent Mark
[413.573s][info][gc,marking     ] GC(458) Concurrent Mark From Roots
[413.573s][info][gc,task        ] GC(458) Using 1 workers of 1 for marking
[413.612s][info][gc,marking     ] GC(458) Concurrent Mark From Roots 38.309ms
[413.612s][info][gc,marking     ] GC(458) Concurrent Preclean
[413.612s][info][gc,marking     ] GC(458) Concurrent Preclean 0.117ms
[413.612s][info][gc,start       ] GC(458) Pause Remark
[413.616s][info][gc             ] GC(458) Pause Remark 1811M->1253M(2868M) 4.034ms
[413.616s][info][gc,cpu         ] GC(458) User=0.01s Sys=0.00s Real=0.00s
[413.616s][info][gc,marking     ] GC(458) Concurrent Mark 42.652ms
[413.616s][info][gc,marking     ] GC(458) Concurrent Rebuild Remembered Sets and Scrub Regions
[413.635s][info][gc,marking     ] GC(458) Concurrent Rebuild Remembered Sets and Scrub Regions 18.526ms
[413.635s][info][gc,start       ] GC(458) Pause Cleanup
[413.635s][info][gc             ] GC(458) Pause Cleanup 1287M->1287M(2868M) 0.069ms
[413.635s][info][gc,cpu         ] GC(458) User=0.00s Sys=0.00s Real=0.00s
[413.635s][info][gc,marking     ] GC(458) Concurrent Clear Claimed Marks
[413.635s][info][gc,marking     ] GC(458) Concurrent Clear Claimed Marks 0.113ms
[413.635s][info][gc,marking     ] GC(458) Concurrent Cleanup for Next Mark
[413.636s][info][gc,marking     ] GC(458) Concurrent Cleanup for Next Mark 1.343ms
[413.636s][info][gc             ] GC(458) Concurrent Mark Cycle 66.484ms
[414.418s][info][gc,start       ] GC(459) Pause Young (Prepare Mixed) (G1 Humongous Allocation)
[414.418s][info][gc,task        ] GC(459) Using 4 workers of 4 for evacuation
[414.425s][info][gc,phases      ] GC(459)   Pre Evacuate Collection Set: 0.25ms
[414.425s][info][gc,phases      ] GC(459)   Merge Heap Roots: 0.09ms
[414.425s][info][gc,phases      ] GC(459)   Evacuate Collection Set: 2.36ms
[414.425s][info][gc,phases      ] GC(459)   Post Evacuate Collection Set: 3.84ms
[414.425s][info][gc,phases      ] GC(459)   Other: 0.08ms
[414.425s][info][gc,heap        ] GC(459) Eden regions: 295->0(348)
[414.425s][info][gc,heap        ] GC(459) Survivor regions: 9->0(0)
[414.425s][info][gc,heap        ] GC(459) Old regions: 130->421
[414.425s][info][gc,heap        ] GC(459) Humongous regions: 1000->592
[414.425s][info][gc,metaspace   ] GC(459) Metaspace: 100504K(101440K)->100504K(101440K) NonClass: 78610K(78976K)->78610K(78976K) Class: 21894K(22464K)->21894K(22464K)
[414.425s][info][gc             ] GC(459) Pause Young (Prepare Mixed) (G1 Humongous Allocation) (Evacuation Failure: Allocation) 2866M->2024M(2868M) 6.743ms
[414.425s][info][gc,cpu         ] GC(459) User=0.02s Sys=0.01s Real=0.01s
[415.038s][info][gc,start       ] GC(460) Pause Young (Mixed) (G1 Humongous Allocation)
[415.038s][info][gc,task        ] GC(460) Using 4 workers of 4 for evacuation
[415.047s][info][gc,phases      ] GC(460)   Pre Evacuate Collection Set: 0.30ms
[415.047s][info][gc,phases      ] GC(460)   Merge Heap Roots: 0.11ms
[415.047s][info][gc,phases      ] GC(460)   Evacuate Collection Set: 3.45ms
[415.047s][info][gc,phases      ] GC(460)   Post Evacuate Collection Set: 5.76ms
[415.047s][info][gc,phases      ] GC(460)   Other: 0.07ms
[415.047s][info][gc,heap        ] GC(460) Eden regions: 237->0(149)
[415.047s][info][gc,heap        ] GC(460) Survivor regions: 0->0(0)
[415.047s][info][gc,heap        ] GC(460) Old regions: 421->575
[415.047s][info][gc,heap        ] GC(460) Humongous regions: 776->637
[415.047s][info][gc,metaspace   ] GC(460) Metaspace: 100504K(101440K)->100504K(101440K) NonClass: 78610K(78976K)->78610K(78976K) Class: 21894K(22464K)->21894K(22464K)
[415.047s][info][gc             ] GC(460) Pause Young (Mixed) (G1 Humongous Allocation) (Evacuation Failure: Allocation) 2866M->2422M(2868M) 9.794ms
[415.047s][info][gc,cpu         ] GC(460) User=0.03s Sys=0.00s Real=0.01s
[415.048s][info][gc,start       ] GC(461) Pause Young (Concurrent Start) (G1 Humongous Allocation)
[415.049s][info][gc,task        ] GC(461) Using 4 workers of 4 for evacuation
[415.057s][info][gc,phases      ] GC(461)   Pre Evacuate Collection Set: 0.29ms
[415.057s][info][gc,phases      ] GC(461)   Merge Heap Roots: 0.12ms
[415.057s][info][gc,phases      ] GC(461)   Evacuate Collection Set: 7.73ms
[415.057s][info][gc,phases      ] GC(461)   Post Evacuate Collection Set: 0.46ms
[415.057s][info][gc,phases      ] GC(461)   Other: 0.06ms
[415.057s][info][gc,heap        ] GC(461) Eden regions: 2->0(303)
[415.057s][info][gc,heap        ] GC(461) Survivor regions: 0->1(19)
[415.057s][info][gc,heap        ] GC(461) Old regions: 575->419
[415.057s][info][gc,heap        ] GC(461) Humongous regions: 638->638
[415.057s][info][gc,metaspace   ] GC(461) Metaspace: 100504K(101440K)->100504K(101440K) NonClass: 78610K(78976K)->78610K(78976K) Class: 21894K(22464K)->21894K(22464K)
[415.057s][info][gc             ] GC(461) Pause Young (Concurrent Start) (G1 Humongous Allocation) 2427M->2112M(2868M) 8.741ms
[415.057s][info][gc             ] GC(462) Concurrent Mark Cycle
[415.057s][info][gc,cpu         ] GC(461) User=0.04s Sys=0.00s Real=0.01s
[415.057s][info][gc,marking     ] GC(462) Concurrent Scan Root Regions
[415.071s][info][gc,marking     ] GC(462) Concurrent Scan Root Regions 13.649ms
[415.071s][info][gc,marking     ] GC(462) Concurrent Mark
[415.071s][info][gc,marking     ] GC(462) Concurrent Mark From Roots
[415.071s][info][gc,task        ] GC(462) Using 1 workers of 1 for marking
[415.112s][info][gc,marking     ] GC(462) Concurrent Mark From Roots 41.374ms
[415.112s][info][gc,marking     ] GC(462) Concurrent Preclean
[415.112s][info][gc,marking     ] GC(462) Concurrent Preclean 0.140ms
[415.113s][info][gc,start       ] GC(462) Pause Remark
[415.117s][info][gc             ] GC(462) Pause Remark 2767M->2247M(2868M) 3.413ms
[415.117s][info][gc,cpu         ] GC(462) User=0.01s Sys=0.00s Real=0.00s
[415.117s][info][gc,marking     ] GC(462) Concurrent Mark 46.023ms
[415.117s][info][gc,marking     ] GC(462) Concurrent Rebuild Remembered Sets and Scrub Regions
[415.143s][info][gc,marking     ] GC(462) Concurrent Rebuild Remembered Sets and Scrub Regions 26.311ms
[415.143s][info][gc,start       ] GC(462) Pause Cleanup
[415.143s][info][gc             ] GC(462) Pause Cleanup 2326M->2326M(2868M) 0.147ms
[415.143s][info][gc,cpu         ] GC(462) User=0.00s Sys=0.00s Real=0.00s
[415.144s][info][gc,marking     ] GC(462) Concurrent Clear Claimed Marks
[415.144s][info][gc,marking     ] GC(462) Concurrent Clear Claimed Marks 0.114ms
[415.144s][info][gc,marking     ] GC(462) Concurrent Cleanup for Next Mark
[415.145s][info][gc,marking     ] GC(462) Concurrent Cleanup for Next Mark 1.334ms
[415.145s][info][gc             ] GC(462) Concurrent Mark Cycle 87.734ms
[415.665s][info][gc,start       ] GC(463) Pause Young (Prepare Mixed) (G1 Humongous Allocation)
[415.665s][info][gc,task        ] GC(463) Using 4 workers of 4 for evacuation
[415.673s][info][gc,phases      ] GC(463)   Pre Evacuate Collection Set: 0.24ms
[415.673s][info][gc,phases      ] GC(463)   Merge Heap Roots: 0.10ms
[415.673s][info][gc,phases      ] GC(463)   Evacuate Collection Set: 4.33ms
[415.673s][info][gc,phases      ] GC(463)   Post Evacuate Collection Set: 3.44ms
[415.673s][info][gc,phases      ] GC(463)   Other: 0.06ms
[415.673s][info][gc,heap        ] GC(463) Eden regions: 113->0(288)
[415.673s][info][gc,heap        ] GC(463) Survivor regions: 1->18(31)
[415.673s][info][gc,heap        ] GC(463) Old regions: 379->492
[415.673s][info][gc,heap        ] GC(463) Humongous regions: 910->560
[415.673s][info][gc,metaspace   ] GC(463) Metaspace: 100504K(101440K)->100504K(101440K) NonClass: 78610K(78976K)->78610K(78976K) Class: 21894K(22464K)->21894K(22464K)
[415.673s][info][gc             ] GC(463) Pause Young (Prepare Mixed) (G1 Humongous Allocation) (Evacuation Failure: Allocation) 2801M->2138M(2868M) 8.264ms
[415.673s][info][gc,cpu         ] GC(463) User=0.03s Sys=0.01s Real=0.01s
[416.266s][info][gc,start       ] GC(464) Pause Young (Mixed) (G1 Evacuation Pause)
[416.266s][info][gc,task        ] GC(464) Using 4 workers of 4 for evacuation
[416.276s][info][gc,phases      ] GC(464)   Pre Evacuate Collection Set: 0.26ms
[416.276s][info][gc,phases      ] GC(464)   Merge Heap Roots: 0.09ms
[416.276s][info][gc,phases      ] GC(464)   Evacuate Collection Set: 3.18ms
[416.276s][info][gc,phases      ] GC(464)   Post Evacuate Collection Set: 6.32ms
[416.276s][info][gc,phases      ] GC(464)   Other: 0.06ms
[416.276s][info][gc,heap        ] GC(464) Eden regions: 194->0(112)
[416.276s][info][gc,heap        ] GC(464) Survivor regions: 18->0(0)
[416.276s][info][gc,heap        ] GC(464) Old regions: 492->672
[416.276s][info][gc,heap        ] GC(464) Humongous regions: 730->577
[416.276s][info][gc,metaspace   ] GC(464) Metaspace: 100504K(101440K)->100504K(101440K) NonClass: 78610K(78976K)->78610K(78976K) Class: 21894K(22464K)->21894K(22464K)
[416.276s][info][gc             ] GC(464) Pause Young (Mixed) (G1 Evacuation Pause) (Evacuation Failure: Allocation) 2866M->2496M(2868M) 10.002ms
[416.276s][info][gc,cpu         ] GC(464) User=0.03s Sys=0.00s Real=0.01s
[416.277s][info][gc,start       ] GC(465) Pause Young (Concurrent Start) (G1 Humongous Allocation)
[416.277s][info][gc,task        ] GC(465) Using 4 workers of 4 for evacuation
[416.287s][info][gc,phases      ] GC(465)   Pre Evacuate Collection Set: 0.23ms
[416.287s][info][gc,phases      ] GC(465)   Merge Heap Roots: 0.10ms
[416.287s][info][gc,phases      ] GC(465)   Evacuate Collection Set: 8.88ms
[416.287s][info][gc,phases      ] GC(465)   Post Evacuate Collection Set: 0.64ms
[416.287s][info][gc,phases      ] GC(465)   Other: 0.06ms
[416.287s][info][gc,heap        ] GC(465) Eden regions: 5->0(258)
[416.287s][info][gc,heap        ] GC(465) Survivor regions: 0->3(14)
[416.287s][info][gc,heap        ] GC(465) Old regions: 672->427
[416.287s][info][gc,heap        ] GC(465) Humongous regions: 577->577
[416.287s][info][gc,metaspace   ] GC(465) Metaspace: 100504K(101440K)->100504K(101440K) NonClass: 78610K(78976K)->78610K(78976K) Class: 21894K(22464K)->21894K(22464K)
[416.287s][info][gc             ] GC(465) Pause Young (Concurrent Start) (G1 Humongous Allocation) 2506M->2013M(2868M) 10.015ms
[416.288s][info][gc             ] GC(466) Concurrent Mark Cycle
[416.288s][info][gc,marking     ] GC(466) Concurrent Scan Root Regions
[416.288s][info][gc,cpu         ] GC(465) User=0.04s Sys=0.00s Real=0.01s
[416.298s][info][gc,marking     ] GC(466) Concurrent Scan Root Regions 10.470ms
[416.298s][info][gc,marking     ] GC(466) Concurrent Mark
[416.298s][info][gc,marking     ] GC(466) Concurrent Mark From Roots
[416.298s][info][gc,task        ] GC(466) Using 1 workers of 1 for marking
[416.341s][info][gc,marking     ] GC(466) Concurrent Mark From Roots 42.984ms
[416.341s][info][gc,marking     ] GC(466) Concurrent Preclean
[416.341s][info][gc,marking     ] GC(466) Concurrent Preclean 0.115ms
[416.341s][info][gc,start       ] GC(466) Pause Remark
[416.345s][info][gc             ] GC(466) Pause Remark 2129M->1787M(2868M) 3.586ms
[416.345s][info][gc,cpu         ] GC(466) User=0.01s Sys=0.00s Real=0.00s
[416.345s][info][gc,marking     ] GC(466) Concurrent Mark 46.888ms
[416.345s][info][gc,marking     ] GC(466) Concurrent Rebuild Remembered Sets and Scrub Regions
[416.381s][info][gc,marking     ] GC(466) Concurrent Rebuild Remembered Sets and Scrub Regions 36.224ms
[416.381s][info][gc,start       ] GC(466) Pause Cleanup
[416.382s][info][gc             ] GC(466) Pause Cleanup 2259M->2259M(2868M) 0.137ms
[416.382s][info][gc,cpu         ] GC(466) User=0.00s Sys=0.00s Real=0.00s
[416.382s][info][gc,marking     ] GC(466) Concurrent Clear Claimed Marks
[416.382s][info][gc,marking     ] GC(466) Concurrent Clear Claimed Marks 0.242ms
[416.382s][info][gc,marking     ] GC(466) Concurrent Cleanup for Next Mark
[416.384s][info][gc,marking     ] GC(466) Concurrent Cleanup for Next Mark 1.660ms
[416.384s][info][gc             ] GC(466) Concurrent Mark Cycle 96.110ms
[416.781s][info][gc,start       ] GC(467) Pause Young (Prepare Mixed) (G1 Humongous Allocation)
[416.781s][info][gc,task        ] GC(467) Using 4 workers of 4 for evacuation
[416.789s][info][gc,phases      ] GC(467)   Pre Evacuate Collection Set: 0.19ms
[416.789s][info][gc,phases      ] GC(467)   Merge Heap Roots: 0.13ms
[416.789s][info][gc,phases      ] GC(467)   Evacuate Collection Set: 3.32ms
[416.789s][info][gc,phases      ] GC(467)   Post Evacuate Collection Set: 4.29ms
[416.789s][info][gc,phases      ] GC(467)   Other: 0.05ms
[416.789s][info][gc,heap        ] GC(467) Eden regions: 128->0(236)
[416.789s][info][gc,heap        ] GC(467) Survivor regions: 3->0(1)
[416.789s][info][gc,heap        ] GC(467) Old regions: 421->549
[416.789s][info][gc,heap        ] GC(467) Humongous regions: 881->528
[416.789s][info][gc,metaspace   ] GC(467) Metaspace: 100504K(101440K)->100504K(101440K) NonClass: 78610K(78976K)->78610K(78976K) Class: 21894K(22464K)->21894K(22464K)
[416.789s][info][gc             ] GC(467) Pause Young (Prepare Mixed) (G1 Humongous Allocation) (Evacuation Failure: Allocation) 2863M->2153M(2868M) 8.069ms
[416.789s][info][gc,cpu         ] GC(467) User=0.02s Sys=0.01s Real=0.00s
[417.375s][info][gc,start       ] GC(468) Pause Young (Mixed) (G1 Humongous Allocation)
[417.375s][info][gc,task        ] GC(468) Using 4 workers of 4 for evacuation
[417.387s][info][gc,phases      ] GC(468)   Pre Evacuate Collection Set: 0.19ms
[417.390s][info][gc,phases      ] GC(468)   Merge Heap Roots: 0.08ms
[417.390s][info][gc,phases      ] GC(468)   Evacuate Collection Set: 5.49ms
[417.390s][info][gc,phases      ] GC(468)   Post Evacuate Collection Set: 6.35ms
[417.390s][info][gc,phases      ] GC(468)   Other: 0.09ms
[417.390s][info][gc,heap        ] GC(468) Eden regions: 141->0(71)
[417.390s][info][gc,heap        ] GC(468) Survivor regions: 0->16(24)
[417.390s][info][gc,heap        ] GC(468) Old regions: 549->696
[417.390s][info][gc,heap        ] GC(468) Humongous regions: 720->580
[417.390s][info][gc,metaspace   ] GC(468) Metaspace: 100504K(101440K)->100504K(101440K) NonClass: 78610K(78976K)->78610K(78976K) Class: 21894K(22464K)->21894K(22464K)
[417.391s][info][gc             ] GC(468) Pause Young (Mixed) (G1 Humongous Allocation) (Evacuation Failure: Allocation) 2818M->2582M(2868M) 15.759ms
[417.391s][info][gc,cpu         ] GC(468) User=0.04s Sys=0.01s Real=0.02s
[417.393s][info][gc,start       ] GC(469) Pause Young (Concurrent Start) (G1 Humongous Allocation)
[417.393s][info][gc,task        ] GC(469) Using 4 workers of 4 for evacuation
[417.404s][info][gc,phases      ] GC(469)   Pre Evacuate Collection Set: 0.30ms
[417.404s][info][gc,phases      ] GC(469)   Merge Heap Roots: 0.18ms
[417.404s][info][gc,phases      ] GC(469)   Evacuate Collection Set: 9.56ms
[417.404s][info][gc,phases      ] GC(469)   Post Evacuate Collection Set: 0.67ms
[417.404s][info][gc,phases      ] GC(469)   Other: 0.06ms
[417.404s][info][gc,heap        ] GC(469) Eden regions: 12->0(181)
[417.404s][info][gc,heap        ] GC(469) Survivor regions: 16->6(11)
[417.404s][info][gc,heap        ] GC(469) Old regions: 696->526
[417.404s][info][gc,heap        ] GC(469) Humongous regions: 585->582
[417.404s][info][gc,metaspace   ] GC(469) Metaspace: 100504K(101440K)->100504K(101440K) NonClass: 78610K(78976K)->78610K(78976K) Class: 21894K(22464K)->21894K(22464K)
[417.404s][info][gc             ] GC(469) Pause Young (Concurrent Start) (G1 Humongous Allocation) 2614M->2226M(2868M) 10.858ms
[417.404s][info][gc,cpu         ] GC(469) User=0.04s Sys=0.00s Real=0.01s
[417.404s][info][gc             ] GC(470) Concurrent Mark Cycle
[417.404s][info][gc,marking     ] GC(470) Concurrent Scan Root Regions
[417.417s][info][gc,marking     ] GC(470) Concurrent Scan Root Regions 12.725ms
[417.417s][info][gc,marking     ] GC(470) Concurrent Mark
[417.417s][info][gc,marking     ] GC(470) Concurrent Mark From Roots
[417.417s][info][gc,task        ] GC(470) Using 1 workers of 1 for marking
[417.475s][info][gc,marking     ] GC(470) Concurrent Mark From Roots 58.782ms
[417.476s][info][gc,marking     ] GC(470) Concurrent Preclean
[417.476s][info][gc,marking     ] GC(470) Concurrent Preclean 0.115ms
[417.476s][info][gc,start       ] GC(470) Pause Remark
[417.478s][info][gc             ] GC(470) Pause Remark 2344M->1992M(2868M) 2.381ms
[417.478s][info][gc,cpu         ] GC(470) User=0.01s Sys=0.00s Real=0.00s
[417.478s][info][gc,marking     ] GC(470) Concurrent Mark 61.449ms
[417.478s][info][gc,marking     ] GC(470) Concurrent Rebuild Remembered Sets and Scrub Regions
[417.512s][info][gc,marking     ] GC(470) Concurrent Rebuild Remembered Sets and Scrub Regions 34.266ms
[417.514s][info][gc,start       ] GC(470) Pause Cleanup
[417.514s][info][gc             ] GC(470) Pause Cleanup 2044M->2044M(2868M) 0.125ms
[417.514s][info][gc,cpu         ] GC(470) User=0.00s Sys=0.00s Real=0.00s
[417.514s][info][gc,marking     ] GC(470) Concurrent Clear Claimed Marks
[417.514s][info][gc,marking     ] GC(470) Concurrent Clear Claimed Marks 0.136ms
[417.514s][info][gc,marking     ] GC(470) Concurrent Cleanup for Next Mark
[417.515s][info][gc,marking     ] GC(470) Concurrent Cleanup for Next Mark 1.398ms
[417.515s][info][gc             ] GC(470) Concurrent Mark Cycle 111.289ms
[417.656s][info][gc,start       ] GC(471) Pause Young (Prepare Mixed) (G1 Humongous Allocation)
[417.657s][info][gc,task        ] GC(471) Using 4 workers of 4 for evacuation
[417.665s][info][gc,phases      ] GC(471)   Pre Evacuate Collection Set: 0.19ms
[417.665s][info][gc,phases      ] GC(471)   Merge Heap Roots: 0.09ms
[417.665s][info][gc,phases      ] GC(471)   Evacuate Collection Set: 3.92ms
[417.665s][info][gc,phases      ] GC(471)   Post Evacuate Collection Set: 4.45ms
[417.665s][info][gc,phases      ] GC(471)   Other: 0.05ms
[417.665s][info][gc,heap        ] GC(471) Eden regions: 139->0(206)
[417.665s][info][gc,heap        ] GC(471) Survivor regions: 6->3(6)
[417.665s][info][gc,heap        ] GC(471) Old regions: 525->669
[417.665s][info][gc,heap        ] GC(471) Humongous regions: 758->427
[417.665s][info][gc,metaspace   ] GC(471) Metaspace: 100507K(101440K)->100507K(101440K) NonClass: 78612K(78976K)->78612K(78976K) Class: 21894K(22464K)->21894K(22464K)
[417.665s][info][gc             ] GC(471) Pause Young (Prepare Mixed) (G1 Humongous Allocation) (Evacuation Failure: Allocation) 2854M->2197M(2868M) 8.798ms
[417.665s][info][gc,cpu         ] GC(471) User=0.03s Sys=0.00s Real=0.01s
[418.273s][info][gc,start       ] GC(472) Pause Young (Mixed) (G1 Humongous Allocation)
[418.273s][info][gc,task        ] GC(472) Using 4 workers of 4 for evacuation
[418.281s][info][gc,phases      ] GC(472)   Pre Evacuate Collection Set: 0.20ms
[418.281s][info][gc,phases      ] GC(472)   Merge Heap Roots: 0.10ms
[418.281s][info][gc,phases      ] GC(472)   Evacuate Collection Set: 3.52ms
[418.281s][info][gc,phases      ] GC(472)   Post Evacuate Collection Set: 4.33ms
[418.281s][info][gc,phases      ] GC(472)   Other: 0.05ms
[418.281s][info][gc,heap        ] GC(472) Eden regions: 104->0(93)
[418.281s][info][gc,heap        ] GC(472) Survivor regions: 3->2(9)
[418.281s][info][gc,heap        ] GC(472) Old regions: 669->781
[418.281s][info][gc,heap        ] GC(472) Humongous regions: 649->485
[418.281s][info][gc,metaspace   ] GC(472) Metaspace: 100507K(101440K)->100507K(101440K) NonClass: 78612K(78976K)->78612K(78976K) Class: 21894K(22464K)->21894K(22464K)
[418.281s][info][gc             ] GC(472) Pause Young (Mixed) (G1 Humongous Allocation) (Evacuation Failure: Allocation) 2848M->2534M(2868M) 8.287ms
[418.281s][info][gc,cpu         ] GC(472) User=0.03s Sys=0.00s Real=0.01s
[418.381s][info][gc,start       ] GC(473) Pause Young (Concurrent Start) (G1 Humongous Allocation)
[418.381s][info][gc,task        ] GC(473) Using 4 workers of 4 for evacuation
[418.390s][info][gc,phases      ] GC(473)   Pre Evacuate Collection Set: 0.30ms
[418.390s][info][gc,phases      ] GC(473)   Merge Heap Roots: 0.17ms
[418.390s][info][gc,phases      ] GC(473)   Evacuate Collection Set: 8.14ms
[418.390s][info][gc,phases      ] GC(473)   Post Evacuate Collection Set: 0.58ms
[418.390s][info][gc,phases      ] GC(473)   Other: 0.06ms
[418.390s][info][gc,heap        ] GC(473) Eden regions: 16->0(195)
[418.390s][info][gc,heap        ] GC(473) Survivor regions: 2->10(12)
[418.390s][info][gc,heap        ] GC(473) Old regions: 781->593
[418.390s][info][gc,heap        ] GC(473) Humongous regions: 488->477
[418.390s][info][gc,metaspace   ] GC(473) Metaspace: 100507K(101440K)->100507K(101440K) NonClass: 78612K(78976K)->78612K(78976K) Class: 21894K(22464K)->21894K(22464K)
[418.390s][info][gc             ] GC(473) Pause Young (Concurrent Start) (G1 Humongous Allocation) 2572M->2159M(2868M) 9.349ms
[418.390s][info][gc,cpu         ] GC(473) User=0.03s Sys=0.00s Real=0.01s
[418.390s][info][gc             ] GC(474) Concurrent Mark Cycle
[418.390s][info][gc,marking     ] GC(474) Concurrent Scan Root Regions
[418.400s][info][gc,marking     ] GC(474) Concurrent Scan Root Regions 9.839ms
[418.400s][info][gc,marking     ] GC(474) Concurrent Mark
[418.400s][info][gc,marking     ] GC(474) Concurrent Mark From Roots
[418.400s][info][gc,task        ] GC(474) Using 1 workers of 1 for marking
[418.444s][info][gc,marking     ] GC(474) Concurrent Mark From Roots 43.544ms
[418.444s][info][gc,marking     ] GC(474) Concurrent Preclean
[418.444s][info][gc,marking     ] GC(474) Concurrent Preclean 0.111ms
[418.444s][info][gc,start       ] GC(474) Pause Remark
[418.446s][info][gc             ] GC(474) Pause Remark 2210M->1986M(2868M) 2.424ms
[418.446s][info][gc,cpu         ] GC(474) User=0.01s Sys=0.00s Real=0.00s
[418.446s][info][gc,marking     ] GC(474) Concurrent Mark 46.221ms
[418.446s][info][gc,marking     ] GC(474) Concurrent Rebuild Remembered Sets and Scrub Regions
[418.478s][info][gc,marking     ] GC(474) Concurrent Rebuild Remembered Sets and Scrub Regions 31.792ms
[418.478s][info][gc,start       ] GC(474) Pause Cleanup
[418.478s][info][gc             ] GC(474) Pause Cleanup 2030M->2030M(2868M) 0.088ms
[418.478s][info][gc,cpu         ] GC(474) User=0.00s Sys=0.00s Real=0.00s
[418.478s][info][gc,marking     ] GC(474) Concurrent Clear Claimed Marks
[418.479s][info][gc,marking     ] GC(474) Concurrent Clear Claimed Marks 0.113ms
[418.479s][info][gc,marking     ] GC(474) Concurrent Cleanup for Next Mark
[418.480s][info][gc,marking     ] GC(474) Concurrent Cleanup for Next Mark 1.238ms
[418.480s][info][gc             ] GC(474) Concurrent Mark Cycle 89.427ms
[418.831s][info][gc,start       ] GC(475) Pause Young (Prepare Mixed) (G1 Evacuation Pause)
[418.831s][info][gc,task        ] GC(475) Using 4 workers of 4 for evacuation
[418.844s][info][gc,phases      ] GC(475)   Pre Evacuate Collection Set: 0.17ms
[418.844s][info][gc,phases      ] GC(475)   Merge Heap Roots: 0.10ms
[418.844s][info][gc,phases      ] GC(475)   Evacuate Collection Set: 10.15ms
[418.844s][info][gc,phases      ] GC(475)   Post Evacuate Collection Set: 2.34ms
[418.844s][info][gc,phases      ] GC(475)   Other: 0.05ms
[418.844s][info][gc,heap        ] GC(475) Eden regions: 195->0(147)
[418.844s][info][gc,heap        ] GC(475) Survivor regions: 10->26(26)
[418.844s][info][gc,heap        ] GC(475) Old regions: 541->671
[418.844s][info][gc,heap        ] GC(475) Humongous regions: 570->457
[418.844s][info][gc,metaspace   ] GC(475) Metaspace: 100512K(101440K)->100512K(101440K) NonClass: 78617K(78976K)->78617K(78976K) Class: 21894K(22464K)->21894K(22464K)
[418.844s][info][gc             ] GC(475) Pause Young (Prepare Mixed) (G1 Evacuation Pause) (Evacuation Failure: Allocation) 2631M->2307M(2868M) 12.913ms
[418.844s][info][gc,cpu         ] GC(475) User=0.05s Sys=0.00s Real=0.01s
[418.886s][info][gc,start       ] GC(476) Pause Young (Mixed) (G1 Humongous Allocation)
[418.886s][info][gc,task        ] GC(476) Using 4 workers of 4 for evacuation
[418.892s][info][gc,phases      ] GC(476)   Pre Evacuate Collection Set: 0.19ms
[418.892s][info][gc,phases      ] GC(476)   Merge Heap Roots: 0.08ms
[418.892s][info][gc,phases      ] GC(476)   Evacuate Collection Set: 3.21ms
[418.892s][info][gc,phases      ] GC(476)   Post Evacuate Collection Set: 2.49ms
[418.892s][info][gc,phases      ] GC(476)   Other: 0.05ms
[418.892s][info][gc,heap        ] GC(476) Eden regions: 36->0(101)
[418.892s][info][gc,heap        ] GC(476) Survivor regions: 26->7(22)
[418.892s][info][gc,heap        ] GC(476) Old regions: 671->709
[418.892s][info][gc,heap        ] GC(476) Humongous regions: 669->531
[418.892s][info][gc,metaspace   ] GC(476) Metaspace: 100512K(101440K)->100512K(101440K) NonClass: 78617K(78976K)->78617K(78976K) Class: 21894K(22464K)->21894K(22464K)
[418.892s][info][gc             ] GC(476) Pause Young (Mixed) (G1 Humongous Allocation) (Evacuation Failure: Allocation) 2802M->2493M(2868M) 6.119ms
[418.892s][info][gc,cpu         ] GC(476) User=0.03s Sys=0.00s Real=0.01s
[418.893s][info][gc,start       ] GC(477) Pause Young (Concurrent Start) (G1 Humongous Allocation)
[418.893s][info][gc,task        ] GC(477) Using 4 workers of 4 for evacuation
[418.896s][info][gc,phases      ] GC(477)   Pre Evacuate Collection Set: 0.18ms
[418.896s][info][gc,phases      ] GC(477)   Merge Heap Roots: 0.05ms
[418.896s][info][gc,phases      ] GC(477)   Evacuate Collection Set: 2.09ms
[418.896s][info][gc,phases      ] GC(477)   Post Evacuate Collection Set: 0.60ms
[418.896s][info][gc,phases      ] GC(477)   Other: 0.05ms
[418.896s][info][gc,heap        ] GC(477) Eden regions: 1->0(222)
[418.896s][info][gc,heap        ] GC(477) Survivor regions: 7->8(14)
[418.896s][info][gc,heap        ] GC(477) Old regions: 709->517
[418.896s][info][gc,heap        ] GC(477) Humongous regions: 534->534
[418.896s][info][gc,metaspace   ] GC(477) Metaspace: 100512K(101440K)->100512K(101440K) NonClass: 78617K(78976K)->78617K(78976K) Class: 21894K(22464K)->21894K(22464K)
[418.896s][info][gc             ] GC(477) Pause Young (Concurrent Start) (G1 Humongous Allocation) 2501M->2117M(2868M) 3.023ms
[418.896s][info][gc,cpu         ] GC(477) User=0.01s Sys=0.00s Real=0.00s
[418.896s][info][gc             ] GC(478) Concurrent Mark Cycle
[418.896s][info][gc,marking     ] GC(478) Concurrent Scan Root Regions
[418.899s][info][gc,marking     ] GC(478) Concurrent Scan Root Regions 3.196ms
[418.899s][info][gc,marking     ] GC(478) Concurrent Mark
[418.899s][info][gc,marking     ] GC(478) Concurrent Mark From Roots
[418.899s][info][gc,task        ] GC(478) Using 1 workers of 1 for marking
[418.945s][info][gc,marking     ] GC(478) Concurrent Mark From Roots 45.882ms
[418.945s][info][gc,marking     ] GC(478) Concurrent Preclean
[418.945s][info][gc,marking     ] GC(478) Concurrent Preclean 0.125ms
[418.945s][info][gc,start       ] GC(478) Pause Remark
[418.948s][info][gc             ] GC(478) Pause Remark 2394M->1744M(2868M) 2.579ms
[418.948s][info][gc,cpu         ] GC(478) User=0.01s Sys=0.00s Real=0.00s
[418.948s][info][gc,marking     ] GC(478) Concurrent Mark 48.734ms
[418.948s][info][gc,marking     ] GC(478) Concurrent Rebuild Remembered Sets and Scrub Regions
[418.971s][info][gc,marking     ] GC(478) Concurrent Rebuild Remembered Sets and Scrub Regions 23.169ms
[418.971s][info][gc,start       ] GC(478) Pause Cleanup
[418.971s][info][gc             ] GC(478) Pause Cleanup 1789M->1789M(2868M) 0.102ms
[418.971s][info][gc,cpu         ] GC(478) User=0.00s Sys=0.00s Real=0.00s
[418.971s][info][gc,marking     ] GC(478) Concurrent Clear Claimed Marks
[418.971s][info][gc,marking     ] GC(478) Concurrent Clear Claimed Marks 0.114ms
[418.971s][info][gc,marking     ] GC(478) Concurrent Cleanup for Next Mark
[418.973s][info][gc,marking     ] GC(478) Concurrent Cleanup for Next Mark 1.340ms
[418.973s][info][gc             ] GC(478) Concurrent Mark Cycle 76.991ms
[419.925s][info][gc,start       ] GC(479) Pause Young (Prepare Mixed) (G1 Humongous Allocation)
[419.925s][info][gc,task        ] GC(479) Using 4 workers of 4 for evacuation
[419.932s][info][gc,phases      ] GC(479)   Pre Evacuate Collection Set: 0.16ms
[419.932s][info][gc,phases      ] GC(479)   Merge Heap Roots: 0.07ms
[419.932s][info][gc,phases      ] GC(479)   Evacuate Collection Set: 5.77ms
[419.932s][info][gc,phases      ] GC(479)   Post Evacuate Collection Set: 0.63ms
[419.932s][info][gc,phases      ] GC(479)   Other: 0.05ms
[419.932s][info][gc,heap        ] GC(479) Eden regions: 219->0(312)
[419.932s][info][gc,heap        ] GC(479) Survivor regions: 8->29(29)
[419.932s][info][gc,heap        ] GC(479) Old regions: 307->349
[419.932s][info][gc,heap        ] GC(479) Humongous regions: 836->529
[419.932s][info][gc,metaspace   ] GC(479) Metaspace: 100514K(101440K)->100514K(101440K) NonClass: 78620K(78976K)->78620K(78976K) Class: 21894K(22464K)->21894K(22464K)
[419.932s][info][gc             ] GC(479) Pause Young (Prepare Mixed) (G1 Humongous Allocation) (Evacuation Failure: Allocation) 2739M->1813M(2868M) 6.783ms
[419.932s][info][gc,cpu         ] GC(479) User=0.02s Sys=0.01s Real=0.01s
[420.165s][info][gc,start       ] GC(480) Pause Young (Mixed) (G1 Humongous Allocation)
[420.165s][info][gc,task        ] GC(480) Using 4 workers of 4 for evacuation
[420.175s][info][gc,phases      ] GC(480)   Pre Evacuate Collection Set: 0.31ms
[420.175s][info][gc,phases      ] GC(480)   Merge Heap Roots: 0.11ms
[420.175s][info][gc,phases      ] GC(480)   Evacuate Collection Set: 5.71ms
[420.175s][info][gc,phases      ] GC(480)   Post Evacuate Collection Set: 4.02ms
[420.175s][info][gc,phases      ] GC(480)   Other: 0.08ms
[420.175s][info][gc,heap        ] GC(480) Eden regions: 143->0(212)
[420.175s][info][gc,heap        ] GC(480) Survivor regions: 29->17(30)
[420.175s][info][gc,heap        ] GC(480) Old regions: 349->491
[420.175s][info][gc,heap        ] GC(480) Humongous regions: 883->575
[420.175s][info][gc,metaspace   ] GC(480) Metaspace: 100514K(101440K)->100514K(101440K) NonClass: 78620K(78976K)->78620K(78976K) Class: 21894K(22464K)->21894K(22464K)
[420.175s][info][gc             ] GC(480) Pause Young (Mixed) (G1 Humongous Allocation) (Evacuation Failure: Allocation) 2807M->2165M(2868M) 10.408ms
[420.175s][info][gc,cpu         ] GC(480) User=0.03s Sys=0.00s Real=0.01s
[420.177s][info][gc,start       ] GC(481) Pause Young (Concurrent Start) (G1 Humongous Allocation)
[420.177s][info][gc,task        ] GC(481) Using 4 workers of 4 for evacuation
[420.184s][info][gc,phases      ] GC(481)   Pre Evacuate Collection Set: 0.36ms
[420.184s][info][gc,phases      ] GC(481)   Merge Heap Roots: 0.15ms
[420.184s][info][gc,phases      ] GC(481)   Evacuate Collection Set: 6.04ms
[420.184s][info][gc,phases      ] GC(481)   Post Evacuate Collection Set: 0.62ms
[420.184s][info][gc,phases      ] GC(481)   Other: 0.05ms
[420.184s][info][gc,heap        ] GC(481) Eden regions: 3->0(293)
[420.184s][info][gc,heap        ] GC(481) Survivor regions: 17->3(29)
[420.184s][info][gc,heap        ] GC(481) Old regions: 491->370
[420.184s][info][gc,heap        ] GC(481) Humongous regions: 580->577
[420.184s][info][gc,metaspace   ] GC(481) Metaspace: 100514K(101440K)->100514K(101440K) NonClass: 78620K(78976K)->78620K(78976K) Class: 21894K(22464K)->21894K(22464K)
[420.184s][info][gc             ] GC(481) Pause Young (Concurrent Start) (G1 Humongous Allocation) 2181M->1898M(2868M) 7.333ms
[420.184s][info][gc,cpu         ] GC(481) User=0.03s Sys=0.00s Real=0.01s
[420.184s][info][gc             ] GC(482) Concurrent Mark Cycle
[420.184s][info][gc,marking     ] GC(482) Concurrent Scan Root Regions
[420.191s][info][gc,marking     ] GC(482) Concurrent Scan Root Regions 6.153ms
[420.191s][info][gc,marking     ] GC(482) Concurrent Mark
[420.191s][info][gc,marking     ] GC(482) Concurrent Mark From Roots
[420.191s][info][gc,task        ] GC(482) Using 1 workers of 1 for marking
[420.232s][info][gc,marking     ] GC(482) Concurrent Mark From Roots 41.743ms
[420.232s][info][gc,marking     ] GC(482) Concurrent Preclean
[420.232s][info][gc,marking     ] GC(482) Concurrent Preclean 0.117ms
[420.233s][info][gc,start       ] GC(482) Pause Remark
[420.235s][info][gc             ] GC(482) Pause Remark 2009M->1399M(2868M) 2.521ms
[420.235s][info][gc,cpu         ] GC(482) User=0.01s Sys=0.00s Real=0.00s
[420.235s][info][gc,marking     ] GC(482) Concurrent Mark 44.527ms
[420.235s][info][gc,marking     ] GC(482) Concurrent Rebuild Remembered Sets and Scrub Regions
[420.258s][info][gc,marking     ] GC(482) Concurrent Rebuild Remembered Sets and Scrub Regions 22.547ms
[420.258s][info][gc,start       ] GC(482) Pause Cleanup
[420.258s][info][gc             ] GC(482) Pause Cleanup 1406M->1406M(2868M) 0.084ms
[420.258s][info][gc,cpu         ] GC(482) User=0.00s Sys=0.00s Real=0.00s
[420.258s][info][gc,marking     ] GC(482) Concurrent Clear Claimed Marks
[420.258s][info][gc,marking     ] GC(482) Concurrent Clear Claimed Marks 0.121ms
[420.258s][info][gc,marking     ] GC(482) Concurrent Cleanup for Next Mark
[420.260s][info][gc,marking     ] GC(482) Concurrent Cleanup for Next Mark 2.008ms
[420.260s][info][gc             ] GC(482) Concurrent Mark Cycle 75.650ms
[421.347s][info][gc,start       ] GC(483) Pause Young (Prepare Mixed) (G1 Evacuation Pause)
[421.347s][info][gc,task        ] GC(483) Using 4 workers of 4 for evacuation
[421.355s][info][gc,phases      ] GC(483)   Pre Evacuate Collection Set: 0.13ms
[421.355s][info][gc,phases      ] GC(483)   Merge Heap Roots: 0.09ms
[421.355s][info][gc,phases      ] GC(483)   Evacuate Collection Set: 7.71ms
[421.355s][info][gc,phases      ] GC(483)   Post Evacuate Collection Set: 0.56ms
[421.355s][info][gc,phases      ] GC(483)   Other: 0.10ms
[421.355s][info][gc,heap        ] GC(483) Eden regions: 293->0(353)
[421.355s][info][gc,heap        ] GC(483) Survivor regions: 3->37(37)
[421.356s][info][gc,heap        ] GC(483) Old regions: 235->287
[421.356s][info][gc,heap        ] GC(483) Humongous regions: 776->512
[421.356s][info][gc,metaspace   ] GC(483) Metaspace: 100520K(101504K)->100520K(101504K) NonClass: 78625K(79040K)->78625K(79040K) Class: 21894K(22464K)->21894K(22464K)
[421.356s][info][gc             ] GC(483) Pause Young (Prepare Mixed) (G1 Evacuation Pause) 2612M->1670M(2868M) 8.704ms
[421.356s][info][gc,cpu         ] GC(483) User=0.03s Sys=0.00s Real=0.01s
[421.845s][info][gc,start       ] GC(484) Pause Young (Mixed) (G1 Evacuation Pause)
[421.845s][info][gc,task        ] GC(484) Using 4 workers of 4 for evacuation
[421.850s][info][gc,phases      ] GC(484)   Pre Evacuate Collection Set: 0.15ms
[421.850s][info][gc,phases      ] GC(484)   Merge Heap Roots: 0.07ms
[421.850s][info][gc,phases      ] GC(484)   Evacuate Collection Set: 1.98ms
[421.850s][info][gc,phases      ] GC(484)   Post Evacuate Collection Set: 2.50ms
[421.850s][info][gc,phases      ] GC(484)   Other: 0.05ms
[421.850s][info][gc,heap        ] GC(484) Eden regions: 130->0(204)
[421.850s][info][gc,heap        ] GC(484) Survivor regions: 37->0(0)
[421.850s][info][gc,heap        ] GC(484) Old regions: 287->450
[421.850s][info][gc,heap        ] GC(484) Humongous regions: 980->647
[421.850s][info][gc,metaspace   ] GC(484) Metaspace: 100520K(101504K)->100520K(101504K) NonClass: 78625K(79040K)->78625K(79040K) Class: 21894K(22464K)->21894K(22464K)
[421.850s][info][gc             ] GC(484) Pause Young (Mixed) (G1 Evacuation Pause) (Evacuation Failure: Allocation) 2866M->2193M(2868M) 4.843ms
[421.850s][info][gc,cpu         ] GC(484) User=0.01s Sys=0.01s Real=0.01s
[421.891s][info][gc,start       ] GC(485) Pause Young (Concurrent Start) (G1 Humongous Allocation)
[421.891s][info][gc,task        ] GC(485) Using 4 workers of 4 for evacuation
[421.897s][info][gc,phases      ] GC(485)   Pre Evacuate Collection Set: 0.39ms
[421.897s][info][gc,phases      ] GC(485)   Merge Heap Roots: 0.08ms
[421.897s][info][gc,phases      ] GC(485)   Evacuate Collection Set: 5.20ms
[421.897s][info][gc,phases      ] GC(485)   Post Evacuate Collection Set: 0.53ms
[421.897s][info][gc,phases      ] GC(485)   Other: 0.05ms
[421.897s][info][gc,heap        ] GC(485) Eden regions: 10->0(231)
[421.897s][info][gc,heap        ] GC(485) Survivor regions: 0->5(26)
[421.897s][info][gc,heap        ] GC(485) Old regions: 450->353
[421.897s][info][gc,heap        ] GC(485) Humongous regions: 647->647
[421.897s][info][gc,metaspace   ] GC(485) Metaspace: 100520K(101504K)->100520K(101504K) NonClass: 78625K(79040K)->78625K(79040K) Class: 21894K(22464K)->21894K(22464K)
[421.897s][info][gc             ] GC(485) Pause Young (Concurrent Start) (G1 Humongous Allocation) 2212M->2009M(2868M) 6.333ms
[421.897s][info][gc,cpu         ] GC(485) User=0.02s Sys=0.00s Real=0.00s
[421.897s][info][gc             ] GC(486) Concurrent Mark Cycle
[421.897s][info][gc,marking     ] GC(486) Concurrent Scan Root Regions
[421.902s][info][gc,marking     ] GC(486) Concurrent Scan Root Regions 4.633ms
[421.902s][info][gc,marking     ] GC(486) Concurrent Mark
[421.902s][info][gc,marking     ] GC(486) Concurrent Mark From Roots
[421.902s][info][gc,task        ] GC(486) Using 1 workers of 1 for marking
[421.942s][info][gc,marking     ] GC(486) Concurrent Mark From Roots 39.639ms
[421.942s][info][gc,marking     ] GC(486) Concurrent Preclean
[421.942s][info][gc,marking     ] GC(486) Concurrent Preclean 0.106ms
[421.942s][info][gc,start       ] GC(486) Pause Remark
[421.944s][info][gc             ] GC(486) Pause Remark 2095M->1331M(2868M) 2.719ms
[421.945s][info][gc,cpu         ] GC(486) User=0.01s Sys=0.00s Real=0.00s
[421.945s][info][gc,marking     ] GC(486) Concurrent Mark 42.597ms
[421.945s][info][gc,marking     ] GC(486) Concurrent Rebuild Remembered Sets and Scrub Regions
[421.966s][info][gc,marking     ] GC(486) Concurrent Rebuild Remembered Sets and Scrub Regions 21.228ms
[421.966s][info][gc,start       ] GC(486) Pause Cleanup
[421.966s][info][gc             ] GC(486) Pause Cleanup 1339M->1339M(2868M) 0.065ms
[421.966s][info][gc,cpu         ] GC(486) User=0.00s Sys=0.00s Real=0.00s
[421.966s][info][gc,marking     ] GC(486) Concurrent Clear Claimed Marks
[421.966s][info][gc,marking     ] GC(486) Concurrent Clear Claimed Marks 0.117ms
[421.966s][info][gc,marking     ] GC(486) Concurrent Cleanup for Next Mark
[421.968s][info][gc,marking     ] GC(486) Concurrent Cleanup for Next Mark 1.652ms
[421.968s][info][gc             ] GC(486) Concurrent Mark Cycle 70.462ms
[422.552s][info][gc,start       ] GC(487) Pause Young (Prepare Mixed) (G1 Evacuation Pause)
[422.552s][info][gc,task        ] GC(487) Using 4 workers of 4 for evacuation
[422.562s][info][gc,phases      ] GC(487)   Pre Evacuate Collection Set: 0.13ms
[422.562s][info][gc,phases      ] GC(487)   Merge Heap Roots: 0.18ms
[422.562s][info][gc,phases      ] GC(487)   Evacuate Collection Set: 9.37ms
[422.562s][info][gc,phases      ] GC(487)   Post Evacuate Collection Set: 0.57ms
[422.562s][info][gc,phases      ] GC(487)   Other: 0.05ms
[422.562s][info][gc,heap        ] GC(487) Eden regions: 231->0(342)
[422.562s][info][gc,heap        ] GC(487) Survivor regions: 5->30(30)
[422.562s][info][gc,heap        ] GC(487) Old regions: 206->281
[422.562s][info][gc,heap        ] GC(487) Humongous regions: 633->477
[422.562s][info][gc,metaspace   ] GC(487) Metaspace: 100520K(101504K)->100520K(101504K) NonClass: 78625K(79040K)->78625K(79040K) Class: 21894K(22464K)->21894K(22464K)
[422.562s][info][gc             ] GC(487) Pause Young (Prepare Mixed) (G1 Evacuation Pause) 2149M->1574M(2868M) 10.398ms
[422.562s][info][gc,cpu         ] GC(487) User=0.04s Sys=0.00s Real=0.01s
[423.298s][info][gc,start       ] GC(488) Pause Young (Mixed) (G1 Humongous Allocation)
[423.298s][info][gc,task        ] GC(488) Using 4 workers of 4 for evacuation
[423.307s][info][gc,phases      ] GC(488)   Pre Evacuate Collection Set: 0.30ms
[423.308s][info][gc,phases      ] GC(488)   Merge Heap Roots: 0.14ms
[423.308s][info][gc,phases      ] GC(488)   Evacuate Collection Set: 3.06ms
[423.308s][info][gc,phases      ] GC(488)   Post Evacuate Collection Set: 5.85ms
[423.308s][info][gc,phases      ] GC(488)   Other: 0.17ms
[423.308s][info][gc,heap        ] GC(488) Eden regions: 134->0(191)
[423.308s][info][gc,heap        ] GC(488) Survivor regions: 30->12(18)
[423.308s][info][gc,heap        ] GC(488) Old regions: 281->448
[423.308s][info][gc,heap        ] GC(488) Humongous regions: 971->623
[423.308s][info][gc,metaspace   ] GC(488) Metaspace: 100520K(101504K)->100520K(101504K) NonClass: 78625K(79040K)->78625K(79040K) Class: 21894K(22464K)->21894K(22464K)
[423.308s][info][gc             ] GC(488) Pause Young (Mixed) (G1 Humongous Allocation) (Evacuation Failure: Allocation) 2830M->2165M(2868M) 9.697ms
[423.308s][info][gc,cpu         ] GC(488) User=0.02s Sys=0.00s Real=0.01s
[423.309s][info][gc,start       ] GC(489) Pause Young (Concurrent Start) (G1 Humongous Allocation)
[423.309s][info][gc,task        ] GC(489) Using 4 workers of 4 for evacuation
[423.315s][info][gc,phases      ] GC(489)   Pre Evacuate Collection Set: 0.40ms
[423.315s][info][gc,phases      ] GC(489)   Merge Heap Roots: 0.11ms
[423.315s][info][gc,phases      ] GC(489)   Evacuate Collection Set: 4.81ms
[423.315s][info][gc,phases      ] GC(489)   Post Evacuate Collection Set: 0.61ms
[423.315s][info][gc,phases      ] GC(489)   Other: 0.05ms
[423.315s][info][gc,heap        ] GC(489) Eden regions: 3->0(263)
[423.315s][info][gc,heap        ] GC(489) Survivor regions: 12->14(26)
[423.315s][info][gc,heap        ] GC(489) Old regions: 448->328
[423.315s][info][gc,heap        ] GC(489) Humongous regions: 625->624
[423.315s][info][gc,metaspace   ] GC(489) Metaspace: 100520K(101504K)->100520K(101504K) NonClass: 78625K(79040K)->78625K(79040K) Class: 21894K(22464K)->21894K(22464K)
[423.315s][info][gc             ] GC(489) Pause Young (Concurrent Start) (G1 Humongous Allocation) 2173M->1930M(2868M) 6.094ms
[423.315s][info][gc,cpu         ] GC(489) User=0.02s Sys=0.01s Real=0.01s
[423.315s][info][gc             ] GC(490) Concurrent Mark Cycle
[423.315s][info][gc,marking     ] GC(490) Concurrent Scan Root Regions
[423.320s][info][gc,marking     ] GC(490) Concurrent Scan Root Regions 4.907ms
[423.320s][info][gc,marking     ] GC(490) Concurrent Mark
[423.320s][info][gc,marking     ] GC(490) Concurrent Mark From Roots
[423.320s][info][gc,task        ] GC(490) Using 1 workers of 1 for marking
[423.359s][info][gc,marking     ] GC(490) Concurrent Mark From Roots 39.679ms
[423.359s][info][gc,marking     ] GC(490) Concurrent Preclean
[423.360s][info][gc,marking     ] GC(490) Concurrent Preclean 0.104ms
[423.360s][info][gc,start       ] GC(490) Pause Remark
[423.363s][info][gc             ] GC(490) Pause Remark 2007M->1319M(2868M) 3.302ms
[423.363s][info][gc,cpu         ] GC(490) User=0.01s Sys=0.00s Real=0.00s
[423.363s][info][gc,marking     ] GC(490) Concurrent Mark 43.233ms
[423.363s][info][gc,marking     ] GC(490) Concurrent Rebuild Remembered Sets and Scrub Regions
[423.386s][info][gc,marking     ] GC(490) Concurrent Rebuild Remembered Sets and Scrub Regions 22.952ms
[423.386s][info][gc,start       ] GC(490) Pause Cleanup
[423.386s][info][gc             ] GC(490) Pause Cleanup 1325M->1325M(2868M) 0.109ms
[423.386s][info][gc,cpu         ] GC(490) User=0.00s Sys=0.00s Real=0.00s
[423.386s][info][gc,marking     ] GC(490) Concurrent Clear Claimed Marks
[423.386s][info][gc,marking     ] GC(490) Concurrent Clear Claimed Marks 0.128ms
[423.386s][info][gc,marking     ] GC(490) Concurrent Cleanup for Next Mark
[423.388s][info][gc,marking     ] GC(490) Concurrent Cleanup for Next Mark 1.336ms
[423.388s][info][gc             ] GC(490) Concurrent Mark Cycle 72.931ms
[424.025s][info][gc,start       ] GC(491) Pause Young (Prepare Mixed) (G1 Humongous Allocation)
[424.025s][info][gc,task        ] GC(491) Using 4 workers of 4 for evacuation
[424.030s][info][gc,phases      ] GC(491)   Pre Evacuate Collection Set: 0.16ms
[424.030s][info][gc,phases      ] GC(491)   Merge Heap Roots: 0.09ms
[424.030s][info][gc,phases      ] GC(491)   Evacuate Collection Set: 3.43ms
[424.030s][info][gc,phases      ] GC(491)   Post Evacuate Collection Set: 1.75ms
[424.030s][info][gc,phases      ] GC(491)   Other: 0.06ms
[424.030s][info][gc,heap        ] GC(491) Eden regions: 263->0(312)
[424.030s][info][gc,heap        ] GC(491) Survivor regions: 14->34(34)
[424.030s][info][gc,heap        ] GC(491) Old regions: 204->318
[424.030s][info][gc,heap        ] GC(491) Humongous regions: 919->555
[424.030s][info][gc,metaspace   ] GC(491) Metaspace: 100543K(101504K)->100543K(101504K) NonClass: 78649K(79040K)->78649K(79040K) Class: 21894K(22464K)->21894K(22464K)
[424.030s][info][gc             ] GC(491) Pause Young (Prepare Mixed) (G1 Humongous Allocation) (Evacuation Failure: Allocation) 2797M->1813M(2868M) 5.583ms
[424.030s][info][gc,cpu         ] GC(491) User=0.02s Sys=0.00s Real=0.01s
[424.989s][info][gc,start       ] GC(492) Pause Young (Mixed) (G1 Humongous Allocation)
[424.989s][info][gc,task        ] GC(492) Using 4 workers of 4 for evacuation
[424.995s][info][gc,phases      ] GC(492)   Pre Evacuate Collection Set: 0.16ms
[424.995s][info][gc,phases      ] GC(492)   Merge Heap Roots: 0.06ms
[424.995s][info][gc,phases      ] GC(492)   Evacuate Collection Set: 3.04ms
[424.995s][info][gc,phases      ] GC(492)   Post Evacuate Collection Set: 3.39ms
[424.995s][info][gc,phases      ] GC(492)   Other: 0.06ms
[424.995s][info][gc,heap        ] GC(492) Eden regions: 196->0(219)
[424.995s][info][gc,heap        ] GC(492) Survivor regions: 34->13(24)
[424.995s][info][gc,heap        ] GC(492) Old regions: 318->445
[424.995s][info][gc,heap        ] GC(492) Humongous regions: 862->634
[424.995s][info][gc,metaspace   ] GC(492) Metaspace: 100543K(101504K)->100543K(101504K) NonClass: 78649K(79040K)->78649K(79040K) Class: 21894K(22464K)->21894K(22464K)
[424.995s][info][gc             ] GC(492) Pause Young (Mixed) (G1 Humongous Allocation) (Evacuation Failure: Allocation) 2819M->2183M(2868M) 6.804ms
[424.995s][info][gc,cpu         ] GC(492) User=0.03s Sys=0.00s Real=0.01s
[424.997s][info][gc,start       ] GC(493) Pause Young (Concurrent Start) (G1 Humongous Allocation)
[424.997s][info][gc,task        ] GC(493) Using 4 workers of 4 for evacuation
[425.002s][info][gc,phases      ] GC(493)   Pre Evacuate Collection Set: 0.23ms
[425.004s][info][gc,phases      ] GC(493)   Merge Heap Roots: 0.06ms
[425.004s][info][gc,phases      ] GC(493)   Evacuate Collection Set: 4.28ms
[425.004s][info][gc,phases      ] GC(493)   Post Evacuate Collection Set: 0.55ms
[425.004s][info][gc,phases      ] GC(493)   Other: 0.05ms
[425.004s][info][gc,heap        ] GC(493) Eden regions: 2->0(331)
[425.004s][info][gc,heap        ] GC(493) Survivor regions: 13->15(29)
[425.004s][info][gc,heap        ] GC(493) Old regions: 445->242
[425.004s][info][gc,heap        ] GC(493) Humongous regions: 637->635
[425.004s][info][gc,metaspace   ] GC(493) Metaspace: 100543K(101504K)->100543K(101504K) NonClass: 78649K(79040K)->78649K(79040K) Class: 21894K(22464K)->21894K(22464K)
[425.004s][info][gc             ] GC(493) Pause Young (Concurrent Start) (G1 Humongous Allocation) 2193M->1782M(2868M) 7.497ms
[425.004s][info][gc             ] GC(494) Concurrent Mark Cycle
[425.004s][info][gc,marking     ] GC(494) Concurrent Scan Root Regions
[425.004s][info][gc,cpu         ] GC(493) User=0.02s Sys=0.00s Real=0.01s
[425.009s][info][gc,marking     ] GC(494) Concurrent Scan Root Regions 4.946ms
[425.009s][info][gc,marking     ] GC(494) Concurrent Mark
[425.009s][info][gc,marking     ] GC(494) Concurrent Mark From Roots
[425.009s][info][gc,task        ] GC(494) Using 1 workers of 1 for marking
[425.049s][info][gc,marking     ] GC(494) Concurrent Mark From Roots 39.695ms
[425.049s][info][gc,marking     ] GC(494) Concurrent Preclean
[425.049s][info][gc,marking     ] GC(494) Concurrent Preclean 0.122ms
[425.049s][info][gc,start       ] GC(494) Pause Remark
[425.052s][info][gc             ] GC(494) Pause Remark 1907M->1297M(2868M) 2.841ms
[425.052s][info][gc,cpu         ] GC(494) User=0.01s Sys=0.00s Real=0.01s
[425.052s][info][gc,marking     ] GC(494) Concurrent Mark 42.791ms
[425.052s][info][gc,marking     ] GC(494) Concurrent Rebuild Remembered Sets and Scrub Regions
[425.071s][info][gc,marking     ] GC(494) Concurrent Rebuild Remembered Sets and Scrub Regions 19.139ms
[425.071s][info][gc,start       ] GC(494) Pause Cleanup
[425.071s][info][gc             ] GC(494) Pause Cleanup 1326M->1326M(2868M) 0.074ms
[425.071s][info][gc,cpu         ] GC(494) User=0.00s Sys=0.00s Real=0.00s
[425.071s][info][gc,marking     ] GC(494) Concurrent Clear Claimed Marks
[425.071s][info][gc,marking     ] GC(494) Concurrent Clear Claimed Marks 0.118ms
[425.071s][info][gc,marking     ] GC(494) Concurrent Cleanup for Next Mark
[425.073s][info][gc,marking     ] GC(494) Concurrent Cleanup for Next Mark 1.365ms
[425.073s][info][gc             ] GC(494) Concurrent Mark Cycle 68.606ms
[425.869s][info][gc,start       ] GC(495) Pause Young (Prepare Mixed) (G1 Humongous Allocation)
[425.869s][info][gc,task        ] GC(495) Using 4 workers of 4 for evacuation
[425.875s][info][gc,phases      ] GC(495)   Pre Evacuate Collection Set: 0.15ms
[425.875s][info][gc,phases      ] GC(495)   Merge Heap Roots: 0.10ms
[425.875s][info][gc,phases      ] GC(495)   Evacuate Collection Set: 2.70ms
[425.875s][info][gc,phases      ] GC(495)   Post Evacuate Collection Set: 3.67ms
[425.875s][info][gc,phases      ] GC(495)   Other: 0.06ms
[425.875s][info][gc,heap        ] GC(495) Eden regions: 259->0(280)
[425.875s][info][gc,heap        ] GC(495) Survivor regions: 15->9(9)
[425.875s][info][gc,heap        ] GC(495) Old regions: 147->415
[425.875s][info][gc,heap        ] GC(495) Humongous regions: 1004->588
[425.875s][info][gc,metaspace   ] GC(495) Metaspace: 100543K(101504K)->100543K(101504K) NonClass: 78649K(79040K)->78649K(79040K) Class: 21894K(22464K)->21894K(22464K)
[425.875s][info][gc             ] GC(495) Pause Young (Prepare Mixed) (G1 Humongous Allocation) (Evacuation Failure: Allocation) 2848M->2022M(2868M) 6.784ms
[425.875s][info][gc,cpu         ] GC(495) User=0.02s Sys=0.00s Real=0.01s
[426.383s][info][gc,start       ] GC(496) Pause Young (Mixed) (G1 Humongous Allocation)
[426.383s][info][gc,task        ] GC(496) Using 4 workers of 4 for evacuation
[426.394s][info][gc,phases      ] GC(496)   Pre Evacuate Collection Set: 0.28ms
[426.394s][info][gc,phases      ] GC(496)   Merge Heap Roots: 0.09ms
[426.394s][info][gc,phases      ] GC(496)   Evacuate Collection Set: 5.76ms
[426.394s][info][gc,phases      ] GC(496)   Post Evacuate Collection Set: 5.36ms
[426.394s][info][gc,phases      ] GC(496)   Other: 0.06ms
[426.394s][info][gc,heap        ] GC(496) Eden regions: 216->0(142)
[426.394s][info][gc,heap        ] GC(496) Survivor regions: 9->14(37)
[426.394s][info][gc,heap        ] GC(496) Old regions: 415->575
[426.394s][info][gc,heap        ] GC(496) Humongous regions: 755->630
[426.394s][info][gc,metaspace   ] GC(496) Metaspace: 100543K(101504K)->100543K(101504K) NonClass: 78649K(79040K)->78649K(79040K) Class: 21894K(22464K)->21894K(22464K)
[426.394s][info][gc             ] GC(496) Pause Young (Mixed) (G1 Humongous Allocation) (Evacuation Failure: Allocation) 2788M->2436M(2868M) 11.673ms
[426.394s][info][gc,cpu         ] GC(496) User=0.04s Sys=0.00s Real=0.01s
[426.396s][info][gc,start       ] GC(497) Pause Young (Concurrent Start) (G1 Humongous Allocation)
[426.396s][info][gc,task        ] GC(497) Using 4 workers of 4 for evacuation
[426.407s][info][gc,phases      ] GC(497)   Pre Evacuate Collection Set: 0.31ms
[426.407s][info][gc,phases      ] GC(497)   Merge Heap Roots: 0.09ms
[426.407s][info][gc,phases      ] GC(497)   Evacuate Collection Set: 9.31ms
[426.407s][info][gc,phases      ] GC(497)   Post Evacuate Collection Set: 0.91ms
[426.407s][info][gc,phases      ] GC(497)   Other: 0.05ms
[426.407s][info][gc,heap        ] GC(497) Eden regions: 11->0(290)
[426.407s][info][gc,heap        ] GC(497) Survivor regions: 14->5(20)
[426.407s][info][gc,heap        ] GC(497) Old regions: 575->353
[426.407s][info][gc,heap        ] GC(497) Humongous regions: 635->632
[426.407s][info][gc,metaspace   ] GC(497) Metaspace: 100543K(101504K)->100543K(101504K) NonClass: 78649K(79040K)->78649K(79040K) Class: 21894K(22464K)->21894K(22464K)
[426.407s][info][gc             ] GC(497) Pause Young (Concurrent Start) (G1 Humongous Allocation) 2468M->1978M(2868M) 10.826ms
[426.407s][info][gc,cpu         ] GC(497) User=0.04s Sys=0.00s Real=0.01s
[426.407s][info][gc             ] GC(498) Concurrent Mark Cycle
[426.407s][info][gc,marking     ] GC(498) Concurrent Scan Root Regions
[426.422s][info][gc,marking     ] GC(498) Concurrent Scan Root Regions 15.269ms
[426.422s][info][gc,marking     ] GC(498) Concurrent Mark
[426.422s][info][gc,marking     ] GC(498) Concurrent Mark From Roots
[426.422s][info][gc,task        ] GC(498) Using 1 workers of 1 for marking
[426.463s][info][gc,marking     ] GC(498) Concurrent Mark From Roots 40.688ms
[426.463s][info][gc,marking     ] GC(498) Concurrent Preclean
[426.463s][info][gc,marking     ] GC(498) Concurrent Preclean 0.100ms
[426.463s][info][gc,start       ] GC(498) Pause Remark
[426.467s][info][gc             ] GC(498) Pause Remark 2652M->2112M(2868M) 3.477ms
[426.467s][info][gc,cpu         ] GC(498) User=0.01s Sys=0.00s Real=0.00s
[426.467s][info][gc,marking     ] GC(498) Concurrent Mark 44.432ms
[426.467s][info][gc,marking     ] GC(498) Concurrent Rebuild Remembered Sets and Scrub Regions
[426.491s][info][gc,marking     ] GC(498) Concurrent Rebuild Remembered Sets and Scrub Regions 23.845ms
[426.491s][info][gc,start       ] GC(498) Pause Cleanup
[426.491s][info][gc             ] GC(498) Pause Cleanup 2192M->2192M(2868M) 0.133ms
[426.491s][info][gc,cpu         ] GC(498) User=0.00s Sys=0.00s Real=0.00s
[426.491s][info][gc,marking     ] GC(498) Concurrent Clear Claimed Marks
[426.491s][info][gc,marking     ] GC(498) Concurrent Clear Claimed Marks 0.118ms
[426.491s][info][gc,marking     ] GC(498) Concurrent Cleanup for Next Mark
[426.492s][info][gc,marking     ] GC(498) Concurrent Cleanup for Next Mark 1.375ms
[426.493s][info][gc             ] GC(498) Concurrent Mark Cycle 85.367ms
[427.165s][info][gc,start       ] GC(499) Pause Young (Prepare Mixed) (G1 Humongous Allocation)
[427.165s][info][gc,task        ] GC(499) Using 4 workers of 4 for evacuation
[427.171s][info][gc,phases      ] GC(499)   Pre Evacuate Collection Set: 0.19ms
[427.171s][info][gc,phases      ] GC(499)   Merge Heap Roots: 0.07ms
[427.171s][info][gc,phases      ] GC(499)   Evacuate Collection Set: 5.15ms
[427.171s][info][gc,phases      ] GC(499)   Post Evacuate Collection Set: 1.21ms
[427.171s][info][gc,phases      ] GC(499)   Other: 0.05ms
[427.171s][info][gc,heap        ] GC(499) Eden regions: 128->0(354)
[427.171s][info][gc,heap        ] GC(499) Survivor regions: 5->37(37)
[427.171s][info][gc,heap        ] GC(499) Old regions: 303->265
[427.171s][info][gc,heap        ] GC(499) Humongous regions: 942->555
[427.171s][info][gc,metaspace   ] GC(499) Metaspace: 100548K(101568K)->100548K(101568K) NonClass: 78653K(79104K)->78653K(79104K) Class: 21894K(22464K)->21894K(22464K)
[427.171s][info][gc             ] GC(499) Pause Young (Prepare Mixed) (G1 Humongous Allocation) (Evacuation Failure: Allocation) 2754M->1713M(2868M) 6.781ms
[427.171s][info][gc,cpu         ] GC(499) User=0.02s Sys=0.01s Real=0.01s
[427.737s][info][gc,start       ] GC(500) Pause Young (Mixed) (G1 Humongous Allocation)
[427.737s][info][gc,task        ] GC(500) Using 4 workers of 4 for evacuation
[427.744s][info][gc,phases      ] GC(500)   Pre Evacuate Collection Set: 0.18ms
[427.744s][info][gc,phases      ] GC(500)   Merge Heap Roots: 0.09ms
[427.744s][info][gc,phases      ] GC(500)   Evacuate Collection Set: 2.93ms
[427.744s][info][gc,phases      ] GC(500)   Post Evacuate Collection Set: 4.09ms
[427.744s][info][gc,phases      ] GC(500)   Other: 0.06ms
[427.744s][info][gc,heap        ] GC(500) Eden regions: 237->0(191)
[427.744s][info][gc,heap        ] GC(500) Survivor regions: 37->15(17)
[427.744s][info][gc,heap        ] GC(500) Old regions: 265->520
[427.744s][info][gc,heap        ] GC(500) Humongous regions: 878->612
[427.744s][info][gc,metaspace   ] GC(500) Metaspace: 100548K(101568K)->100548K(101568K) NonClass: 78653K(79104K)->78653K(79104K) Class: 21894K(22464K)->21894K(22464K)
[427.744s][info][gc             ] GC(500) Pause Young (Mixed) (G1 Humongous Allocation) (Evacuation Failure: Allocation) 2833M->2293M(2868M) 7.452ms
[427.744s][info][gc,cpu         ] GC(500) User=0.03s Sys=0.00s Real=0.01s
[427.746s][info][gc,start       ] GC(501) Pause Young (Concurrent Start) (G1 Humongous Allocation)
[427.746s][info][gc,task        ] GC(501) Using 4 workers of 4 for evacuation
[427.752s][info][gc,phases      ] GC(501)   Pre Evacuate Collection Set: 0.45ms
[427.752s][info][gc,phases      ] GC(501)   Merge Heap Roots: 0.10ms
[427.752s][info][gc,phases      ] GC(501)   Evacuate Collection Set: 5.14ms
[427.752s][info][gc,phases      ] GC(501)   Post Evacuate Collection Set: 0.65ms
[427.752s][info][gc,phases      ] GC(501)   Other: 0.06ms
[427.752s][info][gc,heap        ] GC(501) Eden regions: 3->0(343)
[427.752s][info][gc,heap        ] GC(501) Survivor regions: 15->2(26)
[427.752s][info][gc,heap        ] GC(501) Old regions: 520->309
[427.752s][info][gc,heap        ] GC(501) Humongous regions: 620->618
[427.752s][info][gc,metaspace   ] GC(501) Metaspace: 100548K(101568K)->100548K(101568K) NonClass: 78653K(79104K)->78653K(79104K) Class: 21894K(22464K)->21894K(22464K)
[427.752s][info][gc             ] GC(501) Pause Young (Concurrent Start) (G1 Humongous Allocation) 2313M->1857M(2868M) 6.485ms
[427.752s][info][gc,cpu         ] GC(501) User=0.02s Sys=0.00s Real=0.01s
[427.752s][info][gc             ] GC(502) Concurrent Mark Cycle
[427.752s][info][gc,marking     ] GC(502) Concurrent Scan Root Regions
[427.760s][info][gc,marking     ] GC(502) Concurrent Scan Root Regions 8.291ms
[427.760s][info][gc,marking     ] GC(502) Concurrent Mark
[427.760s][info][gc,marking     ] GC(502) Concurrent Mark From Roots
[427.760s][info][gc,task        ] GC(502) Using 1 workers of 1 for marking
[427.801s][info][gc,marking     ] GC(502) Concurrent Mark From Roots 40.514ms
[427.801s][info][gc,marking     ] GC(502) Concurrent Preclean
[427.801s][info][gc,marking     ] GC(502) Concurrent Preclean 0.113ms
[427.801s][info][gc,start       ] GC(502) Pause Remark
[427.805s][info][gc             ] GC(502) Pause Remark 2158M->1630M(2868M) 3.640ms
[427.805s][info][gc,cpu         ] GC(502) User=0.01s Sys=0.00s Real=0.00s
[427.805s][info][gc,marking     ] GC(502) Concurrent Mark 44.437ms
[427.805s][info][gc,marking     ] GC(502) Concurrent Rebuild Remembered Sets and Scrub Regions
[427.828s][info][gc,marking     ] GC(502) Concurrent Rebuild Remembered Sets and Scrub Regions 23.422ms
[427.828s][info][gc,start       ] GC(502) Pause Cleanup
[427.828s][info][gc             ] GC(502) Pause Cleanup 1707M->1707M(2868M) 0.096ms
[427.828s][info][gc,cpu         ] GC(502) User=0.00s Sys=0.00s Real=0.00s
[427.829s][info][gc,marking     ] GC(502) Concurrent Clear Claimed Marks
[427.829s][info][gc,marking     ] GC(502) Concurrent Clear Claimed Marks 0.122ms
[427.829s][info][gc,marking     ] GC(502) Concurrent Cleanup for Next Mark
[427.830s][info][gc,marking     ] GC(502) Concurrent Cleanup for Next Mark 1.324ms
[427.830s][info][gc             ] GC(502) Concurrent Mark Cycle 77.882ms
[428.798s][info][gc,start       ] GC(503) Pause Young (Prepare Mixed) (G1 Humongous Allocation)
[428.798s][info][gc,task        ] GC(503) Using 4 workers of 4 for evacuation
[428.804s][info][gc,phases      ] GC(503)   Pre Evacuate Collection Set: 0.15ms
[428.804s][info][gc,phases      ] GC(503)   Merge Heap Roots: 0.09ms
[428.804s][info][gc,phases      ] GC(503)   Evacuate Collection Set: 5.04ms
[428.804s][info][gc,phases      ] GC(503)   Post Evacuate Collection Set: 1.22ms
[428.804s][info][gc,phases      ] GC(503)   Other: 0.06ms
[428.804s][info][gc,heap        ] GC(503) Eden regions: 227->0(331)
[428.804s][info][gc,heap        ] GC(503) Survivor regions: 2->44(44)
[428.804s][info][gc,heap        ] GC(503) Old regions: 245->328
[428.804s][info][gc,heap        ] GC(503) Humongous regions: 906->552
[428.804s][info][gc,metaspace   ] GC(503) Metaspace: 100548K(101568K)->100548K(101568K) NonClass: 78653K(79104K)->78653K(79104K) Class: 21894K(22464K)->21894K(22464K)
[428.804s][info][gc             ] GC(503) Pause Young (Prepare Mixed) (G1 Humongous Allocation) (Evacuation Failure: Allocation) 2759M->1847M(2868M) 6.662ms
[428.804s][info][gc,cpu         ] GC(503) User=0.03s Sys=0.00s Real=0.01s
[429.027s][info][gc,start       ] GC(504) Pause Young (Mixed) (G1 Humongous Allocation)
[429.027s][info][gc,task        ] GC(504) Using 4 workers of 4 for evacuation
[429.032s][info][gc,phases      ] GC(504)   Pre Evacuate Collection Set: 0.19ms
[429.032s][info][gc,phases      ] GC(504)   Merge Heap Roots: 0.07ms
[429.032s][info][gc,phases      ] GC(504)   Evacuate Collection Set: 2.53ms
[429.032s][info][gc,phases      ] GC(504)   Post Evacuate Collection Set: 2.54ms
[429.032s][info][gc,phases      ] GC(504)   Other: 0.05ms
[429.032s][info][gc,heap        ] GC(504) Eden regions: 141->0(201)
[429.032s][info][gc,heap        ] GC(504) Survivor regions: 44->9(17)
[429.032s][info][gc,heap        ] GC(504) Old regions: 328->484
[429.032s][info][gc,heap        ] GC(504) Humongous regions: 904->650
[429.032s][info][gc,metaspace   ] GC(504) Metaspace: 100548K(101568K)->100548K(101568K) NonClass: 78653K(79104K)->78653K(79104K) Class: 21894K(22464K)->21894K(22464K)
[429.032s][info][gc             ] GC(504) Pause Young (Mixed) (G1 Humongous Allocation) (Evacuation Failure: Allocation) 2832M->2285M(2868M) 5.486ms
[429.033s][info][gc,cpu         ] GC(504) User=0.02s Sys=0.00s Real=0.01s
[429.033s][info][gc,start       ] GC(505) Pause Young (Concurrent Start) (G1 Humongous Allocation)
[429.033s][info][gc,task        ] GC(505) Using 4 workers of 4 for evacuation
[429.038s][info][gc,phases      ] GC(505)   Pre Evacuate Collection Set: 0.24ms
[429.038s][info][gc,phases      ] GC(505)   Merge Heap Roots: 0.06ms
[429.038s][info][gc,phases      ] GC(505)   Evacuate Collection Set: 3.89ms
[429.038s][info][gc,phases      ] GC(505)   Post Evacuate Collection Set: 0.52ms
[429.038s][info][gc,phases      ] GC(505)   Other: 0.05ms
[429.038s][info][gc,heap        ] GC(505) Eden regions: 3->0(308)
[429.038s][info][gc,heap        ] GC(505) Survivor regions: 9->11(27)
[429.038s][info][gc,heap        ] GC(505) Old regions: 484->297
[429.038s][info][gc,heap        ] GC(505) Humongous regions: 655->652
[429.038s][info][gc,metaspace   ] GC(505) Metaspace: 100548K(101568K)->100548K(101568K) NonClass: 78653K(79104K)->78653K(79104K) Class: 21894K(22464K)->21894K(22464K)
[429.038s][info][gc             ] GC(505) Pause Young (Concurrent Start) (G1 Humongous Allocation) 2300M->1918M(2868M) 4.823ms
[429.038s][info][gc,cpu         ] GC(505) User=0.02s Sys=0.00s Real=0.00s
[429.038s][info][gc             ] GC(506) Concurrent Mark Cycle
[429.038s][info][gc,marking     ] GC(506) Concurrent Scan Root Regions
[429.043s][info][gc,marking     ] GC(506) Concurrent Scan Root Regions 4.808ms
[429.043s][info][gc,marking     ] GC(506) Concurrent Mark
[429.043s][info][gc,marking     ] GC(506) Concurrent Mark From Roots
[429.043s][info][gc,task        ] GC(506) Using 1 workers of 1 for marking
[429.081s][info][gc,marking     ] GC(506) Concurrent Mark From Roots 38.030ms
[429.081s][info][gc,marking     ] GC(506) Concurrent Preclean
[429.081s][info][gc,marking     ] GC(506) Concurrent Preclean 0.099ms
[429.081s][info][gc,start       ] GC(506) Pause Remark
[429.083s][info][gc             ] GC(506) Pause Remark 1982M->1246M(2868M) 2.347ms
[429.083s][info][gc,cpu         ] GC(506) User=0.01s Sys=0.00s Real=0.00s
[429.083s][info][gc,marking     ] GC(506) Concurrent Mark 40.625ms
[429.083s][info][gc,marking     ] GC(506) Concurrent Rebuild Remembered Sets and Scrub Regions
[429.104s][info][gc,marking     ] GC(506) Concurrent Rebuild Remembered Sets and Scrub Regions 20.428ms
[429.105s][info][gc,start       ] GC(506) Pause Cleanup
[429.105s][info][gc             ] GC(506) Pause Cleanup 1282M->1282M(2868M) 0.081ms
[429.105s][info][gc,cpu         ] GC(506) User=0.00s Sys=0.00s Real=0.00s
[429.105s][info][gc,marking     ] GC(506) Concurrent Clear Claimed Marks
[429.105s][info][gc,marking     ] GC(506) Concurrent Clear Claimed Marks 0.157ms
[429.105s][info][gc,marking     ] GC(506) Concurrent Cleanup for Next Mark
[429.106s][info][gc,marking     ] GC(506) Concurrent Cleanup for Next Mark 1.476ms
[429.106s][info][gc             ] GC(506) Concurrent Mark Cycle 68.620ms
[430.213s][info][gc,start       ] GC(507) Pause Young (Prepare Mixed) (G1 Evacuation Pause)
[430.213s][info][gc,task        ] GC(507) Using 4 workers of 4 for evacuation
[430.224s][info][gc,phases      ] GC(507)   Pre Evacuate Collection Set: 0.14ms
[430.224s][info][gc,phases      ] GC(507)   Merge Heap Roots: 0.11ms
[430.224s][info][gc,phases      ] GC(507)   Evacuate Collection Set: 9.99ms
[430.224s][info][gc,phases      ] GC(507)   Post Evacuate Collection Set: 0.72ms
[430.224s][info][gc,phases      ] GC(507)   Other: 0.10ms
[430.224s][info][gc,heap        ] GC(507) Eden regions: 308->0(404)
[430.224s][info][gc,heap        ] GC(507) Survivor regions: 11->40(40)
[430.224s][info][gc,heap        ] GC(507) Old regions: 164->229
[430.224s][info][gc,heap        ] GC(507) Humongous regions: 763->512
[430.224s][info][gc,metaspace   ] GC(507) Metaspace: 100548K(101568K)->100548K(101568K) NonClass: 78653K(79104K)->78653K(79104K) Class: 21894K(22464K)->21894K(22464K)
[430.224s][info][gc             ] GC(507) Pause Young (Prepare Mixed) (G1 Evacuation Pause) 2490M->1561M(2868M) 11.174ms
[430.224s][info][gc,cpu         ] GC(507) User=0.04s Sys=0.00s Real=0.01s
[431.093s][info][gc,start       ] GC(508) Pause Young (Mixed) (G1 Evacuation Pause)
[431.093s][info][gc,task        ] GC(508) Using 4 workers of 4 for evacuation
[431.097s][info][gc,phases      ] GC(508)   Pre Evacuate Collection Set: 0.25ms
[431.097s][info][gc,phases      ] GC(508)   Merge Heap Roots: 0.07ms
[431.097s][info][gc,phases      ] GC(508)   Evacuate Collection Set: 1.80ms
[431.097s][info][gc,phases      ] GC(508)   Post Evacuate Collection Set: 2.58ms
[431.097s][info][gc,phases      ] GC(508)   Other: 0.05ms
[431.097s][info][gc,heap        ] GC(508) Eden regions: 129->0(249)
[431.097s][info][gc,heap        ] GC(508) Survivor regions: 40->0(0)
[431.097s][info][gc,heap        ] GC(508) Old regions: 229->396
[431.097s][info][gc,heap        ] GC(508) Humongous regions: 1036->642
[431.097s][info][gc,metaspace   ] GC(508) Metaspace: 100559K(101568K)->100559K(101568K) NonClass: 78664K(79104K)->78664K(79104K) Class: 21894K(22464K)->21894K(22464K)
[431.097s][info][gc             ] GC(508) Pause Young (Mixed) (G1 Evacuation Pause) (Evacuation Failure: Allocation) 2867M->2075M(2868M) 4.845ms
[431.097s][info][gc,cpu         ] GC(508) User=0.01s Sys=0.00s Real=0.00s
[431.142s][info][gc,start       ] GC(509) Pause Young (Concurrent Start) (G1 Humongous Allocation)
[431.142s][info][gc,task        ] GC(509) Using 4 workers of 4 for evacuation
[431.148s][info][gc,phases      ] GC(509)   Pre Evacuate Collection Set: 0.38ms
[431.148s][info][gc,phases      ] GC(509)   Merge Heap Roots: 0.12ms
[431.148s][info][gc,phases      ] GC(509)   Evacuate Collection Set: 4.58ms
[431.148s][info][gc,phases      ] GC(509)   Post Evacuate Collection Set: 0.57ms
[431.148s][info][gc,phases      ] GC(509)   Other: 0.05ms
[431.148s][info][gc,heap        ] GC(509) Eden regions: 5->0(274)
[431.148s][info][gc,heap        ] GC(509) Survivor regions: 0->3(32)
[431.148s][info][gc,heap        ] GC(509) Old regions: 396->287
[431.148s][info][gc,heap        ] GC(509) Humongous regions: 642->642
[431.148s][info][gc,metaspace   ] GC(509) Metaspace: 100559K(101568K)->100559K(101568K) NonClass: 78664K(79104K)->78664K(79104K) Class: 21894K(22464K)->21894K(22464K)
[431.148s][info][gc             ] GC(509) Pause Young (Concurrent Start) (G1 Humongous Allocation) 2085M->1862M(2868M) 5.816ms
[431.148s][info][gc             ] GC(510) Concurrent Mark Cycle
[431.148s][info][gc,marking     ] GC(510) Concurrent Scan Root Regions
[431.148s][info][gc,cpu         ] GC(509) User=0.02s Sys=0.00s Real=0.00s
[431.152s][info][gc,marking     ] GC(510) Concurrent Scan Root Regions 4.136ms
[431.152s][info][gc,marking     ] GC(510) Concurrent Mark
[431.152s][info][gc,marking     ] GC(510) Concurrent Mark From Roots
[431.152s][info][gc,task        ] GC(510) Using 1 workers of 1 for marking
[431.194s][info][gc,marking     ] GC(510) Concurrent Mark From Roots 41.333ms
[431.194s][info][gc,marking     ] GC(510) Concurrent Preclean
[431.194s][info][gc,marking     ] GC(510) Concurrent Preclean 0.191ms
[431.194s][info][gc,start       ] GC(510) Pause Remark
[431.202s][info][gc             ] GC(510) Pause Remark 1909M->1217M(2868M) 7.881ms
[431.202s][info][gc,cpu         ] GC(510) User=0.02s Sys=0.00s Real=0.01s
[431.203s][info][gc,marking     ] GC(510) Concurrent Mark 50.190ms
[431.203s][info][gc,marking     ] GC(510) Concurrent Rebuild Remembered Sets and Scrub Regions
[431.226s][info][gc,marking     ] GC(510) Concurrent Rebuild Remembered Sets and Scrub Regions 23.261ms
[431.226s][info][gc,start       ] GC(510) Pause Cleanup
[431.226s][info][gc             ] GC(510) Pause Cleanup 1221M->1221M(2868M) 0.080ms
[431.226s][info][gc,cpu         ] GC(510) User=0.00s Sys=0.00s Real=0.00s
[431.226s][info][gc,marking     ] GC(510) Concurrent Clear Claimed Marks
[431.226s][info][gc,marking     ] GC(510) Concurrent Clear Claimed Marks 0.147ms
[431.226s][info][gc,marking     ] GC(510) Concurrent Cleanup for Next Mark
[431.228s][info][gc,marking     ] GC(510) Concurrent Cleanup for Next Mark 1.416ms
[431.228s][info][gc             ] GC(510) Concurrent Mark Cycle 79.523ms
[432.240s][info][gc,start       ] GC(511) Pause Young (Prepare Mixed) (G1 Evacuation Pause)
[432.240s][info][gc,task        ] GC(511) Using 4 workers of 4 for evacuation
[432.244s][info][gc,phases      ] GC(511)   Pre Evacuate Collection Set: 0.12ms
[432.244s][info][gc,phases      ] GC(511)   Merge Heap Roots: 0.07ms
[432.244s][info][gc,phases      ] GC(511)   Evacuate Collection Set: 2.96ms
[432.244s][info][gc,phases      ] GC(511)   Post Evacuate Collection Set: 0.58ms
[432.244s][info][gc,phases      ] GC(511)   Other: 0.05ms
[432.244s][info][gc,heap        ] GC(511) Eden regions: 274->0(388)
[432.244s][info][gc,heap        ] GC(511) Survivor regions: 3->31(35)
[432.244s][info][gc,heap        ] GC(511) Old regions: 196->196
[432.244s][info][gc,heap        ] GC(511) Humongous regions: 919->537
[432.244s][info][gc,metaspace   ] GC(511) Metaspace: 100559K(101568K)->100559K(101568K) NonClass: 78664K(79104K)->78664K(79104K) Class: 21894K(22464K)->21894K(22464K)
[432.244s][info][gc             ] GC(511) Pause Young (Prepare Mixed) (G1 Evacuation Pause) 2782M->1527M(2868M) 3.871ms
[432.244s][info][gc,cpu         ] GC(511) User=0.01s Sys=0.00s Real=0.00s
