[0.003s][info][gc,init] CardTable entry size: 512
[0.003s][info][gc     ] Using G1
[0.005s][info][gc,init] Version: 25.0.4.1+1-LTS (release)
[0.005s][info][gc,init] CPUs: 12 total, 4 available
[0.005s][info][gc,init] Memory: 4096M
[0.005s][info][gc,init] Large Page Support: Disabled
[0.005s][info][gc,init] NUMA Support: Disabled
[0.005s][info][gc,init] Compressed Oops: Enabled (Zero based)
[0.005s][info][gc,init] Heap Region Size: 2M
[0.005s][info][gc,init] Heap Min Capacity: 8M
[0.005s][info][gc,init] Heap Initial Capacity: 2868M
[0.005s][info][gc,init] Heap Max Capacity: 2868M
[0.005s][info][gc,init] Pre-touch: Disabled
[0.005s][info][gc,init] Parallel Workers: 4
[0.005s][info][gc,init] Concurrent Workers: 1
[0.005s][info][gc,init] Concurrent Refinement Workers: 4
[0.005s][info][gc,init] Periodic GC: Disabled
[0.009s][info][gc,metaspace] CDS archive(s) mapped at: [0x00003ffe00000000-0x00003ffe00e70000-0x00003ffe00e70000), size 15138816, SharedBaseAddress: 0x00003ffe00000000, ArchiveRelocationMode: 1.
[0.009s][info][gc,metaspace] Compressed class space mapped at: 0x00003ffe01000000-0x00003ffe41000000, reserved size: 1073741824
[0.009s][info][gc,metaspace] UseCompressedClassPointers 1, UseCompactObjectHeaders 1
[0.009s][info][gc,metaspace] Narrow klass pointer bits 22, Max shift 10
[0.009s][info][gc,metaspace] Narrow klass base: 0x00003ffe00000000, Narrow klass shift: 10
[0.009s][info][gc,metaspace] Encoding Range: [0x00003ffe00000000 - 0x00003fff00000000), (4294967296 bytes)
[0.009s][info][gc,metaspace] Klass Range:    [0x00003ffe00010000 - 0x00003ffe41000000), (1090453504 bytes)
[0.009s][info][gc,metaspace] Klass ID Range:  [64 - 1064960) (1064896)
[0.009s][info][gc,metaspace] Protection zone: [0x00003ffe00000000 - 0x00003ffe00010000), (65536 bytes)
[0.828s][info][gc,start    ] GC(0) Pause Young (Normal) (G1 Evacuation Pause)
[0.828s][info][gc,task     ] GC(0) Using 4 workers of 4 for evacuation
[0.834s][info][gc,phases   ] GC(0)   Pre Evacuate Collection Set: 0.19ms
[0.834s][info][gc,phases   ] GC(0)   Merge Heap Roots: 0.09ms
[0.834s][info][gc,phases   ] GC(0)   Evacuate Collection Set: 4.82ms
[0.834s][info][gc,phases   ] GC(0)   Post Evacuate Collection Set: 0.79ms
[0.834s][info][gc,phases   ] GC(0)   Other: 0.53ms
[0.834s][info][gc,heap     ] GC(0) Eden regions: 71->0(199)
[0.834s][info][gc,heap     ] GC(0) Survivor regions: 0->5(9)
[0.834s][info][gc,heap     ] GC(0) Old regions: 1->1
[0.834s][info][gc,heap     ] GC(0) Humongous regions: 2->2
[0.834s][info][gc,metaspace] GC(0) Metaspace: 17073K(17344K)->17073K(17344K) NonClass: 13477K(13632K)->13477K(13632K) Class: 3596K(3712K)->3596K(3712K)
[0.834s][info][gc          ] GC(0) Pause Young (Normal) (G1 Evacuation Pause) 147M->13M(2868M) 6.548ms
[0.834s][info][gc,cpu      ] GC(0) User=0.02s Sys=0.00s Real=0.01s
[1.363s][info][gc,start    ] GC(1) Pause Young (Concurrent Start) (Metadata GC Threshold)
[1.363s][info][gc,task     ] GC(1) Using 4 workers of 4 for evacuation
[1.370s][info][gc,phases   ] GC(1)   Pre Evacuate Collection Set: 0.29ms
[1.370s][info][gc,phases   ] GC(1)   Merge Heap Roots: 0.05ms
[1.370s][info][gc,phases   ] GC(1)   Evacuate Collection Set: 5.30ms
[1.370s][info][gc,phases   ] GC(1)   Post Evacuate Collection Set: 1.06ms
[1.370s][info][gc,phases   ] GC(1)   Other: 0.05ms
[1.370s][info][gc,heap     ] GC(1) Eden regions: 128->0(508)
[1.370s][info][gc,heap     ] GC(1) Survivor regions: 5->7(26)
[1.370s][info][gc,heap     ] GC(1) Old regions: 1->1
[1.370s][info][gc,heap     ] GC(1) Humongous regions: 2->2
[1.370s][info][gc,metaspace] GC(1) Metaspace: 21185K(21504K)->21185K(21504K) NonClass: 16547K(16704K)->16547K(16704K) Class: 4637K(4800K)->4637K(4800K)
[1.370s][info][gc          ] GC(1) Pause Young (Concurrent Start) (Metadata GC Threshold) 269M->17M(2868M) 6.834ms
[1.370s][info][gc,cpu      ] GC(1) User=0.02s Sys=0.00s Real=0.00s
[1.370s][info][gc          ] GC(2) Concurrent Mark Cycle
[1.370s][info][gc,marking  ] GC(2) Concurrent Scan Root Regions
[1.374s][info][gc,marking  ] GC(2) Concurrent Scan Root Regions 4.337ms
[1.374s][info][gc,marking  ] GC(2) Concurrent Mark
[1.374s][info][gc,marking  ] GC(2) Concurrent Mark From Roots
[1.374s][info][gc,task     ] GC(2) Using 1 workers of 1 for marking
[1.376s][info][gc,marking  ] GC(2) Concurrent Mark From Roots 1.192ms
[1.376s][info][gc,marking  ] GC(2) Concurrent Preclean
[1.376s][info][gc,marking  ] GC(2) Concurrent Preclean 0.007ms
[1.377s][info][gc,start    ] GC(2) Pause Remark
[1.380s][info][gc          ] GC(2) Pause Remark 19M->19M(68M) 3.083ms
[1.380s][info][gc,cpu      ] GC(2) User=0.01s Sys=0.00s Real=0.00s
[1.380s][info][gc,marking  ] GC(2) Concurrent Mark 5.629ms
[1.380s][info][gc,marking  ] GC(2) Concurrent Rebuild Remembered Sets and Scrub Regions
[1.381s][info][gc,marking  ] GC(2) Concurrent Rebuild Remembered Sets and Scrub Regions 0.822ms
[1.382s][info][gc,start    ] GC(2) Pause Cleanup
[1.382s][info][gc          ] GC(2) Pause Cleanup 19M->19M(68M) 0.033ms
[1.382s][info][gc,cpu      ] GC(2) User=0.00s Sys=0.00s Real=0.00s
[1.382s][info][gc,marking  ] GC(2) Concurrent Clear Claimed Marks
[1.382s][info][gc,marking  ] GC(2) Concurrent Clear Claimed Marks 0.037ms
[1.382s][info][gc,marking  ] GC(2) Concurrent Cleanup for Next Mark
[1.382s][info][gc,marking  ] GC(2) Concurrent Cleanup for Next Mark 0.459ms
[1.382s][info][gc          ] GC(2) Concurrent Mark Cycle 12.423ms
[1.551s][info][gc,start    ] GC(3) Pause Young (Prepare Mixed) (G1 Evacuation Pause)
[1.551s][info][gc,task     ] GC(3) Using 3 workers of 4 for evacuation
[1.558s][info][gc,phases   ] GC(3)   Pre Evacuate Collection Set: 0.13ms
[1.558s][info][gc,phases   ] GC(3)   Merge Heap Roots: 0.05ms
[1.558s][info][gc,phases   ] GC(3)   Evacuate Collection Set: 6.45ms
[1.558s][info][gc,phases   ] GC(3)   Post Evacuate Collection Set: 0.69ms
[1.558s][info][gc,phases   ] GC(3)   Other: 0.04ms
[1.558s][info][gc,heap     ] GC(3) Eden regions: 24->0(17)
[1.558s][info][gc,heap     ] GC(3) Survivor regions: 7->7(65)
[1.558s][info][gc,heap     ] GC(3) Old regions: 1->1
[1.558s][info][gc,heap     ] GC(3) Humongous regions: 2->2
[1.558s][info][gc,metaspace] GC(3) Metaspace: 22326K(22656K)->22326K(22656K) NonClass: 17528K(17728K)->17528K(17728K) Class: 4798K(4928K)->4798K(4928K)
[1.558s][info][gc          ] GC(3) Pause Young (Prepare Mixed) (G1 Evacuation Pause) 65M->19M(82M) 7.451ms
[1.558s][info][gc,cpu      ] GC(3) User=0.02s Sys=0.01s Real=0.01s
[1.619s][info][gc,start    ] GC(4) Pause Young (Mixed) (G1 Evacuation Pause)
[1.619s][info][gc,task     ] GC(4) Using 2 workers of 4 for evacuation
[1.628s][info][gc,phases   ] GC(4)   Pre Evacuate Collection Set: 0.09ms
[1.628s][info][gc,phases   ] GC(4)   Merge Heap Roots: 0.04ms
[1.628s][info][gc,phases   ] GC(4)   Evacuate Collection Set: 8.00ms
[1.628s][info][gc,phases   ] GC(4)   Post Evacuate Collection Set: 0.79ms
[1.628s][info][gc,phases   ] GC(4)   Other: 0.04ms
[1.628s][info][gc,heap     ] GC(4) Eden regions: 17->0(21)
[1.628s][info][gc,heap     ] GC(4) Survivor regions: 7->2(3)
[1.628s][info][gc,heap     ] GC(4) Old regions: 1->6
[1.628s][info][gc,heap     ] GC(4) Humongous regions: 2->2
[1.628s][info][gc,metaspace] GC(4) Metaspace: 23221K(23616K)->23221K(23616K) NonClass: 18225K(18432K)->18225K(18432K) Class: 4995K(5184K)->4995K(5184K)
[1.628s][info][gc          ] GC(4) Pause Young (Mixed) (G1 Evacuation Pause) 53M->20M(82M) 9.067ms
[1.628s][info][gc,cpu      ] GC(4) User=0.02s Sys=0.00s Real=0.01s
[1.747s][info][gc,start    ] GC(5) Pause Young (Normal) (G1 Evacuation Pause)
[1.747s][info][gc,task     ] GC(5) Using 2 workers of 4 for evacuation
[1.749s][info][gc,phases   ] GC(5)   Pre Evacuate Collection Set: 0.10ms
[1.749s][info][gc,phases   ] GC(5)   Merge Heap Roots: 0.04ms
[1.749s][info][gc,phases   ] GC(5)   Evacuate Collection Set: 1.70ms
[1.749s][info][gc,phases   ] GC(5)   Post Evacuate Collection Set: 0.28ms
[1.749s][info][gc,phases   ] GC(5)   Other: 0.04ms
[1.749s][info][gc,heap     ] GC(5) Eden regions: 21->0(21)
[1.749s][info][gc,heap     ] GC(5) Survivor regions: 2->1(3)
[1.749s][info][gc,heap     ] GC(5) Old regions: 6->8
[1.749s][info][gc,heap     ] GC(5) Humongous regions: 2->2
[1.749s][info][gc,metaspace] GC(5) Metaspace: 25041K(25408K)->25041K(25408K) NonClass: 19614K(19840K)->19614K(19840K) Class: 5427K(5568K)->5427K(5568K)
[1.749s][info][gc          ] GC(5) Pause Young (Normal) (G1 Evacuation Pause) 62M->20M(82M) 2.282ms
[1.749s][info][gc,cpu      ] GC(5) User=0.00s Sys=0.00s Real=0.00s
[1.866s][info][gc,start    ] GC(6) Pause Young (Normal) (G1 Evacuation Pause)
[1.866s][info][gc,task     ] GC(6) Using 2 workers of 4 for evacuation
[1.869s][info][gc,phases   ] GC(6)   Pre Evacuate Collection Set: 0.15ms
[1.869s][info][gc,phases   ] GC(6)   Merge Heap Roots: 0.08ms
[1.869s][info][gc,phases   ] GC(6)   Evacuate Collection Set: 2.15ms
[1.869s][info][gc,phases   ] GC(6)   Post Evacuate Collection Set: 0.42ms
[1.869s][info][gc,phases   ] GC(6)   Other: 0.04ms
[1.869s][info][gc,heap     ] GC(6) Eden regions: 21->0(21)
[1.869s][info][gc,heap     ] GC(6) Survivor regions: 1->2(3)
[1.869s][info][gc,heap     ] GC(6) Old regions: 8->8
[1.869s][info][gc,heap     ] GC(6) Humongous regions: 2->2
[1.869s][info][gc,metaspace] GC(6) Metaspace: 27536K(27904K)->27536K(27904K) NonClass: 21523K(21760K)->21523K(21760K) Class: 6013K(6144K)->6013K(6144K)
[1.869s][info][gc          ] GC(6) Pause Young (Normal) (G1 Evacuation Pause) 62M->21M(82M) 2.945ms
[1.869s][info][gc,cpu      ] GC(6) User=0.01s Sys=0.00s Real=0.00s
[2.007s][info][gc,start    ] GC(7) Pause Young (Normal) (G1 Evacuation Pause)
[2.007s][info][gc,task     ] GC(7) Using 4 workers of 4 for evacuation
[2.010s][info][gc,phases   ] GC(7)   Pre Evacuate Collection Set: 0.10ms
[2.010s][info][gc,phases   ] GC(7)   Merge Heap Roots: 0.04ms
[2.010s][info][gc,phases   ] GC(7)   Evacuate Collection Set: 1.16ms
[2.010s][info][gc,phases   ] GC(7)   Post Evacuate Collection Set: 1.37ms
[2.010s][info][gc,phases   ] GC(7)   Other: 0.05ms
[2.010s][info][gc,heap     ] GC(7) Eden regions: 21->0(440)
[2.010s][info][gc,heap     ] GC(7) Survivor regions: 2->2(3)
[2.010s][info][gc,heap     ] GC(7) Old regions: 8->8
[2.010s][info][gc,heap     ] GC(7) Humongous regions: 2->2
[2.010s][info][gc,metaspace] GC(7) Metaspace: 32039K(32448K)->32039K(32448K) NonClass: 24885K(25152K)->24885K(25152K) Class: 7154K(7296K)->7154K(7296K)
[2.010s][info][gc          ] GC(7) Pause Young (Normal) (G1 Evacuation Pause) 63M->22M(1476M) 2.797ms
[2.010s][info][gc,cpu      ] GC(7) User=0.01s Sys=0.00s Real=0.00s
[2.086s][info][gc,start    ] GC(8) Pause Young (Concurrent Start) (Metadata GC Threshold)
[2.086s][info][gc,task     ] GC(8) Using 4 workers of 4 for evacuation
[2.088s][info][gc,phases   ] GC(8)   Pre Evacuate Collection Set: 0.16ms
[2.088s][info][gc,phases   ] GC(8)   Merge Heap Roots: 0.05ms
[2.088s][info][gc,phases   ] GC(8)   Evacuate Collection Set: 1.58ms
[2.088s][info][gc,phases   ] GC(8)   Post Evacuate Collection Set: 0.36ms
[2.088s][info][gc,phases   ] GC(8)   Other: 0.04ms
[2.088s][info][gc,heap     ] GC(8) Eden regions: 24->0(439)
[2.088s][info][gc,heap     ] GC(8) Survivor regions: 2->3(56)
[2.088s][info][gc,heap     ] GC(8) Old regions: 8->8
[2.088s][info][gc,heap     ] GC(8) Humongous regions: 2->2
[2.088s][info][gc,metaspace] GC(8) Metaspace: 35719K(36160K)->35719K(36160K) NonClass: 27871K(28096K)->27871K(28096K) Class: 7848K(8064K)->7848K(8064K)
[2.088s][info][gc          ] GC(8) Pause Young (Concurrent Start) (Metadata GC Threshold) 69M->23M(1476M) 2.267ms
[2.088s][info][gc,cpu      ] GC(8) User=0.01s Sys=0.00s Real=0.00s
[2.088s][info][gc          ] GC(9) Concurrent Mark Cycle
[2.088s][info][gc,marking  ] GC(9) Concurrent Scan Root Regions
[2.090s][info][gc,marking  ] GC(9) Concurrent Scan Root Regions 2.285ms
[2.090s][info][gc,marking  ] GC(9) Concurrent Mark
[2.090s][info][gc,marking  ] GC(9) Concurrent Mark From Roots
[2.090s][info][gc,task     ] GC(9) Using 1 workers of 1 for marking
[2.103s][info][gc,marking  ] GC(9) Concurrent Mark From Roots 12.554ms
[2.103s][info][gc,marking  ] GC(9) Concurrent Preclean
[2.103s][info][gc,marking  ] GC(9) Concurrent Preclean 0.058ms
[2.103s][info][gc,start    ] GC(9) Pause Remark
[2.107s][info][gc          ] GC(9) Pause Remark 33M->33M(88M) 3.776ms
[2.107s][info][gc,cpu      ] GC(9) User=0.01s Sys=0.00s Real=0.00s
[2.107s][info][gc,marking  ] GC(9) Concurrent Mark 16.565ms
[2.107s][info][gc,marking  ] GC(9) Concurrent Rebuild Remembered Sets and Scrub Regions
[2.112s][info][gc,marking  ] GC(9) Concurrent Rebuild Remembered Sets and Scrub Regions 5.040ms
[2.113s][info][gc,start    ] GC(9) Pause Cleanup
[2.113s][info][gc          ] GC(9) Pause Cleanup 36M->36M(88M) 0.026ms
[2.113s][info][gc,cpu      ] GC(9) User=0.00s Sys=0.00s Real=0.00s
[2.113s][info][gc,marking  ] GC(9) Concurrent Clear Claimed Marks
[2.113s][info][gc,marking  ] GC(9) Concurrent Clear Claimed Marks 0.042ms
[2.113s][info][gc,marking  ] GC(9) Concurrent Cleanup for Next Mark
[2.113s][info][gc,marking  ] GC(9) Concurrent Cleanup for Next Mark 0.191ms
[2.113s][info][gc          ] GC(9) Concurrent Mark Cycle 24.839ms
[2.206s][info][gc,start    ] GC(10) Pause Young (Prepare Mixed) (G1 Evacuation Pause)
[2.206s][info][gc,task     ] GC(10) Using 4 workers of 4 for evacuation
[2.208s][info][gc,phases   ] GC(10)   Pre Evacuate Collection Set: 0.08ms
[2.208s][info][gc,phases   ] GC(10)   Merge Heap Roots: 0.04ms
[2.208s][info][gc,phases   ] GC(10)   Evacuate Collection Set: 1.94ms
[2.208s][info][gc,phases   ] GC(10)   Post Evacuate Collection Set: 0.35ms
[2.208s][info][gc,phases   ] GC(10)   Other: 0.04ms
[2.208s][info][gc,heap     ] GC(10) Eden regions: 31->0(24)
[2.208s][info][gc,heap     ] GC(10) Survivor regions: 3->4(56)
[2.208s][info][gc,heap     ] GC(10) Old regions: 8->8
[2.208s][info][gc,heap     ] GC(10) Humongous regions: 2->2
[2.208s][info][gc,metaspace] GC(10) Metaspace: 39877K(40320K)->39877K(40320K) NonClass: 31114K(31360K)->31114K(31360K) Class: 8762K(8960K)->8762K(8960K)
[2.208s][info][gc          ] GC(10) Pause Young (Prepare Mixed) (G1 Evacuation Pause) 85M->25M(96M) 2.540ms
[2.208s][info][gc,cpu      ] GC(10) User=0.01s Sys=0.00s Real=0.00s
[2.297s][info][gc,start    ] GC(11) Pause Young (Mixed) (G1 Evacuation Pause)
[2.297s][info][gc,task     ] GC(11) Using 4 workers of 4 for evacuation
[2.300s][info][gc,phases   ] GC(11)   Pre Evacuate Collection Set: 0.09ms
[2.300s][info][gc,phases   ] GC(11)   Merge Heap Roots: 0.04ms
[2.300s][info][gc,phases   ] GC(11)   Evacuate Collection Set: 2.75ms
[2.300s][info][gc,phases   ] GC(11)   Post Evacuate Collection Set: 0.41ms
[2.300s][info][gc,phases   ] GC(11)   Other: 0.04ms
[2.300s][info][gc,heap     ] GC(11) Eden regions: 24->0(25)
[2.300s][info][gc,heap     ] GC(11) Survivor regions: 4->3(4)
[2.300s][info][gc,heap     ] GC(11) Old regions: 8->9
[2.300s][info][gc,heap     ] GC(11) Humongous regions: 2->2
[2.300s][info][gc,metaspace] GC(11) Metaspace: 42059K(42560K)->42059K(42560K) NonClass: 32601K(32896K)->32601K(32896K) Class: 9457K(9664K)->9457K(9664K)
[2.300s][info][gc          ] GC(11) Pause Young (Mixed) (G1 Evacuation Pause) 73M->26M(96M) 3.435ms
[2.300s][info][gc,cpu      ] GC(11) User=0.02s Sys=0.00s Real=0.00s
[2.424s][info][gc,start    ] GC(12) Pause Young (Normal) (G1 Evacuation Pause)
[2.424s][info][gc,task     ] GC(12) Using 3 workers of 4 for evacuation
[2.427s][info][gc,phases   ] GC(12)   Pre Evacuate Collection Set: 0.09ms
[2.427s][info][gc,phases   ] GC(12)   Merge Heap Roots: 0.05ms
[2.427s][info][gc,phases   ] GC(12)   Evacuate Collection Set: 2.51ms
[2.427s][info][gc,phases   ] GC(12)   Post Evacuate Collection Set: 0.45ms
[2.427s][info][gc,phases   ] GC(12)   Other: 0.05ms
[2.427s][info][gc,heap     ] GC(12) Eden regions: 25->0(25)
[2.427s][info][gc,heap     ] GC(12) Survivor regions: 3->3(4)
[2.427s][info][gc,heap     ] GC(12) Old regions: 9->11
[2.427s][info][gc,heap     ] GC(12) Humongous regions: 2->2
[2.427s][info][gc,metaspace] GC(12) Metaspace: 43899K(44352K)->43899K(44352K) NonClass: 34063K(34304K)->34063K(34304K) Class: 9836K(10048K)->9836K(10048K)
[2.427s][info][gc          ] GC(12) Pause Young (Normal) (G1 Evacuation Pause) 76M->29M(96M) 3.233ms
[2.427s][info][gc,cpu      ] GC(12) User=0.01s Sys=0.00s Real=0.00s
[2.556s][info][gc,start    ] GC(13) Pause Young (Normal) (G1 Evacuation Pause)
[2.556s][info][gc,task     ] GC(13) Using 2 workers of 4 for evacuation
[2.561s][info][gc,phases   ] GC(13)   Pre Evacuate Collection Set: 0.10ms
[2.561s][info][gc,phases   ] GC(13)   Merge Heap Roots: 0.05ms
[2.561s][info][gc,phases   ] GC(13)   Evacuate Collection Set: 3.80ms
[2.561s][info][gc,phases   ] GC(13)   Post Evacuate Collection Set: 0.35ms
[2.561s][info][gc,phases   ] GC(13)   Other: 0.06ms
[2.561s][info][gc,heap     ] GC(13) Eden regions: 25->0(25)
[2.561s][info][gc,heap     ] GC(13) Survivor regions: 3->3(4)
[2.561s][info][gc,heap     ] GC(13) Old regions: 11->12
[2.561s][info][gc,heap     ] GC(13) Humongous regions: 2->2
[2.561s][info][gc,metaspace] GC(13) Metaspace: 45010K(45440K)->45010K(45440K) NonClass: 34965K(35200K)->34965K(35200K) Class: 10045K(10240K)->10045K(10240K)
[2.561s][info][gc          ] GC(13) Pause Young (Normal) (G1 Evacuation Pause) 79M->32M(96M) 4.444ms
[2.561s][info][gc,cpu      ] GC(13) User=0.01s Sys=0.00s Real=0.00s
[2.711s][info][gc,start    ] GC(14) Pause Young (Normal) (G1 Evacuation Pause)
[2.711s][info][gc,task     ] GC(14) Using 2 workers of 4 for evacuation
[2.717s][info][gc,phases   ] GC(14)   Pre Evacuate Collection Set: 0.09ms
[2.717s][info][gc,phases   ] GC(14)   Merge Heap Roots: 0.05ms
[2.717s][info][gc,phases   ] GC(14)   Evacuate Collection Set: 3.98ms
[2.717s][info][gc,phases   ] GC(14)   Post Evacuate Collection Set: 1.26ms
[2.717s][info][gc,phases   ] GC(14)   Other: 0.04ms
[2.717s][info][gc,heap     ] GC(14) Eden regions: 25->0(441)
[2.717s][info][gc,heap     ] GC(14) Survivor regions: 3->3(4)
[2.717s][info][gc,heap     ] GC(14) Old regions: 12->13
[2.717s][info][gc,heap     ] GC(14) Humongous regions: 2->2
[2.717s][info][gc,metaspace] GC(14) Metaspace: 47068K(47488K)->47068K(47488K) NonClass: 36567K(36800K)->36567K(36800K) Class: 10501K(10688K)->10501K(10688K)
[2.717s][info][gc          ] GC(14) Pause Young (Normal) (G1 Evacuation Pause) 82M->34M(1482M) 5.512ms
[2.717s][info][gc,cpu      ] GC(14) User=0.01s Sys=0.00s Real=0.01s
[3.579s][info][gc,start    ] GC(15) Pause Young (Concurrent Start) (Metadata GC Threshold)
[3.579s][info][gc,task     ] GC(15) Using 4 workers of 4 for evacuation
[3.585s][info][gc,phases   ] GC(15)   Pre Evacuate Collection Set: 0.20ms
[3.585s][info][gc,phases   ] GC(15)   Merge Heap Roots: 0.08ms
[3.585s][info][gc,phases   ] GC(15)   Evacuate Collection Set: 4.76ms
[3.585s][info][gc,phases   ] GC(15)   Post Evacuate Collection Set: 0.81ms
[3.585s][info][gc,phases   ] GC(15)   Other: 0.06ms
[3.585s][info][gc,heap     ] GC(15) Eden regions: 142->0(438)
[3.585s][info][gc,heap     ] GC(15) Survivor regions: 3->6(56)
[3.585s][info][gc,heap     ] GC(15) Old regions: 13->13
[3.585s][info][gc,heap     ] GC(15) Humongous regions: 2->2
[3.585s][info][gc,metaspace] GC(15) Metaspace: 60968K(61568K)->60968K(61568K) NonClass: 47183K(47488K)->47183K(47488K) Class: 13785K(14080K)->13785K(14080K)
[3.585s][info][gc          ] GC(15) Pause Young (Concurrent Start) (Metadata GC Threshold) 317M->40M(1482M) 6.012ms
[3.585s][info][gc,cpu      ] GC(15) User=0.02s Sys=0.00s Real=0.01s
[3.585s][info][gc          ] GC(16) Concurrent Mark Cycle
[3.585s][info][gc,marking  ] GC(16) Concurrent Scan Root Regions
[3.591s][info][gc,marking  ] GC(16) Concurrent Scan Root Regions 5.801ms
[3.591s][info][gc,marking  ] GC(16) Concurrent Mark
[3.591s][info][gc,marking  ] GC(16) Concurrent Mark From Roots
[3.591s][info][gc,task     ] GC(16) Using 1 workers of 1 for marking
[3.611s][info][gc,marking  ] GC(16) Concurrent Mark From Roots 19.584ms
[3.611s][info][gc,marking  ] GC(16) Concurrent Preclean
[3.611s][info][gc,marking  ] GC(16) Concurrent Preclean 0.101ms
[3.612s][info][gc,start    ] GC(16) Pause Remark
[3.615s][info][gc          ] GC(16) Pause Remark 53M->53M(140M) 2.980ms
[3.615s][info][gc,cpu      ] GC(16) User=0.01s Sys=0.00s Real=0.00s
[3.615s][info][gc,marking  ] GC(16) Concurrent Mark 23.510ms
[3.615s][info][gc,marking  ] GC(16) Concurrent Rebuild Remembered Sets and Scrub Regions
[3.626s][info][gc,marking  ] GC(16) Concurrent Rebuild Remembered Sets and Scrub Regions 11.115ms
[3.627s][info][gc,start    ] GC(16) Pause Cleanup
[3.627s][info][gc          ] GC(16) Pause Cleanup 57M->57M(140M) 0.038ms
[3.627s][info][gc,cpu      ] GC(16) User=0.00s Sys=0.00s Real=0.00s
[3.627s][info][gc,marking  ] GC(16) Concurrent Clear Claimed Marks
[3.627s][info][gc,marking  ] GC(16) Concurrent Clear Claimed Marks 0.067ms
[3.627s][info][gc,marking  ] GC(16) Concurrent Cleanup for Next Mark
[3.627s][info][gc,marking  ] GC(16) Concurrent Cleanup for Next Mark 0.411ms
[3.627s][info][gc          ] GC(16) Concurrent Mark Cycle 41.892ms
[3.783s][info][gc,start    ] GC(17) Pause Young (Prepare Mixed) (G1 Evacuation Pause)
[3.783s][info][gc,task     ] GC(17) Using 4 workers of 4 for evacuation
[3.788s][info][gc,phases   ] GC(17)   Pre Evacuate Collection Set: 0.10ms
[3.788s][info][gc,phases   ] GC(17)   Merge Heap Roots: 0.09ms
[3.788s][info][gc,phases   ] GC(17)   Evacuate Collection Set: 4.18ms
[3.788s][info][gc,phases   ] GC(17)   Post Evacuate Collection Set: 0.70ms
[3.788s][info][gc,phases   ] GC(17)   Other: 0.05ms
[3.788s][info][gc,heap     ] GC(17) Eden regions: 36->0(40)
[3.788s][info][gc,heap     ] GC(17) Survivor regions: 6->2(6)
[3.788s][info][gc,heap     ] GC(17) Old regions: 13->19
[3.788s][info][gc,heap     ] GC(17) Humongous regions: 2->2
[3.788s][info][gc,metaspace] GC(17) Metaspace: 65369K(65984K)->65369K(65984K) NonClass: 50461K(50816K)->50461K(50816K) Class: 14908K(15168K)->14908K(15168K)
[3.788s][info][gc          ] GC(17) Pause Young (Prepare Mixed) (G1 Evacuation Pause) 112M->42M(140M) 5.231ms
[3.788s][info][gc,cpu      ] GC(17) User=0.02s Sys=0.00s Real=0.00s
[3.974s][info][gc,start    ] GC(18) Pause Young (Mixed) (G1 Evacuation Pause)
[3.974s][info][gc,task     ] GC(18) Using 4 workers of 4 for evacuation
[3.978s][info][gc,phases   ] GC(18)   Pre Evacuate Collection Set: 0.16ms
[3.978s][info][gc,phases   ] GC(18)   Merge Heap Roots: 0.08ms
[3.978s][info][gc,phases   ] GC(18)   Evacuate Collection Set: 3.09ms
[3.978s][info][gc,phases   ] GC(18)   Post Evacuate Collection Set: 0.56ms
[3.978s][info][gc,phases   ] GC(18)   Other: 0.05ms
[3.978s][info][gc,heap     ] GC(18) Eden regions: 40->0(39)
[3.978s][info][gc,heap     ] GC(18) Survivor regions: 2->3(6)
[3.978s][info][gc,heap     ] GC(18) Old regions: 19->19
[3.978s][info][gc,heap     ] GC(18) Humongous regions: 2->2
[3.978s][info][gc,metaspace] GC(18) Metaspace: 69739K(70336K)->69739K(70336K) NonClass: 54000K(54336K)->54000K(54336K) Class: 15739K(16000K)->15739K(16000K)
[3.978s][info][gc          ] GC(18) Pause Young (Mixed) (G1 Evacuation Pause) 122M->44M(140M) 4.047ms
[3.978s][info][gc,cpu      ] GC(18) User=0.02s Sys=0.00s Real=0.00s
[4.164s][info][gc,start    ] GC(19) Pause Young (Normal) (G1 Evacuation Pause)
[4.164s][info][gc,task     ] GC(19) Using 4 workers of 4 for evacuation
[4.167s][info][gc,phases   ] GC(19)   Pre Evacuate Collection Set: 0.09ms
[4.167s][info][gc,phases   ] GC(19)   Merge Heap Roots: 0.05ms
[4.167s][info][gc,phases   ] GC(19)   Evacuate Collection Set: 2.16ms
[4.167s][info][gc,phases   ] GC(19)   Post Evacuate Collection Set: 0.55ms
[4.167s][info][gc,phases   ] GC(19)   Other: 0.05ms
[4.167s][info][gc,heap     ] GC(19) Eden regions: 39->0(39)
[4.167s][info][gc,heap     ] GC(19) Survivor regions: 3->3(6)
[4.167s][info][gc,heap     ] GC(19) Old regions: 19->19
[4.167s][info][gc,heap     ] GC(19) Humongous regions: 2->2
[4.167s][info][gc,metaspace] GC(19) Metaspace: 74385K(75072K)->74385K(75072K) NonClass: 57876K(58240K)->57876K(58240K) Class: 16509K(16832K)->16509K(16832K)
[4.167s][info][gc          ] GC(19) Pause Young (Normal) (G1 Evacuation Pause) 122M->45M(140M) 3.019ms
[4.167s][info][gc,cpu      ] GC(19) User=0.01s Sys=0.00s Real=0.00s
[4.468s][info][gc,start    ] GC(20) Pause Young (Normal) (G1 Evacuation Pause)
[4.468s][info][gc,task     ] GC(20) Using 4 workers of 4 for evacuation
[4.471s][info][gc,phases   ] GC(20)   Pre Evacuate Collection Set: 0.13ms
[4.471s][info][gc,phases   ] GC(20)   Merge Heap Roots: 0.06ms
[4.471s][info][gc,phases   ] GC(20)   Evacuate Collection Set: 3.08ms
[4.471s][info][gc,phases   ] GC(20)   Post Evacuate Collection Set: 0.50ms
[4.472s][info][gc,phases   ] GC(20)   Other: 0.06ms
[4.472s][info][gc,heap     ] GC(20) Eden regions: 39->0(37)
[4.472s][info][gc,heap     ] GC(20) Survivor regions: 3->5(6)
[4.472s][info][gc,heap     ] GC(20) Old regions: 19->19
[4.472s][info][gc,heap     ] GC(20) Humongous regions: 2->2
[4.472s][info][gc,metaspace] GC(20) Metaspace: 78649K(79424K)->78649K(79424K) NonClass: 61079K(61504K)->61079K(61504K) Class: 17570K(17920K)->17570K(17920K)
[4.472s][info][gc          ] GC(20) Pause Young (Normal) (G1 Evacuation Pause) 123M->48M(140M) 3.958ms
[4.472s][info][gc,cpu      ] GC(20) User=0.01s Sys=0.00s Real=0.01s
[5.114s][info][gc,start    ] GC(21) Pause Young (Normal) (G1 Evacuation Pause)
[5.114s][info][gc,task     ] GC(21) Using 4 workers of 4 for evacuation
[5.120s][info][gc,phases   ] GC(21)   Pre Evacuate Collection Set: 0.10ms
[5.120s][info][gc,phases   ] GC(21)   Merge Heap Roots: 0.06ms
[5.120s][info][gc,phases   ] GC(21)   Evacuate Collection Set: 3.74ms
[5.120s][info][gc,phases   ] GC(21)   Post Evacuate Collection Set: 1.64ms
[5.120s][info][gc,phases   ] GC(21)   Other: 0.06ms
[5.120s][info][gc,heap     ] GC(21) Eden regions: 37->0(446)
[5.120s][info][gc,heap     ] GC(21) Survivor regions: 5->5(6)
[5.120s][info][gc,heap     ] GC(21) Old regions: 19->20
[5.120s][info][gc,heap     ] GC(21) Humongous regions: 2->2
[5.120s][info][gc,metaspace] GC(21) Metaspace: 83284K(84096K)->83284K(84096K) NonClass: 64613K(65088K)->64613K(65088K) Class: 18671K(19008K)->18671K(19008K)
[5.120s][info][gc          ] GC(21) Pause Young (Normal) (G1 Evacuation Pause) 122M->50M(1504M) 5.696ms
[5.120s][info][gc,cpu      ] GC(21) User=0.02s Sys=0.01s Real=0.00s
[286.056s][info][gc,start    ] GC(22) Pause Young (Concurrent Start) (G1 Humongous Allocation)
[286.056s][info][gc,task     ] GC(22) Using 4 workers of 4 for evacuation
[286.076s][info][gc,phases   ] GC(22)   Pre Evacuate Collection Set: 0.42ms
[286.076s][info][gc,phases   ] GC(22)   Merge Heap Roots: 0.08ms
[286.076s][info][gc,phases   ] GC(22)   Evacuate Collection Set: 17.83ms
[286.076s][info][gc,phases   ] GC(22)   Post Evacuate Collection Set: 1.16ms
[286.076s][info][gc,phases   ] GC(22)   Other: 0.24ms
[286.076s][info][gc,heap     ] GC(22) Eden regions: 225->0(438)
[286.076s][info][gc,heap     ] GC(22) Survivor regions: 5->9(57)
[286.076s][info][gc,heap     ] GC(22) Old regions: 20->20
[286.076s][info][gc,heap     ] GC(22) Humongous regions: 242->229
[286.076s][info][gc,metaspace] GC(22) Metaspace: 99007K(100096K)->99007K(100096K) NonClass: 77007K(77632K)->77007K(77632K) Class: 21999K(22464K)->21999K(22464K)
[286.076s][info][gc          ] GC(22) Pause Young (Concurrent Start) (G1 Humongous Allocation) 980M->513M(1504M) 19.933ms
[286.076s][info][gc,cpu      ] GC(22) User=0.07s Sys=0.01s Real=0.02s
[286.076s][info][gc          ] GC(23) Concurrent Undo Cycle
[286.076s][info][gc,marking  ] GC(23) Concurrent Clear Claimed Marks
[286.076s][info][gc,marking  ] GC(23) Concurrent Clear Claimed Marks 0.152ms
[286.076s][info][gc,marking  ] GC(23) Concurrent Cleanup for Next Mark
[286.076s][info][gc,marking  ] GC(23) Concurrent Cleanup for Next Mark 0.156ms
[286.076s][info][gc          ] GC(23) Concurrent Undo Cycle 0.352ms
[286.081s][info][gc,start    ] GC(24) Pause Young (Concurrent Start) (G1 Humongous Allocation)
[286.081s][info][gc,task     ] GC(24) Using 4 workers of 4 for evacuation
[286.088s][info][gc,phases   ] GC(24)   Pre Evacuate Collection Set: 0.16ms
[286.088s][info][gc,phases   ] GC(24)   Merge Heap Roots: 0.05ms
[286.088s][info][gc,phases   ] GC(24)   Evacuate Collection Set: 6.23ms
[286.088s][info][gc,phases   ] GC(24)   Post Evacuate Collection Set: 0.85ms
[286.088s][info][gc,phases   ] GC(24)   Other: 0.08ms
[286.088s][info][gc,heap     ] GC(24) Eden regions: 5->0(443)
[286.088s][info][gc,heap     ] GC(24) Survivor regions: 9->8(56)
[286.088s][info][gc,heap     ] GC(24) Old regions: 20->20
[286.088s][info][gc,heap     ] GC(24) Humongous regions: 245->240
[286.088s][info][gc,metaspace] GC(24) Metaspace: 99011K(100096K)->99011K(100096K) NonClass: 77010K(77632K)->77010K(77632K) Class: 22001K(22464K)->22001K(22464K)
[286.088s][info][gc          ] GC(24) Pause Young (Concurrent Start) (G1 Humongous Allocation) 554M->533M(1504M) 7.543ms
[286.088s][info][gc,cpu      ] GC(24) User=0.03s Sys=0.00s Real=0.01s
[286.088s][info][gc          ] GC(25) Concurrent Undo Cycle
[286.088s][info][gc,marking  ] GC(25) Concurrent Clear Claimed Marks
[286.089s][info][gc,marking  ] GC(25) Concurrent Clear Claimed Marks 0.210ms
[286.089s][info][gc,marking  ] GC(25) Concurrent Cleanup for Next Mark
[286.089s][info][gc,marking  ] GC(25) Concurrent Cleanup for Next Mark 0.144ms
[286.089s][info][gc          ] GC(25) Concurrent Undo Cycle 0.435ms
[286.089s][info][gc,start    ] GC(26) Pause Young (Concurrent Start) (G1 Humongous Allocation)
[286.089s][info][gc,task     ] GC(26) Using 4 workers of 4 for evacuation
[286.097s][info][gc,phases   ] GC(26)   Pre Evacuate Collection Set: 0.35ms
[286.097s][info][gc,phases   ] GC(26)   Merge Heap Roots: 0.16ms
[286.097s][info][gc,phases   ] GC(26)   Evacuate Collection Set: 6.19ms
[286.097s][info][gc,phases   ] GC(26)   Post Evacuate Collection Set: 1.06ms
[286.097s][info][gc,phases   ] GC(26)   Other: 0.08ms
[286.097s][info][gc,heap     ] GC(26) Eden regions: 1->0(443)
[286.097s][info][gc,heap     ] GC(26) Survivor regions: 8->8(57)
[286.097s][info][gc,heap     ] GC(26) Old regions: 20->20
[286.097s][info][gc,heap     ] GC(26) Humongous regions: 241->241
[286.097s][info][gc,metaspace] GC(26) Metaspace: 99011K(100096K)->99011K(100096K) NonClass: 77010K(77632K)->77010K(77632K) Class: 22001K(22464K)->22001K(22464K)
[286.097s][info][gc          ] GC(26) Pause Young (Concurrent Start) (G1 Humongous Allocation) 536M->534M(1504M) 7.945ms
[286.097s][info][gc,cpu      ] GC(26) User=0.03s Sys=0.00s Real=0.01s
[286.097s][info][gc          ] GC(27) Concurrent Mark Cycle
[286.097s][info][gc,marking  ] GC(27) Concurrent Scan Root Regions
[286.109s][info][gc,marking  ] GC(27) Concurrent Scan Root Regions 11.797ms
[286.109s][info][gc,marking  ] GC(27) Concurrent Mark
[286.109s][info][gc,marking  ] GC(27) Concurrent Mark From Roots
[286.109s][info][gc,task     ] GC(27) Using 1 workers of 1 for marking
[286.152s][info][gc,marking  ] GC(27) Concurrent Mark From Roots 42.950ms
[286.152s][info][gc,marking  ] GC(27) Concurrent Preclean
[286.152s][info][gc,marking  ] GC(27) Concurrent Preclean 0.210ms
[286.154s][info][gc,start    ] GC(27) Pause Remark
[286.165s][info][gc          ] GC(27) Pause Remark 704M->704M(1504M) 11.365ms
[286.165s][info][gc,cpu      ] GC(27) User=0.04s Sys=0.00s Real=0.01s
[286.165s][info][gc,marking  ] GC(27) Concurrent Mark 55.863ms
[286.165s][info][gc,marking  ] GC(27) Concurrent Rebuild Remembered Sets and Scrub Regions
[286.181s][info][gc,marking  ] GC(27) Concurrent Rebuild Remembered Sets and Scrub Regions 15.708ms
[286.181s][info][gc,start    ] GC(27) Pause Cleanup
[286.181s][info][gc          ] GC(27) Pause Cleanup 751M->751M(1504M) 0.083ms
[286.181s][info][gc,cpu      ] GC(27) User=0.00s Sys=0.00s Real=0.00s
[286.181s][info][gc,marking  ] GC(27) Concurrent Clear Claimed Marks
[286.181s][info][gc,marking  ] GC(27) Concurrent Clear Claimed Marks 0.224ms
[286.181s][info][gc,marking  ] GC(27) Concurrent Cleanup for Next Mark
[286.190s][info][gc,marking  ] GC(27) Concurrent Cleanup for Next Mark 8.498ms
[286.190s][info][gc          ] GC(27) Concurrent Mark Cycle 92.479ms
[286.353s][info][gc,start    ] GC(28) Pause Young (Prepare Mixed) (G1 Evacuation Pause)
[286.353s][info][gc,task     ] GC(28) Using 4 workers of 4 for evacuation
[286.365s][info][gc,phases   ] GC(28)   Pre Evacuate Collection Set: 0.14ms
[286.365s][info][gc,phases   ] GC(28)   Merge Heap Roots: 0.10ms
[286.365s][info][gc,phases   ] GC(28)   Evacuate Collection Set: 10.80ms
[286.365s][info][gc,phases   ] GC(28)   Post Evacuate Collection Set: 1.28ms
[286.365s][info][gc,phases   ] GC(28)   Other: 0.10ms
[286.365s][info][gc,heap     ] GC(28) Eden regions: 115->0(312)
[286.365s][info][gc,heap     ] GC(28) Survivor regions: 8->7(57)
[286.365s][info][gc,heap     ] GC(28) Old regions: 20->20
[286.365s][info][gc,heap     ] GC(28) Humongous regions: 617->389
[286.365s][info][gc,metaspace] GC(28) Metaspace: 99046K(100160K)->99046K(100160K) NonClass: 77043K(77696K)->77043K(77696K) Class: 22002K(22464K)->22002K(22464K)
[286.365s][info][gc          ] GC(28) Pause Young (Prepare Mixed) (G1 Evacuation Pause) 1516M->829M(1534M) 12.555ms
[286.365s][info][gc,cpu      ] GC(28) User=0.04s Sys=0.01s Real=0.01s
[286.546s][info][gc,start    ] GC(29) Pause Young (Mixed) (G1 Evacuation Pause)
[286.546s][info][gc,task     ] GC(29) Using 4 workers of 4 for evacuation
[286.556s][info][gc,phases   ] GC(29)   Pre Evacuate Collection Set: 0.13ms
[286.556s][info][gc,phases   ] GC(29)   Merge Heap Roots: 0.07ms
[286.556s][info][gc,phases   ] GC(29)   Evacuate Collection Set: 9.22ms
[286.556s][info][gc,phases   ] GC(29)   Post Evacuate Collection Set: 0.97ms
[286.556s][info][gc,phases   ] GC(29)   Other: 0.08ms
[286.556s][info][gc,heap     ] GC(29) Eden regions: 44->0(315)
[286.556s][info][gc,heap     ] GC(29) Survivor regions: 7->7(40)
[286.556s][info][gc,heap     ] GC(29) Old regions: 20->18
[286.556s][info][gc,heap     ] GC(29) Humongous regions: 704->402
[286.556s][info][gc,metaspace] GC(29) Metaspace: 99075K(100160K)->99075K(100160K) NonClass: 77071K(77696K)->77071K(77696K) Class: 22004K(22464K)->22004K(22464K)
[286.556s][info][gc          ] GC(29) Pause Young (Mixed) (G1 Evacuation Pause) 1547M->853M(1564M) 10.574ms
[286.556s][info][gc,cpu      ] GC(29) User=0.03s Sys=0.00s Real=0.01s
[286.570s][info][gc,start    ] GC(30) Pause Young (Concurrent Start) (G1 Humongous Allocation)
[286.570s][info][gc,task     ] GC(30) Using 4 workers of 4 for evacuation
[286.577s][info][gc,phases   ] GC(30)   Pre Evacuate Collection Set: 0.20ms
[286.577s][info][gc,phases   ] GC(30)   Merge Heap Roots: 0.12ms
[286.577s][info][gc,phases   ] GC(30)   Evacuate Collection Set: 6.18ms
[286.577s][info][gc,phases   ] GC(30)   Post Evacuate Collection Set: 0.65ms
[286.577s][info][gc,phases   ] GC(30)   Other: 0.05ms
[286.577s][info][gc,heap     ] GC(30) Eden regions: 5->0(315)
[286.577s][info][gc,heap     ] GC(30) Survivor regions: 7->7(41)
[286.577s][info][gc,heap     ] GC(30) Old regions: 18->18
[286.577s][info][gc,heap     ] GC(30) Humongous regions: 402->402
[286.577s][info][gc,metaspace] GC(30) Metaspace: 99077K(100160K)->99077K(100160K) NonClass: 77071K(77696K)->77071K(77696K) Class: 22006K(22464K)->22006K(22464K)
[286.577s][info][gc          ] GC(30) Pause Young (Concurrent Start) (G1 Humongous Allocation) 863M->853M(1564M) 7.286ms
[286.577s][info][gc          ] GC(31) Concurrent Mark Cycle
[286.577s][info][gc,marking  ] GC(31) Concurrent Scan Root Regions
[286.577s][info][gc,cpu      ] GC(30) User=0.03s Sys=0.00s Real=0.01s
[286.587s][info][gc,marking  ] GC(31) Concurrent Scan Root Regions 9.926ms
[286.587s][info][gc,marking  ] GC(31) Concurrent Mark
[286.587s][info][gc,marking  ] GC(31) Concurrent Mark From Roots
[286.587s][info][gc,task     ] GC(31) Using 1 workers of 1 for marking
[286.625s][info][gc,marking  ] GC(31) Concurrent Mark From Roots 37.934ms
[286.625s][info][gc,marking  ] GC(31) Concurrent Preclean
[286.625s][info][gc,marking  ] GC(31) Concurrent Preclean 0.195ms
[286.626s][info][gc,start    ] GC(31) Pause Remark
[286.639s][info][gc          ] GC(31) Pause Remark 1028M->1028M(1698M) 13.432ms
[286.639s][info][gc,cpu      ] GC(31) User=0.03s Sys=0.00s Real=0.01s
[286.639s][info][gc,marking  ] GC(31) Concurrent Mark 51.824ms
[286.639s][info][gc,marking  ] GC(31) Concurrent Rebuild Remembered Sets and Scrub Regions
[286.654s][info][gc,marking  ] GC(31) Concurrent Rebuild Remembered Sets and Scrub Regions 14.602ms
[286.654s][info][gc,start    ] GC(31) Pause Cleanup
[286.654s][info][gc          ] GC(31) Pause Cleanup 1064M->1064M(1698M) 0.148ms
[286.654s][info][gc,cpu      ] GC(31) User=0.00s Sys=0.00s Real=0.00s
[286.654s][info][gc,marking  ] GC(31) Concurrent Clear Claimed Marks
[286.654s][info][gc,marking  ] GC(31) Concurrent Clear Claimed Marks 0.194ms
[286.654s][info][gc,marking  ] GC(31) Concurrent Cleanup for Next Mark
[286.656s][info][gc,marking  ] GC(31) Concurrent Cleanup for Next Mark 2.064ms
[286.656s][info][gc          ] GC(31) Concurrent Mark Cycle 79.082ms
[288.028s][info][gc,start    ] GC(32) Pause Young (Prepare Mixed) (G1 Evacuation Pause)
[288.028s][info][gc,task     ] GC(32) Using 4 workers of 4 for evacuation
[288.102s][info][gc,phases   ] GC(32)   Pre Evacuate Collection Set: 0.19ms
[288.102s][info][gc,phases   ] GC(32)   Merge Heap Roots: 0.09ms
[288.102s][info][gc,phases   ] GC(32)   Evacuate Collection Set: 72.76ms
[288.102s][info][gc,phases   ] GC(32)   Post Evacuate Collection Set: 0.72ms
[288.102s][info][gc,phases   ] GC(32)   Other: 0.12ms
[288.102s][info][gc,heap     ] GC(32) Eden regions: 273->0(276)
[288.102s][info][gc,heap     ] GC(32) Survivor regions: 7->40(40)
[288.102s][info][gc,heap     ] GC(32) Old regions: 18->114
[288.102s][info][gc,heap     ] GC(32) Humongous regions: 551->402
[288.102s][info][gc,metaspace] GC(32) Metaspace: 99272K(100288K)->99272K(100288K) NonClass: 77243K(77824K)->77243K(77824K) Class: 22029K(22464K)->22029K(22464K)
[288.102s][info][gc          ] GC(32) Pause Young (Prepare Mixed) (G1 Evacuation Pause) 1697M->1110M(1970M) 74.011ms
[288.102s][info][gc,cpu      ] GC(32) User=0.06s Sys=0.10s Real=0.08s
[288.162s][info][gc,start    ] GC(33) Pause Young (Mixed) (G1 Evacuation Pause)
[288.162s][info][gc,task     ] GC(33) Using 4 workers of 4 for evacuation
[288.185s][info][gc,phases   ] GC(33)   Pre Evacuate Collection Set: 0.22ms
[288.185s][info][gc,phases   ] GC(33)   Merge Heap Roots: 0.14ms
[288.185s][info][gc,phases   ] GC(33)   Evacuate Collection Set: 21.90ms
[288.185s][info][gc,phases   ] GC(33)   Post Evacuate Collection Set: 0.71ms
[288.185s][info][gc,phases   ] GC(33)   Other: 0.05ms
[288.185s][info][gc,heap     ] GC(33) Eden regions: 40->0(244)
[288.185s][info][gc,heap     ] GC(33) Survivor regions: 40->12(40)
[288.185s][info][gc,heap     ] GC(33) Old regions: 114->135
[288.185s][info][gc,heap     ] GC(33) Humongous regions: 824->518
[288.185s][info][gc,metaspace] GC(33) Metaspace: 99302K(100352K)->99302K(100352K) NonClass: 77273K(77888K)->77273K(77888K) Class: 22029K(22464K)->22029K(22464K)
[288.185s][info][gc          ] GC(33) Pause Young (Mixed) (G1 Evacuation Pause) 2034M->1329M(2106M) 23.133ms
[288.185s][info][gc,cpu      ] GC(33) User=0.03s Sys=0.04s Real=0.02s
[288.186s][info][gc,start    ] GC(34) Pause Young (Concurrent Start) (G1 Humongous Allocation)
[288.186s][info][gc,task     ] GC(34) Using 4 workers of 4 for evacuation
[288.188s][info][gc,phases   ] GC(34)   Pre Evacuate Collection Set: 0.17ms
[288.188s][info][gc,phases   ] GC(34)   Merge Heap Roots: 0.04ms
[288.188s][info][gc,phases   ] GC(34)   Evacuate Collection Set: 1.11ms
[288.188s][info][gc,phases   ] GC(34)   Post Evacuate Collection Set: 0.49ms
[288.188s][info][gc,phases   ] GC(34)   Other: 0.05ms
[288.188s][info][gc,heap     ] GC(34) Eden regions: 2->0(242)
[288.188s][info][gc,heap     ] GC(34) Survivor regions: 12->13(32)
[288.188s][info][gc,heap     ] GC(34) Old regions: 135->135
[288.188s][info][gc,heap     ] GC(34) Humongous regions: 521->518
[288.188s][info][gc,metaspace] GC(34) Metaspace: 99302K(100352K)->99302K(100352K) NonClass: 77273K(77888K)->77273K(77888K) Class: 22029K(22464K)->22029K(22464K)
[288.188s][info][gc          ] GC(34) Pause Young (Concurrent Start) (G1 Humongous Allocation) 1338M->1330M(2106M) 1.944ms
[288.188s][info][gc,cpu      ] GC(34) User=0.01s Sys=0.00s Real=0.00s
[288.188s][info][gc          ] GC(35) Concurrent Mark Cycle
[288.188s][info][gc,marking  ] GC(35) Concurrent Scan Root Regions
[288.191s][info][gc,marking  ] GC(35) Concurrent Scan Root Regions 2.794ms
[288.191s][info][gc,marking  ] GC(35) Concurrent Mark
[288.191s][info][gc,marking  ] GC(35) Concurrent Mark From Roots
[288.191s][info][gc,task     ] GC(35) Using 1 workers of 1 for marking
[288.251s][info][gc,marking  ] GC(35) Concurrent Mark From Roots 60.738ms
[288.252s][info][gc,marking  ] GC(35) Concurrent Preclean
[288.252s][info][gc,marking  ] GC(35) Concurrent Preclean 0.147ms
[288.253s][info][gc,start    ] GC(35) Pause Remark
[288.273s][info][gc          ] GC(35) Pause Remark 1438M->1278M(2106M) 20.415ms
[288.273s][info][gc,cpu      ] GC(35) User=0.06s Sys=0.00s Real=0.02s
[288.273s][info][gc,marking  ] GC(35) Concurrent Mark 82.428ms
[288.273s][info][gc,marking  ] GC(35) Concurrent Rebuild Remembered Sets and Scrub Regions
[288.300s][info][gc,marking  ] GC(35) Concurrent Rebuild Remembered Sets and Scrub Regions 26.904ms
[288.301s][info][gc,start    ] GC(35) Pause Cleanup
[288.301s][info][gc          ] GC(35) Pause Cleanup 1301M->1301M(2106M) 0.093ms
[288.301s][info][gc,cpu      ] GC(35) User=0.00s Sys=0.00s Real=0.00s
[288.301s][info][gc,marking  ] GC(35) Concurrent Clear Claimed Marks
[288.301s][info][gc,marking  ] GC(35) Concurrent Clear Claimed Marks 0.195ms
[288.301s][info][gc,marking  ] GC(35) Concurrent Cleanup for Next Mark
[288.308s][info][gc,marking  ] GC(35) Concurrent Cleanup for Next Mark 6.772ms
[288.308s][info][gc          ] GC(35) Concurrent Mark Cycle 119.817ms
[289.530s][info][gc,start    ] GC(36) Pause Young (Prepare Mixed) (G1 Evacuation Pause)
[289.530s][info][gc,task     ] GC(36) Using 4 workers of 4 for evacuation
[289.633s][info][gc,phases   ] GC(36)   Pre Evacuate Collection Set: 0.18ms
[289.633s][info][gc,phases   ] GC(36)   Merge Heap Roots: 0.07ms
[289.633s][info][gc,phases   ] GC(36)   Evacuate Collection Set: 101.93ms
[289.633s][info][gc,phases   ] GC(36)   Post Evacuate Collection Set: 1.07ms
[289.633s][info][gc,phases   ] GC(36)   Other: 0.07ms
[289.633s][info][gc,heap     ] GC(36) Eden regions: 212->0(244)
[289.633s][info][gc,heap     ] GC(36) Survivor regions: 13->32(32)
[289.633s][info][gc,heap     ] GC(36) Old regions: 135->212
[289.633s][info][gc,heap     ] GC(36) Humongous regions: 693->477
[289.633s][info][gc,metaspace] GC(36) Metaspace: 99417K(100416K)->99417K(100416K) NonClass: 77400K(77952K)->77400K(77952K) Class: 22017K(22464K)->22017K(22464K)
[289.633s][info][gc          ] GC(36) Pause Young (Prepare Mixed) (G1 Evacuation Pause) 2104M->1441M(2324M) 103.525ms
[289.633s][info][gc,cpu      ] GC(36) User=0.04s Sys=0.13s Real=0.11s
[289.686s][info][gc,start    ] GC(37) Pause Young (Mixed) (G1 Evacuation Pause)
[289.686s][info][gc,task     ] GC(37) Using 4 workers of 4 for evacuation
[289.718s][info][gc,phases   ] GC(37)   Pre Evacuate Collection Set: 0.18ms
[289.718s][info][gc,phases   ] GC(37)   Merge Heap Roots: 0.08ms
[289.718s][info][gc,phases   ] GC(37)   Evacuate Collection Set: 31.71ms
[289.718s][info][gc,phases   ] GC(37)   Post Evacuate Collection Set: 0.55ms
[289.718s][info][gc,phases   ] GC(37)   Other: 0.05ms
[289.718s][info][gc,heap     ] GC(37) Eden regions: 111->0(221)
[289.718s][info][gc,heap     ] GC(37) Survivor regions: 32->35(35)
[289.718s][info][gc,heap     ] GC(37) Old regions: 212->250
[289.718s][info][gc,heap     ] GC(37) Humongous regions: 822->560
[289.718s][info][gc,metaspace] GC(37) Metaspace: 99445K(100416K)->99445K(100416K) NonClass: 77428K(77952K)->77428K(77952K) Class: 22017K(22464K)->22017K(22464K)
[289.718s][info][gc          ] GC(37) Pause Young (Mixed) (G1 Evacuation Pause) 2353M->1688M(2504M) 32.712ms
[289.718s][info][gc,cpu      ] GC(37) User=0.02s Sys=0.05s Real=0.03s
[289.720s][info][gc,start    ] GC(38) Pause Young (Concurrent Start) (G1 Humongous Allocation)
[289.720s][info][gc,task     ] GC(38) Using 4 workers of 4 for evacuation
[289.723s][info][gc,phases   ] GC(38)   Pre Evacuate Collection Set: 0.16ms
[289.723s][info][gc,phases   ] GC(38)   Merge Heap Roots: 0.04ms
[289.723s][info][gc,phases   ] GC(38)   Evacuate Collection Set: 2.78ms
[289.723s][info][gc,phases   ] GC(38)   Post Evacuate Collection Set: 0.55ms
[289.723s][info][gc,phases   ] GC(38)   Other: 0.05ms
[289.723s][info][gc,heap     ] GC(38) Eden regions: 2->0(247)
[289.723s][info][gc,heap     ] GC(38) Survivor regions: 35->2(32)
[289.723s][info][gc,heap     ] GC(38) Old regions: 250->286
[289.723s][info][gc,heap     ] GC(38) Humongous regions: 563->563
[289.723s][info][gc,metaspace] GC(38) Metaspace: 99445K(100416K)->99445K(100416K) NonClass: 77428K(77952K)->77428K(77952K) Class: 22017K(22464K)->22017K(22464K)
[289.723s][info][gc          ] GC(38) Pause Young (Concurrent Start) (G1 Humongous Allocation) 1697M->1700M(2644M) 3.660ms
[289.723s][info][gc          ] GC(39) Concurrent Mark Cycle
[289.723s][info][gc,marking  ] GC(39) Concurrent Scan Root Regions
[289.723s][info][gc,cpu      ] GC(38) User=0.01s Sys=0.00s Real=0.01s
[289.729s][info][gc,marking  ] GC(39) Concurrent Scan Root Regions 5.992ms
[289.729s][info][gc,marking  ] GC(39) Concurrent Mark
[289.729s][info][gc,marking  ] GC(39) Concurrent Mark From Roots
[289.729s][info][gc,task     ] GC(39) Using 1 workers of 1 for marking
[289.788s][info][gc,marking  ] GC(39) Concurrent Mark From Roots 58.150ms
[289.788s][info][gc,marking  ] GC(39) Concurrent Preclean
[289.788s][info][gc,marking  ] GC(39) Concurrent Preclean 0.154ms
[289.789s][info][gc,start    ] GC(39) Pause Remark
[289.803s][info][gc          ] GC(39) Pause Remark 1979M->1523M(2644M) 14.822ms
[289.804s][info][gc,cpu      ] GC(39) User=0.03s Sys=0.00s Real=0.02s
[289.804s][info][gc,marking  ] GC(39) Concurrent Mark 74.230ms
[289.804s][info][gc,marking  ] GC(39) Concurrent Rebuild Remembered Sets and Scrub Regions
[289.830s][info][gc,marking  ] GC(39) Concurrent Rebuild Remembered Sets and Scrub Regions 25.896ms
[289.830s][info][gc,start    ] GC(39) Pause Cleanup
[289.830s][info][gc          ] GC(39) Pause Cleanup 1548M->1548M(2644M) 0.088ms
[289.830s][info][gc,cpu      ] GC(39) User=0.00s Sys=0.00s Real=0.00s
[289.830s][info][gc,marking  ] GC(39) Concurrent Clear Claimed Marks
[289.830s][info][gc,marking  ] GC(39) Concurrent Clear Claimed Marks 0.157ms
[289.830s][info][gc,marking  ] GC(39) Concurrent Cleanup for Next Mark
[289.833s][info][gc,marking  ] GC(39) Concurrent Cleanup for Next Mark 2.806ms
[289.833s][info][gc          ] GC(39) Concurrent Mark Cycle 109.361ms
[291.136s][info][gc,start    ] GC(40) Pause Young (Prepare Mixed) (G1 Evacuation Pause)
[291.136s][info][gc,task     ] GC(40) Using 4 workers of 4 for evacuation
[291.147s][info][gc,phases   ] GC(40)   Pre Evacuate Collection Set: 0.18ms
[291.147s][info][gc,phases   ] GC(40)   Merge Heap Roots: 0.11ms
[291.147s][info][gc,phases   ] GC(40)   Evacuate Collection Set: 10.08ms
[291.147s][info][gc,phases   ] GC(40)   Post Evacuate Collection Set: 0.76ms
[291.147s][info][gc,phases   ] GC(40)   Other: 0.06ms
[291.147s][info][gc,heap     ] GC(40) Eden regions: 247->0(252)
[291.147s][info][gc,heap     ] GC(40) Survivor regions: 2->32(32)
[291.147s][info][gc,heap     ] GC(40) Old regions: 213->295
[291.147s][info][gc,heap     ] GC(40) Humongous regions: 740->497
[291.147s][info][gc,metaspace] GC(40) Metaspace: 99639K(100672K)->99639K(100672K) NonClass: 77622K(78208K)->77622K(78208K) Class: 22017K(22464K)->22017K(22464K)
[291.147s][info][gc          ] GC(40) Pause Young (Prepare Mixed) (G1 Evacuation Pause) 2402M->1646M(2644M) 11.318ms
[291.147s][info][gc,cpu      ] GC(40) User=0.05s Sys=0.00s Real=0.01s
[291.334s][info][gc,start    ] GC(41) Pause Young (Mixed) (G1 Evacuation Pause)
[291.334s][info][gc,task     ] GC(41) Using 4 workers of 4 for evacuation
[291.395s][info][gc,phases   ] GC(41)   Pre Evacuate Collection Set: 0.27ms
[291.395s][info][gc,phases   ] GC(41)   Merge Heap Roots: 0.12ms
[291.395s][info][gc,phases   ] GC(41)   Evacuate Collection Set: 59.48ms
[291.395s][info][gc,phases   ] GC(41)   Post Evacuate Collection Set: 0.69ms
[291.395s][info][gc,phases   ] GC(41)   Other: 0.07ms
[291.395s][info][gc,heap     ] GC(41) Eden regions: 121->0(226)
[291.395s][info][gc,heap     ] GC(41) Survivor regions: 32->36(36)
[291.395s][info][gc,heap     ] GC(41) Old regions: 295->325
[291.395s][info][gc,heap     ] GC(41) Humongous regions: 888->606
[291.395s][info][gc,metaspace] GC(41) Metaspace: 99677K(100672K)->99677K(100672K) NonClass: 77660K(78208K)->77660K(78208K) Class: 22017K(22464K)->22017K(22464K)
[291.395s][info][gc          ] GC(41) Pause Young (Mixed) (G1 Evacuation Pause) 2670M->1933M(2836M) 60.771ms
[291.395s][info][gc,cpu      ] GC(41) User=0.03s Sys=0.09s Real=0.06s
[291.396s][info][gc,start    ] GC(42) Pause Young (Concurrent Start) (G1 Humongous Allocation)
[291.396s][info][gc,task     ] GC(42) Using 4 workers of 4 for evacuation
[291.399s][info][gc,phases   ] GC(42)   Pre Evacuate Collection Set: 0.20ms
[291.399s][info][gc,phases   ] GC(42)   Merge Heap Roots: 0.07ms
[291.399s][info][gc,phases   ] GC(42)   Evacuate Collection Set: 2.80ms
[291.399s][info][gc,phases   ] GC(42)   Post Evacuate Collection Set: 0.37ms
[291.399s][info][gc,phases   ] GC(42)   Other: 0.05ms
[291.399s][info][gc,heap     ] GC(42) Eden regions: 2->0(236)
[291.399s][info][gc,heap     ] GC(42) Survivor regions: 36->2(33)
[291.399s][info][gc,heap     ] GC(42) Old regions: 325->362
[291.399s][info][gc,heap     ] GC(42) Humongous regions: 606->606
[291.399s][info][gc,metaspace] GC(42) Metaspace: 99677K(100672K)->99677K(100672K) NonClass: 77660K(78208K)->77660K(78208K) Class: 22017K(22464K)->22017K(22464K)
[291.399s][info][gc          ] GC(42) Pause Young (Concurrent Start) (G1 Humongous Allocation) 1937M->1938M(2836M) 3.574ms
[291.399s][info][gc,cpu      ] GC(42) User=0.01s Sys=0.00s Real=0.00s
[291.399s][info][gc          ] GC(43) Concurrent Mark Cycle
[291.399s][info][gc,marking  ] GC(43) Concurrent Scan Root Regions
[291.405s][info][gc,marking  ] GC(43) Concurrent Scan Root Regions 5.867ms
[291.405s][info][gc,marking  ] GC(43) Concurrent Mark
[291.405s][info][gc,marking  ] GC(43) Concurrent Mark From Roots
[291.405s][info][gc,task     ] GC(43) Using 1 workers of 1 for marking
[291.457s][info][gc,marking  ] GC(43) Concurrent Mark From Roots 51.540ms
[291.457s][info][gc,marking  ] GC(43) Concurrent Preclean
[291.457s][info][gc,marking  ] GC(43) Concurrent Preclean 0.212ms
[291.457s][info][gc,start    ] GC(43) Pause Remark
[291.461s][info][gc          ] GC(43) Pause Remark 2140M->1462M(2836M) 4.467ms
[291.462s][info][gc,cpu      ] GC(43) User=0.01s Sys=0.00s Real=0.00s
[291.462s][info][gc,marking  ] GC(43) Concurrent Mark 56.409ms
[291.462s][info][gc,marking  ] GC(43) Concurrent Rebuild Remembered Sets and Scrub Regions
[291.486s][info][gc,marking  ] GC(43) Concurrent Rebuild Remembered Sets and Scrub Regions 24.292ms
[291.486s][info][gc,start    ] GC(43) Pause Cleanup
[291.486s][info][gc          ] GC(43) Pause Cleanup 1484M->1484M(2836M) 0.090ms
[291.486s][info][gc,cpu      ] GC(43) User=0.00s Sys=0.00s Real=0.00s
[291.487s][info][gc,marking  ] GC(43) Concurrent Clear Claimed Marks
[291.488s][info][gc,marking  ] GC(43) Concurrent Clear Claimed Marks 0.179ms
[291.488s][info][gc,marking  ] GC(43) Concurrent Cleanup for Next Mark
[291.491s][info][gc,marking  ] GC(43) Concurrent Cleanup for Next Mark 3.812ms
[291.491s][info][gc          ] GC(43) Concurrent Mark Cycle 92.166ms
[292.573s][info][gc,start    ] GC(44) Pause Young (Prepare Mixed) (G1 Evacuation Pause)
[292.573s][info][gc,task     ] GC(44) Using 4 workers of 4 for evacuation
[292.584s][info][gc,phases   ] GC(44)   Pre Evacuate Collection Set: 0.17ms
[292.584s][info][gc,phases   ] GC(44)   Merge Heap Roots: 0.10ms
[292.584s][info][gc,phases   ] GC(44)   Evacuate Collection Set: 9.64ms
[292.584s][info][gc,phases   ] GC(44)   Post Evacuate Collection Set: 0.60ms
[292.584s][info][gc,phases   ] GC(44)   Other: 0.06ms
[292.584s][info][gc,heap     ] GC(44) Eden regions: 236->0(314)
[292.584s][info][gc,heap     ] GC(44) Survivor regions: 2->30(30)
[292.584s][info][gc,heap     ] GC(44) Old regions: 218->302
[292.584s][info][gc,heap     ] GC(44) Humongous regions: 700->492
[292.584s][info][gc,metaspace] GC(44) Metaspace: 99725K(100736K)->99725K(100736K) NonClass: 77705K(78272K)->77705K(78272K) Class: 22019K(22464K)->22019K(22464K)
[292.584s][info][gc          ] GC(44) Pause Young (Prepare Mixed) (G1 Evacuation Pause) 2310M->1647M(2836M) 10.680ms
[292.584s][info][gc,cpu      ] GC(44) User=0.04s Sys=0.00s Real=0.01s
[292.869s][info][gc,start    ] GC(45) Pause Young (Mixed) (G1 Evacuation Pause)
[292.869s][info][gc,task     ] GC(45) Using 4 workers of 4 for evacuation
[292.877s][info][gc,phases   ] GC(45)   Pre Evacuate Collection Set: 0.30ms
[292.877s][info][gc,phases   ] GC(45)   Merge Heap Roots: 0.10ms
[292.877s][info][gc,phases   ] GC(45)   Evacuate Collection Set: 3.70ms
[292.877s][info][gc,phases   ] GC(45)   Post Evacuate Collection Set: 3.70ms
[292.877s][info][gc,phases   ] GC(45)   Other: 0.06ms
[292.877s][info][gc,heap     ] GC(45) Eden regions: 144->0(183)
[292.877s][info][gc,heap     ] GC(45) Survivor regions: 30->2(7)
[292.877s][info][gc,heap     ] GC(45) Old regions: 302->469
[292.877s][info][gc,heap     ] GC(45) Humongous regions: 951->622
[292.877s][info][gc,metaspace] GC(45) Metaspace: 99802K(100864K)->99802K(100864K) NonClass: 77782K(78400K)->77782K(78400K) Class: 22019K(22464K)->22019K(22464K)
[292.877s][info][gc          ] GC(45) Pause Young (Mixed) (G1 Evacuation Pause) (Evacuation Failure: Allocation) 2853M->2185M(2868M) 7.962ms
[292.877s][info][gc,cpu      ] GC(45) User=0.02s Sys=0.00s Real=0.01s
[292.926s][info][gc,start    ] GC(46) Pause Young (Concurrent Start) (G1 Humongous Allocation)
[292.926s][info][gc,task     ] GC(46) Using 4 workers of 4 for evacuation
[292.932s][info][gc,phases   ] GC(46)   Pre Evacuate Collection Set: 0.38ms
[292.932s][info][gc,phases   ] GC(46)   Merge Heap Roots: 0.09ms
[292.932s][info][gc,phases   ] GC(46)   Evacuate Collection Set: 4.67ms
[292.932s][info][gc,phases   ] GC(46)   Post Evacuate Collection Set: 0.57ms
[292.932s][info][gc,phases   ] GC(46)   Other: 0.05ms
[292.932s][info][gc,heap     ] GC(46) Eden regions: 21->0(197)
[292.932s][info][gc,heap     ] GC(46) Survivor regions: 2->13(24)
[292.932s][info][gc,heap     ] GC(46) Old regions: 469->408
[292.932s][info][gc,heap     ] GC(46) Humongous regions: 622->622
[292.932s][info][gc,metaspace] GC(46) Metaspace: 99802K(100864K)->99802K(100864K) NonClass: 77782K(78400K)->77782K(78400K) Class: 22019K(22464K)->22019K(22464K)
[292.932s][info][gc          ] GC(46) Pause Young (Concurrent Start) (G1 Humongous Allocation) 2226M->2084M(2868M) 5.861ms
[292.932s][info][gc          ] GC(47) Concurrent Mark Cycle
[292.932s][info][gc,marking  ] GC(47) Concurrent Scan Root Regions
[292.932s][info][gc,cpu      ] GC(46) User=0.02s Sys=0.00s Real=0.01s
[292.938s][info][gc,marking  ] GC(47) Concurrent Scan Root Regions 6.697ms
[292.939s][info][gc,marking  ] GC(47) Concurrent Mark
[292.939s][info][gc,marking  ] GC(47) Concurrent Mark From Roots
[292.939s][info][gc,task     ] GC(47) Using 1 workers of 1 for marking
[292.990s][info][gc,marking  ] GC(47) Concurrent Mark From Roots 51.535ms
[292.990s][info][gc,marking  ] GC(47) Concurrent Preclean
[292.990s][info][gc,marking  ] GC(47) Concurrent Preclean 0.142ms
[292.990s][info][gc,start    ] GC(47) Pause Remark
[292.996s][info][gc          ] GC(47) Pause Remark 2408M->1730M(2868M) 5.603ms
[292.996s][info][gc,cpu      ] GC(47) User=0.02s Sys=0.00s Real=0.01s
[292.996s][info][gc,marking  ] GC(47) Concurrent Mark 57.526ms
[292.996s][info][gc,marking  ] GC(47) Concurrent Rebuild Remembered Sets and Scrub Regions
[293.027s][info][gc,marking  ] GC(47) Concurrent Rebuild Remembered Sets and Scrub Regions 31.057ms
[293.027s][info][gc,start    ] GC(47) Pause Cleanup
[293.027s][info][gc          ] GC(47) Pause Cleanup 1872M->1872M(2868M) 0.112ms
[293.027s][info][gc,cpu      ] GC(47) User=0.00s Sys=0.00s Real=0.00s
[293.027s][info][gc,marking  ] GC(47) Concurrent Clear Claimed Marks
[293.028s][info][gc,marking  ] GC(47) Concurrent Clear Claimed Marks 0.208ms
[293.028s][info][gc,marking  ] GC(47) Concurrent Cleanup for Next Mark
[293.030s][info][gc,marking  ] GC(47) Concurrent Cleanup for Next Mark 1.922ms
[293.030s][info][gc          ] GC(47) Concurrent Mark Cycle 97.775ms
[294.078s][info][gc,start    ] GC(48) Pause Young (Prepare Mixed) (G1 Evacuation Pause)
[294.078s][info][gc,task     ] GC(48) Using 4 workers of 4 for evacuation
[294.090s][info][gc,phases   ] GC(48)   Pre Evacuate Collection Set: 0.20ms
[294.090s][info][gc,phases   ] GC(48)   Merge Heap Roots: 0.09ms
[294.090s][info][gc,phases   ] GC(48)   Evacuate Collection Set: 11.24ms
[294.090s][info][gc,phases   ] GC(48)   Post Evacuate Collection Set: 0.70ms
[294.090s][info][gc,phases   ] GC(48)   Other: 0.10ms
[294.090s][info][gc,heap     ] GC(48) Eden regions: 197->0(297)
[294.090s][info][gc,heap     ] GC(48) Survivor regions: 13->27(27)
[294.090s][info][gc,heap     ] GC(48) Old regions: 289->335
[294.090s][info][gc,heap     ] GC(48) Humongous regions: 632->467
[294.090s][info][gc,metaspace] GC(48) Metaspace: 99879K(100928K)->99879K(100928K) NonClass: 77859K(78464K)->77859K(78464K) Class: 22019K(22464K)->22019K(22464K)
[294.090s][info][gc          ] GC(48) Pause Young (Prepare Mixed) (G1 Evacuation Pause) 2260M->1656M(2868M) 12.478ms
[294.090s][info][gc,cpu      ] GC(48) User=0.05s Sys=0.00s Real=0.01s
[294.366s][info][gc,start    ] GC(49) Pause Young (Mixed) (G1 Evacuation Pause)
[294.366s][info][gc,task     ] GC(49) Using 4 workers of 4 for evacuation
[294.373s][info][gc,phases   ] GC(49)   Pre Evacuate Collection Set: 0.23ms
[294.373s][info][gc,phases   ] GC(49)   Merge Heap Roots: 0.10ms
[294.373s][info][gc,phases   ] GC(49)   Evacuate Collection Set: 2.45ms
[294.373s][info][gc,phases   ] GC(49)   Post Evacuate Collection Set: 3.64ms
[294.373s][info][gc,phases   ] GC(49)   Other: 0.06ms
[294.373s][info][gc,heap     ] GC(49) Eden regions: 146->0(172)
[294.373s][info][gc,heap     ] GC(49) Survivor regions: 27->0(0)
[294.373s][info][gc,heap     ] GC(49) Old regions: 335->507
[294.373s][info][gc,heap     ] GC(49) Humongous regions: 926->602
[294.373s][info][gc,metaspace] GC(49) Metaspace: 99892K(100928K)->99892K(100928K) NonClass: 77872K(78464K)->77872K(78464K) Class: 22019K(22464K)->22019K(22464K)
[294.373s][info][gc          ] GC(49) Pause Young (Mixed) (G1 Evacuation Pause) (Evacuation Failure: Allocation) 2866M->2217M(2868M) 6.580ms
[294.373s][info][gc,cpu      ] GC(49) User=0.02s Sys=0.00s Real=0.01s
[294.396s][info][gc,start    ] GC(50) Pause Young (Concurrent Start) (G1 Humongous Allocation)
[294.396s][info][gc,task     ] GC(50) Using 4 workers of 4 for evacuation
[294.402s][info][gc,phases   ] GC(50)   Pre Evacuate Collection Set: 0.28ms
[294.402s][info][gc,phases   ] GC(50)   Merge Heap Roots: 0.11ms
[294.402s][info][gc,phases   ] GC(50)   Evacuate Collection Set: 4.84ms
[294.402s][info][gc,phases   ] GC(50)   Post Evacuate Collection Set: 0.88ms
[294.402s][info][gc,phases   ] GC(50)   Other: 0.08ms
[294.402s][info][gc,heap     ] GC(50) Eden regions: 13->0(191)
[294.402s][info][gc,heap     ] GC(50) Survivor regions: 0->7(22)
[294.402s][info][gc,heap     ] GC(50) Old regions: 507->441
[294.402s][info][gc,heap     ] GC(50) Humongous regions: 602->602
[294.402s][info][gc,metaspace] GC(50) Metaspace: 99892K(100928K)->99892K(100928K) NonClass: 77872K(78464K)->77872K(78464K) Class: 22019K(22464K)->22019K(22464K)
[294.402s][info][gc          ] GC(50) Pause Young (Concurrent Start) (G1 Humongous Allocation) 2242M->2098M(2868M) 6.284ms
[294.402s][info][gc          ] GC(51) Concurrent Mark Cycle
[294.402s][info][gc,cpu      ] GC(50) User=0.02s Sys=0.00s Real=0.01s
[294.402s][info][gc,marking  ] GC(51) Concurrent Scan Root Regions
[294.409s][info][gc,marking  ] GC(51) Concurrent Scan Root Regions 6.536ms
[294.409s][info][gc,marking  ] GC(51) Concurrent Mark
[294.409s][info][gc,marking  ] GC(51) Concurrent Mark From Roots
[294.409s][info][gc,task     ] GC(51) Using 1 workers of 1 for marking
[294.462s][info][gc,marking  ] GC(51) Concurrent Mark From Roots 52.906ms
[294.462s][info][gc,marking  ] GC(51) Concurrent Preclean
[294.462s][info][gc,marking  ] GC(51) Concurrent Preclean 0.143ms
[294.462s][info][gc,start    ] GC(51) Pause Remark
[294.465s][info][gc          ] GC(51) Pause Remark 2445M->1781M(2868M) 2.985ms
[294.465s][info][gc,cpu      ] GC(51) User=0.01s Sys=0.00s Real=0.00s
[294.465s][info][gc,marking  ] GC(51) Concurrent Mark 56.202ms
[294.465s][info][gc,marking  ] GC(51) Concurrent Rebuild Remembered Sets and Scrub Regions
[294.493s][info][gc,marking  ] GC(51) Concurrent Rebuild Remembered Sets and Scrub Regions 28.151ms
[294.493s][info][gc,start    ] GC(51) Pause Cleanup
[294.494s][info][gc          ] GC(51) Pause Cleanup 1878M->1878M(2868M) 0.132ms
[294.494s][info][gc,cpu      ] GC(51) User=0.00s Sys=0.00s Real=0.00s
[294.494s][info][gc,marking  ] GC(51) Concurrent Clear Claimed Marks
[294.494s][info][gc,marking  ] GC(51) Concurrent Clear Claimed Marks 0.159ms
[294.494s][info][gc,marking  ] GC(51) Concurrent Cleanup for Next Mark
[294.495s][info][gc,marking  ] GC(51) Concurrent Cleanup for Next Mark 1.549ms
[294.495s][info][gc          ] GC(51) Concurrent Mark Cycle 92.963ms
[295.492s][info][gc,start    ] GC(52) Pause Young (Prepare Mixed) (G1 Evacuation Pause)
[295.492s][info][gc,task     ] GC(52) Using 4 workers of 4 for evacuation
[295.504s][info][gc,phases   ] GC(52)   Pre Evacuate Collection Set: 0.21ms
[295.504s][info][gc,phases   ] GC(52)   Merge Heap Roots: 0.11ms
[295.504s][info][gc,phases   ] GC(52)   Evacuate Collection Set: 10.75ms
[295.504s][info][gc,phases   ] GC(52)   Post Evacuate Collection Set: 0.65ms
[295.504s][info][gc,phases   ] GC(52)   Other: 0.07ms
[295.504s][info][gc,heap     ] GC(52) Eden regions: 191->0(290)
[295.504s][info][gc,heap     ] GC(52) Survivor regions: 7->25(25)
[295.504s][info][gc,heap     ] GC(52) Old regions: 309->349
[295.504s][info][gc,heap     ] GC(52) Humongous regions: 623->467
[295.504s][info][gc,metaspace] GC(52) Metaspace: 100090K(101056K)->100090K(101056K) NonClass: 78070K(78592K)->78070K(78592K) Class: 22019K(22464K)->22019K(22464K)
[295.504s][info][gc          ] GC(52) Pause Young (Prepare Mixed) (G1 Evacuation Pause) 2258M->1681M(2868M) 11.901ms
[295.504s][info][gc,cpu      ] GC(52) User=0.04s Sys=0.00s Real=0.01s
[295.741s][info][gc,start    ] GC(53) Pause Young (Mixed) (G1 Humongous Allocation)
[295.741s][info][gc,task     ] GC(53) Using 4 workers of 4 for evacuation
[295.746s][info][gc,phases   ] GC(53)   Pre Evacuate Collection Set: 0.26ms
[295.746s][info][gc,phases   ] GC(53)   Merge Heap Roots: 0.11ms
[295.746s][info][gc,phases   ] GC(53)   Evacuate Collection Set: 2.78ms
[295.746s][info][gc,phases   ] GC(53)   Post Evacuate Collection Set: 2.50ms
[295.746s][info][gc,phases   ] GC(53)   Other: 0.05ms
[295.746s][info][gc,heap     ] GC(53) Eden regions: 129->0(162)
[295.746s][info][gc,heap     ] GC(53) Survivor regions: 25->6(8)
[295.746s][info][gc,heap     ] GC(53) Old regions: 349->504
[295.746s][info][gc,heap     ] GC(53) Humongous regions: 923->611
[295.746s][info][gc,metaspace] GC(53) Metaspace: 100121K(101120K)->100121K(101120K) NonClass: 78102K(78656K)->78102K(78656K) Class: 22019K(22464K)->22019K(22464K)
[295.746s][info][gc          ] GC(53) Pause Young (Mixed) (G1 Humongous Allocation) (Evacuation Failure: Allocation) 2850M->2240M(2868M) 5.810ms
[295.746s][info][gc,cpu      ] GC(53) User=0.02s Sys=0.00s Real=0.01s
[295.830s][info][gc,start    ] GC(54) Pause Young (Concurrent Start) (G1 Humongous Allocation)
[295.830s][info][gc,task     ] GC(54) Using 4 workers of 4 for evacuation
[295.837s][info][gc,phases   ] GC(54)   Pre Evacuate Collection Set: 0.30ms
[295.837s][info][gc,phases   ] GC(54)   Merge Heap Roots: 0.11ms
[295.837s][info][gc,phases   ] GC(54)   Evacuate Collection Set: 6.21ms
[295.837s][info][gc,phases   ] GC(54)   Post Evacuate Collection Set: 0.62ms
[295.837s][info][gc,phases   ] GC(54)   Other: 0.05ms
[295.837s][info][gc,heap     ] GC(54) Eden regions: 31->0(210)
[295.837s][info][gc,heap     ] GC(54) Survivor regions: 6->21(21)
[295.837s][info][gc,heap     ] GC(54) Old regions: 504->407
[295.837s][info][gc,heap     ] GC(54) Humongous regions: 614->602
[295.837s][info][gc,metaspace] GC(54) Metaspace: 100121K(101120K)->100121K(101120K) NonClass: 78102K(78656K)->78102K(78656K) Class: 22019K(22464K)->22019K(22464K)
[295.837s][info][gc          ] GC(54) Pause Young (Concurrent Start) (G1 Humongous Allocation) 2307M->2059M(2868M) 7.377ms
[295.837s][info][gc          ] GC(55) Concurrent Mark Cycle
[295.837s][info][gc,marking  ] GC(55) Concurrent Scan Root Regions
[295.837s][info][gc,cpu      ] GC(54) User=0.02s Sys=0.00s Real=0.01s
[295.845s][info][gc,marking  ] GC(55) Concurrent Scan Root Regions 7.914ms
[295.845s][info][gc,marking  ] GC(55) Concurrent Mark
[295.845s][info][gc,marking  ] GC(55) Concurrent Mark From Roots
[295.845s][info][gc,task     ] GC(55) Using 1 workers of 1 for marking
[295.901s][info][gc,marking  ] GC(55) Concurrent Mark From Roots 55.800ms
[295.901s][info][gc,marking  ] GC(55) Concurrent Preclean
[295.901s][info][gc,marking  ] GC(55) Concurrent Preclean 0.252ms
[295.903s][info][gc,start    ] GC(55) Pause Remark
[295.906s][info][gc          ] GC(55) Pause Remark 2419M->1737M(2868M) 3.360ms
[295.906s][info][gc,cpu      ] GC(55) User=0.01s Sys=0.00s Real=0.00s
[295.906s][info][gc,marking  ] GC(55) Concurrent Mark 60.981ms
[295.906s][info][gc,marking  ] GC(55) Concurrent Rebuild Remembered Sets and Scrub Regions
[295.934s][info][gc,marking  ] GC(55) Concurrent Rebuild Remembered Sets and Scrub Regions 27.991ms
[295.934s][info][gc,start    ] GC(55) Pause Cleanup
[295.934s][info][gc          ] GC(55) Pause Cleanup 1821M->1821M(2868M) 0.107ms
[295.934s][info][gc,cpu      ] GC(55) User=0.00s Sys=0.00s Real=0.00s
[295.934s][info][gc,marking  ] GC(55) Concurrent Clear Claimed Marks
[295.934s][info][gc,marking  ] GC(55) Concurrent Clear Claimed Marks 0.148ms
[295.934s][info][gc,marking  ] GC(55) Concurrent Cleanup for Next Mark
[295.936s][info][gc,marking  ] GC(55) Concurrent Cleanup for Next Mark 1.386ms
[295.936s][info][gc          ] GC(55) Concurrent Mark Cycle 98.736ms
[296.982s][info][gc,start    ] GC(56) Pause Young (Prepare Mixed) (G1 Evacuation Pause)
[296.982s][info][gc,task     ] GC(56) Using 4 workers of 4 for evacuation
[297.003s][info][gc,phases   ] GC(56)   Pre Evacuate Collection Set: 0.39ms
[297.003s][info][gc,phases   ] GC(56)   Merge Heap Roots: 0.18ms
[297.003s][info][gc,phases   ] GC(56)   Evacuate Collection Set: 19.45ms
[297.003s][info][gc,phases   ] GC(56)   Post Evacuate Collection Set: 0.72ms
[297.003s][info][gc,phases   ] GC(56)   Other: 0.08ms
[297.003s][info][gc,heap     ] GC(56) Eden regions: 210->0(291)
[297.003s][info][gc,heap     ] GC(56) Survivor regions: 21->29(29)
[297.003s][info][gc,heap     ] GC(56) Old regions: 266->352
[297.003s][info][gc,heap     ] GC(56) Humongous regions: 623->467
[297.003s][info][gc,metaspace] GC(56) Metaspace: 100150K(101184K)->100150K(101184K) NonClass: 78131K(78720K)->78131K(78720K) Class: 22019K(22464K)->22019K(22464K)
[297.003s][info][gc          ] GC(56) Pause Young (Prepare Mixed) (G1 Evacuation Pause) 2239M->1694M(2868M) 20.940ms
[297.003s][info][gc,cpu      ] GC(56) User=0.08s Sys=0.00s Real=0.02s
[297.301s][info][gc,start    ] GC(57) Pause Young (Mixed) (G1 Evacuation Pause)
[297.301s][info][gc,task     ] GC(57) Using 4 workers of 4 for evacuation
[297.307s][info][gc,phases   ] GC(57)   Pre Evacuate Collection Set: 0.26ms
[297.307s][info][gc,phases   ] GC(57)   Merge Heap Roots: 0.09ms
[297.307s][info][gc,phases   ] GC(57)   Evacuate Collection Set: 2.14ms
[297.307s][info][gc,phases   ] GC(57)   Post Evacuate Collection Set: 2.89ms
[297.307s][info][gc,phases   ] GC(57)   Other: 0.05ms
[297.307s][info][gc,heap     ] GC(57) Eden regions: 122->0(178)
[297.307s][info][gc,heap     ] GC(57) Survivor regions: 29->0(0)
[297.307s][info][gc,heap     ] GC(57) Old regions: 352->496
[297.307s][info][gc,heap     ] GC(57) Humongous regions: 931->602
[297.307s][info][gc,metaspace] GC(57) Metaspace: 100169K(101184K)->100169K(101184K) NonClass: 78149K(78720K)->78149K(78720K) Class: 22019K(22464K)->22019K(22464K)
[297.307s][info][gc          ] GC(57) Pause Young (Mixed) (G1 Evacuation Pause) (Evacuation Failure: Allocation) 2866M->2195M(2868M) 5.543ms
[297.307s][info][gc,cpu      ] GC(57) User=0.01s Sys=0.00s Real=0.01s
[297.363s][info][gc,start    ] GC(58) Pause Young (Concurrent Start) (G1 Humongous Allocation)
[297.363s][info][gc,task     ] GC(58) Using 4 workers of 4 for evacuation
[297.371s][info][gc,phases   ] GC(58)   Pre Evacuate Collection Set: 0.28ms
[297.371s][info][gc,phases   ] GC(58)   Merge Heap Roots: 0.11ms
[297.371s][info][gc,phases   ] GC(58)   Evacuate Collection Set: 7.21ms
[297.371s][info][gc,phases   ] GC(58)   Post Evacuate Collection Set: 0.82ms
[297.371s][info][gc,phases   ] GC(58)   Other: 0.06ms
[297.371s][info][gc,heap     ] GC(58) Eden regions: 23->0(206)
[297.371s][info][gc,heap     ] GC(58) Survivor regions: 0->12(23)
[297.371s][info][gc,heap     ] GC(58) Old regions: 496->406
[297.371s][info][gc,heap     ] GC(58) Humongous regions: 602->602
[297.371s][info][gc,metaspace] GC(58) Metaspace: 100169K(101184K)->100169K(101184K) NonClass: 78149K(78720K)->78149K(78720K) Class: 22019K(22464K)->22019K(22464K)
[297.371s][info][gc          ] GC(58) Pause Young (Concurrent Start) (G1 Humongous Allocation) 2241M->2039M(2868M) 8.586ms
[297.371s][info][gc,cpu      ] GC(58) User=0.03s Sys=0.00s Real=0.00s
[297.371s][info][gc          ] GC(59) Concurrent Mark Cycle
[297.371s][info][gc,marking  ] GC(59) Concurrent Scan Root Regions
[297.379s][info][gc,marking  ] GC(59) Concurrent Scan Root Regions 7.451ms
[297.379s][info][gc,marking  ] GC(59) Concurrent Mark
[297.379s][info][gc,marking  ] GC(59) Concurrent Mark From Roots
[297.379s][info][gc,task     ] GC(59) Using 1 workers of 1 for marking
[297.436s][info][gc,marking  ] GC(59) Concurrent Mark From Roots 57.030ms
[297.436s][info][gc,marking  ] GC(59) Concurrent Preclean
[297.436s][info][gc,marking  ] GC(59) Concurrent Preclean 0.211ms
[297.437s][info][gc,start    ] GC(59) Pause Remark
[297.441s][info][gc          ] GC(59) Pause Remark 2392M->1706M(2868M) 4.606ms
[297.441s][info][gc,cpu      ] GC(59) User=0.01s Sys=0.00s Real=0.00s
[297.441s][info][gc,marking  ] GC(59) Concurrent Mark 62.391ms
[297.441s][info][gc,marking  ] GC(59) Concurrent Rebuild Remembered Sets and Scrub Regions
[297.471s][info][gc,marking  ] GC(59) Concurrent Rebuild Remembered Sets and Scrub Regions 29.268ms
[297.472s][info][gc,start    ] GC(59) Pause Cleanup
[297.472s][info][gc          ] GC(59) Pause Cleanup 1786M->1786M(2868M) 0.100ms
[297.472s][info][gc,cpu      ] GC(59) User=0.00s Sys=0.00s Real=0.00s
[297.472s][info][gc,marking  ] GC(59) Concurrent Clear Claimed Marks
[297.472s][info][gc,marking  ] GC(59) Concurrent Clear Claimed Marks 0.187ms
[297.472s][info][gc,marking  ] GC(59) Concurrent Cleanup for Next Mark
[297.475s][info][gc,marking  ] GC(59) Concurrent Cleanup for Next Mark 2.542ms
[297.475s][info][gc          ] GC(59) Concurrent Mark Cycle 103.371ms
[298.519s][info][gc,start    ] GC(60) Pause Young (Prepare Mixed) (G1 Evacuation Pause)
[298.519s][info][gc,task     ] GC(60) Using 4 workers of 4 for evacuation
[298.538s][info][gc,phases   ] GC(60)   Pre Evacuate Collection Set: 0.31ms
[298.538s][info][gc,phases   ] GC(60)   Merge Heap Roots: 0.20ms
[298.538s][info][gc,phases   ] GC(60)   Evacuate Collection Set: 17.24ms
[298.538s][info][gc,phases   ] GC(60)   Post Evacuate Collection Set: 0.75ms
[298.538s][info][gc,phases   ] GC(60)   Other: 0.05ms
[298.538s][info][gc,heap     ] GC(60) Eden regions: 206->0(292)
[298.538s][info][gc,heap     ] GC(60) Survivor regions: 12->28(28)
[298.538s][info][gc,heap     ] GC(60) Old regions: 263->345
[298.538s][info][gc,heap     ] GC(60) Humongous regions: 623->467
[298.538s][info][gc,metaspace] GC(60) Metaspace: 100178K(101248K)->100178K(101248K) NonClass: 78158K(78784K)->78158K(78784K) Class: 22019K(22464K)->22019K(22464K)
[298.538s][info][gc          ] GC(60) Pause Young (Prepare Mixed) (G1 Evacuation Pause) 2207M->1679M(2868M) 18.681ms
[298.538s][info][gc,cpu      ] GC(60) User=0.07s Sys=0.00s Real=0.02s
[298.756s][info][gc,start    ] GC(61) Pause Young (Mixed) (G1 Evacuation Pause)
[298.756s][info][gc,task     ] GC(61) Using 4 workers of 4 for evacuation
[298.761s][info][gc,phases   ] GC(61)   Pre Evacuate Collection Set: 0.31ms
[298.761s][info][gc,phases   ] GC(61)   Merge Heap Roots: 0.12ms
[298.761s][info][gc,phases   ] GC(61)   Evacuate Collection Set: 2.57ms
[298.761s][info][gc,phases   ] GC(61)   Post Evacuate Collection Set: 2.60ms
[298.761s][info][gc,phases   ] GC(61)   Other: 0.08ms
[298.761s][info][gc,heap     ] GC(61) Eden regions: 117->0(182)
[298.761s][info][gc,heap     ] GC(61) Survivor regions: 28->0(0)
[298.761s][info][gc,heap     ] GC(61) Old regions: 345->489
[298.761s][info][gc,heap     ] GC(61) Humongous regions: 944->592
[298.761s][info][gc,metaspace] GC(61) Metaspace: 100179K(101248K)->100179K(101248K) NonClass: 78159K(78784K)->78159K(78784K) Class: 22019K(22464K)->22019K(22464K)
[298.762s][info][gc          ] GC(61) Pause Young (Mixed) (G1 Evacuation Pause) (Evacuation Failure: Allocation) 2867M->2161M(2868M) 5.820ms
[298.762s][info][gc,cpu      ] GC(61) User=0.02s Sys=0.00s Real=0.01s
[298.844s][info][gc,start    ] GC(62) Pause Young (Concurrent Start) (G1 Humongous Allocation)
[298.844s][info][gc,task     ] GC(62) Using 4 workers of 4 for evacuation
[298.852s][info][gc,phases   ] GC(62)   Pre Evacuate Collection Set: 0.40ms
[298.852s][info][gc,phases   ] GC(62)   Merge Heap Roots: 0.13ms
[298.852s][info][gc,phases   ] GC(62)   Evacuate Collection Set: 7.24ms
[298.852s][info][gc,phases   ] GC(62)   Post Evacuate Collection Set: 0.47ms
[298.852s][info][gc,phases   ] GC(62)   Other: 0.05ms
[298.852s][info][gc,heap     ] GC(62) Eden regions: 30->0(211)
[298.852s][info][gc,heap     ] GC(62) Survivor regions: 0->16(23)
[298.852s][info][gc,heap     ] GC(62) Old regions: 489->397
[298.852s][info][gc,heap     ] GC(62) Humongous regions: 592->592
[298.852s][info][gc,metaspace] GC(62) Metaspace: 100179K(101248K)->100179K(101248K) NonClass: 78159K(78784K)->78159K(78784K) Class: 22019K(22464K)->22019K(22464K)
[298.852s][info][gc          ] GC(62) Pause Young (Concurrent Start) (G1 Humongous Allocation) 2220M->2007M(2868M) 8.382ms
[298.852s][info][gc,cpu      ] GC(62) User=0.03s Sys=0.00s Real=0.01s
[298.852s][info][gc          ] GC(63) Concurrent Mark Cycle
[298.852s][info][gc,marking  ] GC(63) Concurrent Scan Root Regions
[298.859s][info][gc,marking  ] GC(63) Concurrent Scan Root Regions 6.959ms
[298.859s][info][gc,marking  ] GC(63) Concurrent Mark
[298.859s][info][gc,marking  ] GC(63) Concurrent Mark From Roots
[298.859s][info][gc,task     ] GC(63) Using 1 workers of 1 for marking
[298.909s][info][gc,marking  ] GC(63) Concurrent Mark From Roots 49.802ms
[298.909s][info][gc,marking  ] GC(63) Concurrent Preclean
[298.909s][info][gc,marking  ] GC(63) Concurrent Preclean 0.153ms
[298.910s][info][gc,start    ] GC(63) Pause Remark
[298.913s][info][gc          ] GC(63) Pause Remark 2409M->1733M(2868M) 3.474ms
[298.913s][info][gc,cpu      ] GC(63) User=0.01s Sys=0.00s Real=0.01s
[298.913s][info][gc,marking  ] GC(63) Concurrent Mark 53.883ms
[298.913s][info][gc,marking  ] GC(63) Concurrent Rebuild Remembered Sets and Scrub Regions
[298.939s][info][gc,marking  ] GC(63) Concurrent Rebuild Remembered Sets and Scrub Regions 25.878ms
[298.939s][info][gc,start    ] GC(63) Pause Cleanup
[298.939s][info][gc          ] GC(63) Pause Cleanup 1771M->1771M(2868M) 0.097ms
[298.939s][info][gc,cpu      ] GC(63) User=0.00s Sys=0.00s Real=0.00s
[298.939s][info][gc,marking  ] GC(63) Concurrent Clear Claimed Marks
[298.940s][info][gc,marking  ] GC(63) Concurrent Clear Claimed Marks 0.158ms
[298.940s][info][gc,marking  ] GC(63) Concurrent Cleanup for Next Mark
[298.941s][info][gc,marking  ] GC(63) Concurrent Cleanup for Next Mark 1.273ms
[298.941s][info][gc          ] GC(63) Concurrent Mark Cycle 88.453ms
[299.980s][info][gc,start    ] GC(64) Pause Young (Prepare Mixed) (G1 Evacuation Pause)
[299.980s][info][gc,task     ] GC(64) Using 4 workers of 4 for evacuation
[299.994s][info][gc,phases   ] GC(64)   Pre Evacuate Collection Set: 0.26ms
[299.994s][info][gc,phases   ] GC(64)   Merge Heap Roots: 0.20ms
[299.994s][info][gc,phases   ] GC(64)   Evacuate Collection Set: 13.01ms
[299.994s][info][gc,phases   ] GC(64)   Post Evacuate Collection Set: 1.10ms
[299.994s][info][gc,phases   ] GC(64)   Other: 0.07ms
[299.994s][info][gc,heap     ] GC(64) Eden regions: 211->0(290)
[299.994s][info][gc,heap     ] GC(64) Survivor regions: 16->29(29)
[299.994s][info][gc,heap     ] GC(64) Old regions: 249->336
[299.994s][info][gc,heap     ] GC(64) Humongous regions: 634->475
[299.994s][info][gc,metaspace] GC(64) Metaspace: 100235K(101248K)->100235K(101248K) NonClass: 78215K(78784K)->78215K(78784K) Class: 22019K(22464K)->22019K(22464K)
[299.994s][info][gc          ] GC(64) Pause Young (Prepare Mixed) (G1 Evacuation Pause) 2217M->1679M(2868M) 14.776ms
[299.994s][info][gc,cpu      ] GC(64) User=0.06s Sys=0.00s Real=0.02s
[300.344s][info][gc,start    ] GC(65) Pause Young (Mixed) (G1 Humongous Allocation)
[300.344s][info][gc,task     ] GC(65) Using 4 workers of 4 for evacuation
[300.351s][info][gc,phases   ] GC(65)   Pre Evacuate Collection Set: 1.13ms
[300.351s][info][gc,phases   ] GC(65)   Merge Heap Roots: 0.09ms
[300.351s][info][gc,phases   ] GC(65)   Evacuate Collection Set: 2.16ms
[300.351s][info][gc,phases   ] GC(65)   Post Evacuate Collection Set: 3.53ms
[300.351s][info][gc,phases   ] GC(65)   Other: 0.06ms
[300.351s][info][gc,heap     ] GC(65) Eden regions: 146->0(170)
[300.351s][info][gc,heap     ] GC(65) Survivor regions: 29->0(0)
[300.351s][info][gc,heap     ] GC(65) Old regions: 336->506
[300.351s][info][gc,heap     ] GC(65) Humongous regions: 923->602
[300.351s][info][gc,metaspace] GC(65) Metaspace: 100258K(101312K)->100258K(101312K) NonClass: 78238K(78848K)->78238K(78848K) Class: 22019K(22464K)->22019K(22464K)
[300.351s][info][gc          ] GC(65) Pause Young (Mixed) (G1 Humongous Allocation) (Evacuation Failure: Allocation) 2867M->2215M(2868M) 7.081ms
[300.351s][info][gc,cpu      ] GC(65) User=0.02s Sys=0.00s Real=0.00s
[300.351s][info][gc,start    ] GC(66) Pause Young (Concurrent Start) (G1 Humongous Allocation)
[300.351s][info][gc,task     ] GC(66) Using 4 workers of 4 for evacuation
[300.358s][info][gc,phases   ] GC(66)   Pre Evacuate Collection Set: 0.16ms
[300.358s][info][gc,phases   ] GC(66)   Merge Heap Roots: 0.06ms
[300.358s][info][gc,phases   ] GC(66)   Evacuate Collection Set: 5.96ms
[300.358s][info][gc,phases   ] GC(66)   Post Evacuate Collection Set: 0.70ms
[300.358s][info][gc,phases   ] GC(66)   Other: 0.05ms
[300.358s][info][gc,heap     ] GC(66) Eden regions: 2->0(231)
[300.358s][info][gc,heap     ] GC(66) Survivor regions: 0->1(22)
[300.358s][info][gc,heap     ] GC(66) Old regions: 506->414
[300.358s][info][gc,heap     ] GC(66) Humongous regions: 603->603
[300.358s][info][gc,metaspace] GC(66) Metaspace: 100258K(101312K)->100258K(101312K) NonClass: 78238K(78848K)->78238K(78848K) Class: 22019K(22464K)->22019K(22464K)
[300.358s][info][gc          ] GC(66) Pause Young (Concurrent Start) (G1 Humongous Allocation) 2220M->2034M(2868M) 6.978ms
[300.358s][info][gc,cpu      ] GC(66) User=0.02s Sys=0.00s Real=0.01s
[300.358s][info][gc          ] GC(67) Concurrent Mark Cycle
[300.358s][info][gc,marking  ] GC(67) Concurrent Scan Root Regions
[300.368s][info][gc,marking  ] GC(67) Concurrent Scan Root Regions 9.480ms
[300.368s][info][gc,marking  ] GC(67) Concurrent Mark
[300.368s][info][gc,marking  ] GC(67) Concurrent Mark From Roots
[300.368s][info][gc,task     ] GC(67) Using 1 workers of 1 for marking
[300.419s][info][gc,marking  ] GC(67) Concurrent Mark From Roots 51.601ms
[300.419s][info][gc,marking  ] GC(67) Concurrent Preclean
[300.420s][info][gc,marking  ] GC(67) Concurrent Preclean 0.224ms
[300.420s][info][gc,start    ] GC(67) Pause Remark
[300.424s][info][gc          ] GC(67) Pause Remark 2485M->1829M(2868M) 4.352ms
[300.424s][info][gc,cpu      ] GC(67) User=0.01s Sys=0.00s Real=0.01s
[300.424s][info][gc,marking  ] GC(67) Concurrent Mark 56.367ms
[300.424s][info][gc,marking  ] GC(67) Concurrent Rebuild Remembered Sets and Scrub Regions
[300.452s][info][gc,marking  ] GC(67) Concurrent Rebuild Remembered Sets and Scrub Regions 27.834ms
[300.452s][info][gc,start    ] GC(67) Pause Cleanup
[300.452s][info][gc          ] GC(67) Pause Cleanup 1831M->1831M(2868M) 0.168ms
[300.452s][info][gc,cpu      ] GC(67) User=0.00s Sys=0.00s Real=0.00s
[300.452s][info][gc,marking  ] GC(67) Concurrent Clear Claimed Marks
[300.453s][info][gc,marking  ] GC(67) Concurrent Clear Claimed Marks 0.202ms
[300.453s][info][gc,marking  ] GC(67) Concurrent Cleanup for Next Mark
[300.454s][info][gc,marking  ] GC(67) Concurrent Cleanup for Next Mark 1.489ms
[300.454s][info][gc          ] GC(67) Concurrent Mark Cycle 95.791ms
[301.473s][info][gc,start    ] GC(68) Pause Young (Prepare Mixed) (G1 Evacuation Pause)
[301.473s][info][gc,task     ] GC(68) Using 4 workers of 4 for evacuation
[301.481s][info][gc,phases   ] GC(68)   Pre Evacuate Collection Set: 0.23ms
[301.481s][info][gc,phases   ] GC(68)   Merge Heap Roots: 0.15ms
[301.481s][info][gc,phases   ] GC(68)   Evacuate Collection Set: 5.59ms
[301.481s][info][gc,phases   ] GC(68)   Post Evacuate Collection Set: 1.59ms
[301.481s][info][gc,phases   ] GC(68)   Other: 0.06ms
[301.481s][info][gc,heap     ] GC(68) Eden regions: 231->0(260)
[301.481s][info][gc,heap     ] GC(68) Survivor regions: 1->29(29)
[301.481s][info][gc,heap     ] GC(68) Old regions: 286->411
[301.481s][info][gc,heap     ] GC(68) Humongous regions: 856->540
[301.481s][info][gc,metaspace] GC(68) Metaspace: 100274K(101312K)->100274K(101312K) NonClass: 78254K(78848K)->78254K(78848K) Class: 22019K(22464K)->22019K(22464K)
[301.481s][info][gc          ] GC(68) Pause Young (Prepare Mixed) (G1 Evacuation Pause) (Evacuation Failure: Allocation) 2746M->1959M(2868M) 7.740ms
[301.481s][info][gc,cpu      ] GC(68) User=0.03s Sys=0.00s Real=0.00s
[301.796s][info][gc,start    ] GC(69) Pause Young (Mixed) (G1 Humongous Allocation)
[301.796s][info][gc,task     ] GC(69) Using 4 workers of 4 for evacuation
[301.804s][info][gc,phases   ] GC(69)   Pre Evacuate Collection Set: 0.27ms
[301.804s][info][gc,phases   ] GC(69)   Merge Heap Roots: 0.11ms
[301.804s][info][gc,phases   ] GC(69)   Evacuate Collection Set: 3.95ms
[301.804s][info][gc,phases   ] GC(69)   Post Evacuate Collection Set: 3.51ms
[301.804s][info][gc,phases   ] GC(69)   Other: 0.06ms
[301.804s][info][gc,heap     ] GC(69) Eden regions: 128->0(138)
[301.804s][info][gc,heap     ] GC(69) Survivor regions: 29->17(24)
[301.804s][info][gc,heap     ] GC(69) Old regions: 411->555
[301.804s][info][gc,heap     ] GC(69) Humongous regions: 842->636
[301.804s][info][gc,metaspace] GC(69) Metaspace: 100281K(101312K)->100281K(101312K) NonClass: 78262K(78848K)->78262K(78848K) Class: 22019K(22464K)->22019K(22464K)
[301.804s][info][gc          ] GC(69) Pause Young (Mixed) (G1 Humongous Allocation) (Evacuation Failure: Allocation) 2818M->2415M(2868M) 7.988ms
[301.804s][info][gc,cpu      ] GC(69) User=0.03s Sys=0.01s Real=0.01s
[301.805s][info][gc,start    ] GC(70) Pause Young (Concurrent Start) (G1 Humongous Allocation)
[301.805s][info][gc,task     ] GC(70) Using 4 workers of 4 for evacuation
[301.811s][info][gc,phases   ] GC(70)   Pre Evacuate Collection Set: 0.22ms
[301.811s][info][gc,phases   ] GC(70)   Merge Heap Roots: 0.05ms
[301.811s][info][gc,phases   ] GC(70)   Evacuate Collection Set: 5.38ms
[301.811s][info][gc,phases   ] GC(70)   Post Evacuate Collection Set: 0.49ms
[301.811s][info][gc,phases   ] GC(70)   Other: 0.05ms
[301.811s][info][gc,heap     ] GC(70) Eden regions: 2->0(288)
[301.811s][info][gc,heap     ] GC(70) Survivor regions: 17->2(20)
[301.811s][info][gc,heap     ] GC(70) Old regions: 555->345
[301.811s][info][gc,heap     ] GC(70) Humongous regions: 639->639
[301.811s][info][gc,metaspace] GC(70) Metaspace: 100281K(101312K)->100281K(101312K) NonClass: 78262K(78848K)->78262K(78848K) Class: 22019K(22464K)->22019K(22464K)
[301.811s][info][gc          ] GC(70) Pause Young (Concurrent Start) (G1 Humongous Allocation) 2424M->1970M(2868M) 6.262ms
[301.811s][info][gc,cpu      ] GC(70) User=0.02s Sys=0.00s Real=0.00s
[301.811s][info][gc          ] GC(71) Concurrent Mark Cycle
[301.811s][info][gc,marking  ] GC(71) Concurrent Scan Root Regions
[301.818s][info][gc,marking  ] GC(71) Concurrent Scan Root Regions 6.951ms
[301.818s][info][gc,marking  ] GC(71) Concurrent Mark
[301.818s][info][gc,marking  ] GC(71) Concurrent Mark From Roots
[301.818s][info][gc,task     ] GC(71) Using 1 workers of 1 for marking
[301.875s][info][gc,marking  ] GC(71) Concurrent Mark From Roots 57.126ms
[301.875s][info][gc,marking  ] GC(71) Concurrent Preclean
[301.875s][info][gc,marking  ] GC(71) Concurrent Preclean 0.135ms
[301.875s][info][gc,start    ] GC(71) Pause Remark
[301.879s][info][gc          ] GC(71) Pause Remark 2255M->1525M(2868M) 3.520ms
[301.879s][info][gc,cpu      ] GC(71) User=0.01s Sys=0.00s Real=0.00s
[301.879s][info][gc,marking  ] GC(71) Concurrent Mark 60.922ms
[301.879s][info][gc,marking  ] GC(71) Concurrent Rebuild Remembered Sets and Scrub Regions
[301.901s][info][gc,marking  ] GC(71) Concurrent Rebuild Remembered Sets and Scrub Regions 22.488ms
[301.901s][info][gc,start    ] GC(71) Pause Cleanup
[301.901s][info][gc          ] GC(71) Pause Cleanup 1525M->1525M(2868M) 0.078ms
[301.901s][info][gc,cpu      ] GC(71) User=0.00s Sys=0.00s Real=0.00s
[301.901s][info][gc,marking  ] GC(71) Concurrent Clear Claimed Marks
[301.902s][info][gc,marking  ] GC(71) Concurrent Clear Claimed Marks 0.147ms
[301.902s][info][gc,marking  ] GC(71) Concurrent Cleanup for Next Mark
[301.903s][info][gc,marking  ] GC(71) Concurrent Cleanup for Next Mark 1.338ms
[301.903s][info][gc          ] GC(71) Concurrent Mark Cycle 92.086ms
[303.065s][info][gc,start    ] GC(72) Pause Young (Prepare Mixed) (G1 Humongous Allocation)
[303.065s][info][gc,task     ] GC(72) Using 4 workers of 4 for evacuation
[303.072s][info][gc,phases   ] GC(72)   Pre Evacuate Collection Set: 0.24ms
[303.072s][info][gc,phases   ] GC(72)   Merge Heap Roots: 0.24ms
[303.072s][info][gc,phases   ] GC(72)   Evacuate Collection Set: 5.79ms
[303.072s][info][gc,phases   ] GC(72)   Post Evacuate Collection Set: 1.11ms
[303.072s][info][gc,phases   ] GC(72)   Other: 0.09ms
[303.072s][info][gc,heap     ] GC(72) Eden regions: 280->0(432)
[303.072s][info][gc,heap     ] GC(72) Survivor regions: 2->37(37)
[303.072s][info][gc,heap     ] GC(72) Old regions: 208->225
[303.072s][info][gc,heap     ] GC(72) Humongous regions: 885->540
[303.072s][info][gc,metaspace] GC(72) Metaspace: 100317K(101312K)->100317K(101312K) NonClass: 78297K(78848K)->78297K(78848K) Class: 22019K(22464K)->22019K(22464K)
[303.072s][info][gc          ] GC(72) Pause Young (Prepare Mixed) (G1 Humongous Allocation) 2748M->1603M(2868M) 7.655ms
[303.072s][info][gc,cpu      ] GC(72) User=0.03s Sys=0.00s Real=0.01s
[304.436s][info][gc,start    ] GC(73) Pause Young (Mixed) (G1 Humongous Allocation)
[304.436s][info][gc,task     ] GC(73) Using 4 workers of 4 for evacuation
[304.446s][info][gc,phases   ] GC(73)   Pre Evacuate Collection Set: 0.18ms
[304.446s][info][gc,phases   ] GC(73)   Merge Heap Roots: 0.09ms
[304.446s][info][gc,phases   ] GC(73)   Evacuate Collection Set: 3.95ms
[304.446s][info][gc,phases   ] GC(73)   Post Evacuate Collection Set: 4.98ms
[304.446s][info][gc,phases   ] GC(73)   Other: 0.08ms
[304.446s][info][gc,heap     ] GC(73) Eden regions: 270->0(177)
[304.446s][info][gc,heap     ] GC(73) Survivor regions: 37->2(4)
[304.446s][info][gc,heap     ] GC(73) Old regions: 225->527
[304.446s][info][gc,heap     ] GC(73) Humongous regions: 898->643
[304.446s][info][gc,metaspace] GC(73) Metaspace: 100317K(101312K)->100317K(101312K) NonClass: 78297K(78848K)->78297K(78848K) Class: 22019K(22464K)->22019K(22464K)
[304.446s][info][gc          ] GC(73) Pause Young (Mixed) (G1 Humongous Allocation) (Evacuation Failure: Allocation) 2859M->2343M(2868M) 9.394ms
[304.446s][info][gc,cpu      ] GC(73) User=0.03s Sys=0.01s Real=0.01s
[304.447s][info][gc,start    ] GC(74) Pause Young (Concurrent Start) (G1 Humongous Allocation)
[304.447s][info][gc,task     ] GC(74) Using 4 workers of 4 for evacuation
[304.453s][info][gc,phases   ] GC(74)   Pre Evacuate Collection Set: 0.18ms
[304.453s][info][gc,phases   ] GC(74)   Merge Heap Roots: 0.08ms
[304.453s][info][gc,phases   ] GC(74)   Evacuate Collection Set: 5.49ms
[304.453s][info][gc,phases   ] GC(74)   Post Evacuate Collection Set: 0.58ms
[304.453s][info][gc,phases   ] GC(74)   Other: 0.05ms
[304.453s][info][gc,heap     ] GC(74) Eden regions: 2->0(247)
[304.453s][info][gc,heap     ] GC(74) Survivor regions: 2->3(23)
[304.453s][info][gc,heap     ] GC(74) Old regions: 527->440
[304.453s][info][gc,heap     ] GC(74) Humongous regions: 645->644
[304.453s][info][gc,metaspace] GC(74) Metaspace: 100317K(101312K)->100317K(101312K) NonClass: 78297K(78848K)->78297K(78848K) Class: 22019K(22464K)->22019K(22464K)
[304.453s][info][gc          ] GC(74) Pause Young (Concurrent Start) (G1 Humongous Allocation) 2350M->2173M(2868M) 6.465ms
[304.453s][info][gc,cpu      ] GC(74) User=0.03s Sys=0.00s Real=0.01s
[304.453s][info][gc          ] GC(75) Concurrent Mark Cycle
[304.453s][info][gc,marking  ] GC(75) Concurrent Scan Root Regions
[304.471s][info][gc,marking  ] GC(75) Concurrent Scan Root Regions 18.189ms
[304.471s][info][gc,marking  ] GC(75) Concurrent Mark
[304.471s][info][gc,marking  ] GC(75) Concurrent Mark From Roots
[304.471s][info][gc,task     ] GC(75) Using 1 workers of 1 for marking
[304.524s][info][gc,marking  ] GC(75) Concurrent Mark From Roots 52.533ms
[304.524s][info][gc,marking  ] GC(75) Concurrent Preclean
[304.524s][info][gc,marking  ] GC(75) Concurrent Preclean 0.141ms
[304.525s][info][gc,start    ] GC(75) Pause Remark
[304.528s][info][gc          ] GC(75) Pause Remark 2733M->2183M(2868M) 3.498ms
[304.528s][info][gc,cpu      ] GC(75) User=0.01s Sys=0.00s Real=0.00s
[304.528s][info][gc,marking  ] GC(75) Concurrent Mark 57.031ms
[304.528s][info][gc,marking  ] GC(75) Concurrent Rebuild Remembered Sets and Scrub Regions
[304.560s][info][gc,marking  ] GC(75) Concurrent Rebuild Remembered Sets and Scrub Regions 31.391ms
[304.560s][info][gc,start    ] GC(75) Pause Cleanup
[304.560s][info][gc          ] GC(75) Pause Cleanup 2284M->2284M(2868M) 0.107ms
[304.560s][info][gc,cpu      ] GC(75) User=0.00s Sys=0.00s Real=0.00s
[304.560s][info][gc,marking  ] GC(75) Concurrent Clear Claimed Marks
[304.560s][info][gc,marking  ] GC(75) Concurrent Clear Claimed Marks 0.145ms
[304.560s][info][gc,marking  ] GC(75) Concurrent Cleanup for Next Mark
[304.562s][info][gc,marking  ] GC(75) Concurrent Cleanup for Next Mark 1.793ms
[304.562s][info][gc          ] GC(75) Concurrent Mark Cycle 108.837ms
[304.781s][info][gc,start    ] GC(76) Pause Young (Prepare Mixed) (G1 Humongous Allocation)
[304.781s][info][gc,task     ] GC(76) Using 4 workers of 4 for evacuation
[304.792s][info][gc,phases   ] GC(76)   Pre Evacuate Collection Set: 0.27ms
[304.792s][info][gc,phases   ] GC(76)   Merge Heap Roots: 0.15ms
[304.792s][info][gc,phases   ] GC(76)   Evacuate Collection Set: 4.91ms
[304.792s][info][gc,phases   ] GC(76)   Post Evacuate Collection Set: 5.47ms
[304.792s][info][gc,phases   ] GC(76)   Other: 0.05ms
[304.792s][info][gc,heap     ] GC(76) Eden regions: 136->0(282)
[304.792s][info][gc,heap     ] GC(76) Survivor regions: 3->14(27)
[304.792s][info][gc,heap     ] GC(76) Old regions: 380->528
[304.792s][info][gc,heap     ] GC(76) Humongous regions: 888->514
[304.792s][info][gc,metaspace] GC(76) Metaspace: 100379K(101376K)->100379K(101376K) NonClass: 78360K(78912K)->78360K(78912K) Class: 22019K(22464K)->22019K(22464K)
[304.792s][info][gc          ] GC(76) Pause Young (Prepare Mixed) (G1 Humongous Allocation) (Evacuation Failure: Allocation) 2813M->2111M(2868M) 10.947ms
[304.792s][info][gc,cpu      ] GC(76) User=0.03s Sys=0.00s Real=0.02s
[305.717s][info][gc,start    ] GC(77) Pause Young (Mixed) (G1 Evacuation Pause)
[305.717s][info][gc,task     ] GC(77) Using 4 workers of 4 for evacuation
[305.728s][info][gc,phases   ] GC(77)   Pre Evacuate Collection Set: 0.18ms
[305.728s][info][gc,phases   ] GC(77)   Merge Heap Roots: 0.14ms
[305.728s][info][gc,phases   ] GC(77)   Evacuate Collection Set: 3.79ms
[305.728s][info][gc,phases   ] GC(77)   Post Evacuate Collection Set: 6.05ms
[305.728s][info][gc,phases   ] GC(77)   Other: 0.06ms
[305.728s][info][gc,heap     ] GC(77) Eden regions: 160->0(110)
[305.728s][info][gc,heap     ] GC(77) Survivor regions: 14->0(0)
[305.728s][info][gc,heap     ] GC(77) Old regions: 528->699
[305.728s][info][gc,heap     ] GC(77) Humongous regions: 732->552
[305.728s][info][gc,metaspace] GC(77) Metaspace: 100406K(101440K)->100406K(101440K) NonClass: 78387K(78976K)->78387K(78976K) Class: 22019K(22464K)->22019K(22464K)
[305.728s][info][gc          ] GC(77) Pause Young (Mixed) (G1 Evacuation Pause) (Evacuation Failure: Allocation) 2867M->2501M(2868M) 10.340ms
[305.728s][info][gc,cpu      ] GC(77) User=0.04s Sys=0.00s Real=0.01s
[305.839s][info][gc,start    ] GC(78) Pause Young (Concurrent Start) (G1 Humongous Allocation)
[305.839s][info][gc,task     ] GC(78) Using 4 workers of 4 for evacuation
[305.849s][info][gc,phases   ] GC(78)   Pre Evacuate Collection Set: 0.36ms
[305.849s][info][gc,phases   ] GC(78)   Merge Heap Roots: 0.11ms
[305.849s][info][gc,phases   ] GC(78)   Evacuate Collection Set: 8.70ms
[305.849s][info][gc,phases   ] GC(78)   Post Evacuate Collection Set: 0.70ms
[305.849s][info][gc,phases   ] GC(78)   Other: 0.07ms
[305.849s][info][gc,heap     ] GC(78) Eden regions: 66->0(143)
[305.849s][info][gc,heap     ] GC(78) Survivor regions: 0->14(14)
[305.849s][info][gc,heap     ] GC(78) Old regions: 699->627
[305.849s][info][gc,heap     ] GC(78) Humongous regions: 552->552
[305.849s][info][gc,metaspace] GC(78) Metaspace: 100409K(101440K)->100409K(101440K) NonClass: 78389K(78976K)->78389K(78976K) Class: 22019K(22464K)->22019K(22464K)
[305.849s][info][gc          ] GC(78) Pause Young (Concurrent Start) (G1 Humongous Allocation) 2631M->2384M(2868M) 10.041ms
[305.849s][info][gc,cpu      ] GC(78) User=0.04s Sys=0.00s Real=0.01s
[305.849s][info][gc          ] GC(79) Concurrent Mark Cycle
[305.849s][info][gc,marking  ] GC(79) Concurrent Scan Root Regions
[305.872s][info][gc,marking  ] GC(79) Concurrent Scan Root Regions 22.610ms
[305.872s][info][gc,marking  ] GC(79) Concurrent Mark
[305.872s][info][gc,marking  ] GC(79) Concurrent Mark From Roots
[305.872s][info][gc,task     ] GC(79) Using 1 workers of 1 for marking
[305.904s][info][gc,start    ] GC(80) Pause Young (Normal) (G1 Humongous Allocation)
[305.904s][info][gc,task     ] GC(80) Using 4 workers of 4 for evacuation
[305.912s][info][gc,phases   ] GC(80)   Pre Evacuate Collection Set: 0.24ms
[305.912s][info][gc,phases   ] GC(80)   Merge Heap Roots: 0.13ms
[305.912s][info][gc,phases   ] GC(80)   Evacuate Collection Set: 3.69ms
[305.912s][info][gc,phases   ] GC(80)   Post Evacuate Collection Set: 4.74ms
[305.912s][info][gc,phases   ] GC(80)   Other: 0.05ms
[305.913s][info][gc,heap     ] GC(80) Eden regions: 28->0(73)
[305.913s][info][gc,heap     ] GC(80) Survivor regions: 14->1(2)
[305.913s][info][gc,heap     ] GC(80) Old regions: 627->668
[305.913s][info][gc,heap     ] GC(80) Humongous regions: 763->619
[305.913s][info][gc,metaspace] GC(80) Metaspace: 100422K(101440K)->100422K(101440K) NonClass: 78401K(78976K)->78401K(78976K) Class: 22020K(22464K)->22020K(22464K)
[305.913s][info][gc          ] GC(80) Pause Young (Normal) (G1 Humongous Allocation) (Evacuation Failure: Allocation) 2862M->2575M(2868M) 8.978ms
[305.913s][info][gc,cpu      ] GC(80) User=0.04s Sys=0.00s Real=0.01s
[305.949s][info][gc,marking  ] GC(79) Concurrent Mark From Roots 77.695ms
[305.949s][info][gc,marking  ] GC(79) Concurrent Preclean
[305.949s][info][gc,marking  ] GC(79) Concurrent Preclean 0.154ms
[305.950s][info][gc,start    ] GC(79) Pause Remark
[305.952s][info][gc          ] GC(79) Pause Remark 2764M->2456M(2868M) 2.871ms
[305.952s][info][gc,cpu      ] GC(79) User=0.01s Sys=0.00s Real=0.01s
[305.953s][info][gc,marking  ] GC(79) Concurrent Mark 80.956ms
[305.953s][info][gc,marking  ] GC(79) Concurrent Rebuild Remembered Sets and Scrub Regions
[305.997s][info][gc,marking  ] GC(79) Concurrent Rebuild Remembered Sets and Scrub Regions 44.012ms
[305.998s][info][gc,start    ] GC(79) Pause Cleanup
[305.998s][info][gc          ] GC(79) Pause Cleanup 2557M->2557M(2868M) 0.179ms
[305.998s][info][gc,cpu      ] GC(79) User=0.00s Sys=0.00s Real=0.00s
[305.998s][info][gc,marking  ] GC(79) Concurrent Clear Claimed Marks
[305.998s][info][gc,marking  ] GC(79) Concurrent Clear Claimed Marks 0.226ms
[305.998s][info][gc,marking  ] GC(79) Concurrent Cleanup for Next Mark
[306.000s][info][gc,marking  ] GC(79) Concurrent Cleanup for Next Mark 2.241ms
[306.000s][info][gc          ] GC(79) Concurrent Mark Cycle 151.515ms
[306.011s][info][gc,start    ] GC(81) Pause Young (Prepare Mixed) (G1 Humongous Allocation)
[306.011s][info][gc,task     ] GC(81) Using 4 workers of 4 for evacuation
[306.018s][info][gc,phases   ] GC(81)   Pre Evacuate Collection Set: 0.17ms
[306.018s][info][gc,phases   ] GC(81)   Merge Heap Roots: 0.13ms
[306.018s][info][gc,phases   ] GC(81)   Evacuate Collection Set: 5.49ms
[306.018s][info][gc,phases   ] GC(81)   Post Evacuate Collection Set: 1.94ms
[306.018s][info][gc,phases   ] GC(81)   Other: 0.05ms
[306.018s][info][gc,heap     ] GC(81) Eden regions: 46->0(116)
[306.018s][info][gc,heap     ] GC(81) Survivor regions: 1->10(10)
[306.018s][info][gc,heap     ] GC(81) Old regions: 634->679
[306.018s][info][gc,heap     ] GC(81) Humongous regions: 707->547
[306.018s][info][gc,metaspace] GC(81) Metaspace: 100422K(101440K)->100422K(101440K) NonClass: 78401K(78976K)->78401K(78976K) Class: 22020K(22464K)->22020K(22464K)
[306.018s][info][gc          ] GC(81) Pause Young (Prepare Mixed) (G1 Humongous Allocation) (Evacuation Failure: Allocation) 2774M->2471M(2868M) 7.891ms
[306.019s][info][gc,cpu      ] GC(81) User=0.03s Sys=0.01s Real=0.01s
[306.216s][info][gc,start    ] GC(82) Pause Young (Mixed) (G1 Humongous Allocation)
[306.216s][info][gc,task     ] GC(82) Using 4 workers of 4 for evacuation
[306.226s][info][gc,phases   ] GC(82)   Pre Evacuate Collection Set: 0.43ms
[306.226s][info][gc,phases   ] GC(82)   Merge Heap Roots: 0.16ms
[306.226s][info][gc,phases   ] GC(82)   Evacuate Collection Set: 3.74ms
[306.226s][info][gc,phases   ] GC(82)   Post Evacuate Collection Set: 4.88ms
[306.226s][info][gc,phases   ] GC(82)   Other: 0.11ms
[306.226s][info][gc,heap     ] GC(82) Eden regions: 80->0(71)
[306.226s][info][gc,heap     ] GC(82) Survivor regions: 10->3(7)
[306.226s][info][gc,heap     ] GC(82) Old regions: 679->769
[306.226s][info][gc,heap     ] GC(82) Humongous regions: 658->539
[306.226s][info][gc,metaspace] GC(82) Metaspace: 100430K(101440K)->100430K(101440K) NonClass: 78410K(78976K)->78410K(78976K) Class: 22020K(22464K)->22020K(22464K)
[306.226s][info][gc          ] GC(82) Pause Young (Mixed) (G1 Humongous Allocation) (Evacuation Failure: Allocation) 2852M->2621M(2868M) 9.473ms
[306.226s][info][gc,cpu      ] GC(82) User=0.03s Sys=0.00s Real=0.01s
[306.228s][info][gc,start    ] GC(83) Pause Young (Concurrent Start) (G1 Humongous Allocation)
[306.228s][info][gc,task     ] GC(83) Using 4 workers of 4 for evacuation
[306.239s][info][gc,phases   ] GC(83)   Pre Evacuate Collection Set: 0.64ms
[306.239s][info][gc,phases   ] GC(83)   Merge Heap Roots: 0.18ms
[306.239s][info][gc,phases   ] GC(83)   Evacuate Collection Set: 9.13ms
[306.239s][info][gc,phases   ] GC(83)   Post Evacuate Collection Set: 1.13ms
[306.239s][info][gc,phases   ] GC(83)   Other: 0.09ms
[306.239s][info][gc,heap     ] GC(83) Eden regions: 2->0(187)
[306.239s][info][gc,heap     ] GC(83) Survivor regions: 3->5(10)
[306.239s][info][gc,heap     ] GC(83) Old regions: 769->604
[306.239s][info][gc,heap     ] GC(83) Humongous regions: 542->535
[306.239s][info][gc,metaspace] GC(83) Metaspace: 100430K(101440K)->100430K(101440K) NonClass: 78410K(78976K)->78410K(78976K) Class: 22020K(22464K)->22020K(22464K)
[306.239s][info][gc          ] GC(83) Pause Young (Concurrent Start) (G1 Humongous Allocation) 2630M->2284M(2868M) 11.383ms
[306.239s][info][gc,cpu      ] GC(83) User=0.03s Sys=0.00s Real=0.01s
[306.239s][info][gc          ] GC(84) Concurrent Mark Cycle
[306.239s][info][gc,marking  ] GC(84) Concurrent Scan Root Regions
[306.260s][info][gc,marking  ] GC(84) Concurrent Scan Root Regions 21.399ms
[306.260s][info][gc,marking  ] GC(84) Concurrent Mark
[306.260s][info][gc,marking  ] GC(84) Concurrent Mark From Roots
[306.260s][info][gc,task     ] GC(84) Using 1 workers of 1 for marking
[306.313s][info][gc,marking  ] GC(84) Concurrent Mark From Roots 52.939ms
[306.313s][info][gc,marking  ] GC(84) Concurrent Preclean
[306.314s][info][gc,marking  ] GC(84) Concurrent Preclean 0.135ms
[306.314s][info][gc,start    ] GC(84) Pause Remark
[306.317s][info][gc          ] GC(84) Pause Remark 2558M->2502M(2868M) 3.437ms
[306.317s][info][gc,cpu      ] GC(84) User=0.01s Sys=0.00s Real=0.00s
[306.317s][info][gc,marking  ] GC(84) Concurrent Mark 56.641ms
[306.317s][info][gc,marking  ] GC(84) Concurrent Rebuild Remembered Sets and Scrub Regions
[306.355s][info][gc,marking  ] GC(84) Concurrent Rebuild Remembered Sets and Scrub Regions 38.189ms
[306.355s][info][gc,start    ] GC(84) Pause Cleanup
[306.356s][info][gc          ] GC(84) Pause Cleanup 2503M->2503M(2868M) 0.142ms
[306.356s][info][gc,cpu      ] GC(84) User=0.00s Sys=0.00s Real=0.00s
[306.356s][info][gc,marking  ] GC(84) Concurrent Clear Claimed Marks
[306.356s][info][gc,marking  ] GC(84) Concurrent Clear Claimed Marks 0.155ms
[306.356s][info][gc,marking  ] GC(84) Concurrent Cleanup for Next Mark
[306.357s][info][gc,marking  ] GC(84) Concurrent Cleanup for Next Mark 1.447ms
[306.357s][info][gc          ] GC(84) Concurrent Mark Cycle 118.169ms
[307.128s][info][gc,start    ] GC(85) Pause Young (Prepare Mixed) (G1 Evacuation Pause)
[307.128s][info][gc,task     ] GC(85) Using 4 workers of 4 for evacuation
[307.139s][info][gc,phases   ] GC(85)   Pre Evacuate Collection Set: 0.42ms
[307.139s][info][gc,phases   ] GC(85)   Merge Heap Roots: 0.17ms
[307.139s][info][gc,phases   ] GC(85)   Evacuate Collection Set: 4.15ms
[307.139s][info][gc,phases   ] GC(85)   Post Evacuate Collection Set: 5.67ms
[307.139s][info][gc,phases   ] GC(85)   Other: 0.07ms
[307.139s][info][gc,heap     ] GC(85) Eden regions: 171->0(71)
[307.139s][info][gc,heap     ] GC(85) Survivor regions: 5->0(0)
[307.139s][info][gc,heap     ] GC(85) Old regions: 596->771
[307.139s][info][gc,heap     ] GC(85) Humongous regions: 662->547
[307.139s][info][gc,metaspace] GC(85) Metaspace: 100436K(101440K)->100436K(101440K) NonClass: 78416K(78976K)->78416K(78976K) Class: 22020K(22464K)->22020K(22464K)
[307.139s][info][gc          ] GC(85) Pause Young (Prepare Mixed) (G1 Evacuation Pause) (Evacuation Failure: Allocation) 2864M->2635M(2868M) 10.622ms
[307.139s][info][gc,cpu      ] GC(85) User=0.04s Sys=0.00s Real=0.01s
[307.203s][info][gc,start    ] GC(86) Pause Young (Mixed) (G1 Humongous Allocation)
[307.203s][info][gc,task     ] GC(86) Using 4 workers of 4 for evacuation
[307.211s][info][gc,phases   ] GC(86)   Pre Evacuate Collection Set: 0.29ms
[307.211s][info][gc,phases   ] GC(86)   Merge Heap Roots: 0.14ms
[307.211s][info][gc,phases   ] GC(86)   Evacuate Collection Set: 4.85ms
[307.211s][info][gc,phases   ] GC(86)   Post Evacuate Collection Set: 2.84ms
[307.211s][info][gc,phases   ] GC(86)   Other: 0.17ms
[307.211s][info][gc,heap     ] GC(86) Eden regions: 47->0(69)
[307.211s][info][gc,heap     ] GC(86) Survivor regions: 0->2(9)
[307.211s][info][gc,heap     ] GC(86) Old regions: 771->803
[307.211s][info][gc,heap     ] GC(86) Humongous regions: 587->558
[307.211s][info][gc,metaspace] GC(86) Metaspace: 100442K(101440K)->100442K(101440K) NonClass: 78421K(78976K)->78421K(78976K) Class: 22020K(22464K)->22020K(22464K)
[307.211s][info][gc          ] GC(86) Pause Young (Mixed) (G1 Humongous Allocation) (Evacuation Failure: Allocation) 2809M->2725M(2868M) 8.387ms
[307.211s][info][gc,cpu      ] GC(86) User=0.03s Sys=0.00s Real=0.00s
[307.215s][info][gc,start    ] GC(87) Pause Young (Concurrent Start) (G1 Humongous Allocation)
[307.215s][info][gc,task     ] GC(87) Using 4 workers of 4 for evacuation
[307.223s][info][gc,phases   ] GC(87)   Pre Evacuate Collection Set: 0.30ms
[307.223s][info][gc,phases   ] GC(87)   Merge Heap Roots: 0.15ms
[307.223s][info][gc,phases   ] GC(87)   Evacuate Collection Set: 6.18ms
[307.223s][info][gc,phases   ] GC(87)   Post Evacuate Collection Set: 0.65ms
[307.223s][info][gc,phases   ] GC(87)   Other: 0.08ms
[307.223s][info][gc,heap     ] GC(87) Eden regions: 2->0(79)
[307.223s][info][gc,heap     ] GC(87) Survivor regions: 2->4(9)
[307.223s][info][gc,heap     ] GC(87) Old regions: 803->718
[307.223s][info][gc,heap     ] GC(87) Humongous regions: 563->560
[307.223s][info][gc,metaspace] GC(87) Metaspace: 100442K(101440K)->100442K(101440K) NonClass: 78421K(78976K)->78421K(78976K) Class: 22020K(22464K)->22020K(22464K)
[307.223s][info][gc          ] GC(87) Pause Young (Concurrent Start) (G1 Humongous Allocation) 2739M->2561M(2868M) 7.494ms
[307.223s][info][gc,cpu      ] GC(87) User=0.02s Sys=0.00s Real=0.01s
[307.223s][info][gc          ] GC(88) Concurrent Mark Cycle
[307.223s][info][gc,marking  ] GC(88) Concurrent Scan Root Regions
[307.232s][info][gc,start    ] GC(89) Pause Young (Normal) (G1 Humongous Allocation)
[307.232s][info][gc,task     ] GC(89) Using 4 workers of 4 for evacuation
[307.241s][info][gc,marking  ] GC(88) Concurrent Scan Root Regions 18.118ms
[307.241s][info][gc,marking  ] GC(88) Concurrent Mark
[307.241s][info][gc,marking  ] GC(88) Concurrent Mark From Roots
[307.241s][info][gc,task     ] GC(88) Using 1 workers of 1 for marking
[307.248s][info][gc,phases   ] GC(89)   Pre Evacuate Collection Set: 0.38ms
[307.248s][info][gc,phases   ] GC(89)   Merge Heap Roots: 0.17ms
[307.248s][info][gc,phases   ] GC(89)   Evacuate Collection Set: 3.85ms
[307.248s][info][gc,phases   ] GC(89)   Post Evacuate Collection Set: 2.40ms
[307.248s][info][gc,phases   ] GC(89)   Other: 9.37ms
[307.248s][info][gc,heap     ] GC(89) Eden regions: 14->0(68)
[307.248s][info][gc,heap     ] GC(89) Survivor regions: 4->3(11)
[307.248s][info][gc,heap     ] GC(89) Old regions: 718->746
[307.248s][info][gc,heap     ] GC(89) Humongous regions: 673->607
[307.248s][info][gc,metaspace] GC(89) Metaspace: 100444K(101440K)->100444K(101440K) NonClass: 78423K(78976K)->78423K(78976K) Class: 22020K(22464K)->22020K(22464K)
[307.248s][info][gc          ] GC(89) Pause Young (Normal) (G1 Humongous Allocation) (Evacuation Failure: Allocation) 2815M->2709M(2868M) 16.287ms
[307.248s][info][gc,cpu      ] GC(89) User=0.03s Sys=0.00s Real=0.01s
[307.254s][info][gc,start    ] GC(90) Pause Young (Normal) (G1 Humongous Allocation)
[307.254s][info][gc,task     ] GC(90) Using 4 workers of 4 for evacuation
[307.259s][info][gc,phases   ] GC(90)   Pre Evacuate Collection Set: 0.17ms
[307.259s][info][gc,phases   ] GC(90)   Merge Heap Roots: 0.07ms
[307.259s][info][gc,phases   ] GC(90)   Evacuate Collection Set: 3.07ms
[307.259s][info][gc,phases   ] GC(90)   Post Evacuate Collection Set: 2.18ms
[307.259s][info][gc,phases   ] GC(90)   Other: 0.04ms
[307.259s][info][gc,heap     ] GC(90) Eden regions: 5->0(60)
[307.259s][info][gc,heap     ] GC(90) Survivor regions: 3->2(9)
[307.259s][info][gc,heap     ] GC(90) Old regions: 746->751
[307.259s][info][gc,heap     ] GC(90) Humongous regions: 657->621
[307.259s][info][gc,metaspace] GC(90) Metaspace: 100444K(101440K)->100444K(101440K) NonClass: 78423K(78976K)->78423K(78976K) Class: 22020K(22464K)->22020K(22464K)
[307.259s][info][gc          ] GC(90) Pause Young (Normal) (G1 Humongous Allocation) (Evacuation Failure: Allocation) 2817M->2745M(2868M) 5.635ms
[307.259s][info][gc,cpu      ] GC(90) User=0.02s Sys=0.00s Real=0.00s
[307.263s][info][gc,start    ] GC(91) Pause Young (Normal) (G1 Humongous Allocation)
[307.263s][info][gc,task     ] GC(91) Using 4 workers of 4 for evacuation
[307.269s][info][gc,phases   ] GC(91)   Pre Evacuate Collection Set: 0.23ms
[307.269s][info][gc,phases   ] GC(91)   Merge Heap Roots: 0.07ms
[307.269s][info][gc,phases   ] GC(91)   Evacuate Collection Set: 3.17ms
[307.269s][info][gc,phases   ] GC(91)   Post Evacuate Collection Set: 3.19ms
[307.269s][info][gc,phases   ] GC(91)   Other: 0.05ms
[307.269s][info][gc,heap     ] GC(91) Eden regions: 3->0(60)
[307.269s][info][gc,heap     ] GC(91) Survivor regions: 2->1(8)
[307.269s][info][gc,heap     ] GC(91) Old regions: 751->754
[307.269s][info][gc,heap     ] GC(91) Humongous regions: 654->619
[307.269s][info][gc,metaspace] GC(91) Metaspace: 100444K(101440K)->100444K(101440K) NonClass: 78423K(78976K)->78423K(78976K) Class: 22020K(22464K)->22020K(22464K)
[307.269s][info][gc          ] GC(91) Pause Young (Normal) (G1 Humongous Allocation) (Evacuation Failure: Allocation) 2817M->2745M(2868M) 6.821ms
[307.269s][info][gc,cpu      ] GC(91) User=0.02s Sys=0.00s Real=0.00s
[307.281s][info][gc,start    ] GC(92) Pause Young (Normal) (G1 Humongous Allocation)
[307.281s][info][gc,task     ] GC(92) Using 4 workers of 4 for evacuation
[307.286s][info][gc,phases   ] GC(92)   Pre Evacuate Collection Set: 0.18ms
[307.286s][info][gc,phases   ] GC(92)   Merge Heap Roots: 0.06ms
[307.286s][info][gc,phases   ] GC(92)   Evacuate Collection Set: 3.07ms
[307.286s][info][gc,phases   ] GC(92)   Post Evacuate Collection Set: 1.70ms
[307.286s][info][gc,phases   ] GC(92)   Other: 0.05ms
[307.286s][info][gc,heap     ] GC(92) Eden regions: 3->0(86)
[307.286s][info][gc,heap     ] GC(92) Survivor regions: 1->2(8)
[307.286s][info][gc,heap     ] GC(92) Old regions: 754->669
[307.286s][info][gc,heap     ] GC(92) Humongous regions: 646->604
[307.286s][info][gc,metaspace] GC(92) Metaspace: 100444K(101440K)->100444K(101440K) NonClass: 78423K(78976K)->78423K(78976K) Class: 22020K(22464K)->22020K(22464K)
[307.286s][info][gc          ] GC(92) Pause Young (Normal) (G1 Humongous Allocation) (Evacuation Failure: Allocation) 2803M->2548M(2868M) 5.165ms
[307.286s][info][gc,cpu      ] GC(92) User=0.02s Sys=0.00s Real=0.01s
[307.301s][info][gc,start    ] GC(93) Pause Young (Normal) (G1 Humongous Allocation)
[307.301s][info][gc,task     ] GC(93) Using 4 workers of 4 for evacuation
[307.303s][info][gc,phases   ] GC(93)   Pre Evacuate Collection Set: 0.15ms
[307.303s][info][gc,phases   ] GC(93)   Merge Heap Roots: 0.05ms
[307.303s][info][gc,phases   ] GC(93)   Evacuate Collection Set: 1.99ms
[307.303s][info][gc,phases   ] GC(93)   Post Evacuate Collection Set: 0.47ms
[307.303s][info][gc,phases   ] GC(93)   Other: 0.04ms
[307.303s][info][gc,heap     ] GC(93) Eden regions: 24->0(153)
[307.303s][info][gc,heap     ] GC(93) Survivor regions: 2->11(11)
[307.303s][info][gc,heap     ] GC(93) Old regions: 669->544
[307.303s][info][gc,heap     ] GC(93) Humongous regions: 700->625
[307.303s][info][gc,metaspace] GC(93) Metaspace: 100444K(101440K)->100444K(101440K) NonClass: 78423K(78976K)->78423K(78976K) Class: 22020K(22464K)->22020K(22464K)
[307.303s][info][gc          ] GC(93) Pause Young (Normal) (G1 Humongous Allocation) 2788M->2359M(2868M) 2.795ms
[307.303s][info][gc,cpu      ] GC(93) User=0.00s Sys=0.00s Real=0.01s
[307.337s][info][gc,marking  ] GC(88) Concurrent Mark From Roots 96.185ms
[307.337s][info][gc,marking  ] GC(88) Concurrent Preclean
[307.338s][info][gc,marking  ] GC(88) Concurrent Preclean 0.641ms
[307.338s][info][gc,start    ] GC(88) Pause Remark
[307.348s][info][gc          ] GC(88) Pause Remark 2512M->2260M(2868M) 10.338ms
[307.348s][info][gc,cpu      ] GC(88) User=0.03s Sys=0.00s Real=0.01s
[307.348s][info][gc,marking  ] GC(88) Concurrent Mark 107.360ms
[307.348s][info][gc,marking  ] GC(88) Concurrent Rebuild Remembered Sets and Scrub Regions
[307.392s][info][gc,marking  ] GC(88) Concurrent Rebuild Remembered Sets and Scrub Regions 43.666ms
[307.392s][info][gc,start    ] GC(88) Pause Cleanup
[307.392s][info][gc          ] GC(88) Pause Cleanup 2360M->2360M(2868M) 0.115ms
[307.392s][info][gc,cpu      ] GC(88) User=0.00s Sys=0.00s Real=0.00s
[307.392s][info][gc,marking  ] GC(88) Concurrent Clear Claimed Marks
[307.392s][info][gc,marking  ] GC(88) Concurrent Clear Claimed Marks 0.145ms
[307.392s][info][gc,marking  ] GC(88) Concurrent Cleanup for Next Mark
[307.394s][info][gc,marking  ] GC(88) Concurrent Cleanup for Next Mark 1.467ms
[307.394s][info][gc          ] GC(88) Concurrent Mark Cycle 171.090ms
[307.606s][info][gc,start    ] GC(94) Pause Young (Prepare Mixed) (G1 Humongous Allocation)
[307.606s][info][gc,task     ] GC(94) Using 4 workers of 4 for evacuation
[307.614s][info][gc,phases   ] GC(94)   Pre Evacuate Collection Set: 0.12ms
[307.614s][info][gc,phases   ] GC(94)   Merge Heap Roots: 0.09ms
[307.614s][info][gc,phases   ] GC(94)   Evacuate Collection Set: 6.39ms
[307.614s][info][gc,phases   ] GC(94)   Post Evacuate Collection Set: 1.49ms
[307.614s][info][gc,phases   ] GC(94)   Other: 0.05ms
[307.614s][info][gc,heap     ] GC(94) Eden regions: 101->0(116)
[307.614s][info][gc,heap     ] GC(94) Survivor regions: 11->21(21)
[307.614s][info][gc,heap     ] GC(94) Old regions: 528->636
[307.614s][info][gc,heap     ] GC(94) Humongous regions: 755->582
[307.614s][info][gc,metaspace] GC(94) Metaspace: 100362K(101440K)->100362K(101440K) NonClass: 78365K(78976K)->78365K(78976K) Class: 21997K(22464K)->21997K(22464K)
[307.614s][info][gc          ] GC(94) Pause Young (Prepare Mixed) (G1 Humongous Allocation) (Evacuation Failure: Allocation) 2787M->2477M(2868M) 8.240ms
[307.614s][info][gc,cpu      ] GC(94) User=0.02s Sys=0.00s Real=0.01s
[308.398s][info][gc,start    ] GC(95) Pause Young (Mixed) (G1 Evacuation Pause)
[308.398s][info][gc,task     ] GC(95) Using 4 workers of 4 for evacuation
[308.405s][info][gc,phases   ] GC(95)   Pre Evacuate Collection Set: 0.21ms
[308.405s][info][gc,phases   ] GC(95)   Merge Heap Roots: 0.07ms
[308.405s][info][gc,phases   ] GC(95)   Evacuate Collection Set: 3.08ms
[308.405s][info][gc,phases   ] GC(95)   Post Evacuate Collection Set: 3.39ms
[308.405s][info][gc,phases   ] GC(95)   Other: 0.06ms
[308.405s][info][gc,heap     ] GC(95) Eden regions: 116->0(62)
[308.405s][info][gc,heap     ] GC(95) Survivor regions: 21->2(3)
[308.405s][info][gc,heap     ] GC(95) Old regions: 636->773
[308.405s][info][gc,heap     ] GC(95) Humongous regions: 658->597
[308.405s][info][gc,metaspace] GC(95) Metaspace: 100368K(101440K)->100368K(101440K) NonClass: 78370K(78976K)->78370K(78976K) Class: 21998K(22464K)->21998K(22464K)
[308.405s][info][gc          ] GC(95) Pause Young (Mixed) (G1 Evacuation Pause) (Evacuation Failure: Allocation) 2861M->2743M(2868M) 6.927ms
[308.405s][info][gc,cpu      ] GC(95) User=0.02s Sys=0.00s Real=0.01s
[308.408s][info][gc,start    ] GC(96) Pause Young (Concurrent Start) (G1 Humongous Allocation)
[308.408s][info][gc,task     ] GC(96) Using 4 workers of 4 for evacuation
[308.416s][info][gc,phases   ] GC(96)   Pre Evacuate Collection Set: 0.20ms
[308.416s][info][gc,phases   ] GC(96)   Merge Heap Roots: 0.07ms
[308.416s][info][gc,phases   ] GC(96)   Evacuate Collection Set: 5.88ms
[308.416s][info][gc,phases   ] GC(96)   Post Evacuate Collection Set: 1.96ms
[308.416s][info][gc,phases   ] GC(96)   Other: 0.07ms
[308.416s][info][gc,heap     ] GC(96) Eden regions: 7->0(65)
[308.416s][info][gc,heap     ] GC(96) Survivor regions: 2->6(8)
[308.416s][info][gc,heap     ] GC(96) Old regions: 773->736
[308.416s][info][gc,heap     ] GC(96) Humongous regions: 597->597
[308.416s][info][gc,metaspace] GC(96) Metaspace: 100368K(101440K)->100368K(101440K) NonClass: 78370K(78976K)->78370K(78976K) Class: 21998K(22464K)->21998K(22464K)
[308.416s][info][gc          ] GC(96) Pause Young (Concurrent Start) (G1 Humongous Allocation) (Evacuation Failure: Allocation) 2756M->2676M(2868M) 8.285ms
[308.416s][info][gc,cpu      ] GC(96) User=0.03s Sys=0.00s Real=0.01s
[308.416s][info][gc          ] GC(97) Concurrent Mark Cycle
[308.416s][info][gc,marking  ] GC(97) Concurrent Scan Root Regions
[308.423s][info][gc,marking  ] GC(97) Concurrent Scan Root Regions 7.502ms
[308.423s][info][gc,marking  ] GC(97) Concurrent Mark
[308.423s][info][gc,marking  ] GC(97) Concurrent Mark From Roots
[308.423s][info][gc,task     ] GC(97) Using 1 workers of 1 for marking
[308.447s][info][gc,start    ] GC(98) Pause Young (Normal) (G1 Humongous Allocation)
[308.447s][info][gc,task     ] GC(98) Using 4 workers of 4 for evacuation
[308.453s][info][gc,phases   ] GC(98)   Pre Evacuate Collection Set: 0.89ms
[308.454s][info][gc,phases   ] GC(98)   Merge Heap Roots: 0.50ms
[308.454s][info][gc,phases   ] GC(98)   Evacuate Collection Set: 3.52ms
[308.454s][info][gc,phases   ] GC(98)   Post Evacuate Collection Set: 1.16ms
[308.454s][info][gc,phases   ] GC(98)   Other: 0.06ms
[308.454s][info][gc,heap     ] GC(98) Eden regions: 17->0(108)
[308.454s][info][gc,heap     ] GC(98) Survivor regions: 6->9(9)
[308.454s][info][gc,heap     ] GC(98) Old regions: 736->622
[308.454s][info][gc,heap     ] GC(98) Humongous regions: 620->605
[308.454s][info][gc,metaspace] GC(98) Metaspace: 100368K(101440K)->100368K(101440K) NonClass: 78370K(78976K)->78370K(78976K) Class: 21998K(22464K)->21998K(22464K)
[308.454s][info][gc          ] GC(98) Pause Young (Normal) (G1 Humongous Allocation) 2756M->2470M(2868M) 6.268ms
[308.454s][info][gc,cpu      ] GC(98) User=0.02s Sys=0.00s Real=0.01s
[308.483s][info][gc,marking  ] GC(97) Concurrent Mark From Roots 59.824ms
[308.483s][info][gc,marking  ] GC(97) Concurrent Preclean
[308.484s][info][gc,marking  ] GC(97) Concurrent Preclean 0.740ms
[308.484s][info][gc,start    ] GC(97) Pause Remark
[308.500s][info][gc          ] GC(97) Pause Remark 2510M->1532M(2868M) 15.856ms
[308.500s][info][gc,cpu      ] GC(97) User=0.02s Sys=0.00s Real=0.01s
[308.500s][info][gc,marking  ] GC(97) Concurrent Mark 76.826ms
[308.500s][info][gc,marking  ] GC(97) Concurrent Rebuild Remembered Sets and Scrub Regions
[308.524s][info][gc,marking  ] GC(97) Concurrent Rebuild Remembered Sets and Scrub Regions 24.071ms
[308.524s][info][gc,start    ] GC(97) Pause Cleanup
[308.525s][info][gc          ] GC(97) Pause Cleanup 1565M->1565M(2868M) 0.103ms
[308.525s][info][gc,cpu      ] GC(97) User=0.00s Sys=0.00s Real=0.00s
[308.525s][info][gc,marking  ] GC(97) Concurrent Clear Claimed Marks
[308.525s][info][gc,marking  ] GC(97) Concurrent Clear Claimed Marks 0.122ms
[308.525s][info][gc,marking  ] GC(97) Concurrent Cleanup for Next Mark
[308.526s][info][gc,marking  ] GC(97) Concurrent Cleanup for Next Mark 1.428ms
[308.526s][info][gc          ] GC(97) Concurrent Mark Cycle 110.254ms
[308.658s][info][gc,start    ] GC(99) Pause Young (Prepare Mixed) (G1 Evacuation Pause)
[308.658s][info][gc,task     ] GC(99) Using 4 workers of 4 for evacuation
[308.664s][info][gc,phases   ] GC(99)   Pre Evacuate Collection Set: 0.21ms
[308.664s][info][gc,phases   ] GC(99)   Merge Heap Roots: 0.16ms
[308.664s][info][gc,phases   ] GC(99)   Evacuate Collection Set: 5.63ms
[308.664s][info][gc,phases   ] GC(99)   Post Evacuate Collection Set: 0.58ms
[308.664s][info][gc,phases   ] GC(99)   Other: 0.06ms
[308.664s][info][gc,heap     ] GC(99) Eden regions: 108->0(306)
[308.664s][info][gc,heap     ] GC(99) Survivor regions: 9->15(15)
[308.664s][info][gc,heap     ] GC(99) Old regions: 328->374
[308.664s][info][gc,heap     ] GC(99) Humongous regions: 546->455
[308.664s][info][gc,metaspace] GC(99) Metaspace: 100011K(101440K)->100011K(101440K) NonClass: 78109K(78976K)->78109K(78976K) Class: 21902K(22464K)->21902K(22464K)
[308.664s][info][gc          ] GC(99) Pause Young (Prepare Mixed) (G1 Evacuation Pause) 1980M->1686M(2868M) 6.755ms
[308.664s][info][gc,cpu      ] GC(99) User=0.02s Sys=0.00s Real=0.01s
[308.969s][info][gc,start    ] GC(100) Pause Young (Mixed) (G1 Humongous Allocation)
[308.969s][info][gc,task     ] GC(100) Using 4 workers of 4 for evacuation
[308.978s][info][gc,phases   ] GC(100)   Pre Evacuate Collection Set: 0.46ms
[308.978s][info][gc,phases   ] GC(100)   Merge Heap Roots: 0.17ms
[308.978s][info][gc,phases   ] GC(100)   Evacuate Collection Set: 4.43ms
[308.978s][info][gc,phases   ] GC(100)   Post Evacuate Collection Set: 3.34ms
[308.978s][info][gc,phases   ] GC(100)   Other: 0.08ms
[308.978s][info][gc,heap     ] GC(100) Eden regions: 109->0(273)
[308.978s][info][gc,heap     ] GC(100) Survivor regions: 15->16(21)
[308.978s][info][gc,heap     ] GC(100) Old regions: 374->430
[308.978s][info][gc,heap     ] GC(100) Humongous regions: 915->479
[308.978s][info][gc,metaspace] GC(100) Metaspace: 100016K(101440K)->100016K(101440K) NonClass: 78114K(78976K)->78114K(78976K) Class: 21902K(22464K)->21902K(22464K)
[308.978s][info][gc          ] GC(100) Pause Young (Mixed) (G1 Humongous Allocation) (Evacuation Failure: Allocation) 2824M->1849M(2868M) 8.629ms
[308.978s][info][gc,cpu      ] GC(100) User=0.03s Sys=0.00s Real=0.01s
[308.979s][info][gc,start    ] GC(101) Pause Young (Concurrent Start) (G1 Humongous Allocation)
[308.979s][info][gc,task     ] GC(101) Using 4 workers of 4 for evacuation
[308.988s][info][gc,phases   ] GC(101)   Pre Evacuate Collection Set: 0.17ms
[308.988s][info][gc,phases   ] GC(101)   Merge Heap Roots: 0.05ms
[308.988s][info][gc,phases   ] GC(101)   Evacuate Collection Set: 7.95ms
[308.988s][info][gc,phases   ] GC(101)   Post Evacuate Collection Set: 1.55ms
[308.988s][info][gc,phases   ] GC(101)   Other: 0.07ms
[308.988s][info][gc,heap     ] GC(101) Eden regions: 3->0(372)
[308.988s][info][gc,heap     ] GC(101) Survivor regions: 16->17(37)
[308.988s][info][gc,heap     ] GC(101) Old regions: 430->298
[308.988s][info][gc,heap     ] GC(101) Humongous regions: 491->484
[308.988s][info][gc,metaspace] GC(101) Metaspace: 100016K(101440K)->100016K(101440K) NonClass: 78114K(78976K)->78114K(78976K) Class: 21902K(22464K)->21902K(22464K)
[308.989s][info][gc          ] GC(101) Pause Young (Concurrent Start) (G1 Humongous Allocation) 1878M->1596M(2868M) 9.969ms
[308.989s][info][gc,cpu      ] GC(101) User=0.03s Sys=0.00s Real=0.01s
[308.989s][info][gc          ] GC(102) Concurrent Mark Cycle
[308.989s][info][gc,marking  ] GC(102) Concurrent Scan Root Regions
[308.997s][info][gc,marking  ] GC(102) Concurrent Scan Root Regions 8.183ms
[308.997s][info][gc,marking  ] GC(102) Concurrent Mark
[308.997s][info][gc,marking  ] GC(102) Concurrent Mark From Roots
[308.997s][info][gc,task     ] GC(102) Using 1 workers of 1 for marking
[309.037s][info][gc,marking  ] GC(102) Concurrent Mark From Roots 40.209ms
[309.037s][info][gc,marking  ] GC(102) Concurrent Preclean
[309.037s][info][gc,marking  ] GC(102) Concurrent Preclean 0.108ms
[309.037s][info][gc,start    ] GC(102) Pause Remark
[309.044s][info][gc          ] GC(102) Pause Remark 1702M->1486M(2868M) 6.930ms
[309.044s][info][gc,cpu      ] GC(102) User=0.02s Sys=0.00s Real=0.01s
[309.044s][info][gc,marking  ] GC(102) Concurrent Mark 47.455ms
[309.044s][info][gc,marking  ] GC(102) Concurrent Rebuild Remembered Sets and Scrub Regions
[309.068s][info][gc,marking  ] GC(102) Concurrent Rebuild Remembered Sets and Scrub Regions 23.445ms
[309.068s][info][gc,start    ] GC(102) Pause Cleanup
[309.068s][info][gc          ] GC(102) Pause Cleanup 1486M->1486M(2868M) 0.084ms
[309.068s][info][gc,cpu      ] GC(102) User=0.00s Sys=0.00s Real=0.00s
[309.068s][info][gc,marking  ] GC(102) Concurrent Clear Claimed Marks
[309.068s][info][gc,marking  ] GC(102) Concurrent Clear Claimed Marks 0.120ms
[309.068s][info][gc,marking  ] GC(102) Concurrent Cleanup for Next Mark
[309.069s][info][gc,marking  ] GC(102) Concurrent Cleanup for Next Mark 1.262ms
[309.069s][info][gc          ] GC(102) Concurrent Mark Cycle 80.702ms
[310.041s][info][gc,start    ] GC(103) Pause Young (Prepare Mixed) (G1 Humongous Allocation)
[310.041s][info][gc,task     ] GC(103) Using 4 workers of 4 for evacuation
[310.046s][info][gc,phases   ] GC(103)   Pre Evacuate Collection Set: 0.12ms
[310.046s][info][gc,phases   ] GC(103)   Merge Heap Roots: 0.07ms
[310.046s][info][gc,phases   ] GC(103)   Evacuate Collection Set: 2.59ms
[310.046s][info][gc,phases   ] GC(103)   Post Evacuate Collection Set: 2.80ms
[310.046s][info][gc,phases   ] GC(103)   Other: 0.05ms
[310.046s][info][gc,heap     ] GC(103) Eden regions: 256->0(269)
[310.046s][info][gc,heap     ] GC(103) Survivor regions: 17->24(24)
[310.046s][info][gc,heap     ] GC(103) Old regions: 255->462
[310.046s][info][gc,heap     ] GC(103) Humongous regions: 882->525
[310.046s][info][gc,metaspace] GC(103) Metaspace: 100023K(101440K)->100023K(101440K) NonClass: 78122K(78976K)->78122K(78976K) Class: 21900K(22464K)->21900K(22464K)
[310.046s][info][gc          ] GC(103) Pause Young (Prepare Mixed) (G1 Humongous Allocation) (Evacuation Failure: Allocation) 2818M->2021M(2868M) 5.731ms
[310.046s][info][gc,cpu      ] GC(103) User=0.02s Sys=0.00s Real=0.01s
[311.102s][info][gc,start    ] GC(104) Pause Young (Mixed) (G1 Evacuation Pause)
[311.102s][info][gc,task     ] GC(104) Using 4 workers of 4 for evacuation
[311.109s][info][gc,phases   ] GC(104)   Pre Evacuate Collection Set: 0.35ms
[311.109s][info][gc,phases   ] GC(104)   Merge Heap Roots: 0.12ms
[311.109s][info][gc,phases   ] GC(104)   Evacuate Collection Set: 1.93ms
[311.109s][info][gc,phases   ] GC(104)   Post Evacuate Collection Set: 3.79ms
[311.109s][info][gc,phases   ] GC(104)   Other: 0.08ms
[311.109s][info][gc,heap     ] GC(104) Eden regions: 157->0(275)
[311.109s][info][gc,heap     ] GC(104) Survivor regions: 24->0(0)
[311.109s][info][gc,heap     ] GC(104) Old regions: 462->428
[311.109s][info][gc,heap     ] GC(104) Humongous regions: 791->592
[311.109s][info][gc,metaspace] GC(104) Metaspace: 100024K(101440K)->100024K(101440K) NonClass: 78123K(78976K)->78123K(78976K) Class: 21900K(22464K)->21900K(22464K)
[311.109s][info][gc          ] GC(104) Pause Young (Mixed) (G1 Evacuation Pause) (Evacuation Failure: Allocation) 2867M->2039M(2868M) 6.405ms
[311.109s][info][gc,cpu      ] GC(104) User=0.03s Sys=0.00s Real=0.00s
[311.221s][info][gc,start    ] GC(105) Pause Young (Concurrent Start) (G1 Humongous Allocation)
[311.221s][info][gc,task     ] GC(105) Using 4 workers of 4 for evacuation
[311.229s][info][gc,phases   ] GC(105)   Pre Evacuate Collection Set: 0.43ms
[311.229s][info][gc,phases   ] GC(105)   Merge Heap Roots: 0.09ms
[311.229s][info][gc,phases   ] GC(105)   Evacuate Collection Set: 7.04ms
[311.229s][info][gc,phases   ] GC(105)   Post Evacuate Collection Set: 0.54ms
[311.229s][info][gc,phases   ] GC(105)   Other: 0.05ms
[311.229s][info][gc,heap     ] GC(105) Eden regions: 67->0(289)
[311.229s][info][gc,heap     ] GC(105) Survivor regions: 0->34(35)
[311.229s][info][gc,heap     ] GC(105) Old regions: 428->290
[311.229s][info][gc,heap     ] GC(105) Humongous regions: 592->592
[311.229s][info][gc,metaspace] GC(105) Metaspace: 100024K(101440K)->100024K(101440K) NonClass: 78123K(78976K)->78123K(78976K) Class: 21900K(22464K)->21900K(22464K)
[311.229s][info][gc          ] GC(105) Pause Young (Concurrent Start) (G1 Humongous Allocation) 2173M->1829M(2868M) 8.245ms
[311.229s][info][gc,cpu      ] GC(105) User=0.03s Sys=0.00s Real=0.01s
[311.229s][info][gc          ] GC(106) Concurrent Mark Cycle
[311.229s][info][gc,marking  ] GC(106) Concurrent Scan Root Regions
[311.235s][info][gc,marking  ] GC(106) Concurrent Scan Root Regions 5.784ms
[311.235s][info][gc,marking  ] GC(106) Concurrent Mark
[311.235s][info][gc,marking  ] GC(106) Concurrent Mark From Roots
[311.235s][info][gc,task     ] GC(106) Using 1 workers of 1 for marking
[311.274s][info][gc,marking  ] GC(106) Concurrent Mark From Roots 39.509ms
[311.274s][info][gc,marking  ] GC(106) Concurrent Preclean
[311.274s][info][gc,marking  ] GC(106) Concurrent Preclean 0.137ms
[311.275s][info][gc,start    ] GC(106) Pause Remark
[311.278s][info][gc          ] GC(106) Pause Remark 1951M->1495M(2868M) 3.369ms
[311.278s][info][gc,cpu      ] GC(106) User=0.01s Sys=0.00s Real=0.00s
[311.278s][info][gc,marking  ] GC(106) Concurrent Mark 43.377ms
[311.278s][info][gc,marking  ] GC(106) Concurrent Rebuild Remembered Sets and Scrub Regions
[311.300s][info][gc,marking  ] GC(106) Concurrent Rebuild Remembered Sets and Scrub Regions 22.189ms
[311.300s][info][gc,start    ] GC(106) Pause Cleanup
[311.300s][info][gc          ] GC(106) Pause Cleanup 1575M->1575M(2868M) 0.087ms
[311.300s][info][gc,cpu      ] GC(106) User=0.00s Sys=0.00s Real=0.00s
[311.300s][info][gc,marking  ] GC(106) Concurrent Clear Claimed Marks
[311.301s][info][gc,marking  ] GC(106) Concurrent Clear Claimed Marks 0.122ms
[311.301s][info][gc,marking  ] GC(106) Concurrent Cleanup for Next Mark
[311.302s][info][gc,marking  ] GC(106) Concurrent Cleanup for Next Mark 1.398ms
[311.302s][info][gc          ] GC(106) Concurrent Mark Cycle 73.130ms
[311.649s][info][gc,start    ] GC(107) Pause Young (Prepare Mixed) (G1 Humongous Allocation)
[311.649s][info][gc,task     ] GC(107) Using 4 workers of 4 for evacuation
[311.656s][info][gc,phases   ] GC(107)   Pre Evacuate Collection Set: 0.13ms
[311.656s][info][gc,phases   ] GC(107)   Merge Heap Roots: 0.09ms
[311.656s][info][gc,phases   ] GC(107)   Evacuate Collection Set: 3.86ms
[311.656s][info][gc,phases   ] GC(107)   Post Evacuate Collection Set: 3.04ms
[311.656s][info][gc,phases   ] GC(107)   Other: 0.05ms
[311.656s][info][gc,heap     ] GC(107) Eden regions: 203->0(225)
[311.656s][info][gc,heap     ] GC(107) Survivor regions: 34->18(21)
[311.656s][info][gc,heap     ] GC(107) Old regions: 227->466
[311.656s][info][gc,heap     ] GC(107) Humongous regions: 949->579
[311.656s][info][gc,metaspace] GC(107) Metaspace: 100024K(101440K)->100024K(101440K) NonClass: 78123K(78976K)->78123K(78976K) Class: 21900K(22464K)->21900K(22464K)
[311.656s][info][gc          ] GC(107) Pause Young (Prepare Mixed) (G1 Humongous Allocation) (Evacuation Failure: Allocation) 2823M->2124M(2868M) 7.273ms
[311.656s][info][gc,cpu      ] GC(107) User=0.03s Sys=0.00s Real=0.01s
[312.583s][info][gc,start    ] GC(108) Pause Young (Mixed) (G1 Humongous Allocation)
[312.583s][info][gc,task     ] GC(108) Using 4 workers of 4 for evacuation
[312.592s][info][gc,phases   ] GC(108)   Pre Evacuate Collection Set: 0.17ms
[312.592s][info][gc,phases   ] GC(108)   Merge Heap Roots: 0.10ms
[312.592s][info][gc,phases   ] GC(108)   Evacuate Collection Set: 5.24ms
[312.592s][info][gc,phases   ] GC(108)   Post Evacuate Collection Set: 4.21ms
[312.592s][info][gc,phases   ] GC(108)   Other: 0.06ms
[312.592s][info][gc,heap     ] GC(108) Eden regions: 152->0(78)
[312.592s][info][gc,heap     ] GC(108) Survivor regions: 18->27(31)
[312.592s][info][gc,heap     ] GC(108) Old regions: 466->626
[312.592s][info][gc,heap     ] GC(108) Humongous regions: 760->630
[312.592s][info][gc,metaspace] GC(108) Metaspace: 100033K(101440K)->100033K(101440K) NonClass: 78132K(78976K)->78132K(78976K) Class: 21900K(22464K)->21900K(22464K)
[312.592s][info][gc          ] GC(108) Pause Young (Mixed) (G1 Humongous Allocation) (Evacuation Failure: Allocation) 2790M->2564M(2868M) 9.883ms
[312.593s][info][gc,cpu      ] GC(108) User=0.03s Sys=0.00s Real=0.01s
[312.614s][info][gc,start    ] GC(109) Pause Young (Concurrent Start) (G1 Humongous Allocation)
[312.614s][info][gc,task     ] GC(109) Using 4 workers of 4 for evacuation
[312.622s][info][gc,phases   ] GC(109)   Pre Evacuate Collection Set: 0.32ms
[312.622s][info][gc,phases   ] GC(109)   Merge Heap Roots: 0.11ms
[312.622s][info][gc,phases   ] GC(109)   Evacuate Collection Set: 7.27ms
[312.622s][info][gc,phases   ] GC(109)   Post Evacuate Collection Set: 0.53ms
[312.622s][info][gc,phases   ] GC(109)   Other: 0.06ms
[312.622s][info][gc,heap     ] GC(109) Eden regions: 16->0(192)
[312.622s][info][gc,heap     ] GC(109) Survivor regions: 27->9(14)
[312.622s][info][gc,heap     ] GC(109) Old regions: 626->443
[312.622s][info][gc,heap     ] GC(109) Humongous regions: 633->627
[312.622s][info][gc,metaspace] GC(109) Metaspace: 100035K(101440K)->100035K(101440K) NonClass: 78134K(78976K)->78134K(78976K) Class: 21901K(22464K)->21901K(22464K)
[312.622s][info][gc          ] GC(109) Pause Young (Concurrent Start) (G1 Humongous Allocation) 2602M->2156M(2868M) 8.396ms
[312.622s][info][gc,cpu      ] GC(109) User=0.03s Sys=0.00s Real=0.01s
[312.622s][info][gc          ] GC(110) Concurrent Mark Cycle
[312.622s][info][gc,marking  ] GC(110) Concurrent Scan Root Regions
[312.631s][info][gc,marking  ] GC(110) Concurrent Scan Root Regions 8.345ms
[312.631s][info][gc,marking  ] GC(110) Concurrent Mark
[312.631s][info][gc,marking  ] GC(110) Concurrent Mark From Roots
[312.631s][info][gc,task     ] GC(110) Using 1 workers of 1 for marking
[312.673s][info][gc,marking  ] GC(110) Concurrent Mark From Roots 41.978ms
[312.673s][info][gc,marking  ] GC(110) Concurrent Preclean
[312.673s][info][gc,marking  ] GC(110) Concurrent Preclean 0.134ms
[312.673s][info][gc,start    ] GC(110) Pause Remark
[312.675s][info][gc          ] GC(110) Pause Remark 2281M->1749M(2868M) 2.570ms
[312.676s][info][gc,cpu      ] GC(110) User=0.01s Sys=0.00s Real=0.00s
[312.676s][info][gc,marking  ] GC(110) Concurrent Mark 44.840ms
[312.676s][info][gc,marking  ] GC(110) Concurrent Rebuild Remembered Sets and Scrub Regions
[312.703s][info][gc,marking  ] GC(110) Concurrent Rebuild Remembered Sets and Scrub Regions 27.760ms
[312.703s][info][gc,start    ] GC(110) Pause Cleanup
[312.704s][info][gc          ] GC(110) Pause Cleanup 1788M->1788M(2868M) 0.119ms
[312.704s][info][gc,cpu      ] GC(110) User=0.00s Sys=0.00s Real=0.00s
[312.704s][info][gc,marking  ] GC(110) Concurrent Clear Claimed Marks
[312.704s][info][gc,marking  ] GC(110) Concurrent Clear Claimed Marks 0.153ms
[312.704s][info][gc,marking  ] GC(110) Concurrent Cleanup for Next Mark
[312.706s][info][gc,marking  ] GC(110) Concurrent Cleanup for Next Mark 1.745ms
[312.706s][info][gc          ] GC(110) Concurrent Mark Cycle 83.241ms
[312.940s][info][gc,start    ] GC(111) Pause Young (Prepare Mixed) (G1 Humongous Allocation)
[312.940s][info][gc,task     ] GC(111) Using 4 workers of 4 for evacuation
[312.948s][info][gc,phases   ] GC(111)   Pre Evacuate Collection Set: 0.25ms
[312.948s][info][gc,phases   ] GC(111)   Merge Heap Roots: 0.12ms
[312.948s][info][gc,phases   ] GC(111)   Evacuate Collection Set: 3.89ms
[312.948s][info][gc,phases   ] GC(111)   Post Evacuate Collection Set: 3.76ms
[312.948s][info][gc,phases   ] GC(111)   Other: 0.05ms
[312.948s][info][gc,heap     ] GC(111) Eden regions: 158->0(229)
[312.948s][info][gc,heap     ] GC(111) Survivor regions: 9->18(20)
[312.948s][info][gc,heap     ] GC(111) Old regions: 392->554
[312.948s][info][gc,heap     ] GC(111) Humongous regions: 855->468
[312.948s][info][gc,metaspace] GC(111) Metaspace: 100039K(101440K)->100039K(101440K) NonClass: 78138K(78976K)->78138K(78976K) Class: 21901K(22464K)->21901K(22464K)
[312.948s][info][gc          ] GC(111) Pause Young (Prepare Mixed) (G1 Humongous Allocation) (Evacuation Failure: Allocation) 2825M->2078M(2868M) 8.164ms
[312.948s][info][gc,cpu      ] GC(111) User=0.03s Sys=0.00s Real=0.01s
[313.953s][info][gc,start    ] GC(112) Pause Young (Mixed) (G1 Evacuation Pause)
[313.953s][info][gc,task     ] GC(112) Using 4 workers of 4 for evacuation
[313.963s][info][gc,phases   ] GC(112)   Pre Evacuate Collection Set: 0.18ms
[313.963s][info][gc,phases   ] GC(112)   Merge Heap Roots: 0.08ms
[313.963s][info][gc,phases   ] GC(112)   Evacuate Collection Set: 3.84ms
[313.963s][info][gc,phases   ] GC(112)   Post Evacuate Collection Set: 6.24ms
[313.963s][info][gc,phases   ] GC(112)   Other: 0.06ms
[313.963s][info][gc,heap     ] GC(112) Eden regions: 174->0(89)
[313.963s][info][gc,heap     ] GC(112) Survivor regions: 18->0(0)
[313.963s][info][gc,heap     ] GC(112) Old regions: 554->745
[313.963s][info][gc,heap     ] GC(112) Humongous regions: 688->527
[313.963s][info][gc,metaspace] GC(112) Metaspace: 100043K(101504K)->100043K(101504K) NonClass: 78141K(79040K)->78141K(79040K) Class: 21901K(22464K)->21901K(22464K)
[313.963s][info][gc          ] GC(112) Pause Young (Mixed) (G1 Evacuation Pause) (Evacuation Failure: Allocation) 2866M->2542M(2868M) 10.516ms
[313.963s][info][gc,cpu      ] GC(112) User=0.04s Sys=0.00s Real=0.01s
[313.969s][info][gc,start    ] GC(113) Pause Young (Concurrent Start) (G1 Humongous Allocation)
[313.969s][info][gc,task     ] GC(113) Using 4 workers of 4 for evacuation
[313.977s][info][gc,phases   ] GC(113)   Pre Evacuate Collection Set: 0.64ms
[313.977s][info][gc,phases   ] GC(113)   Merge Heap Roots: 0.26ms
[313.977s][info][gc,phases   ] GC(113)   Evacuate Collection Set: 6.63ms
[313.977s][info][gc,phases   ] GC(113)   Post Evacuate Collection Set: 0.56ms
[313.977s][info][gc,phases   ] GC(113)   Other: 0.09ms
[313.977s][info][gc,heap     ] GC(113) Eden regions: 9->0(157)
[313.977s][info][gc,heap     ] GC(113) Survivor regions: 0->6(12)
[313.977s][info][gc,heap     ] GC(113) Old regions: 745->615
[313.977s][info][gc,heap     ] GC(113) Humongous regions: 527->527
[313.977s][info][gc,metaspace] GC(113) Metaspace: 100043K(101504K)->100043K(101504K) NonClass: 78141K(79040K)->78141K(79040K) Class: 21901K(22464K)->21901K(22464K)
[313.977s][info][gc          ] GC(113) Pause Young (Concurrent Start) (G1 Humongous Allocation) 2560M->2294M(2868M) 8.281ms
[313.977s][info][gc,cpu      ] GC(113) User=0.03s Sys=0.00s Real=0.01s
[313.977s][info][gc          ] GC(114) Concurrent Mark Cycle
[313.977s][info][gc,marking  ] GC(114) Concurrent Scan Root Regions
[313.992s][info][gc,marking  ] GC(114) Concurrent Scan Root Regions 14.390ms
[313.992s][info][gc,marking  ] GC(114) Concurrent Mark
[313.992s][info][gc,marking  ] GC(114) Concurrent Mark From Roots
[313.992s][info][gc,task     ] GC(114) Using 1 workers of 1 for marking
[314.041s][info][gc,marking  ] GC(114) Concurrent Mark From Roots 49.236ms
[314.041s][info][gc,marking  ] GC(114) Concurrent Preclean
[314.041s][info][gc,marking  ] GC(114) Concurrent Preclean 0.130ms
[314.041s][info][gc,start    ] GC(114) Pause Remark
[314.043s][info][gc          ] GC(114) Pause Remark 2471M->2155M(2868M) 2.402ms
[314.043s][info][gc,cpu      ] GC(114) User=0.01s Sys=0.00s Real=0.01s
[314.044s][info][gc,marking  ] GC(114) Concurrent Mark 51.919ms
[314.044s][info][gc,marking  ] GC(114) Concurrent Rebuild Remembered Sets and Scrub Regions
[314.084s][info][gc,marking  ] GC(114) Concurrent Rebuild Remembered Sets and Scrub Regions 40.062ms
[314.084s][info][gc,start    ] GC(114) Pause Cleanup
[314.084s][info][gc          ] GC(114) Pause Cleanup 2209M->2209M(2868M) 0.123ms
[314.084s][info][gc,cpu      ] GC(114) User=0.00s Sys=0.00s Real=0.00s
[314.084s][info][gc,marking  ] GC(114) Concurrent Clear Claimed Marks
[314.084s][info][gc,marking  ] GC(114) Concurrent Clear Claimed Marks 0.158ms
[314.084s][info][gc,marking  ] GC(114) Concurrent Cleanup for Next Mark
[314.085s][info][gc,marking  ] GC(114) Concurrent Cleanup for Next Mark 1.454ms
[314.085s][info][gc          ] GC(114) Concurrent Mark Cycle 108.311ms
[314.183s][info][gc,start    ] GC(115) Pause Young (Prepare Mixed) (G1 Humongous Allocation)
[314.183s][info][gc,task     ] GC(115) Using 4 workers of 4 for evacuation
[314.192s][info][gc,phases   ] GC(115)   Pre Evacuate Collection Set: 0.18ms
[314.192s][info][gc,phases   ] GC(115)   Merge Heap Roots: 0.10ms
[314.192s][info][gc,phases   ] GC(115)   Evacuate Collection Set: 4.84ms
[314.192s][info][gc,phases   ] GC(115)   Post Evacuate Collection Set: 3.89ms
[314.192s][info][gc,phases   ] GC(115)   Other: 0.07ms
[314.192s][info][gc,heap     ] GC(115) Eden regions: 123->0(131)
[314.192s][info][gc,heap     ] GC(115) Survivor regions: 6->12(21)
[314.192s][info][gc,heap     ] GC(115) Old regions: 582->707
[314.192s][info][gc,heap     ] GC(115) Humongous regions: 691->493
[314.192s][info][gc,metaspace] GC(115) Metaspace: 100043K(101504K)->100043K(101504K) NonClass: 78141K(79040K)->78141K(79040K) Class: 21901K(22464K)->21901K(22464K)
[314.192s][info][gc          ] GC(115) Pause Young (Prepare Mixed) (G1 Humongous Allocation) (Evacuation Failure: Allocation) 2801M->2423M(2868M) 9.191ms
[314.192s][info][gc,cpu      ] GC(115) User=0.04s Sys=0.00s Real=0.01s
[314.327s][info][gc,start    ] GC(116) Pause Young (Mixed) (G1 Humongous Allocation)
[314.327s][info][gc,task     ] GC(116) Using 4 workers of 4 for evacuation
[314.335s][info][gc,phases   ] GC(116)   Pre Evacuate Collection Set: 0.29ms
[314.335s][info][gc,phases   ] GC(116)   Merge Heap Roots: 0.13ms
[314.335s][info][gc,phases   ] GC(116)   Evacuate Collection Set: 3.13ms
[314.335s][info][gc,phases   ] GC(116)   Post Evacuate Collection Set: 3.98ms
[314.335s][info][gc,phases   ] GC(116)   Other: 0.05ms
[314.335s][info][gc,heap     ] GC(116) Eden regions: 50->0(74)
[314.335s][info][gc,heap     ] GC(116) Survivor regions: 12->0(1)
[314.335s][info][gc,heap     ] GC(116) Old regions: 707->769
[314.335s][info][gc,heap     ] GC(116) Humongous regions: 664->518
[314.335s][info][gc,metaspace] GC(116) Metaspace: 100043K(101504K)->100043K(101504K) NonClass: 78142K(79040K)->78142K(79040K) Class: 21901K(22464K)->21901K(22464K)
[314.335s][info][gc          ] GC(116) Pause Young (Mixed) (G1 Humongous Allocation) (Evacuation Failure: Allocation) 2865M->2573M(2868M) 7.667ms
[314.335s][info][gc,cpu      ] GC(116) User=0.02s Sys=0.00s Real=0.01s
[314.336s][info][gc,start    ] GC(117) Pause Young (Concurrent Start) (G1 Humongous Allocation)
[314.336s][info][gc,task     ] GC(117) Using 4 workers of 4 for evacuation
[314.342s][info][gc,phases   ] GC(117)   Pre Evacuate Collection Set: 0.22ms
[314.342s][info][gc,phases   ] GC(117)   Merge Heap Roots: 0.09ms
[314.342s][info][gc,phases   ] GC(117)   Evacuate Collection Set: 5.59ms
[314.342s][info][gc,phases   ] GC(117)   Post Evacuate Collection Set: 0.46ms
[314.342s][info][gc,phases   ] GC(117)   Other: 0.05ms
[314.342s][info][gc,heap     ] GC(117) Eden regions: 2->0(159)
[314.342s][info][gc,heap     ] GC(117) Survivor regions: 0->1(10)
[314.342s][info][gc,heap     ] GC(117) Old regions: 769->671
[314.342s][info][gc,heap     ] GC(117) Humongous regions: 520->519
[314.342s][info][gc,metaspace] GC(117) Metaspace: 100043K(101504K)->100043K(101504K) NonClass: 78142K(79040K)->78142K(79040K) Class: 21901K(22464K)->21901K(22464K)
[314.342s][info][gc          ] GC(117) Pause Young (Concurrent Start) (G1 Humongous Allocation) 2580M->2378M(2868M) 6.504ms
[314.342s][info][gc,cpu      ] GC(117) User=0.03s Sys=0.00s Real=0.01s
[314.342s][info][gc          ] GC(118) Concurrent Mark Cycle
[314.342s][info][gc,marking  ] GC(118) Concurrent Scan Root Regions
[314.357s][info][gc,marking  ] GC(118) Concurrent Scan Root Regions 14.370ms
[314.357s][info][gc,marking  ] GC(118) Concurrent Mark
[314.357s][info][gc,marking  ] GC(118) Concurrent Mark From Roots
[314.357s][info][gc,task     ] GC(118) Using 1 workers of 1 for marking
[314.412s][info][gc,marking  ] GC(118) Concurrent Mark From Roots 55.260ms
[314.412s][info][gc,marking  ] GC(118) Concurrent Preclean
[314.412s][info][gc,marking  ] GC(118) Concurrent Preclean 0.177ms
[314.412s][info][gc,start    ] GC(118) Pause Remark
[314.416s][info][gc          ] GC(118) Pause Remark 2568M->2300M(2868M) 3.889ms
[314.416s][info][gc,cpu      ] GC(118) User=0.01s Sys=0.00s Real=0.00s
[314.416s][info][gc,marking  ] GC(118) Concurrent Mark 59.530ms
[314.416s][info][gc,marking  ] GC(118) Concurrent Rebuild Remembered Sets and Scrub Regions
[314.456s][info][gc,marking  ] GC(118) Concurrent Rebuild Remembered Sets and Scrub Regions 39.759ms
[314.456s][info][gc,start    ] GC(118) Pause Cleanup
[314.456s][info][gc          ] GC(118) Pause Cleanup 2387M->2387M(2868M) 0.130ms
[314.456s][info][gc,cpu      ] GC(118) User=0.00s Sys=0.00s Real=0.00s
[314.456s][info][gc,marking  ] GC(118) Concurrent Clear Claimed Marks
[314.456s][info][gc,marking  ] GC(118) Concurrent Clear Claimed Marks 0.120ms
[314.456s][info][gc,marking  ] GC(118) Concurrent Cleanup for Next Mark
[314.458s][info][gc,marking  ] GC(118) Concurrent Cleanup for Next Mark 1.344ms
[314.458s][info][gc          ] GC(118) Concurrent Mark Cycle 115.442ms
[315.291s][info][gc,start    ] GC(119) Pause Young (Prepare Mixed) (G1 Evacuation Pause)
[315.291s][info][gc,task     ] GC(119) Using 4 workers of 4 for evacuation
[315.301s][info][gc,phases   ] GC(119)   Pre Evacuate Collection Set: 0.20ms
[315.301s][info][gc,phases   ] GC(119)   Merge Heap Roots: 0.14ms
[315.301s][info][gc,phases   ] GC(119)   Evacuate Collection Set: 3.89ms
[315.301s][info][gc,phases   ] GC(119)   Post Evacuate Collection Set: 5.79ms
[315.301s][info][gc,phases   ] GC(119)   Other: 0.06ms
[315.301s][info][gc,heap     ] GC(119) Eden regions: 159->0(98)
[315.301s][info][gc,heap     ] GC(119) Survivor regions: 1->0(0)
[315.301s][info][gc,heap     ] GC(119) Old regions: 652->811
[315.301s][info][gc,heap     ] GC(119) Humongous regions: 622->452
[315.301s][info][gc,metaspace] GC(119) Metaspace: 100043K(101504K)->100043K(101504K) NonClass: 78142K(79040K)->78142K(79040K) Class: 21901K(22464K)->21901K(22464K)
[315.301s][info][gc          ] GC(119) Pause Young (Prepare Mixed) (G1 Evacuation Pause) (Evacuation Failure: Allocation) 2864M->2523M(2868M) 10.188ms
[315.301s][info][gc,cpu      ] GC(119) User=0.04s Sys=0.00s Real=0.01s
[315.456s][info][gc,start    ] GC(120) Pause Young (Mixed) (G1 Evacuation Pause)
[315.457s][info][gc,task     ] GC(120) Using 4 workers of 4 for evacuation
[315.468s][info][gc,phases   ] GC(120)   Pre Evacuate Collection Set: 0.42ms
[315.468s][info][gc,phases   ] GC(120)   Merge Heap Roots: 0.33ms
[315.468s][info][gc,phases   ] GC(120)   Evacuate Collection Set: 6.14ms
[315.468s][info][gc,phases   ] GC(120)   Post Evacuate Collection Set: 4.47ms
[315.468s][info][gc,phases   ] GC(120)   Other: 0.10ms
[315.468s][info][gc,heap     ] GC(120) Eden regions: 98->0(54)
[315.468s][info][gc,heap     ] GC(120) Survivor regions: 0->3(13)
[315.468s][info][gc,heap     ] GC(120) Old regions: 811->915
[315.468s][info][gc,heap     ] GC(120) Humongous regions: 503->462
[315.468s][info][gc,metaspace] GC(120) Metaspace: 100043K(101504K)->100043K(101504K) NonClass: 78142K(79040K)->78142K(79040K) Class: 21901K(22464K)->21901K(22464K)
[315.468s][info][gc          ] GC(120) Pause Young (Mixed) (G1 Evacuation Pause) (Evacuation Failure: Allocation) 2821M->2757M(2868M) 11.571ms
[315.468s][info][gc,cpu      ] GC(120) User=0.04s Sys=0.00s Real=0.01s
[315.470s][info][gc,start    ] GC(121) Pause Young (Concurrent Start) (G1 Humongous Allocation)
[315.470s][info][gc,task     ] GC(121) Using 4 workers of 4 for evacuation
[315.478s][info][gc,phases   ] GC(121)   Pre Evacuate Collection Set: 0.39ms
[315.478s][info][gc,phases   ] GC(121)   Merge Heap Roots: 0.15ms
[315.478s][info][gc,phases   ] GC(121)   Evacuate Collection Set: 6.09ms
[315.478s][info][gc,phases   ] GC(121)   Post Evacuate Collection Set: 1.74ms
[315.478s][info][gc,phases   ] GC(121)   Other: 0.07ms
[315.478s][info][gc,heap     ] GC(121) Eden regions: 6->0(42)
[315.478s][info][gc,heap     ] GC(121) Survivor regions: 3->4(8)
[315.478s][info][gc,heap     ] GC(121) Old regions: 915->926
[315.478s][info][gc,heap     ] GC(121) Humongous regions: 462->462
[315.478s][info][gc,metaspace] GC(121) Metaspace: 100043K(101504K)->100043K(101504K) NonClass: 78142K(79040K)->78142K(79040K) Class: 21901K(22464K)->21901K(22464K)
[315.478s][info][gc          ] GC(121) Pause Young (Concurrent Start) (G1 Humongous Allocation) (Evacuation Failure: Allocation) 2769M->2781M(2868M) 8.527ms
[315.478s][info][gc,cpu      ] GC(121) User=0.03s Sys=0.01s Real=0.01s
[315.478s][info][gc          ] GC(122) Concurrent Mark Cycle
[315.478s][info][gc,marking  ] GC(122) Concurrent Scan Root Regions
[315.481s][info][gc,start    ] GC(123) Pause Young (Normal) (G1 Humongous Allocation)
[315.481s][info][gc,task     ] GC(123) Using 4 workers of 4 for evacuation
[315.498s][info][gc,marking  ] GC(122) Concurrent Scan Root Regions 19.407ms
[315.498s][info][gc,marking  ] GC(122) Concurrent Mark
[315.498s][info][gc,marking  ] GC(122) Concurrent Mark From Roots
[315.498s][info][gc,task     ] GC(122) Using 1 workers of 1 for marking
[315.505s][info][gc,phases   ] GC(123)   Pre Evacuate Collection Set: 0.26ms
[315.505s][info][gc,phases   ] GC(123)   Merge Heap Roots: 0.19ms
[315.505s][info][gc,phases   ] GC(123)   Evacuate Collection Set: 3.48ms
[315.505s][info][gc,phases   ] GC(123)   Post Evacuate Collection Set: 3.74ms
[315.505s][info][gc,phases   ] GC(123)   Other: 17.02ms
[315.505s][info][gc,heap     ] GC(123) Eden regions: 7->0(23)
[315.505s][info][gc,heap     ] GC(123) Survivor regions: 4->1(6)
[315.505s][info][gc,heap     ] GC(123) Old regions: 926->942
[315.505s][info][gc,heap     ] GC(123) Humongous regions: 490->468
[315.505s][info][gc,metaspace] GC(123) Metaspace: 100043K(101504K)->100043K(101504K) NonClass: 78142K(79040K)->78142K(79040K) Class: 21901K(22464K)->21901K(22464K)
[315.505s][info][gc          ] GC(123) Pause Young (Normal) (G1 Humongous Allocation) (Evacuation Failure: Allocation) 2850M->2818M(2868M) 24.783ms
[315.505s][info][gc,cpu      ] GC(123) User=0.04s Sys=0.00s Real=0.03s
[315.508s][info][gc,start    ] GC(124) Pause Young (Normal) (G1 Humongous Allocation)
[315.508s][info][gc,task     ] GC(124) Using 4 workers of 4 for evacuation
[315.515s][info][gc,phases   ] GC(124)   Pre Evacuate Collection Set: 0.19ms
[315.515s][info][gc,phases   ] GC(124)   Merge Heap Roots: 0.11ms
[315.515s][info][gc,phases   ] GC(124)   Evacuate Collection Set: 2.56ms
[315.515s][info][gc,phases   ] GC(124)   Post Evacuate Collection Set: 4.23ms
[315.515s][info][gc,phases   ] GC(124)   Other: 0.06ms
[315.515s][info][gc,heap     ] GC(124) Eden regions: 11->0(14)
[315.515s][info][gc,heap     ] GC(124) Survivor regions: 1->1(1)
[315.515s][info][gc,heap     ] GC(124) Old regions: 942->954
[315.515s][info][gc,heap     ] GC(124) Humongous regions: 479->465
[315.515s][info][gc,metaspace] GC(124) Metaspace: 100046K(101504K)->100046K(101504K) NonClass: 78145K(79040K)->78145K(79040K) Class: 21901K(22464K)->21901K(22464K)
[315.516s][info][gc          ] GC(124) Pause Young (Normal) (G1 Humongous Allocation) (Evacuation Failure: Allocation) 2862M->2836M(2868M) 7.290ms
[315.516s][info][gc,cpu      ] GC(124) User=0.02s Sys=0.00s Real=0.01s
[315.522s][info][gc,start    ] GC(125) Pause Young (Normal) (G1 Humongous Allocation)
[315.522s][info][gc,task     ] GC(125) Using 4 workers of 4 for evacuation
[315.529s][info][gc,phases   ] GC(125)   Pre Evacuate Collection Set: 0.28ms
[315.529s][info][gc,phases   ] GC(125)   Merge Heap Roots: 0.23ms
[315.529s][info][gc,phases   ] GC(125)   Evacuate Collection Set: 3.13ms
[315.529s][info][gc,phases   ] GC(125)   Post Evacuate Collection Set: 3.74ms
[315.529s][info][gc,phases   ] GC(125)   Other: 0.05ms
[315.529s][info][gc,heap     ] GC(125) Eden regions: 7->0(4)
[315.529s][info][gc,heap     ] GC(125) Survivor regions: 1->1(2)
[315.529s][info][gc,heap     ] GC(125) Old regions: 954->962
[315.529s][info][gc,heap     ] GC(125) Humongous regions: 470->467
[315.529s][info][gc,metaspace] GC(125) Metaspace: 100046K(101504K)->100046K(101504K) NonClass: 78145K(79040K)->78145K(79040K) Class: 21901K(22464K)->21901K(22464K)
[315.529s][info][gc          ] GC(125) Pause Young (Normal) (G1 Humongous Allocation) (Evacuation Failure: Allocation) 2860M->2856M(2868M) 7.528ms
[315.529s][info][gc,cpu      ] GC(125) User=0.03s Sys=0.00s Real=0.00s
[315.531s][info][gc,start    ] GC(126) Pause Young (Normal) (G1 Humongous Allocation)
[315.531s][info][gc,task     ] GC(126) Using 4 workers of 4 for evacuation
[315.538s][info][gc,phases   ] GC(126)   Pre Evacuate Collection Set: 0.22ms
[315.538s][info][gc,phases   ] GC(126)   Merge Heap Roots: 0.12ms
[315.538s][info][gc,phases   ] GC(126)   Evacuate Collection Set: 3.04ms
[315.538s][info][gc,phases   ] GC(126)   Post Evacuate Collection Set: 3.44ms
[315.538s][info][gc,phases   ] GC(126)   Other: 0.07ms
[315.538s][info][gc,heap     ] GC(126) Eden regions: 1->0(1)
[315.538s][info][gc,heap     ] GC(126) Survivor regions: 1->0(0)
[315.538s][info][gc,heap     ] GC(126) Old regions: 962->964
[315.538s][info][gc,heap     ] GC(126) Humongous regions: 470->470
[315.538s][info][gc,metaspace] GC(126) Metaspace: 100046K(101504K)->100046K(101504K) NonClass: 78145K(79040K)->78145K(79040K) Class: 21901K(22464K)->21901K(22464K)
[315.538s][info][gc          ] GC(126) Pause Young (Normal) (G1 Humongous Allocation) (Evacuation Failure: Allocation) 2864M->2864M(2868M) 6.979ms
[315.538s][info][gc,cpu      ] GC(126) User=0.02s Sys=0.00s Real=0.01s
[315.538s][info][gc,ergo     ] Attempting full compaction
[315.538s][info][gc,start    ] GC(127) Pause Full (G1 Compaction Pause)
[315.538s][info][gc,task     ] GC(127) Using 4 workers of 4 for full compaction
[315.539s][info][gc,phases,start] GC(127) Phase 1: Mark live objects
[315.558s][info][gc,phases      ] GC(127) Phase 1: Mark live objects 19.220ms
[315.558s][info][gc,phases,start] GC(127) Phase 2: Prepare compaction
[315.565s][info][gc,phases      ] GC(127) Phase 2: Prepare compaction 7.093ms
[315.565s][info][gc,phases,start] GC(127) Phase 3: Adjust pointers
[315.575s][info][gc,phases      ] GC(127) Phase 3: Adjust pointers 9.890ms
[315.575s][info][gc,phases,start] GC(127) Phase 4: Compact heap
[315.584s][info][gc,phases      ] GC(127) Phase 4: Compact heap 9.496ms
[315.584s][info][gc,phases,start] GC(127) Phase 5: Reset Metadata
[315.585s][info][gc,phases      ] GC(127) Phase 5: Reset Metadata 0.883ms
[315.588s][info][gc,heap        ] GC(127) Eden regions: 0->0(584)
[315.588s][info][gc,heap        ] GC(127) Survivor regions: 0->0(0)
[315.588s][info][gc,heap        ] GC(127) Old regions: 964->104
[315.588s][info][gc,heap        ] GC(127) Humongous regions: 470->405
[315.588s][info][gc,metaspace   ] GC(127) Metaspace: 100046K(101504K)->100039K(101504K) NonClass: 78145K(79040K)->78140K(79040K) Class: 21901K(22464K)->21899K(22464K)
[315.588s][info][gc             ] GC(127) Pause Full (G1 Compaction Pause) 2864M->1014M(2868M) 50.196ms
[315.588s][info][gc,cpu         ] GC(127) User=0.18s Sys=0.00s Real=0.05s
[315.588s][info][gc,marking     ] GC(122) Concurrent Mark From Roots 90.383ms
[315.588s][info][gc,marking     ] GC(122) Concurrent Mark Abort
[315.588s][info][gc             ] GC(122) Concurrent Mark Cycle 109.880ms
[315.590s][info][gc,start       ] GC(128) Pause Young (Concurrent Start) (G1 Humongous Allocation)
[315.590s][info][gc,task        ] GC(128) Using 4 workers of 4 for evacuation
[315.591s][info][gc,phases      ] GC(128)   Pre Evacuate Collection Set: 0.21ms
[315.591s][info][gc,phases      ] GC(128)   Merge Heap Roots: 0.04ms
[315.591s][info][gc,phases      ] GC(128)   Evacuate Collection Set: 0.57ms
[315.591s][info][gc,phases      ] GC(128)   Post Evacuate Collection Set: 0.32ms
[315.591s][info][gc,phases      ] GC(128)   Other: 0.04ms
[315.591s][info][gc,heap        ] GC(128) Eden regions: 1->0(622)
[315.591s][info][gc,heap        ] GC(128) Survivor regions: 0->1(73)
[315.591s][info][gc,heap        ] GC(128) Old regions: 104->104
[315.591s][info][gc,heap        ] GC(128) Humongous regions: 408->408
[315.591s][info][gc,metaspace   ] GC(128) Metaspace: 100039K(101504K)->100039K(101504K) NonClass: 78140K(79040K)->78140K(79040K) Class: 21899K(22464K)->21899K(22464K)
[315.591s][info][gc             ] GC(128) Pause Young (Concurrent Start) (G1 Humongous Allocation) 1020M->1020M(2868M) 1.246ms
[315.591s][info][gc,cpu         ] GC(128) User=0.00s Sys=0.00s Real=0.00s
[315.591s][info][gc             ] GC(129) Concurrent Mark Cycle
[315.591s][info][gc,marking     ] GC(129) Concurrent Scan Root Regions
[315.592s][info][gc,marking     ] GC(129) Concurrent Scan Root Regions 0.654ms
[315.592s][info][gc,marking     ] GC(129) Concurrent Mark
[315.592s][info][gc,marking     ] GC(129) Concurrent Mark From Roots
[315.592s][info][gc,task        ] GC(129) Using 1 workers of 1 for marking
[315.669s][info][gc,marking     ] GC(129) Concurrent Mark From Roots 77.908ms
[315.669s][info][gc,marking     ] GC(129) Concurrent Preclean
[315.670s][info][gc,marking     ] GC(129) Concurrent Preclean 0.185ms
[315.671s][info][gc,start       ] GC(129) Pause Remark
[315.674s][info][gc             ] GC(129) Pause Remark 1845M->1845M(2868M) 2.973ms
[315.674s][info][gc,cpu         ] GC(129) User=0.01s Sys=0.00s Real=0.01s
[315.674s][info][gc,marking     ] GC(129) Concurrent Mark 82.190ms
[315.674s][info][gc,marking     ] GC(129) Concurrent Rebuild Remembered Sets and Scrub Regions
[315.695s][info][gc,marking     ] GC(129) Concurrent Rebuild Remembered Sets and Scrub Regions 21.459ms
[315.695s][info][gc,start       ] GC(129) Pause Cleanup
[315.695s][info][gc             ] GC(129) Pause Cleanup 1923M->1923M(2868M) 0.111ms
[315.695s][info][gc,cpu         ] GC(129) User=0.00s Sys=0.00s Real=0.00s
[315.695s][info][gc,marking     ] GC(129) Concurrent Clear Claimed Marks
[315.696s][info][gc,marking     ] GC(129) Concurrent Clear Claimed Marks 0.127ms
[315.696s][info][gc,marking     ] GC(129) Concurrent Cleanup for Next Mark
[315.697s][info][gc,marking     ] GC(129) Concurrent Cleanup for Next Mark 1.340ms
[315.697s][info][gc             ] GC(129) Concurrent Mark Cycle 106.040ms
[316.797s][info][gc,start       ] GC(130) Pause Young (Prepare Mixed) (G1 Evacuation Pause)
[316.797s][info][gc,task        ] GC(130) Using 4 workers of 4 for evacuation
[316.803s][info][gc,phases      ] GC(130)   Pre Evacuate Collection Set: 0.19ms
[316.803s][info][gc,phases      ] GC(130)   Merge Heap Roots: 0.09ms
[316.803s][info][gc,phases      ] GC(130)   Evacuate Collection Set: 2.55ms
[316.803s][info][gc,phases      ] GC(130)   Post Evacuate Collection Set: 3.59ms
[316.803s][info][gc,phases      ] GC(130)   Other: 0.07ms
[316.803s][info][gc,heap        ] GC(130) Eden regions: 291->0(384)
[316.803s][info][gc,heap        ] GC(130) Survivor regions: 1->0(0)
[316.803s][info][gc,heap        ] GC(130) Old regions: 104->354
[316.803s][info][gc,heap        ] GC(130) Humongous regions: 1038->582
[316.803s][info][gc,metaspace   ] GC(130) Metaspace: 100046K(101504K)->100046K(101504K) NonClass: 78146K(79040K)->78146K(79040K) Class: 21900K(22464K)->21900K(22464K)
[316.803s][info][gc             ] GC(130) Pause Young (Prepare Mixed) (G1 Evacuation Pause) (Evacuation Failure: Allocation) 2862M->1866M(2868M) 6.620ms
[316.803s][info][gc,cpu         ] GC(130) User=0.02s Sys=0.00s Real=0.01s
[316.989s][info][gc,start       ] GC(131) Pause Young (Mixed) (G1 Humongous Allocation)
[316.989s][info][gc,task        ] GC(131) Using 4 workers of 4 for evacuation
[316.996s][info][gc,phases      ] GC(131)   Pre Evacuate Collection Set: 0.17ms
[316.996s][info][gc,phases      ] GC(131)   Merge Heap Roots: 0.08ms
[316.996s][info][gc,phases      ] GC(131)   Evacuate Collection Set: 3.22ms
[316.996s][info][gc,phases      ] GC(131)   Post Evacuate Collection Set: 4.13ms
[316.996s][info][gc,phases      ] GC(131)   Other: 0.05ms
[316.996s][info][gc,heap        ] GC(131) Eden regions: 111->0(197)
[316.996s][info][gc,heap        ] GC(131) Survivor regions: 0->5(8)
[316.996s][info][gc,heap        ] GC(131) Old regions: 354->462
[316.996s][info][gc,heap        ] GC(131) Humongous regions: 961->697
[316.996s][info][gc,metaspace   ] GC(131) Metaspace: 100046K(101504K)->100046K(101504K) NonClass: 78146K(79040K)->78146K(79040K) Class: 21900K(22464K)->21900K(22464K)
[316.996s][info][gc             ] GC(131) Pause Young (Mixed) (G1 Humongous Allocation) (Evacuation Failure: Allocation) 2845M->2322M(2868M) 7.752ms
[316.996s][info][gc,cpu         ] GC(131) User=0.03s Sys=0.00s Real=0.01s
[316.998s][info][gc,start       ] GC(132) Pause Young (Concurrent Start) (G1 Humongous Allocation)
[316.998s][info][gc,task        ] GC(132) Using 4 workers of 4 for evacuation
[317.004s][info][gc,phases      ] GC(132)   Pre Evacuate Collection Set: 0.21ms
[317.004s][info][gc,phases      ] GC(132)   Merge Heap Roots: 0.11ms
[317.004s][info][gc,phases      ] GC(132)   Evacuate Collection Set: 5.91ms
[317.004s][info][gc,phases      ] GC(132)   Post Evacuate Collection Set: 0.55ms
[317.004s][info][gc,phases      ] GC(132)   Other: 0.05ms
[317.004s][info][gc,heap        ] GC(132) Eden regions: 3->0(273)
[317.004s][info][gc,heap        ] GC(132) Survivor regions: 5->6(26)
[317.004s][info][gc,heap        ] GC(132) Old regions: 462->359
[317.004s][info][gc,heap        ] GC(132) Humongous regions: 700->700
[317.004s][info][gc,metaspace   ] GC(132) Metaspace: 100046K(101504K)->100046K(101504K) NonClass: 78146K(79040K)->78146K(79040K) Class: 21900K(22464K)->21900K(22464K)
[317.005s][info][gc             ] GC(132) Pause Young (Concurrent Start) (G1 Humongous Allocation) 2333M->2126M(2868M) 6.927ms
[317.005s][info][gc,cpu         ] GC(132) User=0.03s Sys=0.00s Real=0.01s
[317.005s][info][gc             ] GC(133) Concurrent Mark Cycle
[317.005s][info][gc,marking     ] GC(133) Concurrent Scan Root Regions
[317.018s][info][gc,marking     ] GC(133) Concurrent Scan Root Regions 13.224ms
[317.018s][info][gc,marking     ] GC(133) Concurrent Mark
[317.018s][info][gc,marking     ] GC(133) Concurrent Mark From Roots
[317.018s][info][gc,task        ] GC(133) Using 1 workers of 1 for marking
[317.060s][info][gc,marking     ] GC(133) Concurrent Mark From Roots 42.085ms
[317.060s][info][gc,marking     ] GC(133) Concurrent Preclean
[317.060s][info][gc,marking     ] GC(133) Concurrent Preclean 0.113ms
[317.061s][info][gc,start       ] GC(133) Pause Remark
[317.063s][info][gc             ] GC(133) Pause Remark 2315M->1915M(2868M) 2.272ms
[317.063s][info][gc,cpu         ] GC(133) User=0.01s Sys=0.00s Real=0.01s
[317.063s][info][gc,marking     ] GC(133) Concurrent Mark 45.188ms
[317.063s][info][gc,marking     ] GC(133) Concurrent Rebuild Remembered Sets and Scrub Regions
[317.093s][info][gc,marking     ] GC(133) Concurrent Rebuild Remembered Sets and Scrub Regions 30.012ms
[317.093s][info][gc,start       ] GC(133) Pause Cleanup
[317.093s][info][gc             ] GC(133) Pause Cleanup 1966M->1966M(2868M) 0.108ms
[317.093s][info][gc,cpu         ] GC(133) User=0.00s Sys=0.00s Real=0.00s
[317.093s][info][gc,marking     ] GC(133) Concurrent Clear Claimed Marks
[317.093s][info][gc,marking     ] GC(133) Concurrent Clear Claimed Marks 0.132ms
[317.093s][info][gc,marking     ] GC(133) Concurrent Cleanup for Next Mark
[317.095s][info][gc,marking     ] GC(133) Concurrent Cleanup for Next Mark 1.374ms
[317.095s][info][gc             ] GC(133) Concurrent Mark Cycle 90.193ms
[318.186s][info][gc,start       ] GC(134) Pause Young (Prepare Mixed) (G1 Evacuation Pause)
[318.186s][info][gc,task        ] GC(134) Using 4 workers of 4 for evacuation
[318.198s][info][gc,phases      ] GC(134)   Pre Evacuate Collection Set: 0.20ms
[318.198s][info][gc,phases      ] GC(134)   Merge Heap Roots: 0.14ms
[318.198s][info][gc,phases      ] GC(134)   Evacuate Collection Set: 4.46ms
[318.198s][info][gc,phases      ] GC(134)   Post Evacuate Collection Set: 6.58ms
[318.198s][info][gc,phases      ] GC(134)   Other: 0.06ms
[318.198s][info][gc,heap        ] GC(134) Eden regions: 271->0(254)
[318.198s][info][gc,heap        ] GC(134) Survivor regions: 6->0(0)
[318.198s][info][gc,heap        ] GC(134) Old regions: 359->625
[318.198s][info][gc,heap        ] GC(134) Humongous regions: 798->482
[318.198s][info][gc,metaspace   ] GC(134) Metaspace: 100056K(101504K)->100056K(101504K) NonClass: 78155K(79040K)->78155K(79040K) Class: 21900K(22464K)->21900K(22464K)
[318.198s][info][gc             ] GC(134) Pause Young (Prepare Mixed) (G1 Evacuation Pause) (Evacuation Failure: Allocation) 2864M->2210M(2868M) 11.530ms
[318.198s][info][gc,cpu         ] GC(134) User=0.04s Sys=0.00s Real=0.01s
[318.286s][info][gc,start       ] GC(135) Pause Young (Mixed) (G1 Humongous Allocation)
[318.286s][info][gc,task        ] GC(135) Using 4 workers of 4 for evacuation
[318.292s][info][gc,phases      ] GC(135)   Pre Evacuate Collection Set: 0.23ms
[318.292s][info][gc,phases      ] GC(135)   Merge Heap Roots: 0.14ms
[318.292s][info][gc,phases      ] GC(135)   Evacuate Collection Set: 3.17ms
[318.292s][info][gc,phases      ] GC(135)   Post Evacuate Collection Set: 2.99ms
[318.292s][info][gc,phases      ] GC(135)   Other: 0.05ms
[318.292s][info][gc,heap        ] GC(135) Eden regions: 63->0(129)
[318.292s][info][gc,heap        ] GC(135) Survivor regions: 0->1(1)
[318.292s][info][gc,heap        ] GC(135) Old regions: 625->685
[318.292s][info][gc,heap        ] GC(135) Humongous regions: 745->546
[318.292s][info][gc,metaspace   ] GC(135) Metaspace: 100056K(101504K)->100056K(101504K) NonClass: 78155K(79040K)->78155K(79040K) Class: 21900K(22464K)->21900K(22464K)
[318.292s][info][gc             ] GC(135) Pause Young (Mixed) (G1 Humongous Allocation) (Evacuation Failure: Allocation) 2862M->2460M(2868M) 6.682ms
[318.292s][info][gc,cpu         ] GC(135) User=0.03s Sys=0.00s Real=0.01s
[318.294s][info][gc,start       ] GC(136) Pause Young (Concurrent Start) (G1 Humongous Allocation)
[318.294s][info][gc,task        ] GC(136) Using 4 workers of 4 for evacuation
[318.301s][info][gc,phases      ] GC(136)   Pre Evacuate Collection Set: 0.19ms
[318.301s][info][gc,phases      ] GC(136)   Merge Heap Roots: 0.10ms
[318.301s][info][gc,phases      ] GC(136)   Evacuate Collection Set: 6.15ms
[318.301s][info][gc,phases      ] GC(136)   Post Evacuate Collection Set: 0.67ms
[318.301s][info][gc,phases      ] GC(136)   Other: 0.08ms
[318.301s][info][gc,heap        ] GC(136) Eden regions: 2->0(200)
[318.301s][info][gc,heap        ] GC(136) Survivor regions: 1->2(17)
[318.301s][info][gc,heap        ] GC(136) Old regions: 685->610
[318.301s][info][gc,heap        ] GC(136) Humongous regions: 549->549
[318.301s][info][gc,metaspace   ] GC(136) Metaspace: 100056K(101504K)->100056K(101504K) NonClass: 78155K(79040K)->78155K(79040K) Class: 21900K(22464K)->21900K(22464K)
[318.301s][info][gc             ] GC(136) Pause Young (Concurrent Start) (G1 Humongous Allocation) 2468M->2315M(2868M) 7.274ms
[318.301s][info][gc,cpu         ] GC(136) User=0.02s Sys=0.00s Real=0.00s
[318.301s][info][gc             ] GC(137) Concurrent Mark Cycle
[318.301s][info][gc,marking     ] GC(137) Concurrent Scan Root Regions
[318.324s][info][gc,marking     ] GC(137) Concurrent Scan Root Regions 22.961ms
[318.324s][info][gc,marking     ] GC(137) Concurrent Mark
[318.324s][info][gc,marking     ] GC(137) Concurrent Mark From Roots
[318.324s][info][gc,task        ] GC(137) Using 1 workers of 1 for marking
[318.371s][info][gc,marking     ] GC(137) Concurrent Mark From Roots 47.113ms
[318.371s][info][gc,marking     ] GC(137) Concurrent Preclean
[318.371s][info][gc,marking     ] GC(137) Concurrent Preclean 0.145ms
[318.372s][info][gc,start       ] GC(137) Pause Remark
[318.374s][info][gc             ] GC(137) Pause Remark 2690M->2500M(2868M) 2.327ms
[318.374s][info][gc,cpu         ] GC(137) User=0.01s Sys=0.00s Real=0.00s
[318.374s][info][gc,marking     ] GC(137) Concurrent Mark 49.925ms
[318.374s][info][gc,marking     ] GC(137) Concurrent Rebuild Remembered Sets and Scrub Regions
[318.414s][info][gc,marking     ] GC(137) Concurrent Rebuild Remembered Sets and Scrub Regions 40.387ms
[318.414s][info][gc,start       ] GC(137) Pause Cleanup
[318.415s][info][gc             ] GC(137) Pause Cleanup 2589M->2589M(2868M) 0.163ms
[318.415s][info][gc,cpu         ] GC(137) User=0.00s Sys=0.00s Real=0.00s
[318.415s][info][gc,marking     ] GC(137) Concurrent Clear Claimed Marks
[318.415s][info][gc,marking     ] GC(137) Concurrent Clear Claimed Marks 0.154ms
[318.415s][info][gc,marking     ] GC(137) Concurrent Cleanup for Next Mark
[318.416s][info][gc,marking     ] GC(137) Concurrent Cleanup for Next Mark 1.286ms
[318.416s][info][gc             ] GC(137) Concurrent Mark Cycle 115.102ms
[318.614s][info][gc,start       ] GC(138) Pause Young (Prepare Mixed) (G1 Humongous Allocation)
[318.614s][info][gc,task        ] GC(138) Using 4 workers of 4 for evacuation
[318.626s][info][gc,phases      ] GC(138)   Pre Evacuate Collection Set: 0.51ms
[318.626s][info][gc,phases      ] GC(138)   Merge Heap Roots: 0.33ms
[318.626s][info][gc,phases      ] GC(138)   Evacuate Collection Set: 4.74ms
[318.626s][info][gc,phases      ] GC(138)   Post Evacuate Collection Set: 6.22ms
[318.626s][info][gc,phases      ] GC(138)   Other: 0.07ms
[318.626s][info][gc,heap        ] GC(138) Eden regions: 91->0(159)
[318.626s][info][gc,heap        ] GC(138) Survivor regions: 2->8(19)
[318.626s][info][gc,heap        ] GC(138) Old regions: 610->714
[318.626s][info][gc,heap        ] GC(138) Humongous regions: 712->480
[318.626s][info][gc,metaspace   ] GC(138) Metaspace: 100056K(101504K)->100056K(101504K) NonClass: 78155K(79040K)->78155K(79040K) Class: 21900K(22464K)->21900K(22464K)
[318.626s][info][gc             ] GC(138) Pause Young (Prepare Mixed) (G1 Humongous Allocation) (Evacuation Failure: Allocation) 2822M->2397M(2868M) 11.985ms
[318.626s][info][gc,cpu         ] GC(138) User=0.03s Sys=0.01s Real=0.01s
[319.479s][info][gc,start       ] GC(139) Pause Young (Mixed) (G1 Evacuation Pause)
[319.479s][info][gc,task        ] GC(139) Using 4 workers of 4 for evacuation
[319.488s][info][gc,phases      ] GC(139)   Pre Evacuate Collection Set: 0.16ms
[319.488s][info][gc,phases      ] GC(139)   Merge Heap Roots: 0.13ms
[319.488s][info][gc,phases      ] GC(139)   Evacuate Collection Set: 3.78ms
[319.488s][info][gc,phases      ] GC(139)   Post Evacuate Collection Set: 5.14ms
[319.488s][info][gc,phases      ] GC(139)   Other: 0.06ms
[319.488s][info][gc,heap        ] GC(139) Eden regions: 76->0(73)
[319.488s][info][gc,heap        ] GC(139) Survivor regions: 8->0(0)
[319.488s][info][gc,heap        ] GC(139) Old regions: 714->796
[319.488s][info][gc,heap        ] GC(139) Humongous regions: 636->492
[319.488s][info][gc,metaspace   ] GC(139) Metaspace: 100065K(101504K)->100065K(101504K) NonClass: 78164K(79040K)->78164K(79040K) Class: 21900K(22464K)->21900K(22464K)
[319.488s][info][gc             ] GC(139) Pause Young (Mixed) (G1 Evacuation Pause) (Evacuation Failure: Allocation) 2861M->2569M(2868M) 9.372ms
[319.488s][info][gc,cpu         ] GC(139) User=0.04s Sys=0.00s Real=0.01s
[319.585s][info][gc,start       ] GC(140) Pause Young (Concurrent Start) (G1 Evacuation Pause)
[319.585s][info][gc,task        ] GC(140) Using 4 workers of 4 for evacuation
[319.594s][info][gc,phases      ] GC(140)   Pre Evacuate Collection Set: 0.21ms
[319.594s][info][gc,phases      ] GC(140)   Merge Heap Roots: 0.14ms
[319.594s][info][gc,phases      ] GC(140)   Evacuate Collection Set: 7.69ms
[319.594s][info][gc,phases      ] GC(140)   Post Evacuate Collection Set: 1.41ms
[319.594s][info][gc,phases      ] GC(140)   Other: 0.06ms
[319.594s][info][gc,heap        ] GC(140) Eden regions: 73->0(71)
[319.594s][info][gc,heap        ] GC(140) Survivor regions: 0->10(10)
[319.594s][info][gc,heap        ] GC(140) Old regions: 796->821
[319.594s][info][gc,heap        ] GC(140) Humongous regions: 492->492
[319.594s][info][gc,metaspace   ] GC(140) Metaspace: 100065K(101504K)->100065K(101504K) NonClass: 78164K(79040K)->78164K(79040K) Class: 21900K(22464K)->21900K(22464K)
[319.594s][info][gc             ] GC(140) Pause Young (Concurrent Start) (G1 Evacuation Pause) (Evacuation Failure: Allocation) 2715M->2639M(2868M) 9.619ms
[319.594s][info][gc             ] GC(141) Concurrent Mark Cycle
[319.594s][info][gc,marking     ] GC(141) Concurrent Scan Root Regions
[319.594s][info][gc,cpu         ] GC(140) User=0.03s Sys=0.00s Real=0.01s
[319.616s][info][gc,marking     ] GC(141) Concurrent Scan Root Regions 21.375ms
[319.616s][info][gc,marking     ] GC(141) Concurrent Mark
[319.616s][info][gc,marking     ] GC(141) Concurrent Mark From Roots
[319.616s][info][gc,task        ] GC(141) Using 1 workers of 1 for marking
[319.665s][info][gc,marking     ] GC(141) Concurrent Mark From Roots 48.882ms
[319.665s][info][gc,marking     ] GC(141) Concurrent Preclean
[319.665s][info][gc,marking     ] GC(141) Concurrent Preclean 0.167ms
[319.666s][info][gc,start       ] GC(141) Pause Remark
[319.668s][info][gc             ] GC(141) Pause Remark 2751M->2641M(2868M) 2.548ms
[319.668s][info][gc,cpu         ] GC(141) User=0.01s Sys=0.00s Real=0.00s
[319.668s][info][gc,marking     ] GC(141) Concurrent Mark 52.477ms
[319.668s][info][gc,marking     ] GC(141) Concurrent Rebuild Remembered Sets and Scrub Regions
[319.688s][info][gc,start       ] GC(142) Pause Young (Normal) (G1 Evacuation Pause)
[319.688s][info][gc,task        ] GC(142) Using 4 workers of 4 for evacuation
[319.700s][info][gc,phases      ] GC(142)   Pre Evacuate Collection Set: 0.40ms
[319.700s][info][gc,phases      ] GC(142)   Merge Heap Roots: 0.25ms
[319.700s][info][gc,phases      ] GC(142)   Evacuate Collection Set: 9.21ms
[319.700s][info][gc,phases      ] GC(142)   Post Evacuate Collection Set: 1.51ms
[319.700s][info][gc,phases      ] GC(142)   Other: 0.06ms
[319.700s][info][gc,heap        ] GC(142) Eden regions: 71->0(77)
[319.700s][info][gc,heap        ] GC(142) Survivor regions: 10->11(11)
[319.700s][info][gc,heap        ] GC(142) Old regions: 821->841
[319.700s][info][gc,heap        ] GC(142) Humongous regions: 437->432
[319.700s][info][gc,metaspace   ] GC(142) Metaspace: 100065K(101504K)->100065K(101504K) NonClass: 78164K(79040K)->78164K(79040K) Class: 21900K(22464K)->21900K(22464K)
[319.700s][info][gc             ] GC(142) Pause Young (Normal) (G1 Evacuation Pause) (Evacuation Failure: Allocation) 2671M->2562M(2868M) 11.597ms
[319.700s][info][gc,cpu         ] GC(142) User=0.05s Sys=0.01s Real=0.01s
[319.721s][info][gc,marking     ] GC(141) Concurrent Rebuild Remembered Sets and Scrub Regions 52.673ms
[319.721s][info][gc,start       ] GC(141) Pause Cleanup
[319.721s][info][gc             ] GC(141) Pause Cleanup 2602M->2602M(2868M) 0.161ms
[319.721s][info][gc,cpu         ] GC(141) User=0.00s Sys=0.00s Real=0.00s
[319.721s][info][gc,marking     ] GC(141) Concurrent Clear Claimed Marks
[319.721s][info][gc,marking     ] GC(141) Concurrent Clear Claimed Marks 0.119ms
[319.721s][info][gc,marking     ] GC(141) Concurrent Cleanup for Next Mark
[319.723s][info][gc,marking     ] GC(141) Concurrent Cleanup for Next Mark 1.447ms
[319.723s][info][gc             ] GC(141) Concurrent Mark Cycle 128.479ms
[319.745s][info][gc,start       ] GC(143) Pause Young (Prepare Mixed) (G1 Humongous Allocation)
[319.745s][info][gc,task        ] GC(143) Using 4 workers of 4 for evacuation
[319.751s][info][gc,phases      ] GC(143)   Pre Evacuate Collection Set: 0.16ms
[319.751s][info][gc,phases      ] GC(143)   Merge Heap Roots: 0.13ms
[319.751s][info][gc,phases      ] GC(143)   Evacuate Collection Set: 3.14ms
[319.751s][info][gc,phases      ] GC(143)   Post Evacuate Collection Set: 2.83ms
[319.751s][info][gc,phases      ] GC(143)   Other: 0.05ms
[319.751s][info][gc,heap        ] GC(143) Eden regions: 33->0(69)
[319.751s][info][gc,heap        ] GC(143) Survivor regions: 11->2(5)
[319.751s][info][gc,heap        ] GC(143) Old regions: 841->886
[319.751s][info][gc,heap        ] GC(143) Humongous regions: 544->476
[319.751s][info][gc,metaspace   ] GC(143) Metaspace: 100065K(101504K)->100065K(101504K) NonClass: 78164K(79040K)->78164K(79040K) Class: 21900K(22464K)->21900K(22464K)
[319.751s][info][gc             ] GC(143) Pause Young (Prepare Mixed) (G1 Humongous Allocation) (Evacuation Failure: Allocation) 2850M->2722M(2868M) 6.400ms
[319.751s][info][gc,cpu         ] GC(143) User=0.02s Sys=0.01s Real=0.00s
[319.756s][info][gc,start       ] GC(144) Pause Young (Mixed) (G1 Humongous Allocation)
[319.756s][info][gc,task        ] GC(144) Using 4 workers of 4 for evacuation
[319.763s][info][gc,phases      ] GC(144)   Pre Evacuate Collection Set: 0.20ms
[319.763s][info][gc,phases      ] GC(144)   Merge Heap Roots: 0.13ms
[319.763s][info][gc,phases      ] GC(144)   Evacuate Collection Set: 3.12ms
[319.763s][info][gc,phases      ] GC(144)   Post Evacuate Collection Set: 3.37ms
[319.763s][info][gc,phases      ] GC(144)   Other: 0.09ms
[319.763s][info][gc,heap        ] GC(144) Eden regions: 6->0(56)
[319.763s][info][gc,heap        ] GC(144) Survivor regions: 2->1(9)
[319.763s][info][gc,heap        ] GC(144) Old regions: 886->890
[319.763s][info][gc,heap        ] GC(144) Humongous regions: 528->487
[319.763s][info][gc,metaspace   ] GC(144) Metaspace: 100065K(101504K)->100065K(101504K) NonClass: 78164K(79040K)->78164K(79040K) Class: 21900K(22464K)->21900K(22464K)
[319.763s][info][gc             ] GC(144) Pause Young (Mixed) (G1 Humongous Allocation) (Evacuation Failure: Allocation) 2838M->2750M(2868M) 7.043ms
[319.763s][info][gc,cpu         ] GC(144) User=0.03s Sys=0.00s Real=0.01s
[319.764s][info][gc,start       ] GC(145) Pause Young (Concurrent Start) (G1 Humongous Allocation)
[319.764s][info][gc,task        ] GC(145) Using 4 workers of 4 for evacuation
[319.772s][info][gc,phases      ] GC(145)   Pre Evacuate Collection Set: 0.48ms
[319.772s][info][gc,phases      ] GC(145)   Merge Heap Roots: 0.18ms
[319.772s][info][gc,phases      ] GC(145)   Evacuate Collection Set: 5.32ms
[319.772s][info][gc,phases      ] GC(145)   Post Evacuate Collection Set: 1.84ms
[319.772s][info][gc,phases      ] GC(145)   Other: 0.06ms
[319.772s][info][gc,heap        ] GC(145) Eden regions: 2->0(71)
[319.772s][info][gc,heap        ] GC(145) Survivor regions: 1->2(8)
[319.772s][info][gc,heap        ] GC(145) Old regions: 890->830
[319.772s][info][gc,heap        ] GC(145) Humongous regions: 490->490
[319.772s][info][gc,metaspace   ] GC(145) Metaspace: 100065K(101504K)->100065K(101504K) NonClass: 78164K(79040K)->78164K(79040K) Class: 21900K(22464K)->21900K(22464K)
[319.772s][info][gc             ] GC(145) Pause Young (Concurrent Start) (G1 Humongous Allocation) (Evacuation Failure: Allocation) 2758M->2637M(2868M) 7.996ms
[319.772s][info][gc,cpu         ] GC(145) User=0.02s Sys=0.00s Real=0.01s
[319.772s][info][gc             ] GC(146) Concurrent Mark Cycle
[319.772s][info][gc,marking     ] GC(146) Concurrent Scan Root Regions
[319.778s][info][gc,start       ] GC(147) Pause Young (Normal) (G1 Humongous Allocation)
[319.778s][info][gc,task        ] GC(147) Using 4 workers of 4 for evacuation
[319.785s][info][gc,marking     ] GC(146) Concurrent Scan Root Regions 13.331ms
[319.785s][info][gc,marking     ] GC(146) Concurrent Mark
[319.785s][info][gc,marking     ] GC(146) Concurrent Mark From Roots
[319.785s][info][gc,task        ] GC(146) Using 1 workers of 1 for marking
[319.792s][info][gc,phases      ] GC(147)   Pre Evacuate Collection Set: 0.32ms
[319.792s][info][gc,phases      ] GC(147)   Merge Heap Roots: 0.14ms
[319.792s][info][gc,phases      ] GC(147)   Evacuate Collection Set: 5.51ms
[319.792s][info][gc,phases      ] GC(147)   Post Evacuate Collection Set: 1.08ms
[319.792s][info][gc,phases      ] GC(147)   Other: 6.98ms
[319.792s][info][gc,heap        ] GC(147) Eden regions: 5->0(124)
[319.792s][info][gc,heap        ] GC(147) Survivor regions: 2->3(10)
[319.792s][info][gc,heap        ] GC(147) Old regions: 830->751
[319.792s][info][gc,heap        ] GC(147) Humongous regions: 537->483
[319.792s][info][gc,metaspace   ] GC(147) Metaspace: 100065K(101504K)->100065K(101504K) NonClass: 78165K(79040K)->78165K(79040K) Class: 21900K(22464K)->21900K(22464K)
[319.792s][info][gc             ] GC(147) Pause Young (Normal) (G1 Humongous Allocation) (Evacuation Failure: Allocation) 2741M->2469M(2868M) 14.110ms
[319.792s][info][gc,cpu         ] GC(147) User=0.03s Sys=0.00s Real=0.02s
[319.850s][info][gc,marking     ] GC(146) Concurrent Mark From Roots 64.985ms
[319.850s][info][gc,marking     ] GC(146) Concurrent Preclean
[319.850s][info][gc,marking     ] GC(146) Concurrent Preclean 0.142ms
[319.850s][info][gc,start       ] GC(146) Pause Remark
[319.852s][info][gc             ] GC(146) Pause Remark 2777M->2685M(2868M) 2.241ms
[319.852s][info][gc,cpu         ] GC(146) User=0.00s Sys=0.00s Real=0.01s
[319.852s][info][gc,marking     ] GC(146) Concurrent Mark 67.512ms
[319.852s][info][gc,marking     ] GC(146) Concurrent Rebuild Remembered Sets and Scrub Regions
[319.863s][info][gc,start       ] GC(148) Pause Young (Normal) (G1 Humongous Allocation)
[319.863s][info][gc,task        ] GC(148) Using 4 workers of 4 for evacuation
[319.869s][info][gc,phases      ] GC(148)   Pre Evacuate Collection Set: 0.28ms
[319.869s][info][gc,phases      ] GC(148)   Merge Heap Roots: 0.10ms
[319.869s][info][gc,phases      ] GC(148)   Evacuate Collection Set: 3.29ms
[319.869s][info][gc,phases      ] GC(148)   Post Evacuate Collection Set: 1.56ms
[319.869s][info][gc,phases      ] GC(148)   Other: 0.05ms
[319.869s][info][gc,heap        ] GC(148) Eden regions: 35->0(212)
[319.869s][info][gc,heap        ] GC(148) Survivor regions: 3->10(16)
[319.869s][info][gc,heap        ] GC(148) Old regions: 750->659
[319.869s][info][gc,heap        ] GC(148) Humongous regions: 614->480
[319.869s][info][gc,metaspace   ] GC(148) Metaspace: 100065K(101504K)->100065K(101504K) NonClass: 78165K(79040K)->78165K(79040K) Class: 21900K(22464K)->21900K(22464K)
[319.869s][info][gc             ] GC(148) Pause Young (Normal) (G1 Humongous Allocation) (Evacuation Failure: Allocation) 2797M->2296M(2868M) 5.378ms
[319.869s][info][gc,cpu         ] GC(148) User=0.02s Sys=0.00s Real=0.00s
[319.901s][info][gc,marking     ] GC(146) Concurrent Rebuild Remembered Sets and Scrub Regions 48.535ms
[319.901s][info][gc,start       ] GC(146) Pause Cleanup
[319.901s][info][gc             ] GC(146) Pause Cleanup 2489M->2489M(2868M) 0.109ms
[319.901s][info][gc,cpu         ] GC(146) User=0.00s Sys=0.00s Real=0.00s
[319.901s][info][gc,marking     ] GC(146) Concurrent Clear Claimed Marks
[319.901s][info][gc,marking     ] GC(146) Concurrent Clear Claimed Marks 0.115ms
[319.901s][info][gc,marking     ] GC(146) Concurrent Cleanup for Next Mark
[319.903s][info][gc,marking     ] GC(146) Concurrent Cleanup for Next Mark 1.370ms
[319.903s][info][gc             ] GC(146) Concurrent Mark Cycle 131.113ms
[320.199s][info][gc,start       ] GC(149) Pause Young (Prepare Mixed) (G1 Humongous Allocation)
[320.199s][info][gc,task        ] GC(149) Using 4 workers of 4 for evacuation
[320.204s][info][gc,phases      ] GC(149)   Pre Evacuate Collection Set: 0.23ms
[320.205s][info][gc,phases      ] GC(149)   Merge Heap Roots: 0.11ms
[320.205s][info][gc,phases      ] GC(149)   Evacuate Collection Set: 3.81ms
[320.205s][info][gc,phases      ] GC(149)   Post Evacuate Collection Set: 1.19ms
[320.205s][info][gc,phases      ] GC(149)   Other: 0.05ms
[320.205s][info][gc,heap        ] GC(149) Eden regions: 66->0(184)
[320.205s][info][gc,heap        ] GC(149) Survivor regions: 10->28(28)
[320.205s][info][gc,heap        ] GC(149) Old regions: 659->611
[320.205s][info][gc,heap        ] GC(149) Humongous regions: 657->525
[320.205s][info][gc,metaspace   ] GC(149) Metaspace: 100065K(101504K)->100065K(101504K) NonClass: 78165K(79040K)->78165K(79040K) Class: 21900K(22464K)->21900K(22464K)
[320.205s][info][gc             ] GC(149) Pause Young (Prepare Mixed) (G1 Humongous Allocation) (Evacuation Failure: Allocation) 2780M->2326M(2868M) 6.845ms
[320.205s][info][gc,cpu         ] GC(149) User=0.02s Sys=0.00s Real=0.01s
[321.014s][info][gc,start       ] GC(150) Pause Young (Mixed) (G1 Evacuation Pause)
[321.014s][info][gc,task        ] GC(150) Using 4 workers of 4 for evacuation
[321.021s][info][gc,phases      ] GC(150)   Pre Evacuate Collection Set: 0.16ms
[321.021s][info][gc,phases      ] GC(150)   Merge Heap Roots: 0.07ms
[321.021s][info][gc,phases      ] GC(150)   Evacuate Collection Set: 2.53ms
[321.021s][info][gc,phases      ] GC(150)   Post Evacuate Collection Set: 4.05ms
[321.021s][info][gc,phases      ] GC(150)   Other: 0.05ms
[321.021s][info][gc,heap        ] GC(150) Eden regions: 157->0(71)
[321.021s][info][gc,heap        ] GC(150) Survivor regions: 28->0(0)
[321.021s][info][gc,heap        ] GC(150) Old regions: 611->794
[321.021s][info][gc,heap        ] GC(150) Humongous regions: 638->557
[321.021s][info][gc,metaspace   ] GC(150) Metaspace: 100065K(101504K)->100065K(101504K) NonClass: 78165K(79040K)->78165K(79040K) Class: 21900K(22464K)->21900K(22464K)
[321.021s][info][gc             ] GC(150) Pause Young (Mixed) (G1 Evacuation Pause) (Evacuation Failure: Allocation) 2866M->2700M(2868M) 6.960ms
[321.021s][info][gc,cpu         ] GC(150) User=0.03s Sys=0.00s Real=0.00s
[321.110s][info][gc,start       ] GC(151) Pause Young (Concurrent Start) (G1 Evacuation Pause)
[321.110s][info][gc,task        ] GC(151) Using 4 workers of 4 for evacuation
[321.117s][info][gc,phases      ] GC(151)   Pre Evacuate Collection Set: 0.23ms
[321.117s][info][gc,phases      ] GC(151)   Merge Heap Roots: 0.08ms
[321.117s][info][gc,phases      ] GC(151)   Evacuate Collection Set: 3.25ms
[321.117s][info][gc,phases      ] GC(151)   Post Evacuate Collection Set: 2.96ms
[321.117s][info][gc,phases      ] GC(151)   Other: 0.06ms
[321.117s][info][gc,heap        ] GC(151) Eden regions: 71->0(22)
[321.117s][info][gc,heap        ] GC(151) Survivor regions: 0->4(9)
[321.117s][info][gc,heap        ] GC(151) Old regions: 794->851
[321.117s][info][gc,heap        ] GC(151) Humongous regions: 557->557
[321.117s][info][gc,metaspace   ] GC(151) Metaspace: 100065K(101504K)->100065K(101504K) NonClass: 78165K(79040K)->78165K(79040K) Class: 21900K(22464K)->21900K(22464K)
[321.117s][info][gc             ] GC(151) Pause Young (Concurrent Start) (G1 Evacuation Pause) (Evacuation Failure: Allocation) 2842M->2822M(2868M) 6.714ms
[321.117s][info][gc             ] GC(152) Concurrent Mark Cycle
[321.117s][info][gc,marking     ] GC(152) Concurrent Scan Root Regions
[321.117s][info][gc,cpu         ] GC(151) User=0.03s Sys=0.00s Real=0.01s
[321.123s][info][gc,start       ] GC(153) Pause Young (Normal) (G1 Humongous Allocation)
[321.123s][info][gc,task        ] GC(153) Using 4 workers of 4 for evacuation
[321.128s][info][gc,marking     ] GC(152) Concurrent Scan Root Regions 10.907ms
[321.128s][info][gc,marking     ] GC(152) Concurrent Mark
[321.128s][info][gc,marking     ] GC(152) Concurrent Mark From Roots
[321.128s][info][gc,task        ] GC(152) Using 1 workers of 1 for marking
[321.133s][info][gc,phases      ] GC(153)   Pre Evacuate Collection Set: 0.22ms
[321.133s][info][gc,phases      ] GC(153)   Merge Heap Roots: 0.08ms
[321.133s][info][gc,phases      ] GC(153)   Evacuate Collection Set: 2.04ms
[321.133s][info][gc,phases      ] GC(153)   Post Evacuate Collection Set: 2.49ms
[321.133s][info][gc,phases      ] GC(153)   Other: 4.65ms
[321.133s][info][gc,heap        ] GC(153) Eden regions: 12->0(17)
[321.133s][info][gc,heap        ] GC(153) Survivor regions: 4->1(4)
[321.133s][info][gc,heap        ] GC(153) Old regions: 851->857
[321.133s][info][gc,heap        ] GC(153) Humongous regions: 560->559
[321.133s][info][gc,metaspace   ] GC(153) Metaspace: 100065K(101504K)->100065K(101504K) NonClass: 78165K(79040K)->78165K(79040K) Class: 21900K(22464K)->21900K(22464K)
[321.133s][info][gc             ] GC(153) Pause Young (Normal) (G1 Humongous Allocation) (Evacuation Failure: Allocation) 2851M->2831M(2868M) 9.569ms
[321.133s][info][gc,cpu         ] GC(153) User=0.02s Sys=0.00s Real=0.01s
[321.134s][info][gc,start       ] GC(154) Pause Young (Normal) (G1 Humongous Allocation)
[321.134s][info][gc,task        ] GC(154) Using 4 workers of 4 for evacuation
[321.140s][info][gc,phases      ] GC(154)   Pre Evacuate Collection Set: 0.27ms
[321.141s][info][gc,phases      ] GC(154)   Merge Heap Roots: 0.10ms
[321.141s][info][gc,phases      ] GC(154)   Evacuate Collection Set: 3.13ms
[321.141s][info][gc,phases      ] GC(154)   Post Evacuate Collection Set: 2.67ms
[321.141s][info][gc,phases      ] GC(154)   Other: 0.04ms
[321.141s][info][gc,heap        ] GC(154) Eden regions: 1->0(4)
[321.141s][info][gc,heap        ] GC(154) Survivor regions: 1->1(3)
[321.141s][info][gc,heap        ] GC(154) Old regions: 857->869
[321.141s][info][gc,heap        ] GC(154) Humongous regions: 562->560
[321.141s][info][gc,metaspace   ] GC(154) Metaspace: 100065K(101504K)->100065K(101504K) NonClass: 78165K(79040K)->78165K(79040K) Class: 21900K(22464K)->21900K(22464K)
[321.141s][info][gc             ] GC(154) Pause Young (Normal) (G1 Humongous Allocation) (Evacuation Failure: Allocation) 2839M->2857M(2868M) 6.325ms
[321.141s][info][gc,cpu         ] GC(154) User=0.02s Sys=0.01s Real=0.00s
[321.141s][info][gc,ergo        ] Attempting full compaction
[321.141s][info][gc,start       ] GC(155) Pause Full (G1 Compaction Pause)
[321.141s][info][gc,task        ] GC(155) Using 4 workers of 4 for full compaction
[321.141s][info][gc,phases,start] GC(155) Phase 1: Mark live objects
[321.153s][info][gc,phases      ] GC(155) Phase 1: Mark live objects 11.908ms
[321.153s][info][gc,phases,start] GC(155) Phase 2: Prepare compaction
[321.157s][info][gc,phases      ] GC(155) Phase 2: Prepare compaction 3.632ms
[321.157s][info][gc,phases,start] GC(155) Phase 3: Adjust pointers
[321.165s][info][gc,phases      ] GC(155) Phase 3: Adjust pointers 7.729ms
[321.165s][info][gc,phases,start] GC(155) Phase 4: Compact heap
[321.173s][info][gc,phases      ] GC(155) Phase 4: Compact heap 8.657ms
[321.173s][info][gc,phases,start] GC(155) Phase 5: Reset Metadata
[321.175s][info][gc,phases      ] GC(155) Phase 5: Reset Metadata 1.620ms
[321.177s][info][gc,heap        ] GC(155) Eden regions: 0->0(692)
[321.177s][info][gc,heap        ] GC(155) Survivor regions: 1->0(3)
[321.177s][info][gc,heap        ] GC(155) Old regions: 869->128
[321.177s][info][gc,heap        ] GC(155) Humongous regions: 560->405
[321.177s][info][gc,metaspace   ] GC(155) Metaspace: 100065K(101504K)->100065K(101504K) NonClass: 78165K(79040K)->78165K(79040K) Class: 21900K(22464K)->21900K(22464K)
[321.177s][info][gc             ] GC(155) Pause Full (G1 Compaction Pause) 2857M->1061M(2868M) 36.248ms
[321.177s][info][gc,cpu         ] GC(155) User=0.13s Sys=0.00s Real=0.04s
[321.177s][info][gc,marking     ] GC(152) Concurrent Mark From Roots 49.219ms
[321.177s][info][gc,marking     ] GC(152) Concurrent Mark Abort
[321.177s][info][gc             ] GC(152) Concurrent Mark Cycle 60.170ms
[321.179s][info][gc,start       ] GC(156) Pause Young (Concurrent Start) (G1 Humongous Allocation)
[321.179s][info][gc,task        ] GC(156) Using 4 workers of 4 for evacuation
[321.180s][info][gc,phases      ] GC(156)   Pre Evacuate Collection Set: 0.15ms
[321.180s][info][gc,phases      ] GC(156)   Merge Heap Roots: 0.03ms
[321.180s][info][gc,phases      ] GC(156)   Evacuate Collection Set: 0.80ms
[321.180s][info][gc,phases      ] GC(156)   Post Evacuate Collection Set: 0.26ms
[321.180s][info][gc,phases      ] GC(156)   Other: 0.04ms
[321.180s][info][gc,heap        ] GC(156) Eden regions: 4->0(540)
[321.180s][info][gc,heap        ] GC(156) Survivor regions: 0->3(87)
[321.180s][info][gc,heap        ] GC(156) Old regions: 128->128
[321.180s][info][gc,heap        ] GC(156) Humongous regions: 410->410
[321.180s][info][gc,metaspace   ] GC(156) Metaspace: 100065K(101504K)->100065K(101504K) NonClass: 78165K(79040K)->78165K(79040K) Class: 21900K(22464K)->21900K(22464K)
[321.180s][info][gc             ] GC(156) Pause Young (Concurrent Start) (G1 Humongous Allocation) 1079M->1075M(2868M) 1.345ms
[321.180s][info][gc,cpu         ] GC(156) User=0.00s Sys=0.00s Real=0.00s
[321.180s][info][gc             ] GC(157) Concurrent Mark Cycle
[321.180s][info][gc,marking     ] GC(157) Concurrent Scan Root Regions
[321.181s][info][gc,marking     ] GC(157) Concurrent Scan Root Regions 1.258ms
[321.181s][info][gc,marking     ] GC(157) Concurrent Mark
[321.181s][info][gc,marking     ] GC(157) Concurrent Mark From Roots
[321.181s][info][gc,task        ] GC(157) Using 1 workers of 1 for marking
[321.258s][info][gc,marking     ] GC(157) Concurrent Mark From Roots 77.187ms
[321.258s][info][gc,marking     ] GC(157) Concurrent Preclean
[321.259s][info][gc,marking     ] GC(157) Concurrent Preclean 0.132ms
[321.259s][info][gc,start       ] GC(157) Pause Remark
[321.261s][info][gc             ] GC(157) Pause Remark 2041M->2025M(2868M) 2.330ms
[321.261s][info][gc,cpu         ] GC(157) User=0.01s Sys=0.00s Real=0.00s
[321.261s][info][gc,marking     ] GC(157) Concurrent Mark 79.784ms
[321.261s][info][gc,marking     ] GC(157) Concurrent Rebuild Remembered Sets and Scrub Regions
[321.283s][info][gc,marking     ] GC(157) Concurrent Rebuild Remembered Sets and Scrub Regions 22.393ms
[321.283s][info][gc,start       ] GC(157) Pause Cleanup
[321.284s][info][gc             ] GC(157) Pause Cleanup 2105M->2105M(2868M) 0.118ms
[321.284s][info][gc,cpu         ] GC(157) User=0.00s Sys=0.00s Real=0.00s
[321.284s][info][gc,marking     ] GC(157) Concurrent Clear Claimed Marks
[321.284s][info][gc,marking     ] GC(157) Concurrent Clear Claimed Marks 0.124ms
[321.284s][info][gc,marking     ] GC(157) Concurrent Cleanup for Next Mark
[321.285s][info][gc,marking     ] GC(157) Concurrent Cleanup for Next Mark 1.326ms
[321.285s][info][gc             ] GC(157) Concurrent Mark Cycle 105.229ms
[322.311s][info][gc,start       ] GC(158) Pause Young (Prepare Mixed) (G1 Evacuation Pause)
[322.311s][info][gc,task        ] GC(158) Using 4 workers of 4 for evacuation
[322.316s][info][gc,phases      ] GC(158)   Pre Evacuate Collection Set: 0.13ms
[322.316s][info][gc,phases      ] GC(158)   Merge Heap Roots: 0.07ms
[322.316s][info][gc,phases      ] GC(158)   Evacuate Collection Set: 2.05ms
[322.316s][info][gc,phases      ] GC(158)   Post Evacuate Collection Set: 3.16ms
[322.316s][info][gc,phases      ] GC(158)   Other: 0.05ms
[322.316s][info][gc,heap        ] GC(158) Eden regions: 232->0(324)
[322.316s][info][gc,heap        ] GC(158) Survivor regions: 3->0(0)
[322.316s][info][gc,heap        ] GC(158) Old regions: 128->345
[322.316s][info][gc,heap        ] GC(158) Humongous regions: 1071->597
[322.316s][info][gc,metaspace   ] GC(158) Metaspace: 100090K(101504K)->100090K(101504K) NonClass: 78189K(79040K)->78189K(79040K) Class: 21900K(22464K)->21900K(22464K)
[322.316s][info][gc             ] GC(158) Pause Young (Prepare Mixed) (G1 Evacuation Pause) (Evacuation Failure: Allocation) 2861M->1877M(2868M) 5.542ms
[322.316s][info][gc,cpu         ] GC(158) User=0.02s Sys=0.00s Real=0.01s
[322.559s][info][gc,start       ] GC(159) Pause Young (Mixed) (G1 Humongous Allocation)
[322.559s][info][gc,task        ] GC(159) Using 4 workers of 4 for evacuation
[322.568s][info][gc,phases      ] GC(159)   Pre Evacuate Collection Set: 0.32ms
[322.568s][info][gc,phases      ] GC(159)   Merge Heap Roots: 0.09ms
[322.568s][info][gc,phases      ] GC(159)   Evacuate Collection Set: 3.32ms
[322.568s][info][gc,phases      ] GC(159)   Post Evacuate Collection Set: 5.62ms
[322.568s][info][gc,phases      ] GC(159)   Other: 0.05ms
[322.568s][info][gc,heap        ] GC(159) Eden regions: 169->0(167)
[322.568s][info][gc,heap        ] GC(159) Survivor regions: 0->0(0)
[322.568s][info][gc,heap        ] GC(159) Old regions: 345->509
[322.568s][info][gc,heap        ] GC(159) Humongous regions: 920->685
[322.568s][info][gc,metaspace   ] GC(159) Metaspace: 100090K(101504K)->100090K(101504K) NonClass: 78189K(79040K)->78189K(79040K) Class: 21900K(22464K)->21900K(22464K)
[322.568s][info][gc             ] GC(159) Pause Young (Mixed) (G1 Humongous Allocation) (Evacuation Failure: Allocation) 2859M->2379M(2868M) 9.501ms
[322.568s][info][gc,cpu         ] GC(159) User=0.03s Sys=0.00s Real=0.01s
[322.569s][info][gc,start       ] GC(160) Pause Young (Concurrent Start) (G1 Humongous Allocation)
[322.569s][info][gc,task        ] GC(160) Using 4 workers of 4 for evacuation
[322.575s][info][gc,phases      ] GC(160)   Pre Evacuate Collection Set: 0.19ms
[322.575s][info][gc,phases      ] GC(160)   Merge Heap Roots: 0.11ms
[322.575s][info][gc,phases      ] GC(160)   Evacuate Collection Set: 5.69ms
[322.575s][info][gc,phases      ] GC(160)   Post Evacuate Collection Set: 0.45ms
[322.575s][info][gc,phases      ] GC(160)   Other: 0.05ms
[322.575s][info][gc,heap        ] GC(160) Eden regions: 3->0(218)
[322.575s][info][gc,heap        ] GC(160) Survivor regions: 0->1(21)
[322.575s][info][gc,heap        ] GC(160) Old regions: 509->418
[322.575s][info][gc,heap        ] GC(160) Humongous regions: 691->683
[322.575s][info][gc,metaspace   ] GC(160) Metaspace: 100090K(101504K)->100090K(101504K) NonClass: 78189K(79040K)->78189K(79040K) Class: 21900K(22464K)->21900K(22464K)
[322.575s][info][gc             ] GC(160) Pause Young (Concurrent Start) (G1 Humongous Allocation) 2397M->2196M(2868M) 6.561ms
[322.575s][info][gc             ] GC(161) Concurrent Mark Cycle
[322.575s][info][gc,marking     ] GC(161) Concurrent Scan Root Regions
[322.575s][info][gc,cpu         ] GC(160) User=0.02s Sys=0.00s Real=0.01s
[322.593s][info][gc,marking     ] GC(161) Concurrent Scan Root Regions 17.964ms
[322.593s][info][gc,marking     ] GC(161) Concurrent Mark
[322.593s][info][gc,marking     ] GC(161) Concurrent Mark From Roots
[322.593s][info][gc,task        ] GC(161) Using 1 workers of 1 for marking
[322.635s][info][gc,marking     ] GC(161) Concurrent Mark From Roots 41.697ms
[322.635s][info][gc,marking     ] GC(161) Concurrent Preclean
[322.635s][info][gc,marking     ] GC(161) Concurrent Preclean 0.113ms
[322.635s][info][gc,start       ] GC(161) Pause Remark
[322.638s][info][gc             ] GC(161) Pause Remark 2599M->2209M(2868M) 2.746ms
[322.638s][info][gc,cpu         ] GC(161) User=0.01s Sys=0.00s Real=0.00s
[322.638s][info][gc,marking     ] GC(161) Concurrent Mark 44.702ms
[322.638s][info][gc,marking     ] GC(161) Concurrent Rebuild Remembered Sets and Scrub Regions
[322.669s][info][gc,marking     ] GC(161) Concurrent Rebuild Remembered Sets and Scrub Regions 30.916ms
[322.669s][info][gc,start       ] GC(161) Pause Cleanup
[322.669s][info][gc             ] GC(161) Pause Cleanup 2224M->2224M(2868M) 0.122ms
[322.669s][info][gc,cpu         ] GC(161) User=0.00s Sys=0.00s Real=0.00s
[322.669s][info][gc,marking     ] GC(161) Concurrent Clear Claimed Marks
[322.669s][info][gc,marking     ] GC(161) Concurrent Clear Claimed Marks 0.115ms
[322.669s][info][gc,marking     ] GC(161) Concurrent Cleanup for Next Mark
[322.670s][info][gc,marking     ] GC(161) Concurrent Cleanup for Next Mark 1.351ms
[322.670s][info][gc             ] GC(161) Concurrent Mark Cycle 95.314ms
[323.601s][info][gc,start       ] GC(162) Pause Young (Prepare Mixed) (G1 Evacuation Pause)
[323.601s][info][gc,task        ] GC(162) Using 4 workers of 4 for evacuation
[323.609s][info][gc,phases      ] GC(162)   Pre Evacuate Collection Set: 0.16ms
[323.609s][info][gc,phases      ] GC(162)   Merge Heap Roots: 0.15ms
[323.609s][info][gc,phases      ] GC(162)   Evacuate Collection Set: 3.17ms
[323.609s][info][gc,phases      ] GC(162)   Post Evacuate Collection Set: 4.85ms
[323.609s][info][gc,phases      ] GC(162)   Other: 0.05ms
[323.609s][info][gc,heap        ] GC(162) Eden regions: 176->0(223)
[323.609s][info][gc,heap        ] GC(162) Survivor regions: 1->0(0)
[323.609s][info][gc,heap        ] GC(162) Old regions: 418->583
[323.609s][info][gc,heap        ] GC(162) Humongous regions: 839->537
[323.609s][info][gc,metaspace   ] GC(162) Metaspace: 100096K(101504K)->100096K(101504K) NonClass: 78195K(79040K)->78195K(79040K) Class: 21900K(22464K)->21900K(22464K)
[323.609s][info][gc             ] GC(162) Pause Young (Prepare Mixed) (G1 Evacuation Pause) (Evacuation Failure: Allocation) 2860M->2233M(2868M) 8.481ms
[323.609s][info][gc,cpu         ] GC(162) User=0.03s Sys=0.00s Real=0.01s
[323.792s][info][gc,start       ] GC(163) Pause Young (Mixed) (G1 Humongous Allocation)
[323.792s][info][gc,task        ] GC(163) Using 4 workers of 4 for evacuation
[323.800s][info][gc,phases      ] GC(163)   Pre Evacuate Collection Set: 0.18ms
[323.800s][info][gc,phases      ] GC(163)   Merge Heap Roots: 0.12ms
[323.800s][info][gc,phases      ] GC(163)   Evacuate Collection Set: 3.70ms
[323.800s][info][gc,phases      ] GC(163)   Post Evacuate Collection Set: 4.33ms
[323.800s][info][gc,phases      ] GC(163)   Other: 0.05ms
[323.800s][info][gc,heap        ] GC(163) Eden regions: 147->0(150)
[323.800s][info][gc,heap        ] GC(163) Survivor regions: 0->1(3)
[323.800s][info][gc,heap        ] GC(163) Old regions: 583->726
[323.800s][info][gc,heap        ] GC(163) Humongous regions: 701->484
[323.800s][info][gc,metaspace   ] GC(163) Metaspace: 100096K(101504K)->100096K(101504K) NonClass: 78195K(79040K)->78195K(79040K) Class: 21900K(22464K)->21900K(22464K)
[323.800s][info][gc             ] GC(163) Pause Young (Mixed) (G1 Humongous Allocation) (Evacuation Failure: Allocation) 2855M->2415M(2868M) 8.485ms
[323.800s][info][gc,cpu         ] GC(163) User=0.03s Sys=0.00s Real=0.00s
[323.801s][info][gc,start       ] GC(164) Pause Young (Concurrent Start) (G1 Humongous Allocation)
[323.801s][info][gc,task        ] GC(164) Using 4 workers of 4 for evacuation
[323.808s][info][gc,phases      ] GC(164)   Pre Evacuate Collection Set: 0.29ms
[323.808s][info][gc,phases      ] GC(164)   Merge Heap Roots: 0.12ms
[323.808s][info][gc,phases      ] GC(164)   Evacuate Collection Set: 6.07ms
[323.808s][info][gc,phases      ] GC(164)   Post Evacuate Collection Set: 0.67ms
[323.808s][info][gc,phases      ] GC(164)   Other: 0.06ms
[323.809s][info][gc,heap        ] GC(164) Eden regions: 3->0(234)
[323.809s][info][gc,heap        ] GC(164) Survivor regions: 1->2(19)
[323.809s][info][gc,heap        ] GC(164) Old regions: 726->628
[323.809s][info][gc,heap        ] GC(164) Humongous regions: 490->484
[323.809s][info][gc,metaspace   ] GC(164) Metaspace: 100096K(101504K)->100096K(101504K) NonClass: 78195K(79040K)->78195K(79040K) Class: 21900K(22464K)->21900K(22464K)
[323.809s][info][gc             ] GC(164) Pause Young (Concurrent Start) (G1 Humongous Allocation) 2433M->2220M(2868M) 7.311ms
[323.809s][info][gc,cpu         ] GC(164) User=0.02s Sys=0.00s Real=0.01s
[323.809s][info][gc             ] GC(165) Concurrent Mark Cycle
[323.809s][info][gc,marking     ] GC(165) Concurrent Scan Root Regions
[323.834s][info][gc,marking     ] GC(165) Concurrent Scan Root Regions 24.979ms
[323.834s][info][gc,marking     ] GC(165) Concurrent Mark
[323.834s][info][gc,marking     ] GC(165) Concurrent Mark From Roots
[323.834s][info][gc,task        ] GC(165) Using 1 workers of 1 for marking
[323.881s][info][gc,marking     ] GC(165) Concurrent Mark From Roots 47.241ms
[323.881s][info][gc,marking     ] GC(165) Concurrent Preclean
[323.882s][info][gc,start       ] GC(166) Pause Young (Normal) (G1 Humongous Allocation)
[323.882s][info][gc,task        ] GC(166) Using 4 workers of 4 for evacuation
[323.888s][info][gc,phases      ] GC(166)   Pre Evacuate Collection Set: 0.37ms
[323.889s][info][gc,phases      ] GC(166)   Merge Heap Roots: 0.21ms
[323.889s][info][gc,phases      ] GC(166)   Evacuate Collection Set: 3.43ms
[323.889s][info][gc,phases      ] GC(166)   Post Evacuate Collection Set: 2.81ms
[323.889s][info][gc,phases      ] GC(166)   Other: 0.06ms
[323.889s][info][gc,heap        ] GC(166) Eden regions: 45->0(114)
[323.889s][info][gc,heap        ] GC(166) Survivor regions: 2->3(9)
[323.889s][info][gc,heap        ] GC(166) Old regions: 628->680
[323.889s][info][gc,heap        ] GC(166) Humongous regions: 750->564
[323.889s][info][gc,metaspace   ] GC(166) Metaspace: 100100K(101504K)->100100K(101504K) NonClass: 78199K(79040K)->78199K(79040K) Class: 21900K(22464K)->21900K(22464K)
[323.889s][info][gc             ] GC(166) Pause Young (Normal) (G1 Humongous Allocation) (Evacuation Failure: Allocation) 2841M->2485M(2868M) 6.983ms
[323.889s][info][gc,cpu         ] GC(166) User=0.03s Sys=0.00s Real=0.00s
[323.889s][info][gc,marking     ] GC(165) Concurrent Preclean 7.997ms
[323.890s][info][gc,start       ] GC(165) Pause Remark
[323.892s][info][gc             ] GC(165) Pause Remark 2513M->2403M(2868M) 2.425ms
[323.892s][info][gc,cpu         ] GC(165) User=0.01s Sys=0.00s Real=0.01s
[323.892s][info][gc,marking     ] GC(165) Concurrent Mark 58.492ms
[323.892s][info][gc,marking     ] GC(165) Concurrent Rebuild Remembered Sets and Scrub Regions
[323.937s][info][gc,marking     ] GC(165) Concurrent Rebuild Remembered Sets and Scrub Regions 44.885ms
[323.937s][info][gc,start       ] GC(165) Pause Cleanup
[323.937s][info][gc             ] GC(165) Pause Cleanup 2568M->2568M(2868M) 0.151ms
[323.937s][info][gc,cpu         ] GC(165) User=0.00s Sys=0.00s Real=0.00s
[323.937s][info][gc,marking     ] GC(165) Concurrent Clear Claimed Marks
[323.937s][info][gc,marking     ] GC(165) Concurrent Clear Claimed Marks 0.146ms
[323.937s][info][gc,marking     ] GC(165) Concurrent Cleanup for Next Mark
[323.939s][info][gc,marking     ] GC(165) Concurrent Cleanup for Next Mark 1.492ms
[323.939s][info][gc             ] GC(165) Concurrent Mark Cycle 130.409ms
[324.090s][info][gc,start       ] GC(167) Pause Young (Prepare Mixed) (G1 Humongous Allocation)
[324.090s][info][gc,task        ] GC(167) Using 4 workers of 4 for evacuation
[324.099s][info][gc,phases      ] GC(167)   Pre Evacuate Collection Set: 0.43ms
[324.099s][info][gc,phases      ] GC(167)   Merge Heap Roots: 0.51ms
[324.099s][info][gc,phases      ] GC(167)   Evacuate Collection Set: 4.24ms
[324.099s][info][gc,phases      ] GC(167)   Post Evacuate Collection Set: 3.74ms
[324.099s][info][gc,phases      ] GC(167)   Other: 0.07ms
[324.099s][info][gc,heap        ] GC(167) Eden regions: 63->0(80)
[324.099s][info][gc,heap        ] GC(167) Survivor regions: 3->2(6)
[324.099s][info][gc,heap        ] GC(167) Old regions: 680->746
[324.099s][info][gc,heap        ] GC(167) Humongous regions: 682->533
[324.099s][info][gc,metaspace   ] GC(167) Metaspace: 100100K(101504K)->100100K(101504K) NonClass: 78199K(79040K)->78199K(79040K) Class: 21900K(22464K)->21900K(22464K)
[324.099s][info][gc             ] GC(167) Pause Young (Prepare Mixed) (G1 Humongous Allocation) (Evacuation Failure: Allocation) 2845M->2553M(2868M) 9.175ms
[324.099s][info][gc,cpu         ] GC(167) User=0.03s Sys=0.00s Real=0.01s
[324.825s][info][gc,start       ] GC(168) Pause Young (Mixed) (G1 Evacuation Pause)
[324.825s][info][gc,task        ] GC(168) Using 4 workers of 4 for evacuation
[324.833s][info][gc,phases      ] GC(168)   Pre Evacuate Collection Set: 0.20ms
[324.833s][info][gc,phases      ] GC(168)   Merge Heap Roots: 0.14ms
[324.833s][info][gc,phases      ] GC(168)   Evacuate Collection Set: 3.37ms
[324.833s][info][gc,phases      ] GC(168)   Post Evacuate Collection Set: 3.80ms
[324.833s][info][gc,phases      ] GC(168)   Other: 0.05ms
[324.833s][info][gc,heap        ] GC(168) Eden regions: 73->0(71)
[324.833s][info][gc,heap        ] GC(168) Survivor regions: 2->0(0)
[324.833s][info][gc,heap        ] GC(168) Old regions: 746->819
[324.833s][info][gc,heap        ] GC(168) Humongous regions: 613->517
[324.833s][info][gc,metaspace   ] GC(168) Metaspace: 100100K(101504K)->100100K(101504K) NonClass: 78199K(79040K)->78199K(79040K) Class: 21900K(22464K)->21900K(22464K)
[324.833s][info][gc             ] GC(168) Pause Young (Mixed) (G1 Evacuation Pause) (Evacuation Failure: Allocation) 2859M->2663M(2868M) 7.646ms
[324.833s][info][gc,cpu         ] GC(168) User=0.02s Sys=0.00s Real=0.01s
[324.924s][info][gc,start       ] GC(169) Pause Young (Concurrent Start) (G1 Evacuation Pause)
[324.924s][info][gc,task        ] GC(169) Using 4 workers of 4 for evacuation
[324.932s][info][gc,phases      ] GC(169)   Pre Evacuate Collection Set: 0.22ms
[324.932s][info][gc,phases      ] GC(169)   Merge Heap Roots: 0.14ms
[324.932s][info][gc,phases      ] GC(169)   Evacuate Collection Set: 4.84ms
[324.932s][info][gc,phases      ] GC(169)   Post Evacuate Collection Set: 2.65ms
[324.932s][info][gc,phases      ] GC(169)   Other: 0.06ms
[324.932s][info][gc,heap        ] GC(169) Eden regions: 71->0(28)
[324.932s][info][gc,heap        ] GC(169) Survivor regions: 0->4(9)
[324.932s][info][gc,heap        ] GC(169) Old regions: 819->895
[324.932s][info][gc,heap        ] GC(169) Humongous regions: 517->507
[324.932s][info][gc,metaspace   ] GC(169) Metaspace: 100100K(101504K)->100100K(101504K) NonClass: 78199K(79040K)->78199K(79040K) Class: 21900K(22464K)->21900K(22464K)
[324.932s][info][gc             ] GC(169) Pause Young (Concurrent Start) (G1 Evacuation Pause) (Evacuation Failure: Allocation) 2805M->2804M(2868M) 8.028ms
[324.932s][info][gc,cpu         ] GC(169) User=0.03s Sys=0.00s Real=0.01s
[324.932s][info][gc             ] GC(170) Concurrent Mark Cycle
[324.932s][info][gc,marking     ] GC(170) Concurrent Scan Root Regions
[324.956s][info][gc,marking     ] GC(170) Concurrent Scan Root Regions 23.710ms
[324.956s][info][gc,marking     ] GC(170) Concurrent Mark
[324.956s][info][gc,marking     ] GC(170) Concurrent Mark From Roots
[324.956s][info][gc,task        ] GC(170) Using 1 workers of 1 for marking
[324.963s][info][gc,start       ] GC(171) Pause Young (Normal) (G1 Evacuation Pause)
[324.963s][info][gc,task        ] GC(171) Using 4 workers of 4 for evacuation
[324.970s][info][gc,phases      ] GC(171)   Pre Evacuate Collection Set: 0.22ms
[324.970s][info][gc,phases      ] GC(171)   Merge Heap Roots: 0.14ms
[324.970s][info][gc,phases      ] GC(171)   Evacuate Collection Set: 3.05ms
[324.970s][info][gc,phases      ] GC(171)   Post Evacuate Collection Set: 2.74ms
[324.970s][info][gc,phases      ] GC(171)   Other: 0.05ms
[324.970s][info][gc,heap        ] GC(171) Eden regions: 28->0(1)
[324.970s][info][gc,heap        ] GC(171) Survivor regions: 4->0(0)
[324.970s][info][gc,heap        ] GC(171) Old regions: 895->927
[324.970s][info][gc,heap        ] GC(171) Humongous regions: 507->507
[324.970s][info][gc,metaspace   ] GC(171) Metaspace: 100100K(101504K)->100100K(101504K) NonClass: 78199K(79040K)->78199K(79040K) Class: 21900K(22464K)->21900K(22464K)
[324.970s][info][gc             ] GC(171) Pause Young (Normal) (G1 Evacuation Pause) (Evacuation Failure: Allocation) 2860M->2860M(2868M) 6.313ms
[324.970s][info][gc,cpu         ] GC(171) User=0.02s Sys=0.01s Real=0.00s
[324.970s][info][gc,ergo        ] Attempting full compaction
[324.970s][info][gc,start       ] GC(172) Pause Full (G1 Compaction Pause)
[324.970s][info][gc,task        ] GC(172) Using 4 workers of 4 for full compaction
[324.971s][info][gc,phases,start] GC(172) Phase 1: Mark live objects
[324.985s][info][gc,phases      ] GC(172) Phase 1: Mark live objects 14.926ms
[324.986s][info][gc,phases,start] GC(172) Phase 2: Prepare compaction
[324.988s][info][gc,phases      ] GC(172) Phase 2: Prepare compaction 2.747ms
[324.988s][info][gc,phases,start] GC(172) Phase 3: Adjust pointers
[324.996s][info][gc,phases      ] GC(172) Phase 3: Adjust pointers 7.503ms
[324.996s][info][gc,phases,start] GC(172) Phase 4: Compact heap
[325.003s][info][gc,phases      ] GC(172) Phase 4: Compact heap 6.858ms
[325.003s][info][gc,phases,start] GC(172) Phase 5: Reset Metadata
[325.005s][info][gc,phases      ] GC(172) Phase 5: Reset Metadata 2.070ms
[325.007s][info][gc,heap        ] GC(172) Eden regions: 0->0(748)
[325.007s][info][gc,heap        ] GC(172) Survivor regions: 0->0(0)
[325.007s][info][gc,heap        ] GC(172) Old regions: 927->99
[325.007s][info][gc,heap        ] GC(172) Humongous regions: 507->402
[325.007s][info][gc,metaspace   ] GC(172) Metaspace: 100100K(101504K)->100094K(101504K) NonClass: 78199K(79040K)->78195K(79040K) Class: 21900K(22464K)->21899K(22464K)
[325.007s][info][gc             ] GC(172) Pause Full (G1 Compaction Pause) 2860M->998M(2868M) 37.021ms
[325.007s][info][gc,cpu         ] GC(172) User=0.14s Sys=0.00s Real=0.04s
[325.007s][info][gc,marking     ] GC(170) Concurrent Mark From Roots 51.091ms
[325.007s][info][gc,marking     ] GC(170) Concurrent Mark Abort
[325.007s][info][gc             ] GC(170) Concurrent Mark Cycle 74.854ms
[325.025s][info][gc,start       ] GC(173) Pause Young (Concurrent Start) (G1 Humongous Allocation)
[325.025s][info][gc,task        ] GC(173) Using 4 workers of 4 for evacuation
[325.028s][info][gc,phases      ] GC(173)   Pre Evacuate Collection Set: 0.19ms
[325.028s][info][gc,phases      ] GC(173)   Merge Heap Roots: 0.07ms
[325.028s][info][gc,phases      ] GC(173)   Evacuate Collection Set: 2.06ms
[325.028s][info][gc,phases      ] GC(173)   Post Evacuate Collection Set: 0.52ms
[325.028s][info][gc,phases      ] GC(173)   Other: 0.15ms
[325.028s][info][gc,heap        ] GC(173) Eden regions: 45->0(552)
[325.028s][info][gc,heap        ] GC(173) Survivor regions: 0->24(94)
[325.028s][info][gc,heap        ] GC(173) Old regions: 99->99
[325.028s][info][gc,heap        ] GC(173) Humongous regions: 402->402
[325.028s][info][gc,metaspace   ] GC(173) Metaspace: 100094K(101504K)->100094K(101504K) NonClass: 78195K(79040K)->78195K(79040K) Class: 21899K(22464K)->21899K(22464K)
[325.028s][info][gc             ] GC(173) Pause Young (Concurrent Start) (G1 Humongous Allocation) 1088M->1045M(2868M) 3.088ms
[325.028s][info][gc,cpu         ] GC(173) User=0.01s Sys=0.00s Real=0.00s
[325.028s][info][gc             ] GC(174) Concurrent Mark Cycle
[325.028s][info][gc,marking     ] GC(174) Concurrent Scan Root Regions
[325.030s][info][gc,marking     ] GC(174) Concurrent Scan Root Regions 2.555ms
[325.030s][info][gc,marking     ] GC(174) Concurrent Mark
[325.030s][info][gc,marking     ] GC(174) Concurrent Mark From Roots
[325.030s][info][gc,task        ] GC(174) Using 1 workers of 1 for marking
[325.077s][info][gc,marking     ] GC(174) Concurrent Mark From Roots 46.517ms
[325.077s][info][gc,marking     ] GC(174) Concurrent Preclean
[325.077s][info][gc,marking     ] GC(174) Concurrent Preclean 0.116ms
[325.078s][info][gc,start       ] GC(174) Pause Remark
[325.081s][info][gc             ] GC(174) Pause Remark 1517M->1517M(2868M) 3.244ms
[325.081s][info][gc,cpu         ] GC(174) User=0.01s Sys=0.00s Real=0.00s
[325.081s][info][gc,marking     ] GC(174) Concurrent Mark 50.649ms
[325.081s][info][gc,marking     ] GC(174) Concurrent Rebuild Remembered Sets and Scrub Regions
[325.101s][info][gc,marking     ] GC(174) Concurrent Rebuild Remembered Sets and Scrub Regions 20.431ms
[325.103s][info][gc,start       ] GC(174) Pause Cleanup
[325.103s][info][gc             ] GC(174) Pause Cleanup 1605M->1605M(2868M) 0.118ms
[325.103s][info][gc,cpu         ] GC(174) User=0.00s Sys=0.00s Real=0.00s
[325.103s][info][gc,marking     ] GC(174) Concurrent Clear Claimed Marks
[325.103s][info][gc,marking     ] GC(174) Concurrent Clear Claimed Marks 0.155ms
[325.103s][info][gc,marking     ] GC(174) Concurrent Cleanup for Next Mark
[325.105s][info][gc,marking     ] GC(174) Concurrent Cleanup for Next Mark 2.075ms
[325.105s][info][gc             ] GC(174) Concurrent Mark Cycle 77.280ms
[326.200s][info][gc,start       ] GC(175) Pause Young (Prepare Mixed) (G1 Evacuation Pause)
[326.201s][info][gc,task        ] GC(175) Using 4 workers of 4 for evacuation
[326.207s][info][gc,phases      ] GC(175)   Pre Evacuate Collection Set: 0.16ms
[326.207s][info][gc,phases      ] GC(175)   Merge Heap Roots: 0.09ms
[326.207s][info][gc,phases      ] GC(175)   Evacuate Collection Set: 2.33ms
[326.207s][info][gc,phases      ] GC(175)   Post Evacuate Collection Set: 3.55ms
[326.207s][info][gc,phases      ] GC(175)   Other: 0.05ms
[326.207s][info][gc,heap        ] GC(175) Eden regions: 229->0(334)
[326.207s][info][gc,heap        ] GC(175) Survivor regions: 24->0(0)
[326.207s][info][gc,heap        ] GC(175) Old regions: 99->330
[326.207s][info][gc,heap        ] GC(175) Humongous regions: 1082->602
[326.207s][info][gc,metaspace   ] GC(175) Metaspace: 100104K(101504K)->100104K(101504K) NonClass: 78205K(79040K)->78205K(79040K) Class: 21899K(22464K)->21899K(22464K)
[326.207s][info][gc             ] GC(175) Pause Young (Prepare Mixed) (G1 Evacuation Pause) (Evacuation Failure: Allocation) 2863M->1859M(2868M) 6.291ms
[326.207s][info][gc,cpu         ] GC(175) User=0.02s Sys=0.01s Real=0.01s
[326.449s][info][gc,start       ] GC(176) Pause Young (Mixed) (G1 Humongous Allocation)
[326.449s][info][gc,task        ] GC(176) Using 4 workers of 4 for evacuation
[326.457s][info][gc,phases      ] GC(176)   Pre Evacuate Collection Set: 0.16ms
[326.457s][info][gc,phases      ] GC(176)   Merge Heap Roots: 0.08ms
[326.457s][info][gc,phases      ] GC(176)   Evacuate Collection Set: 3.48ms
[326.457s][info][gc,phases      ] GC(176)   Post Evacuate Collection Set: 4.96ms
[326.457s][info][gc,phases      ] GC(176)   Other: 0.05ms
[326.457s][info][gc,heap        ] GC(176) Eden regions: 179->0(167)
[326.457s][info][gc,heap        ] GC(176) Survivor regions: 0->2(3)
[326.457s][info][gc,heap        ] GC(176) Old regions: 330->507
[326.457s][info][gc,heap        ] GC(176) Humongous regions: 922->685
[326.457s][info][gc,metaspace   ] GC(176) Metaspace: 100104K(101504K)->100104K(101504K) NonClass: 78205K(79040K)->78205K(79040K) Class: 21899K(22464K)->21899K(22464K)
[326.457s][info][gc             ] GC(176) Pause Young (Mixed) (G1 Humongous Allocation) (Evacuation Failure: Allocation) 2856M->2382M(2868M) 8.822ms
[326.457s][info][gc,cpu         ] GC(176) User=0.03s Sys=0.00s Real=0.01s
[326.487s][info][gc,start       ] GC(177) Pause Young (Concurrent Start) (G1 Humongous Allocation)
[326.487s][info][gc,task        ] GC(177) Using 4 workers of 4 for evacuation
[326.495s][info][gc,phases      ] GC(177)   Pre Evacuate Collection Set: 0.32ms
[326.495s][info][gc,phases      ] GC(177)   Merge Heap Roots: 0.15ms
[326.495s][info][gc,phases      ] GC(177)   Evacuate Collection Set: 6.89ms
[326.495s][info][gc,phases      ] GC(177)   Post Evacuate Collection Set: 0.92ms
[326.495s][info][gc,phases      ] GC(177)   Other: 0.06ms
[326.495s][info][gc,heap        ] GC(177) Eden regions: 22->0(189)
[326.495s][info][gc,heap        ] GC(177) Survivor regions: 2->13(22)
[326.495s][info][gc,heap        ] GC(177) Old regions: 507->412
[326.495s][info][gc,heap        ] GC(177) Humongous regions: 688->682
[326.495s][info][gc,metaspace   ] GC(177) Metaspace: 100104K(101504K)->100104K(101504K) NonClass: 78205K(79040K)->78205K(79040K) Class: 21899K(22464K)->21899K(22464K)
[326.495s][info][gc             ] GC(177) Pause Young (Concurrent Start) (G1 Humongous Allocation) 2431M->2212M(2868M) 8.434ms
[326.495s][info][gc,cpu         ] GC(177) User=0.03s Sys=0.00s Real=0.01s
[326.495s][info][gc             ] GC(178) Concurrent Mark Cycle
[326.495s][info][gc,marking     ] GC(178) Concurrent Scan Root Regions
[326.510s][info][gc,marking     ] GC(178) Concurrent Scan Root Regions 14.273ms
[326.510s][info][gc,marking     ] GC(178) Concurrent Mark
[326.510s][info][gc,marking     ] GC(178) Concurrent Mark From Roots
[326.510s][info][gc,task        ] GC(178) Using 1 workers of 1 for marking
[326.553s][info][gc,marking     ] GC(178) Concurrent Mark From Roots 43.602ms
[326.553s][info][gc,marking     ] GC(178) Concurrent Preclean
[326.553s][info][gc,marking     ] GC(178) Concurrent Preclean 0.106ms
[326.553s][info][gc,start       ] GC(178) Pause Remark
[326.556s][info][gc             ] GC(178) Pause Remark 2630M->2250M(2868M) 2.429ms
[326.556s][info][gc,cpu         ] GC(178) User=0.01s Sys=0.00s Real=0.00s
[326.556s][info][gc,marking     ] GC(178) Concurrent Mark 46.279ms
[326.556s][info][gc,marking     ] GC(178) Concurrent Rebuild Remembered Sets and Scrub Regions
[326.587s][info][gc,marking     ] GC(178) Concurrent Rebuild Remembered Sets and Scrub Regions 31.369ms
[326.587s][info][gc,start       ] GC(178) Pause Cleanup
[326.587s][info][gc             ] GC(178) Pause Cleanup 2301M->2301M(2868M) 0.127ms
[326.587s][info][gc,cpu         ] GC(178) User=0.00s Sys=0.00s Real=0.00s
[326.587s][info][gc,marking     ] GC(178) Concurrent Clear Claimed Marks
[326.588s][info][gc,marking     ] GC(178) Concurrent Clear Claimed Marks 0.191ms
[326.588s][info][gc,marking     ] GC(178) Concurrent Cleanup for Next Mark
[326.589s][info][gc,marking     ] GC(178) Concurrent Cleanup for Next Mark 1.374ms
[326.589s][info][gc             ] GC(178) Concurrent Mark Cycle 93.812ms
[327.505s][info][gc,start       ] GC(179) Pause Young (Prepare Mixed) (G1 Evacuation Pause)
[327.505s][info][gc,task        ] GC(179) Using 4 workers of 4 for evacuation
[327.515s][info][gc,phases      ] GC(179)   Pre Evacuate Collection Set: 0.19ms
[327.515s][info][gc,phases      ] GC(179)   Merge Heap Roots: 0.12ms
[327.515s][info][gc,phases      ] GC(179)   Evacuate Collection Set: 3.59ms
[327.515s][info][gc,phases      ] GC(179)   Post Evacuate Collection Set: 5.78ms
[327.515s][info][gc,phases      ] GC(179)   Other: 0.05ms
[327.515s][info][gc,heap        ] GC(179) Eden regions: 160->0(191)
[327.515s][info][gc,heap        ] GC(179) Survivor regions: 13->0(0)
[327.515s][info][gc,heap        ] GC(179) Old regions: 412->577
[327.515s][info][gc,heap        ] GC(179) Humongous regions: 849->557
[327.515s][info][gc,metaspace   ] GC(179) Metaspace: 100111K(101504K)->100111K(101504K) NonClass: 78211K(79040K)->78211K(79040K) Class: 21900K(22464K)->21900K(22464K)
[327.515s][info][gc             ] GC(179) Pause Young (Prepare Mixed) (G1 Evacuation Pause) (Evacuation Failure: Allocation) 2866M->2266M(2868M) 9.830ms
[327.515s][info][gc,cpu         ] GC(179) User=0.04s Sys=0.00s Real=0.01s
[327.686s][info][gc,start       ] GC(180) Pause Young (Mixed) (G1 Humongous Allocation)
[327.686s][info][gc,task        ] GC(180) Using 4 workers of 4 for evacuation
[327.695s][info][gc,phases      ] GC(180)   Pre Evacuate Collection Set: 0.25ms
[327.695s][info][gc,phases      ] GC(180)   Merge Heap Roots: 0.17ms
[327.695s][info][gc,phases      ] GC(180)   Evacuate Collection Set: 3.74ms
[327.695s][info][gc,phases      ] GC(180)   Post Evacuate Collection Set: 4.86ms
[327.695s][info][gc,phases      ] GC(180)   Other: 0.05ms
[327.695s][info][gc,heap        ] GC(180) Eden regions: 140->0(97)
[327.695s][info][gc,heap        ] GC(180) Survivor regions: 0->1(3)
[327.695s][info][gc,heap        ] GC(180) Old regions: 577->718
[327.695s][info][gc,heap        ] GC(180) Humongous regions: 714->545
[327.695s][info][gc,metaspace   ] GC(180) Metaspace: 100111K(101504K)->100111K(101504K) NonClass: 78211K(79040K)->78211K(79040K) Class: 21900K(22464K)->21900K(22464K)
[327.695s][info][gc             ] GC(180) Pause Young (Mixed) (G1 Humongous Allocation) (Evacuation Failure: Allocation) 2860M->2526M(2868M) 9.163ms
[327.695s][info][gc,cpu         ] GC(180) User=0.04s Sys=0.00s Real=0.01s
[327.696s][info][gc,start       ] GC(181) Pause Young (Concurrent Start) (G1 Humongous Allocation)
[327.696s][info][gc,task        ] GC(181) Using 4 workers of 4 for evacuation
[327.703s][info][gc,phases      ] GC(181)   Pre Evacuate Collection Set: 0.24ms
[327.703s][info][gc,phases      ] GC(181)   Merge Heap Roots: 0.13ms
[327.703s][info][gc,phases      ] GC(181)   Evacuate Collection Set: 6.12ms
[327.703s][info][gc,phases      ] GC(181)   Post Evacuate Collection Set: 0.48ms
[327.703s][info][gc,phases      ] GC(181)   Other: 0.06ms
[327.703s][info][gc,heap        ] GC(181) Eden regions: 2->0(215)
[327.703s][info][gc,heap        ] GC(181) Survivor regions: 1->2(13)
[327.703s][info][gc,heap        ] GC(181) Old regions: 718->617
[327.703s][info][gc,heap        ] GC(181) Humongous regions: 548->516
[327.703s][info][gc,metaspace   ] GC(181) Metaspace: 100111K(101504K)->100111K(101504K) NonClass: 78211K(79040K)->78211K(79040K) Class: 21900K(22464K)->21900K(22464K)
[327.703s][info][gc             ] GC(181) Pause Young (Concurrent Start) (G1 Humongous Allocation) 2536M->2266M(2868M) 7.096ms
[327.703s][info][gc             ] GC(182) Concurrent Mark Cycle
[327.703s][info][gc,marking     ] GC(182) Concurrent Scan Root Regions
[327.703s][info][gc,cpu         ] GC(181) User=0.02s Sys=0.00s Real=0.01s
[327.727s][info][gc,marking     ] GC(182) Concurrent Scan Root Regions 24.737ms
[327.727s][info][gc,marking     ] GC(182) Concurrent Mark
[327.727s][info][gc,marking     ] GC(182) Concurrent Mark From Roots
[327.727s][info][gc,task        ] GC(182) Using 1 workers of 1 for marking
[327.772s][info][gc,marking     ] GC(182) Concurrent Mark From Roots 44.720ms
[327.772s][info][gc,marking     ] GC(182) Concurrent Preclean
[327.772s][info][gc,marking     ] GC(182) Concurrent Preclean 0.114ms
[327.772s][info][gc,start       ] GC(182) Pause Remark
[327.775s][info][gc             ] GC(182) Pause Remark 2680M->2530M(2868M) 2.598ms
[327.775s][info][gc,cpu         ] GC(182) User=0.01s Sys=0.00s Real=0.00s
[327.775s][info][gc,marking     ] GC(182) Concurrent Mark 47.559ms
[327.775s][info][gc,marking     ] GC(182) Concurrent Rebuild Remembered Sets and Scrub Regions
[327.818s][info][gc,marking     ] GC(182) Concurrent Rebuild Remembered Sets and Scrub Regions 43.381ms
[327.818s][info][gc,start       ] GC(182) Pause Cleanup
[327.819s][info][gc             ] GC(182) Pause Cleanup 2644M->2644M(2868M) 0.151ms
[327.819s][info][gc,cpu         ] GC(182) User=0.00s Sys=0.00s Real=0.00s
[327.819s][info][gc,marking     ] GC(182) Concurrent Clear Claimed Marks
[327.819s][info][gc,marking     ] GC(182) Concurrent Clear Claimed Marks 0.123ms
[327.819s][info][gc,marking     ] GC(182) Concurrent Cleanup for Next Mark
[327.820s][info][gc,marking     ] GC(182) Concurrent Cleanup for Next Mark 1.468ms
[327.820s][info][gc             ] GC(182) Concurrent Mark Cycle 117.574ms
[327.835s][info][gc,start       ] GC(183) Pause Young (Prepare Mixed) (G1 Humongous Allocation)
[327.835s][info][gc,task        ] GC(183) Using 4 workers of 4 for evacuation
[327.842s][info][gc,phases      ] GC(183)   Pre Evacuate Collection Set: 0.29ms
[327.842s][info][gc,phases      ] GC(183)   Merge Heap Roots: 0.20ms
[327.842s][info][gc,phases      ] GC(183)   Evacuate Collection Set: 3.32ms
[327.842s][info][gc,phases      ] GC(183)   Post Evacuate Collection Set: 3.20ms
[327.842s][info][gc,phases      ] GC(183)   Other: 0.06ms
[327.842s][info][gc,heap        ] GC(183) Eden regions: 76->0(147)
[327.842s][info][gc,heap        ] GC(183) Survivor regions: 2->1(7)
[327.842s][info][gc,heap        ] GC(183) Old regions: 617->699
[327.842s][info][gc,heap        ] GC(183) Humongous regions: 732->514
[327.842s][info][gc,metaspace   ] GC(183) Metaspace: 100112K(101504K)->100112K(101504K) NonClass: 78212K(79040K)->78212K(79040K) Class: 21900K(22464K)->21900K(22464K)
[327.842s][info][gc             ] GC(183) Pause Young (Prepare Mixed) (G1 Humongous Allocation) (Evacuation Failure: Allocation) 2850M->2424M(2868M) 7.185ms
[327.842s][info][gc,cpu         ] GC(183) User=0.02s Sys=0.00s Real=0.01s
[327.985s][info][gc,start       ] GC(184) Pause Young (Mixed) (G1 Humongous Allocation)
[327.985s][info][gc,task        ] GC(184) Using 4 workers of 4 for evacuation
[327.992s][info][gc,phases      ] GC(184)   Pre Evacuate Collection Set: 0.25ms
[327.992s][info][gc,phases      ] GC(184)   Merge Heap Roots: 0.18ms
[327.992s][info][gc,phases      ] GC(184)   Evacuate Collection Set: 3.28ms
[327.992s][info][gc,phases      ] GC(184)   Post Evacuate Collection Set: 3.58ms
[327.992s][info][gc,phases      ] GC(184)   Other: 0.08ms
[327.992s][info][gc,heap        ] GC(184) Eden regions: 37->0(80)
[327.992s][info][gc,heap        ] GC(184) Survivor regions: 1->3(8)
[327.992s][info][gc,heap        ] GC(184) Old regions: 699->738
[327.992s][info][gc,heap        ] GC(184) Humongous regions: 689->540
[327.992s][info][gc,metaspace   ] GC(184) Metaspace: 100112K(101504K)->100112K(101504K) NonClass: 78212K(79040K)->78212K(79040K) Class: 21900K(22464K)->21900K(22464K)
[327.992s][info][gc             ] GC(184) Pause Young (Mixed) (G1 Humongous Allocation) (Evacuation Failure: Allocation) 2848M->2558M(2868M) 7.471ms
[327.992s][info][gc,cpu         ] GC(184) User=0.02s Sys=0.00s Real=0.01s
[328.124s][info][gc,start       ] GC(185) Pause Young (Concurrent Start) (G1 Humongous Allocation)
[328.125s][info][gc,task        ] GC(185) Using 4 workers of 4 for evacuation
[328.132s][info][gc,phases      ] GC(185)   Pre Evacuate Collection Set: 0.33ms
[328.132s][info][gc,phases      ] GC(185)   Merge Heap Roots: 0.13ms
[328.132s][info][gc,phases      ] GC(185)   Evacuate Collection Set: 6.14ms
[328.132s][info][gc,phases      ] GC(185)   Post Evacuate Collection Set: 0.67ms
[328.132s][info][gc,phases      ] GC(185)   Other: 0.09ms
[328.132s][info][gc,heap        ] GC(185) Eden regions: 8->0(159)
[328.132s][info][gc,heap        ] GC(185) Survivor regions: 3->7(11)
[328.132s][info][gc,heap        ] GC(185) Old regions: 738->663
[328.132s][info][gc,heap        ] GC(185) Humongous regions: 543->532
[328.132s][info][gc,metaspace   ] GC(185) Metaspace: 100114K(101504K)->100114K(101504K) NonClass: 78214K(79040K)->78214K(79040K) Class: 21900K(22464K)->21900K(22464K)
[328.132s][info][gc             ] GC(185) Pause Young (Concurrent Start) (G1 Humongous Allocation) 2578M->2400M(2868M) 7.470ms
[328.132s][info][gc,cpu         ] GC(185) User=0.03s Sys=0.00s Real=0.01s
[328.132s][info][gc             ] GC(186) Concurrent Mark Cycle
[328.132s][info][gc,marking     ] GC(186) Concurrent Scan Root Regions
[328.148s][info][gc,marking     ] GC(186) Concurrent Scan Root Regions 15.996ms
[328.148s][info][gc,marking     ] GC(186) Concurrent Mark
[328.148s][info][gc,marking     ] GC(186) Concurrent Mark From Roots
[328.148s][info][gc,task        ] GC(186) Using 1 workers of 1 for marking
[328.194s][info][gc,marking     ] GC(186) Concurrent Mark From Roots 46.067ms
[328.194s][info][gc,marking     ] GC(186) Concurrent Preclean
[328.194s][info][gc,marking     ] GC(186) Concurrent Preclean 0.100ms
[328.194s][info][gc,start       ] GC(186) Pause Remark
[328.196s][info][gc             ] GC(186) Pause Remark 2440M->2260M(2868M) 1.999ms
[328.196s][info][gc,cpu         ] GC(186) User=0.01s Sys=0.00s Real=0.00s
[328.196s][info][gc,marking     ] GC(186) Concurrent Mark 48.283ms
[328.196s][info][gc,marking     ] GC(186) Concurrent Rebuild Remembered Sets and Scrub Regions
[328.236s][info][gc,marking     ] GC(186) Concurrent Rebuild Remembered Sets and Scrub Regions 39.266ms
[328.236s][info][gc,start       ] GC(186) Pause Cleanup
[328.236s][info][gc             ] GC(186) Pause Cleanup 2264M->2264M(2868M) 0.117ms
[328.236s][info][gc,cpu         ] GC(186) User=0.00s Sys=0.00s Real=0.00s
[328.236s][info][gc,marking     ] GC(186) Concurrent Clear Claimed Marks
[328.236s][info][gc,marking     ] GC(186) Concurrent Clear Claimed Marks 0.114ms
[328.236s][info][gc,marking     ] GC(186) Concurrent Cleanup for Next Mark
[328.237s][info][gc,marking     ] GC(186) Concurrent Cleanup for Next Mark 1.254ms
[328.237s][info][gc             ] GC(186) Concurrent Mark Cycle 105.171ms
[328.932s][info][gc,start       ] GC(187) Pause Young (Prepare Mixed) (G1 Evacuation Pause)
[328.932s][info][gc,task        ] GC(187) Using 4 workers of 4 for evacuation
[328.947s][info][gc,phases      ] GC(187)   Pre Evacuate Collection Set: 0.23ms
[328.947s][info][gc,phases      ] GC(187)   Merge Heap Roots: 0.16ms
[328.947s][info][gc,phases      ] GC(187)   Evacuate Collection Set: 10.86ms
[328.947s][info][gc,phases      ] GC(187)   Post Evacuate Collection Set: 3.05ms
[328.947s][info][gc,phases      ] GC(187)   Other: 0.07ms
[328.947s][info][gc,heap        ] GC(187) Eden regions: 159->0(115)
[328.947s][info][gc,heap        ] GC(187) Survivor regions: 7->21(21)
[328.947s][info][gc,heap        ] GC(187) Old regions: 663->765
[328.947s][info][gc,heap        ] GC(187) Humongous regions: 493->447
[328.947s][info][gc,metaspace   ] GC(187) Metaspace: 100140K(101568K)->100140K(101568K) NonClass: 78239K(79104K)->78239K(79104K) Class: 21901K(22464K)->21901K(22464K)
[328.947s][info][gc             ] GC(187) Pause Young (Prepare Mixed) (G1 Evacuation Pause) (Evacuation Failure: Allocation) 2640M->2462M(2868M) 14.464ms
[328.947s][info][gc,cpu         ] GC(187) User=0.05s Sys=0.00s Real=0.01s
[329.031s][info][gc,start       ] GC(188) Pause Young (Mixed) (G1 Humongous Allocation)
[329.031s][info][gc,task        ] GC(188) Using 4 workers of 4 for evacuation
[329.039s][info][gc,phases      ] GC(188)   Pre Evacuate Collection Set: 0.15ms
[329.039s][info][gc,phases      ] GC(188)   Merge Heap Roots: 0.09ms
[329.039s][info][gc,phases      ] GC(188)   Evacuate Collection Set: 4.47ms
[329.039s][info][gc,phases      ] GC(188)   Post Evacuate Collection Set: 3.34ms
[329.039s][info][gc,phases      ] GC(188)   Other: 0.05ms
[329.039s][info][gc,heap        ] GC(188) Eden regions: 79->0(60)
[329.039s][info][gc,heap        ] GC(188) Survivor regions: 21->11(17)
[329.039s][info][gc,heap        ] GC(188) Old regions: 765->874
[329.039s][info][gc,heap        ] GC(188) Humongous regions: 537->483
[329.039s][info][gc,metaspace   ] GC(188) Metaspace: 100140K(101568K)->100140K(101568K) NonClass: 78239K(79104K)->78239K(79104K) Class: 21901K(22464K)->21901K(22464K)
[329.039s][info][gc             ] GC(188) Pause Young (Mixed) (G1 Humongous Allocation) (Evacuation Failure: Allocation) 2799M->2733M(2868M) 8.213ms
[329.039s][info][gc,cpu         ] GC(188) User=0.03s Sys=0.00s Real=0.01s
[329.040s][info][gc,start       ] GC(189) Pause Young (Concurrent Start) (G1 Humongous Allocation)
[329.040s][info][gc,task        ] GC(189) Using 4 workers of 4 for evacuation
[329.048s][info][gc,phases      ] GC(189)   Pre Evacuate Collection Set: 0.28ms
[329.048s][info][gc,phases      ] GC(189)   Merge Heap Roots: 0.11ms
[329.048s][info][gc,phases      ] GC(189)   Evacuate Collection Set: 5.16ms
[329.048s][info][gc,phases      ] GC(189)   Post Evacuate Collection Set: 1.99ms
[329.048s][info][gc,phases      ] GC(189)   Other: 0.06ms
[329.048s][info][gc,heap        ] GC(189) Eden regions: 7->0(68)
[329.048s][info][gc,heap        ] GC(189) Survivor regions: 11->3(9)
[329.048s][info][gc,heap        ] GC(189) Old regions: 874->859
[329.048s][info][gc,heap        ] GC(189) Humongous regions: 488->477
[329.048s][info][gc,metaspace   ] GC(189) Metaspace: 100140K(101568K)->100140K(101568K) NonClass: 78239K(79104K)->78239K(79104K) Class: 21901K(22464K)->21901K(22464K)
[329.048s][info][gc             ] GC(189) Pause Young (Concurrent Start) (G1 Humongous Allocation) (Evacuation Failure: Allocation) 2755M->2675M(2868M) 7.694ms
[329.048s][info][gc,cpu         ] GC(189) User=0.03s Sys=0.00s Real=0.01s
[329.048s][info][gc             ] GC(190) Concurrent Mark Cycle
[329.048s][info][gc,marking     ] GC(190) Concurrent Scan Root Regions
[329.052s][info][gc,start       ] GC(191) Pause Young (Normal) (G1 Humongous Allocation)
[329.052s][info][gc,task        ] GC(191) Using 4 workers of 4 for evacuation
[329.061s][info][gc,marking     ] GC(190) Concurrent Scan Root Regions 12.889ms
[329.061s][info][gc,marking     ] GC(190) Concurrent Mark
[329.061s][info][gc,marking     ] GC(190) Concurrent Mark From Roots
[329.061s][info][gc,task        ] GC(190) Using 1 workers of 1 for marking
[329.067s][info][gc,phases      ] GC(191)   Pre Evacuate Collection Set: 0.19ms
[329.067s][info][gc,phases      ] GC(191)   Merge Heap Roots: 0.08ms
[329.067s][info][gc,phases      ] GC(191)   Evacuate Collection Set: 3.79ms
[329.067s][info][gc,phases      ] GC(191)   Post Evacuate Collection Set: 2.38ms
[329.067s][info][gc,phases      ] GC(191)   Other: 9.03ms
[329.067s][info][gc,heap        ] GC(191) Eden regions: 9->0(35)
[329.067s][info][gc,heap        ] GC(191) Survivor regions: 3->3(9)
[329.067s][info][gc,heap        ] GC(191) Old regions: 859->890
[329.067s][info][gc,heap        ] GC(191) Humongous regions: 528->506
[329.067s][info][gc,metaspace   ] GC(191) Metaspace: 100140K(101568K)->100140K(101568K) NonClass: 78239K(79104K)->78239K(79104K) Class: 21901K(22464K)->21901K(22464K)
[329.067s][info][gc             ] GC(191) Pause Young (Normal) (G1 Humongous Allocation) (Evacuation Failure: Allocation) 2795M->2795M(2868M) 15.574ms
[329.067s][info][gc,cpu         ] GC(191) User=0.03s Sys=0.01s Real=0.01s
[329.069s][info][gc,start       ] GC(192) Pause Young (Normal) (G1 Humongous Allocation)
[329.069s][info][gc,task        ] GC(192) Using 4 workers of 4 for evacuation
[329.077s][info][gc,phases      ] GC(192)   Pre Evacuate Collection Set: 0.33ms
[329.077s][info][gc,phases      ] GC(192)   Merge Heap Roots: 0.14ms
[329.077s][info][gc,phases      ] GC(192)   Evacuate Collection Set: 3.11ms
[329.077s][info][gc,phases      ] GC(192)   Post Evacuate Collection Set: 4.32ms
[329.077s][info][gc,phases      ] GC(192)   Other: 0.05ms
[329.077s][info][gc,heap        ] GC(192) Eden regions: 3->0(53)
[329.077s][info][gc,heap        ] GC(192) Survivor regions: 3->2(5)
[329.077s][info][gc,heap        ] GC(192) Old regions: 890->864
[329.077s][info][gc,heap        ] GC(192) Humongous regions: 520->515
[329.077s][info][gc,metaspace   ] GC(192) Metaspace: 100140K(101568K)->100140K(101568K) NonClass: 78239K(79104K)->78239K(79104K) Class: 21901K(22464K)->21901K(22464K)
[329.077s][info][gc             ] GC(192) Pause Young (Normal) (G1 Humongous Allocation) (Evacuation Failure: Allocation) 2829M->2761M(2868M) 8.043ms
[329.077s][info][gc,cpu         ] GC(192) User=0.03s Sys=0.00s Real=0.01s
[329.080s][info][gc,start       ] GC(193) Pause Young (Normal) (G1 Humongous Allocation)
[329.080s][info][gc,task        ] GC(193) Using 4 workers of 4 for evacuation
[329.086s][info][gc,phases      ] GC(193)   Pre Evacuate Collection Set: 0.18ms
[329.086s][info][gc,phases      ] GC(193)   Merge Heap Roots: 0.07ms
[329.086s][info][gc,phases      ] GC(193)   Evacuate Collection Set: 2.30ms
[329.086s][info][gc,phases      ] GC(193)   Post Evacuate Collection Set: 3.57ms
[329.086s][info][gc,phases      ] GC(193)   Other: 0.05ms
[329.086s][info][gc,heap        ] GC(193) Eden regions: 5->0(43)
[329.086s][info][gc,heap        ] GC(193) Survivor regions: 2->2(7)
[329.086s][info][gc,heap        ] GC(193) Old regions: 864->860
[329.086s][info][gc,heap        ] GC(193) Humongous regions: 547->529
[329.086s][info][gc,metaspace   ] GC(193) Metaspace: 100140K(101568K)->100140K(101568K) NonClass: 78239K(79104K)->78239K(79104K) Class: 21901K(22464K)->21901K(22464K)
[329.086s][info][gc             ] GC(193) Pause Young (Normal) (G1 Humongous Allocation) (Evacuation Failure: Allocation) 2834M->2781M(2868M) 6.258ms
[329.086s][info][gc,cpu         ] GC(193) User=0.02s Sys=0.00s Real=0.01s
[329.086s][info][gc,ergo        ] Attempting full compaction
[329.086s][info][gc,start       ] GC(194) Pause Full (G1 Compaction Pause)
[329.086s][info][gc,task        ] GC(194) Using 4 workers of 4 for full compaction
[329.086s][info][gc,phases,start] GC(194) Phase 1: Mark live objects
[329.098s][info][gc,phases      ] GC(194) Phase 1: Mark live objects 11.068ms
[329.098s][info][gc,phases,start] GC(194) Phase 2: Prepare compaction
[329.099s][info][gc,phases      ] GC(194) Phase 2: Prepare compaction 1.507ms
[329.099s][info][gc,phases,start] GC(194) Phase 3: Adjust pointers
[329.106s][info][gc,phases      ] GC(194) Phase 3: Adjust pointers 6.799ms
[329.106s][info][gc,phases,start] GC(194) Phase 4: Compact heap
[329.109s][info][gc,phases      ] GC(194) Phase 4: Compact heap 3.394ms
[329.109s][info][gc,phases,start] GC(194) Phase 5: Reset Metadata
[329.111s][info][gc,phases      ] GC(194) Phase 5: Reset Metadata 2.156ms
[329.114s][info][gc,heap        ] GC(194) Eden regions: 0->0(546)
[329.114s][info][gc,heap        ] GC(194) Survivor regions: 2->0(7)
[329.114s][info][gc,heap        ] GC(194) Old regions: 860->89
[329.114s][info][gc,heap        ] GC(194) Humongous regions: 529->429
[329.114s][info][gc,metaspace   ] GC(194) Metaspace: 100140K(101568K)->100140K(101568K) NonClass: 78239K(79104K)->78239K(79104K) Class: 21901K(22464K)->21901K(22464K)
[329.114s][info][gc             ] GC(194) Pause Full (G1 Compaction Pause) 2781M->1031M(2868M) 27.697ms
[329.114s][info][gc,cpu         ] GC(194) User=0.10s Sys=0.00s Real=0.03s
[329.114s][info][gc,marking     ] GC(190) Concurrent Mark From Roots 53.662ms
[329.114s][info][gc,marking     ] GC(190) Concurrent Mark Abort
[329.114s][info][gc             ] GC(190) Concurrent Mark Cycle 66.620ms
[329.116s][info][gc,start       ] GC(195) Pause Young (Concurrent Start) (G1 Humongous Allocation)
[329.116s][info][gc,task        ] GC(195) Using 4 workers of 4 for evacuation
[329.118s][info][gc,phases      ] GC(195)   Pre Evacuate Collection Set: 0.29ms
[329.118s][info][gc,phases      ] GC(195)   Merge Heap Roots: 0.06ms
[329.118s][info][gc,phases      ] GC(195)   Evacuate Collection Set: 1.02ms
[329.118s][info][gc,phases      ] GC(195)   Post Evacuate Collection Set: 0.46ms
[329.118s][info][gc,phases      ] GC(195)   Other: 0.08ms
[329.118s][info][gc,heap        ] GC(195) Eden regions: 2->0(582)
[329.118s][info][gc,heap        ] GC(195) Survivor regions: 0->1(69)
[329.118s][info][gc,heap        ] GC(195) Old regions: 89->89
[329.118s][info][gc,heap        ] GC(195) Humongous regions: 444->444
[329.118s][info][gc,metaspace   ] GC(195) Metaspace: 100140K(101568K)->100140K(101568K) NonClass: 78239K(79104K)->78239K(79104K) Class: 21901K(22464K)->21901K(22464K)
[329.118s][info][gc             ] GC(195) Pause Young (Concurrent Start) (G1 Humongous Allocation) 1064M->1063M(2868M) 2.002ms
[329.118s][info][gc,cpu         ] GC(195) User=0.01s Sys=0.01s Real=0.00s
[329.118s][info][gc             ] GC(196) Concurrent Mark Cycle
[329.118s][info][gc,marking     ] GC(196) Concurrent Scan Root Regions
[329.120s][info][gc,marking     ] GC(196) Concurrent Scan Root Regions 2.581ms
[329.120s][info][gc,marking     ] GC(196) Concurrent Mark
[329.120s][info][gc,marking     ] GC(196) Concurrent Mark From Roots
[329.120s][info][gc,task        ] GC(196) Using 1 workers of 1 for marking
[329.168s][info][gc,marking     ] GC(196) Concurrent Mark From Roots 47.370ms
[329.168s][info][gc,marking     ] GC(196) Concurrent Preclean
[329.168s][info][gc,marking     ] GC(196) Concurrent Preclean 0.113ms
[329.168s][info][gc,start       ] GC(196) Pause Remark
[329.171s][info][gc             ] GC(196) Pause Remark 1671M->1615M(2868M) 3.016ms
[329.171s][info][gc,cpu         ] GC(196) User=0.01s Sys=0.00s Real=0.00s
[329.171s][info][gc,marking     ] GC(196) Concurrent Mark 50.681ms
[329.171s][info][gc,marking     ] GC(196) Concurrent Rebuild Remembered Sets and Scrub Regions
[329.190s][info][gc,marking     ] GC(196) Concurrent Rebuild Remembered Sets and Scrub Regions 18.624ms
[329.190s][info][gc,start       ] GC(196) Pause Cleanup
[329.190s][info][gc             ] GC(196) Pause Cleanup 1662M->1662M(2868M) 0.094ms
[329.190s][info][gc,cpu         ] GC(196) User=0.00s Sys=0.00s Real=0.00s
[329.190s][info][gc,marking     ] GC(196) Concurrent Clear Claimed Marks
[329.190s][info][gc,marking     ] GC(196) Concurrent Clear Claimed Marks 0.118ms
[329.190s][info][gc,marking     ] GC(196) Concurrent Cleanup for Next Mark
[329.191s][info][gc,marking     ] GC(196) Concurrent Cleanup for Next Mark 1.347ms
[329.191s][info][gc             ] GC(196) Concurrent Mark Cycle 73.689ms
[330.376s][info][gc,start       ] GC(197) Pause Young (Prepare Mixed) (G1 Evacuation Pause)
[330.376s][info][gc,task        ] GC(197) Using 4 workers of 4 for evacuation
[330.384s][info][gc,phases      ] GC(197)   Pre Evacuate Collection Set: 0.24ms
[330.384s][info][gc,phases      ] GC(197)   Merge Heap Roots: 0.29ms
[330.384s][info][gc,phases      ] GC(197)   Evacuate Collection Set: 3.29ms
[330.384s][info][gc,phases      ] GC(197)   Post Evacuate Collection Set: 4.80ms
[330.384s][info][gc,phases      ] GC(197)   Other: 0.07ms
[330.384s][info][gc,heap        ] GC(197) Eden regions: 347->0(320)
[330.384s][info][gc,heap        ] GC(197) Survivor regions: 1->0(0)
[330.384s][info][gc,heap        ] GC(197) Old regions: 88->419
[330.384s][info][gc,heap        ] GC(197) Humongous regions: 998->569
[330.384s][info][gc,metaspace   ] GC(197) Metaspace: 100144K(101568K)->100144K(101568K) NonClass: 78242K(79104K)->78242K(79104K) Class: 21901K(22464K)->21901K(22464K)
[330.384s][info][gc             ] GC(197) Pause Young (Prepare Mixed) (G1 Evacuation Pause) (Evacuation Failure: Allocation) 2863M->1971M(2868M) 8.811ms
[330.384s][info][gc,cpu         ] GC(197) User=0.03s Sys=0.01s Real=0.01s
[330.563s][info][gc,start       ] GC(198) Pause Young (Mixed) (G1 Evacuation Pause)
[330.563s][info][gc,task        ] GC(198) Using 4 workers of 4 for evacuation
[330.570s][info][gc,phases      ] GC(198)   Pre Evacuate Collection Set: 0.21ms
[330.570s][info][gc,phases      ] GC(198)   Merge Heap Roots: 0.15ms
[330.570s][info][gc,phases      ] GC(198)   Evacuate Collection Set: 2.64ms
[330.570s][info][gc,phases      ] GC(198)   Post Evacuate Collection Set: 3.69ms
[330.570s][info][gc,phases      ] GC(198)   Other: 0.06ms
[330.570s][info][gc,heap        ] GC(198) Eden regions: 78->0(208)
[330.570s][info][gc,heap        ] GC(198) Survivor regions: 0->0(0)
[330.570s][info][gc,heap        ] GC(198) Old regions: 419->497
[330.570s][info][gc,heap        ] GC(198) Humongous regions: 937->647
[330.570s][info][gc,metaspace   ] GC(198) Metaspace: 100144K(101568K)->100144K(101568K) NonClass: 78242K(79104K)->78242K(79104K) Class: 21901K(22464K)->21901K(22464K)
[330.570s][info][gc             ] GC(198) Pause Young (Mixed) (G1 Evacuation Pause) (Evacuation Failure: Allocation) 2863M->2283M(2868M) 6.835ms
[330.570s][info][gc,cpu         ] GC(198) User=0.02s Sys=0.00s Real=0.00s
[330.601s][info][gc,start       ] GC(199) Pause Young (Concurrent Start) (G1 Humongous Allocation)
[330.601s][info][gc,task        ] GC(199) Using 4 workers of 4 for evacuation
[330.608s][info][gc,phases      ] GC(199)   Pre Evacuate Collection Set: 0.36ms
[330.608s][info][gc,phases      ] GC(199)   Merge Heap Roots: 0.13ms
[330.608s][info][gc,phases      ] GC(199)   Evacuate Collection Set: 6.33ms
[330.608s][info][gc,phases      ] GC(199)   Post Evacuate Collection Set: 0.45ms
[330.608s][info][gc,phases      ] GC(199)   Other: 0.06ms
[330.608s][info][gc,heap        ] GC(199) Eden regions: 15->0(230)
[330.608s][info][gc,heap        ] GC(199) Survivor regions: 0->7(26)
[330.608s][info][gc,heap        ] GC(199) Old regions: 497->403
[330.608s][info][gc,heap        ] GC(199) Humongous regions: 647->627
[330.608s][info][gc,metaspace   ] GC(199) Metaspace: 100144K(101568K)->100144K(101568K) NonClass: 78242K(79104K)->78242K(79104K) Class: 21901K(22464K)->21901K(22464K)
[330.608s][info][gc             ] GC(199) Pause Young (Concurrent Start) (G1 Humongous Allocation) 2312M->2069M(2868M) 7.413ms
[330.608s][info][gc,cpu         ] GC(199) User=0.02s Sys=0.00s Real=0.01s
[330.608s][info][gc             ] GC(200) Concurrent Mark Cycle
[330.608s][info][gc,marking     ] GC(200) Concurrent Scan Root Regions
[330.627s][info][gc,marking     ] GC(200) Concurrent Scan Root Regions 18.977ms
[330.627s][info][gc,marking     ] GC(200) Concurrent Mark
[330.627s][info][gc,marking     ] GC(200) Concurrent Mark From Roots
[330.627s][info][gc,task        ] GC(200) Using 1 workers of 1 for marking
[330.665s][info][gc,marking     ] GC(200) Concurrent Mark From Roots 37.831ms
[330.665s][info][gc,marking     ] GC(200) Concurrent Preclean
[330.665s][info][gc,marking     ] GC(200) Concurrent Preclean 0.117ms
[330.666s][info][gc,start       ] GC(200) Pause Remark
[330.668s][info][gc             ] GC(200) Pause Remark 2400M->2038M(2868M) 2.531ms
[330.668s][info][gc,cpu         ] GC(200) User=0.00s Sys=0.00s Real=0.00s
[330.668s][info][gc,marking     ] GC(200) Concurrent Mark 40.963ms
[330.668s][info][gc,marking     ] GC(200) Concurrent Rebuild Remembered Sets and Scrub Regions
[330.698s][info][gc,marking     ] GC(200) Concurrent Rebuild Remembered Sets and Scrub Regions 29.853ms
[330.698s][info][gc,start       ] GC(200) Pause Cleanup
[330.698s][info][gc             ] GC(200) Pause Cleanup 2044M->2044M(2868M) 0.132ms
[330.698s][info][gc,cpu         ] GC(200) User=0.00s Sys=0.00s Real=0.00s
[330.698s][info][gc,marking     ] GC(200) Concurrent Clear Claimed Marks
[330.699s][info][gc,marking     ] GC(200) Concurrent Clear Claimed Marks 0.131ms
[330.699s][info][gc,marking     ] GC(200) Concurrent Cleanup for Next Mark
[330.700s][info][gc,marking     ] GC(200) Concurrent Cleanup for Next Mark 1.578ms
[330.700s][info][gc             ] GC(200) Concurrent Mark Cycle 91.960ms
[331.771s][info][gc,start       ] GC(201) Pause Young (Prepare Mixed) (G1 Evacuation Pause)
[331.771s][info][gc,task        ] GC(201) Using 4 workers of 4 for evacuation
[331.865s][info][gc,phases      ] GC(201)   Pre Evacuate Collection Set: 27.30ms
[331.865s][info][gc,phases      ] GC(201)   Merge Heap Roots: 8.63ms
[331.865s][info][gc,phases      ] GC(201)   Evacuate Collection Set: 51.49ms
[331.865s][info][gc,phases      ] GC(201)   Post Evacuate Collection Set: 6.70ms
[331.865s][info][gc,phases      ] GC(201)   Other: 0.14ms
[331.865s][info][gc,heap        ] GC(201) Eden regions: 230->0(134)
[331.865s][info][gc,heap        ] GC(201) Survivor regions: 7->30(30)
[331.865s][info][gc,heap        ] GC(201) Old regions: 402->671
[331.865s][info][gc,heap        ] GC(201) Humongous regions: 719->502
[331.865s][info][gc,metaspace   ] GC(201) Metaspace: 100157K(101568K)->100157K(101568K) NonClass: 78255K(79104K)->78255K(79104K) Class: 21901K(22464K)->21901K(22464K)
[331.865s][info][gc             ] GC(201) Pause Young (Prepare Mixed) (G1 Evacuation Pause) (Evacuation Failure: Allocation) 2711M->2401M(2868M) 94.536ms
[331.866s][info][gc,cpu         ] GC(201) User=0.27s Sys=0.02s Real=0.10s
[331.913s][info][gc,start       ] GC(202) Pause Young (Mixed) (G1 Humongous Allocation)
[331.913s][info][gc,task        ] GC(202) Using 4 workers of 4 for evacuation
[331.927s][info][gc,phases      ] GC(202)   Pre Evacuate Collection Set: 0.22ms
[331.927s][info][gc,phases      ] GC(202)   Merge Heap Roots: 0.11ms
[331.927s][info][gc,phases      ] GC(202)   Evacuate Collection Set: 9.63ms
[331.927s][info][gc,phases      ] GC(202)   Post Evacuate Collection Set: 4.19ms
[331.927s][info][gc,phases      ] GC(202)   Other: 0.06ms
[331.927s][info][gc,heap        ] GC(202) Eden regions: 34->0(134)
[331.927s][info][gc,heap        ] GC(202) Survivor regions: 30->2(4)
[331.927s][info][gc,heap        ] GC(202) Old regions: 671->736
[331.927s][info][gc,heap        ] GC(202) Humongous regions: 695->468
[331.927s][info][gc,metaspace   ] GC(202) Metaspace: 100157K(101568K)->100157K(101568K) NonClass: 78255K(79104K)->78255K(79104K) Class: 21901K(22464K)->21901K(22464K)
[331.927s][info][gc             ] GC(202) Pause Young (Mixed) (G1 Humongous Allocation) (Evacuation Failure: Allocation) 2854M->2407M(2868M) 14.336ms
[331.927s][info][gc,cpu         ] GC(202) User=0.05s Sys=0.00s Real=0.01s
[331.929s][info][gc,start       ] GC(203) Pause Young (Concurrent Start) (G1 Humongous Allocation)
[331.929s][info][gc,task        ] GC(203) Using 4 workers of 4 for evacuation
[331.935s][info][gc,phases      ] GC(203)   Pre Evacuate Collection Set: 0.24ms
[331.936s][info][gc,phases      ] GC(203)   Merge Heap Roots: 0.10ms
[331.936s][info][gc,phases      ] GC(203)   Evacuate Collection Set: 5.87ms
[331.936s][info][gc,phases      ] GC(203)   Post Evacuate Collection Set: 0.54ms
[331.936s][info][gc,phases      ] GC(203)   Other: 0.06ms
[331.936s][info][gc,heap        ] GC(203) Eden regions: 1->0(304)
[331.936s][info][gc,heap        ] GC(203) Survivor regions: 2->3(17)
[331.936s][info][gc,heap        ] GC(203) Old regions: 736->505
[331.936s][info][gc,heap        ] GC(203) Humongous regions: 471->461
[331.936s][info][gc,metaspace   ] GC(203) Metaspace: 100157K(101568K)->100157K(101568K) NonClass: 78255K(79104K)->78255K(79104K) Class: 21901K(22464K)->21901K(22464K)
[331.936s][info][gc             ] GC(203) Pause Young (Concurrent Start) (G1 Humongous Allocation) 2415M->1933M(2868M) 6.913ms
[331.936s][info][gc,cpu         ] GC(203) User=0.03s Sys=0.00s Real=0.01s
[331.936s][info][gc             ] GC(204) Concurrent Mark Cycle
[331.936s][info][gc,marking     ] GC(204) Concurrent Scan Root Regions
[331.952s][info][gc,marking     ] GC(204) Concurrent Scan Root Regions 16.412ms
[331.952s][info][gc,marking     ] GC(204) Concurrent Mark
[331.952s][info][gc,marking     ] GC(204) Concurrent Mark From Roots
[331.952s][info][gc,task        ] GC(204) Using 1 workers of 1 for marking
[332.012s][info][gc,marking     ] GC(204) Concurrent Mark From Roots 60.433ms
[332.013s][info][gc,marking     ] GC(204) Concurrent Preclean
[332.013s][info][gc,marking     ] GC(204) Concurrent Preclean 0.113ms
[332.014s][info][gc,start       ] GC(204) Pause Remark
[332.017s][info][gc             ] GC(204) Pause Remark 2406M->2326M(2868M) 3.053ms
[332.017s][info][gc,cpu         ] GC(204) User=0.01s Sys=0.00s Real=0.00s
[332.017s][info][gc,marking     ] GC(204) Concurrent Mark 64.808ms
[332.017s][info][gc,marking     ] GC(204) Concurrent Rebuild Remembered Sets and Scrub Regions
[332.071s][info][gc,marking     ] GC(204) Concurrent Rebuild Remembered Sets and Scrub Regions 54.291ms
[332.071s][info][gc,start       ] GC(204) Pause Cleanup
[332.072s][info][gc             ] GC(204) Pause Cleanup 2380M->2380M(2868M) 0.232ms
[332.072s][info][gc,cpu         ] GC(204) User=0.00s Sys=0.00s Real=0.01s
[332.072s][info][gc,marking     ] GC(204) Concurrent Clear Claimed Marks
[332.072s][info][gc,marking     ] GC(204) Concurrent Clear Claimed Marks 0.190ms
[332.072s][info][gc,marking     ] GC(204) Concurrent Cleanup for Next Mark
[332.074s][info][gc,marking     ] GC(204) Concurrent Cleanup for Next Mark 2.618ms
[332.074s][info][gc             ] GC(204) Concurrent Mark Cycle 138.848ms
[332.545s][info][gc,start       ] GC(205) Pause Young (Prepare Mixed) (G1 Humongous Allocation)
[332.546s][info][gc,task        ] GC(205) Using 4 workers of 4 for evacuation
[332.559s][info][gc,phases      ] GC(205)   Pre Evacuate Collection Set: 0.52ms
[332.559s][info][gc,phases      ] GC(205)   Merge Heap Roots: 0.22ms
[332.559s][info][gc,phases      ] GC(205)   Evacuate Collection Set: 7.71ms
[332.559s][info][gc,phases      ] GC(205)   Post Evacuate Collection Set: 5.01ms
[332.559s][info][gc,phases      ] GC(205)   Other: 0.09ms
[332.559s][info][gc,heap        ] GC(205) Eden regions: 110->0(238)
[332.559s][info][gc,heap        ] GC(205) Survivor regions: 3->2(3)
[332.559s][info][gc,heap        ] GC(205) Old regions: 505->614
[332.559s][info][gc,heap        ] GC(205) Humongous regions: 813->478
[332.559s][info][gc,metaspace   ] GC(205) Metaspace: 100157K(101568K)->100157K(101568K) NonClass: 78256K(79104K)->78256K(79104K) Class: 21901K(22464K)->21901K(22464K)
[332.559s][info][gc             ] GC(205) Pause Young (Prepare Mixed) (G1 Humongous Allocation) (Evacuation Failure: Allocation) 2856M->2183M(2868M) 13.710ms
[332.559s][info][gc,cpu         ] GC(205) User=0.04s Sys=0.00s Real=0.01s
[333.562s][info][gc,start       ] GC(206) Pause Young (Mixed) (G1 Humongous Allocation)
[333.562s][info][gc,task        ] GC(206) Using 4 workers of 4 for evacuation
[333.576s][info][gc,phases      ] GC(206)   Pre Evacuate Collection Set: 0.33ms
[333.576s][info][gc,phases      ] GC(206)   Merge Heap Roots: 0.19ms
[333.576s][info][gc,phases      ] GC(206)   Evacuate Collection Set: 6.64ms
[333.576s][info][gc,phases      ] GC(206)   Post Evacuate Collection Set: 6.99ms
[333.576s][info][gc,phases      ] GC(206)   Other: 0.08ms
[333.576s][info][gc,heap        ] GC(206) Eden regions: 228->0(71)
[333.576s][info][gc,heap        ] GC(206) Survivor regions: 2->0(0)
[333.576s][info][gc,heap        ] GC(206) Old regions: 614->836
[333.576s][info][gc,heap        ] GC(206) Humongous regions: 590->502
[333.576s][info][gc,metaspace   ] GC(206) Metaspace: 100180K(101568K)->100180K(101568K) NonClass: 78277K(79104K)->78277K(79104K) Class: 21902K(22464K)->21902K(22464K)
[333.576s][info][gc             ] GC(206) Pause Young (Mixed) (G1 Humongous Allocation) (Evacuation Failure: Allocation) 2862M->2670M(2868M) 14.348ms
[333.576s][info][gc,cpu         ] GC(206) User=0.06s Sys=0.00s Real=0.01s
[333.577s][info][gc,start       ] GC(207) Pause Young (Concurrent Start) (G1 Humongous Allocation)
[333.577s][info][gc,task        ] GC(207) Using 4 workers of 4 for evacuation
[333.586s][info][gc,phases      ] GC(207)   Pre Evacuate Collection Set: 0.41ms
[333.586s][info][gc,phases      ] GC(207)   Merge Heap Roots: 0.26ms
[333.586s][info][gc,phases      ] GC(207)   Evacuate Collection Set: 7.48ms
[333.586s][info][gc,phases      ] GC(207)   Post Evacuate Collection Set: 0.66ms
[333.586s][info][gc,phases      ] GC(207)   Other: 0.12ms
[333.586s][info][gc,heap        ] GC(207) Eden regions: 2->0(116)
[333.586s][info][gc,heap        ] GC(207) Survivor regions: 0->1(9)
[333.586s][info][gc,heap        ] GC(207) Old regions: 836->741
[333.586s][info][gc,heap        ] GC(207) Humongous regions: 503->503
[333.586s][info][gc,metaspace   ] GC(207) Metaspace: 100180K(101568K)->100180K(101568K) NonClass: 78277K(79104K)->78277K(79104K) Class: 21902K(22464K)->21902K(22464K)
[333.586s][info][gc             ] GC(207) Pause Young (Concurrent Start) (G1 Humongous Allocation) 2676M->2484M(2868M) 9.011ms
[333.586s][info][gc             ] GC(208) Concurrent Mark Cycle
[333.586s][info][gc,marking     ] GC(208) Concurrent Scan Root Regions
[333.586s][info][gc,cpu         ] GC(207) User=0.03s Sys=0.00s Real=0.01s
[333.604s][info][gc,start       ] GC(209) Pause Young (Normal) (G1 Humongous Allocation)
[333.604s][info][gc,task        ] GC(209) Using 4 workers of 4 for evacuation
[333.612s][info][gc,marking     ] GC(208) Concurrent Scan Root Regions 26.614ms
[333.612s][info][gc,marking     ] GC(208) Concurrent Mark
[333.612s][info][gc,marking     ] GC(208) Concurrent Mark From Roots
[333.612s][info][gc,task        ] GC(208) Using 1 workers of 1 for marking
[333.621s][info][gc,phases      ] GC(209)   Pre Evacuate Collection Set: 0.26ms
[333.621s][info][gc,phases      ] GC(209)   Merge Heap Roots: 0.13ms
[333.621s][info][gc,phases      ] GC(209)   Evacuate Collection Set: 2.79ms
[333.621s][info][gc,phases      ] GC(209)   Post Evacuate Collection Set: 5.76ms
[333.621s][info][gc,phases      ] GC(209)   Other: 8.73ms
[333.621s][info][gc,heap        ] GC(209) Eden regions: 24->0(71)
[333.621s][info][gc,heap        ] GC(209) Survivor regions: 1->1(2)
[333.621s][info][gc,heap        ] GC(209) Old regions: 741->761
[333.621s][info][gc,heap        ] GC(209) Humongous regions: 666->547
[333.621s][info][gc,metaspace   ] GC(209) Metaspace: 100180K(101568K)->100180K(101568K) NonClass: 78277K(79104K)->78277K(79104K) Class: 21902K(22464K)->21902K(22464K)
[333.621s][info][gc             ] GC(209) Pause Young (Normal) (G1 Humongous Allocation) (Evacuation Failure: Allocation) 2856M->2613M(2868M) 17.819ms
[333.621s][info][gc,cpu         ] GC(209) User=0.03s Sys=0.00s Real=0.01s
[333.634s][info][gc,start       ] GC(210) Pause Young (Normal) (G1 Humongous Allocation)
[333.634s][info][gc,task        ] GC(210) Using 4 workers of 4 for evacuation
[333.642s][info][gc,phases      ] GC(210)   Pre Evacuate Collection Set: 0.23ms
[333.642s][info][gc,phases      ] GC(210)   Merge Heap Roots: 0.17ms
[333.642s][info][gc,phases      ] GC(210)   Evacuate Collection Set: 6.05ms
[333.642s][info][gc,phases      ] GC(210)   Post Evacuate Collection Set: 2.24ms
[333.642s][info][gc,phases      ] GC(210)   Other: 0.05ms
[333.642s][info][gc,heap        ] GC(210) Eden regions: 10->0(68)
[333.642s][info][gc,heap        ] GC(210) Survivor regions: 1->3(9)
[333.642s][info][gc,heap        ] GC(210) Old regions: 761->788
[333.642s][info][gc,heap        ] GC(210) Humongous regions: 634->569
[333.642s][info][gc,metaspace   ] GC(210) Metaspace: 100180K(101568K)->100180K(101568K) NonClass: 78277K(79104K)->78277K(79104K) Class: 21902K(22464K)->21902K(22464K)
[333.643s][info][gc             ] GC(210) Pause Young (Normal) (G1 Humongous Allocation) (Evacuation Failure: Allocation) 2806M->2714M(2868M) 8.840ms
[333.643s][info][gc,cpu         ] GC(210) User=0.02s Sys=0.00s Real=0.01s
[333.677s][info][gc,start       ] GC(211) Pause Young (Normal) (G1 Humongous Allocation)
[333.677s][info][gc,task        ] GC(211) Using 4 workers of 4 for evacuation
[333.684s][info][gc,phases      ] GC(211)   Pre Evacuate Collection Set: 0.29ms
[333.684s][info][gc,phases      ] GC(211)   Merge Heap Roots: 0.19ms
[333.684s][info][gc,phases      ] GC(211)   Evacuate Collection Set: 4.48ms
[333.684s][info][gc,phases      ] GC(211)   Post Evacuate Collection Set: 2.48ms
[333.684s][info][gc,phases      ] GC(211)   Other: 0.05ms
[333.684s][info][gc,heap        ] GC(211) Eden regions: 10->0(68)
[333.684s][info][gc,heap        ] GC(211) Survivor regions: 3->2(9)
[333.684s][info][gc,heap        ] GC(211) Old regions: 788->808
[333.684s][info][gc,heap        ] GC(211) Humongous regions: 610->556
[333.684s][info][gc,metaspace   ] GC(211) Metaspace: 100180K(101568K)->100180K(101568K) NonClass: 78277K(79104K)->78277K(79104K) Class: 21902K(22464K)->21902K(22464K)
[333.684s][info][gc             ] GC(211) Pause Young (Normal) (G1 Humongous Allocation) (Evacuation Failure: Allocation) 2815M->2725M(2868M) 7.592ms
[333.684s][info][gc,cpu         ] GC(211) User=0.03s Sys=0.00s Real=0.01s
[333.690s][info][gc,start       ] GC(212) Pause Young (Normal) (G1 Humongous Allocation)
[333.690s][info][gc,task        ] GC(212) Using 4 workers of 4 for evacuation
[333.698s][info][gc,phases      ] GC(212)   Pre Evacuate Collection Set: 0.28ms
[333.698s][info][gc,phases      ] GC(212)   Merge Heap Roots: 0.19ms
[333.698s][info][gc,phases      ] GC(212)   Evacuate Collection Set: 4.22ms
[333.698s][info][gc,phases      ] GC(212)   Post Evacuate Collection Set: 3.41ms
[333.698s][info][gc,phases      ] GC(212)   Other: 0.07ms
[333.698s][info][gc,heap        ] GC(212) Eden regions: 9->0(39)
[333.698s][info][gc,heap        ] GC(212) Survivor regions: 2->2(9)
[333.698s][info][gc,heap        ] GC(212) Old regions: 808->825
[333.698s][info][gc,heap        ] GC(212) Humongous regions: 601->568
[333.698s][info][gc,metaspace   ] GC(212) Metaspace: 100180K(101568K)->100180K(101568K) NonClass: 78277K(79104K)->78277K(79104K) Class: 21902K(22464K)->21902K(22464K)
[333.698s][info][gc             ] GC(212) Pause Young (Normal) (G1 Humongous Allocation) (Evacuation Failure: Allocation) 2833M->2783M(2868M) 8.305ms
[333.698s][info][gc,cpu         ] GC(212) User=0.03s Sys=0.00s Real=0.01s
[333.700s][info][gc,start       ] GC(213) Pause Young (Normal) (G1 Humongous Allocation)
[333.700s][info][gc,task        ] GC(213) Using 4 workers of 4 for evacuation
[333.707s][info][gc,phases      ] GC(213)   Pre Evacuate Collection Set: 0.18ms
[333.707s][info][gc,phases      ] GC(213)   Merge Heap Roots: 0.15ms
[333.707s][info][gc,phases      ] GC(213)   Evacuate Collection Set: 3.98ms
[333.707s][info][gc,phases      ] GC(213)   Post Evacuate Collection Set: 3.07ms
[333.707s][info][gc,phases      ] GC(213)   Other: 0.05ms
[333.707s][info][gc,heap        ] GC(213) Eden regions: 3->0(22)
[333.707s][info][gc,heap        ] GC(213) Survivor regions: 2->2(6)
[333.707s][info][gc,heap        ] GC(213) Old regions: 825->837
[333.707s][info][gc,heap        ] GC(213) Humongous regions: 579->573
[333.707s][info][gc,metaspace   ] GC(213) Metaspace: 100180K(101568K)->100180K(101568K) NonClass: 78277K(79104K)->78277K(79104K) Class: 21902K(22464K)->21902K(22464K)
[333.707s][info][gc             ] GC(213) Pause Young (Normal) (G1 Humongous Allocation) (Evacuation Failure: Allocation) 2811M->2817M(2868M) 7.508ms
[333.707s][info][gc,cpu         ] GC(213) User=0.02s Sys=0.00s Real=0.01s
[333.707s][info][gc,ergo        ] Attempting full compaction
[333.707s][info][gc,start       ] GC(214) Pause Full (G1 Compaction Pause)
[333.707s][info][gc,task        ] GC(214) Using 4 workers of 4 for full compaction
[333.709s][info][gc,phases,start] GC(214) Phase 1: Mark live objects
[333.722s][info][gc,phases      ] GC(214) Phase 1: Mark live objects 12.462ms
[333.722s][info][gc,phases,start] GC(214) Phase 2: Prepare compaction
[333.723s][info][gc,phases      ] GC(214) Phase 2: Prepare compaction 1.571ms
[333.723s][info][gc,phases,start] GC(214) Phase 3: Adjust pointers
[333.732s][info][gc,phases      ] GC(214) Phase 3: Adjust pointers 8.350ms
[333.732s][info][gc,phases,start] GC(214) Phase 4: Compact heap
[333.736s][info][gc,phases      ] GC(214) Phase 4: Compact heap 3.696ms
[333.736s][info][gc,phases,start] GC(214) Phase 5: Reset Metadata
[333.739s][info][gc,phases      ] GC(214) Phase 5: Reset Metadata 3.518ms
[333.741s][info][gc,heap        ] GC(214) Eden regions: 0->0(683)
[333.741s][info][gc,heap        ] GC(214) Survivor regions: 2->0(6)
[333.741s][info][gc,heap        ] GC(214) Old regions: 837->43
[333.741s][info][gc,heap        ] GC(214) Humongous regions: 573->408
[333.741s][info][gc,metaspace   ] GC(214) Metaspace: 100180K(101568K)->100180K(101568K) NonClass: 78277K(79104K)->78277K(79104K) Class: 21902K(22464K)->21902K(22464K)
[333.741s][info][gc             ] GC(214) Pause Full (G1 Compaction Pause) 2817M->898M(2868M) 34.270ms
[333.741s][info][gc,cpu         ] GC(214) User=0.11s Sys=0.00s Real=0.03s
[333.741s][info][gc,marking     ] GC(208) Concurrent Mark From Roots 129.156ms
[333.741s][info][gc,marking     ] GC(208) Concurrent Mark Abort
[333.741s][info][gc             ] GC(208) Concurrent Mark Cycle 155.836ms
[333.745s][info][gc,start       ] GC(215) Pause Young (Concurrent Start) (G1 Humongous Allocation)
[333.745s][info][gc,task        ] GC(215) Using 4 workers of 4 for evacuation
[333.746s][info][gc,phases      ] GC(215)   Pre Evacuate Collection Set: 0.19ms
[333.746s][info][gc,phases      ] GC(215)   Merge Heap Roots: 0.05ms
[333.746s][info][gc,phases      ] GC(215)   Evacuate Collection Set: 0.94ms
[333.746s][info][gc,phases      ] GC(215)   Post Evacuate Collection Set: 0.48ms
[333.746s][info][gc,phases      ] GC(215)   Other: 0.07ms
[333.746s][info][gc,heap        ] GC(215) Eden regions: 1->0(724)
[333.746s][info][gc,heap        ] GC(215) Survivor regions: 0->1(86)
[333.746s][info][gc,heap        ] GC(215) Old regions: 43->43
[333.746s][info][gc,heap        ] GC(215) Humongous regions: 413->413
[333.746s][info][gc,metaspace   ] GC(215) Metaspace: 100180K(101568K)->100180K(101568K) NonClass: 78277K(79104K)->78277K(79104K) Class: 21902K(22464K)->21902K(22464K)
[333.746s][info][gc             ] GC(215) Pause Young (Concurrent Start) (G1 Humongous Allocation) 910M->909M(2868M) 1.815ms
[333.746s][info][gc,cpu         ] GC(215) User=0.01s Sys=0.00s Real=0.00s
[333.746s][info][gc             ] GC(216) Concurrent Mark Cycle
[333.746s][info][gc,marking     ] GC(216) Concurrent Scan Root Regions
[333.748s][info][gc,marking     ] GC(216) Concurrent Scan Root Regions 1.942ms
[333.748s][info][gc,marking     ] GC(216) Concurrent Mark
[333.748s][info][gc,marking     ] GC(216) Concurrent Mark From Roots
[333.748s][info][gc,task        ] GC(216) Using 1 workers of 1 for marking
[333.795s][info][gc,marking     ] GC(216) Concurrent Mark From Roots 46.833ms
[333.795s][info][gc,marking     ] GC(216) Concurrent Preclean
[333.795s][info][gc,marking     ] GC(216) Concurrent Preclean 0.118ms
[333.796s][info][gc,start       ] GC(216) Pause Remark
[333.798s][info][gc             ] GC(216) Pause Remark 1045M->1029M(2868M) 2.678ms
[333.798s][info][gc,cpu         ] GC(216) User=0.02s Sys=0.00s Real=0.00s
[333.798s][info][gc,marking     ] GC(216) Concurrent Mark 49.842ms
[333.798s][info][gc,marking     ] GC(216) Concurrent Rebuild Remembered Sets and Scrub Regions
[333.817s][info][gc,marking     ] GC(216) Concurrent Rebuild Remembered Sets and Scrub Regions 18.362ms
[333.817s][info][gc,start       ] GC(216) Pause Cleanup
[333.817s][info][gc             ] GC(216) Pause Cleanup 1043M->1043M(2868M) 0.076ms
[333.817s][info][gc,cpu         ] GC(216) User=0.00s Sys=0.00s Real=0.00s
[333.817s][info][gc,marking     ] GC(216) Concurrent Clear Claimed Marks
[333.817s][info][gc,marking     ] GC(216) Concurrent Clear Claimed Marks 0.150ms
[333.817s][info][gc,marking     ] GC(216) Concurrent Cleanup for Next Mark
[333.818s][info][gc,marking     ] GC(216) Concurrent Cleanup for Next Mark 1.452ms
[333.819s][info][gc             ] GC(216) Concurrent Mark Cycle 72.086ms
[335.167s][info][gc,start       ] GC(217) Pause Young (Prepare Mixed) (G1 Humongous Allocation)
[335.167s][info][gc,task        ] GC(217) Using 4 workers of 4 for evacuation
[335.174s][info][gc,phases      ] GC(217)   Pre Evacuate Collection Set: 0.31ms
[335.174s][info][gc,phases      ] GC(217)   Merge Heap Roots: 0.13ms
[335.174s][info][gc,phases      ] GC(217)   Evacuate Collection Set: 2.44ms
[335.174s][info][gc,phases      ] GC(217)   Post Evacuate Collection Set: 4.56ms
[335.174s][info][gc,phases      ] GC(217)   Other: 0.07ms
[335.174s][info][gc,heap        ] GC(217) Eden regions: 359->0(416)
[335.174s][info][gc,heap        ] GC(217) Survivor regions: 1->1(1)
[335.174s][info][gc,heap        ] GC(217) Old regions: 43->336
[335.174s][info][gc,heap        ] GC(217) Humongous regions: 1030->579
[335.174s][info][gc,metaspace   ] GC(217) Metaspace: 100181K(101568K)->100181K(101568K) NonClass: 78279K(79104K)->78279K(79104K) Class: 21902K(22464K)->21902K(22464K)
[335.174s][info][gc             ] GC(217) Pause Young (Prepare Mixed) (G1 Humongous Allocation) (Evacuation Failure: Allocation) 2861M->1827M(2868M) 7.621ms
[335.174s][info][gc,cpu         ] GC(217) User=0.02s Sys=0.00s Real=0.01s
[336.316s][info][gc,start       ] GC(218) Pause Young (Mixed) (G1 Evacuation Pause)
[336.316s][info][gc,task        ] GC(218) Using 4 workers of 4 for evacuation
[336.326s][info][gc,phases      ] GC(218)   Pre Evacuate Collection Set: 0.27ms
[336.326s][info][gc,phases      ] GC(218)   Merge Heap Roots: 0.10ms
[336.326s][info][gc,phases      ] GC(218)   Evacuate Collection Set: 3.68ms
[336.326s][info][gc,phases      ] GC(218)   Post Evacuate Collection Set: 5.88ms
[336.326s][info][gc,phases      ] GC(218)   Other: 0.05ms
[336.326s][info][gc,heap        ] GC(218) Eden regions: 198->0(193)
[336.326s][info][gc,heap        ] GC(218) Survivor regions: 1->0(0)
[336.326s][info][gc,heap        ] GC(218) Old regions: 336->531
[336.326s][info][gc,heap        ] GC(218) Humongous regions: 899->637
[336.326s][info][gc,metaspace   ] GC(218) Metaspace: 100181K(101568K)->100181K(101568K) NonClass: 78279K(79104K)->78279K(79104K) Class: 21902K(22464K)->21902K(22464K)
[336.326s][info][gc             ] GC(218) Pause Young (Mixed) (G1 Evacuation Pause) (Evacuation Failure: Allocation) 2863M->2331M(2868M) 10.081ms
[336.326s][info][gc,cpu         ] GC(218) User=0.04s Sys=0.00s Real=0.01s
[336.399s][info][gc,start       ] GC(219) Pause Young (Concurrent Start) (G1 Humongous Allocation)
[336.399s][info][gc,task        ] GC(219) Using 4 workers of 4 for evacuation
[336.408s][info][gc,phases      ] GC(219)   Pre Evacuate Collection Set: 0.28ms
[336.408s][info][gc,phases      ] GC(219)   Merge Heap Roots: 0.13ms
[336.408s][info][gc,phases      ] GC(219)   Evacuate Collection Set: 7.51ms
[336.408s][info][gc,phases      ] GC(219)   Post Evacuate Collection Set: 0.71ms
[336.408s][info][gc,phases      ] GC(219)   Other: 0.08ms
[336.408s][info][gc,heap        ] GC(219) Eden regions: 51->0(247)
[336.408s][info][gc,heap        ] GC(219) Survivor regions: 0->25(25)
[336.408s][info][gc,heap        ] GC(219) Old regions: 531->365
[336.408s][info][gc,heap        ] GC(219) Humongous regions: 637->637
[336.408s][info][gc,metaspace   ] GC(219) Metaspace: 100181K(101568K)->100181K(101568K) NonClass: 78279K(79104K)->78279K(79104K) Class: 21902K(22464K)->21902K(22464K)
[336.408s][info][gc             ] GC(219) Pause Young (Concurrent Start) (G1 Humongous Allocation) 2432M->2051M(2868M) 8.805ms
[336.408s][info][gc             ] GC(220) Concurrent Mark Cycle
[336.408s][info][gc,marking     ] GC(220) Concurrent Scan Root Regions
[336.408s][info][gc,cpu         ] GC(219) User=0.03s Sys=0.00s Real=0.01s
[336.422s][info][gc,marking     ] GC(220) Concurrent Scan Root Regions 14.357ms
[336.422s][info][gc,marking     ] GC(220) Concurrent Mark
[336.422s][info][gc,marking     ] GC(220) Concurrent Mark From Roots
[336.422s][info][gc,task        ] GC(220) Using 1 workers of 1 for marking
[336.464s][info][gc,marking     ] GC(220) Concurrent Mark From Roots 41.943ms
[336.464s][info][gc,marking     ] GC(220) Concurrent Preclean
[336.464s][info][gc,marking     ] GC(220) Concurrent Preclean 0.104ms
[336.464s][info][gc,start       ] GC(220) Pause Remark
[336.468s][info][gc             ] GC(220) Pause Remark 2303M->1943M(2868M) 3.498ms
[336.468s][info][gc,cpu         ] GC(220) User=0.01s Sys=0.00s Real=0.00s
[336.468s][info][gc,marking     ] GC(220) Concurrent Mark 45.721ms
[336.468s][info][gc,marking     ] GC(220) Concurrent Rebuild Remembered Sets and Scrub Regions
[336.497s][info][gc,marking     ] GC(220) Concurrent Rebuild Remembered Sets and Scrub Regions 29.021ms
[336.497s][info][gc,start       ] GC(220) Pause Cleanup
[336.497s][info][gc             ] GC(220) Pause Cleanup 2008M->2008M(2868M) 0.128ms
[336.497s][info][gc,cpu         ] GC(220) User=0.00s Sys=0.00s Real=0.00s
[336.497s][info][gc,marking     ] GC(220) Concurrent Clear Claimed Marks
[336.497s][info][gc,marking     ] GC(220) Concurrent Clear Claimed Marks 0.153ms
[336.497s][info][gc,marking     ] GC(220) Concurrent Cleanup for Next Mark
[336.499s][info][gc,marking     ] GC(220) Concurrent Cleanup for Next Mark 1.880ms
[336.499s][info][gc             ] GC(220) Concurrent Mark Cycle 91.481ms
[336.719s][info][gc,start       ] GC(221) Pause Young (Prepare Mixed) (G1 Humongous Allocation)
[336.719s][info][gc,task        ] GC(221) Using 4 workers of 4 for evacuation
[336.729s][info][gc,phases      ] GC(221)   Pre Evacuate Collection Set: 0.24ms
[336.729s][info][gc,phases      ] GC(221)   Merge Heap Roots: 0.15ms
[336.729s][info][gc,phases      ] GC(221)   Evacuate Collection Set: 3.44ms
[336.729s][info][gc,phases      ] GC(221)   Post Evacuate Collection Set: 5.82ms
[336.729s][info][gc,phases      ] GC(221)   Other: 0.06ms
[336.729s][info][gc,heap        ] GC(221) Eden regions: 120->0(281)
[336.729s][info][gc,heap        ] GC(221) Survivor regions: 25->2(2)
[336.729s][info][gc,heap        ] GC(221) Old regions: 365->506
[336.729s][info][gc,heap        ] GC(221) Humongous regions: 922->495
[336.729s][info][gc,metaspace   ] GC(221) Metaspace: 100184K(101568K)->100184K(101568K) NonClass: 78281K(79104K)->78281K(79104K) Class: 21902K(22464K)->21902K(22464K)
[336.729s][info][gc             ] GC(221) Pause Young (Prepare Mixed) (G1 Humongous Allocation) (Evacuation Failure: Allocation) 2861M->2003M(2868M) 9.819ms
[336.729s][info][gc,cpu         ] GC(221) User=0.03s Sys=0.00s Real=0.01s
[337.787s][info][gc,start       ] GC(222) Pause Young (Mixed) (G1 Evacuation Pause)
[337.787s][info][gc,task        ] GC(222) Using 4 workers of 4 for evacuation
[337.798s][info][gc,phases      ] GC(222)   Pre Evacuate Collection Set: 0.19ms
[337.798s][info][gc,phases      ] GC(222)   Merge Heap Roots: 0.13ms
[337.798s][info][gc,phases      ] GC(222)   Evacuate Collection Set: 4.18ms
[337.798s][info][gc,phases      ] GC(222)   Post Evacuate Collection Set: 5.68ms
[337.798s][info][gc,phases      ] GC(222)   Other: 0.06ms
[337.798s][info][gc,heap        ] GC(222) Eden regions: 216->0(88)
[337.798s][info][gc,heap        ] GC(222) Survivor regions: 2->0(0)
[337.798s][info][gc,heap        ] GC(222) Old regions: 506->716
[337.798s][info][gc,heap        ] GC(222) Humongous regions: 710->557
[337.798s][info][gc,metaspace   ] GC(222) Metaspace: 100191K(101568K)->100191K(101568K) NonClass: 78288K(79104K)->78288K(79104K) Class: 21902K(22464K)->21902K(22464K)
[337.798s][info][gc             ] GC(222) Pause Young (Mixed) (G1 Evacuation Pause) (Evacuation Failure: Allocation) 2865M->2543M(2868M) 10.331ms
[337.798s][info][gc,cpu         ] GC(222) User=0.03s Sys=0.01s Real=0.01s
[337.808s][info][gc,start       ] GC(223) Pause Young (Concurrent Start) (G1 Humongous Allocation)
[337.808s][info][gc,task        ] GC(223) Using 4 workers of 4 for evacuation
[337.816s][info][gc,phases      ] GC(223)   Pre Evacuate Collection Set: 0.28ms
[337.816s][info][gc,phases      ] GC(223)   Merge Heap Roots: 0.13ms
[337.816s][info][gc,phases      ] GC(223)   Evacuate Collection Set: 7.11ms
[337.816s][info][gc,phases      ] GC(223)   Post Evacuate Collection Set: 0.82ms
[337.816s][info][gc,phases      ] GC(223)   Other: 0.08ms
[337.816s][info][gc,heap        ] GC(223) Eden regions: 14->0(173)
[337.816s][info][gc,heap        ] GC(223) Survivor regions: 0->8(11)
[337.816s][info][gc,heap        ] GC(223) Old regions: 716->604
[337.816s][info][gc,heap        ] GC(223) Humongous regions: 557->522
[337.816s][info][gc,metaspace   ] GC(223) Metaspace: 100191K(101568K)->100191K(101568K) NonClass: 78288K(79104K)->78288K(79104K) Class: 21902K(22464K)->21902K(22464K)
[337.816s][info][gc             ] GC(223) Pause Young (Concurrent Start) (G1 Humongous Allocation) 2570M->2263M(2868M) 8.539ms
[337.816s][info][gc,cpu         ] GC(223) User=0.04s Sys=0.00s Real=0.01s
[337.816s][info][gc             ] GC(224) Concurrent Mark Cycle
[337.816s][info][gc,marking     ] GC(224) Concurrent Scan Root Regions
[337.836s][info][gc,marking     ] GC(224) Concurrent Scan Root Regions 19.945ms
[337.836s][info][gc,marking     ] GC(224) Concurrent Mark
[337.836s][info][gc,marking     ] GC(224) Concurrent Mark From Roots
[337.836s][info][gc,task        ] GC(224) Using 1 workers of 1 for marking
[337.880s][info][gc,marking     ] GC(224) Concurrent Mark From Roots 43.555ms
[337.880s][info][gc,marking     ] GC(224) Concurrent Preclean
[337.880s][info][gc,marking     ] GC(224) Concurrent Preclean 0.099ms
[337.880s][info][gc,start       ] GC(224) Pause Remark
[337.882s][info][gc             ] GC(224) Pause Remark 2569M->2419M(2868M) 2.390ms
[337.882s][info][gc,cpu         ] GC(224) User=0.01s Sys=0.00s Real=0.01s
[337.882s][info][gc,marking     ] GC(224) Concurrent Mark 46.184ms
[337.882s][info][gc,marking     ] GC(224) Concurrent Rebuild Remembered Sets and Scrub Regions
[337.922s][info][gc,marking     ] GC(224) Concurrent Rebuild Remembered Sets and Scrub Regions 39.501ms
[337.923s][info][gc,start       ] GC(224) Pause Cleanup
[337.923s][info][gc             ] GC(224) Pause Cleanup 2461M->2461M(2868M) 0.154ms
[337.923s][info][gc,cpu         ] GC(224) User=0.00s Sys=0.00s Real=0.00s
[337.923s][info][gc,marking     ] GC(224) Concurrent Clear Claimed Marks
[337.923s][info][gc,marking     ] GC(224) Concurrent Clear Claimed Marks 0.161ms
[337.923s][info][gc,marking     ] GC(224) Concurrent Cleanup for Next Mark
[337.925s][info][gc,marking     ] GC(224) Concurrent Cleanup for Next Mark 1.453ms
[337.925s][info][gc             ] GC(224) Concurrent Mark Cycle 108.416ms
[337.945s][info][gc,start       ] GC(225) Pause Young (Prepare Mixed) (G1 Humongous Allocation)
[337.945s][info][gc,task        ] GC(225) Using 4 workers of 4 for evacuation
[337.952s][info][gc,phases      ] GC(225)   Pre Evacuate Collection Set: 0.27ms
[337.952s][info][gc,phases      ] GC(225)   Merge Heap Roots: 0.17ms
[337.952s][info][gc,phases      ] GC(225)   Evacuate Collection Set: 3.37ms
[337.952s][info][gc,phases      ] GC(225)   Post Evacuate Collection Set: 3.19ms
[337.952s][info][gc,phases      ] GC(225)   Other: 0.06ms
[337.952s][info][gc,heap        ] GC(225) Eden regions: 72->0(138)
[337.952s][info][gc,heap        ] GC(225) Survivor regions: 8->1(3)
[337.952s][info][gc,heap        ] GC(225) Old regions: 604->684
[337.952s][info][gc,heap        ] GC(225) Humongous regions: 747->531
[337.952s][info][gc,metaspace   ] GC(225) Metaspace: 100191K(101568K)->100191K(101568K) NonClass: 78288K(79104K)->78288K(79104K) Class: 21902K(22464K)->21902K(22464K)
[337.952s][info][gc             ] GC(225) Pause Young (Prepare Mixed) (G1 Humongous Allocation) (Evacuation Failure: Allocation) 2856M->2427M(2868M) 7.176ms
[337.952s][info][gc,cpu         ] GC(225) User=0.03s Sys=0.00s Real=0.01s
[338.138s][info][gc,start       ] GC(226) Pause Young (Mixed) (G1 Humongous Allocation)
[338.138s][info][gc,task        ] GC(226) Using 4 workers of 4 for evacuation
[338.146s][info][gc,phases      ] GC(226)   Pre Evacuate Collection Set: 0.25ms
[338.146s][info][gc,phases      ] GC(226)   Merge Heap Roots: 0.26ms
[338.146s][info][gc,phases      ] GC(226)   Evacuate Collection Set: 3.67ms
[338.146s][info][gc,phases      ] GC(226)   Post Evacuate Collection Set: 4.05ms
[338.146s][info][gc,phases      ] GC(226)   Other: 0.08ms
[338.146s][info][gc,heap        ] GC(226) Eden regions: 57->0(71)
[338.146s][info][gc,heap        ] GC(226) Survivor regions: 1->0(1)
[338.146s][info][gc,heap        ] GC(226) Old regions: 684->742
[338.146s][info][gc,heap        ] GC(226) Humongous regions: 691->563
[338.146s][info][gc,metaspace   ] GC(226) Metaspace: 100196K(101568K)->100196K(101568K) NonClass: 78293K(79104K)->78293K(79104K) Class: 21902K(22464K)->21902K(22464K)
[338.146s][info][gc             ] GC(226) Pause Young (Mixed) (G1 Humongous Allocation) (Evacuation Failure: Allocation) 2860M->2605M(2868M) 8.465ms
[338.146s][info][gc,cpu         ] GC(226) User=0.03s Sys=0.00s Real=0.01s
[338.147s][info][gc,start       ] GC(227) Pause Young (Concurrent Start) (G1 Humongous Allocation)
[338.147s][info][gc,task        ] GC(227) Using 4 workers of 4 for evacuation
[338.154s][info][gc,phases      ] GC(227)   Pre Evacuate Collection Set: 0.39ms
[338.154s][info][gc,phases      ] GC(227)   Merge Heap Roots: 0.23ms
[338.154s][info][gc,phases      ] GC(227)   Evacuate Collection Set: 6.40ms
[338.154s][info][gc,phases      ] GC(227)   Post Evacuate Collection Set: 0.61ms
[338.154s][info][gc,phases      ] GC(227)   Other: 0.08ms
[338.154s][info][gc,heap        ] GC(227) Eden regions: 2->0(148)
[338.154s][info][gc,heap        ] GC(227) Survivor regions: 0->1(9)
[338.154s][info][gc,heap        ] GC(227) Old regions: 742->646
[338.154s][info][gc,heap        ] GC(227) Humongous regions: 565->559
[338.154s][info][gc,metaspace   ] GC(227) Metaspace: 100196K(101568K)->100196K(101568K) NonClass: 78293K(79104K)->78293K(79104K) Class: 21902K(22464K)->21902K(22464K)
[338.154s][info][gc             ] GC(227) Pause Young (Concurrent Start) (G1 Humongous Allocation) 2612M->2408M(2868M) 7.836ms
[338.154s][info][gc             ] GC(228) Concurrent Mark Cycle
[338.154s][info][gc,marking     ] GC(228) Concurrent Scan Root Regions
[338.154s][info][gc,cpu         ] GC(227) User=0.03s Sys=0.00s Real=0.01s
[338.175s][info][gc,marking     ] GC(228) Concurrent Scan Root Regions 20.589ms
[338.175s][info][gc,marking     ] GC(228) Concurrent Mark
[338.175s][info][gc,marking     ] GC(228) Concurrent Mark From Roots
[338.175s][info][gc,task        ] GC(228) Using 1 workers of 1 for marking
[338.223s][info][gc,marking     ] GC(228) Concurrent Mark From Roots 47.657ms
[338.223s][info][gc,marking     ] GC(228) Concurrent Preclean
[338.223s][info][gc,marking     ] GC(228) Concurrent Preclean 0.105ms
[338.223s][info][gc,start       ] GC(228) Pause Remark
[338.226s][info][gc             ] GC(228) Pause Remark 2482M->2212M(2868M) 2.786ms
[338.226s][info][gc,cpu         ] GC(228) User=0.01s Sys=0.00s Real=0.00s
[338.226s][info][gc,marking     ] GC(228) Concurrent Mark 50.718ms
[338.226s][info][gc,marking     ] GC(228) Concurrent Rebuild Remembered Sets and Scrub Regions
[338.276s][info][gc,marking     ] GC(228) Concurrent Rebuild Remembered Sets and Scrub Regions 50.487ms
[338.276s][info][gc,start       ] GC(228) Pause Cleanup
[338.277s][info][gc             ] GC(228) Pause Cleanup 2440M->2440M(2868M) 0.147ms
[338.277s][info][gc,cpu         ] GC(228) User=0.00s Sys=0.00s Real=0.00s
[338.277s][info][gc,marking     ] GC(228) Concurrent Clear Claimed Marks
[338.277s][info][gc,marking     ] GC(228) Concurrent Clear Claimed Marks 0.121ms
[338.277s][info][gc,marking     ] GC(228) Concurrent Cleanup for Next Mark
[338.278s][info][gc,marking     ] GC(228) Concurrent Cleanup for Next Mark 1.282ms
[338.278s][info][gc             ] GC(228) Concurrent Mark Cycle 123.544ms
[339.093s][info][gc,start       ] GC(229) Pause Young (Prepare Mixed) (G1 Evacuation Pause)
[339.093s][info][gc,task        ] GC(229) Using 4 workers of 4 for evacuation
[339.101s][info][gc,phases      ] GC(229)   Pre Evacuate Collection Set: 0.15ms
[339.101s][info][gc,phases      ] GC(229)   Merge Heap Roots: 0.12ms
[339.101s][info][gc,phases      ] GC(229)   Evacuate Collection Set: 3.64ms
[339.101s][info][gc,phases      ] GC(229)   Post Evacuate Collection Set: 4.51ms
[339.101s][info][gc,phases      ] GC(229)   Other: 0.05ms
[339.101s][info][gc,heap        ] GC(229) Eden regions: 145->0(88)
[339.101s][info][gc,heap        ] GC(229) Survivor regions: 1->0(0)
[339.101s][info][gc,heap        ] GC(229) Old regions: 646->791
[339.101s][info][gc,heap        ] GC(229) Humongous regions: 642->482
[339.101s][info][gc,metaspace   ] GC(229) Metaspace: 100196K(101568K)->100196K(101568K) NonClass: 78293K(79104K)->78293K(79104K) Class: 21902K(22464K)->21902K(22464K)
[339.101s][info][gc             ] GC(229) Pause Young (Prepare Mixed) (G1 Evacuation Pause) (Evacuation Failure: Allocation) 2864M->2542M(2868M) 8.570ms
[339.101s][info][gc,cpu         ] GC(229) User=0.03s Sys=0.00s Real=0.00s
[339.240s][info][gc,start       ] GC(230) Pause Young (Mixed) (G1 Evacuation Pause)
[339.240s][info][gc,task        ] GC(230) Using 4 workers of 4 for evacuation
[339.251s][info][gc,phases      ] GC(230)   Pre Evacuate Collection Set: 0.42ms
[339.251s][info][gc,phases      ] GC(230)   Merge Heap Roots: 0.29ms
[339.251s][info][gc,phases      ] GC(230)   Evacuate Collection Set: 7.32ms
[339.251s][info][gc,phases      ] GC(230)   Post Evacuate Collection Set: 2.43ms
[339.251s][info][gc,phases      ] GC(230)   Other: 0.07ms
[339.251s][info][gc,heap        ] GC(230) Eden regions: 88->0(71)
[339.251s][info][gc,heap        ] GC(230) Survivor regions: 0->9(11)
[339.251s][info][gc,heap        ] GC(230) Old regions: 791->830
[339.251s][info][gc,heap        ] GC(230) Humongous regions: 499->472
[339.251s][info][gc,metaspace   ] GC(230) Metaspace: 100196K(101568K)->100196K(101568K) NonClass: 78293K(79104K)->78293K(79104K) Class: 21902K(22464K)->21902K(22464K)
[339.251s][info][gc             ] GC(230) Pause Young (Mixed) (G1 Evacuation Pause) (Evacuation Failure: Allocation) 2752M->2618M(2868M) 10.687ms
[339.251s][info][gc,cpu         ] GC(230) User=0.04s Sys=0.00s Real=0.01s
[339.253s][info][gc,start       ] GC(231) Pause Young (Concurrent Start) (G1 Humongous Allocation)
[339.253s][info][gc,task        ] GC(231) Using 4 workers of 4 for evacuation
[339.261s][info][gc,phases      ] GC(231)   Pre Evacuate Collection Set: 0.27ms
[339.261s][info][gc,phases      ] GC(231)   Merge Heap Roots: 0.14ms
[339.261s][info][gc,phases      ] GC(231)   Evacuate Collection Set: 6.90ms
[339.261s][info][gc,phases      ] GC(231)   Post Evacuate Collection Set: 0.58ms
[339.261s][info][gc,phases      ] GC(231)   Other: 0.07ms
[339.261s][info][gc,heap        ] GC(231) Eden regions: 5->0(118)
[339.261s][info][gc,heap        ] GC(231) Survivor regions: 9->3(10)
[339.261s][info][gc,heap        ] GC(231) Old regions: 830->754
[339.261s][info][gc,heap        ] GC(231) Humongous regions: 472->472
[339.261s][info][gc,metaspace   ] GC(231) Metaspace: 100196K(101568K)->100196K(101568K) NonClass: 78293K(79104K)->78293K(79104K) Class: 21902K(22464K)->21902K(22464K)
[339.261s][info][gc             ] GC(231) Pause Young (Concurrent Start) (G1 Humongous Allocation) 2627M->2451M(2868M) 8.049ms
[339.261s][info][gc,cpu         ] GC(231) User=0.03s Sys=0.00s Real=0.00s
[339.261s][info][gc             ] GC(232) Concurrent Mark Cycle
[339.261s][info][gc,marking     ] GC(232) Concurrent Scan Root Regions
[339.283s][info][gc,marking     ] GC(232) Concurrent Scan Root Regions 22.181ms
[339.283s][info][gc,marking     ] GC(232) Concurrent Mark
[339.283s][info][gc,marking     ] GC(232) Concurrent Mark From Roots
[339.283s][info][gc,task        ] GC(232) Using 1 workers of 1 for marking
[339.339s][info][gc,marking     ] GC(232) Concurrent Mark From Roots 56.357ms
[339.339s][info][gc,marking     ] GC(232) Concurrent Preclean
[339.339s][info][gc,marking     ] GC(232) Concurrent Preclean 0.139ms
[339.341s][info][gc,start       ] GC(232) Pause Remark
[339.345s][info][gc             ] GC(232) Pause Remark 2733M->2613M(2868M) 4.489ms
[339.345s][info][gc,cpu         ] GC(232) User=0.02s Sys=0.00s Real=0.01s
[339.345s][info][gc,marking     ] GC(232) Concurrent Mark 62.408ms
[339.345s][info][gc,marking     ] GC(232) Concurrent Rebuild Remembered Sets and Scrub Regions
[339.387s][info][gc,start       ] GC(233) Pause Young (Normal) (G1 Humongous Allocation)
[339.387s][info][gc,task        ] GC(233) Using 4 workers of 4 for evacuation
[339.394s][info][gc,phases      ] GC(233)   Pre Evacuate Collection Set: 0.20ms
[339.394s][info][gc,phases      ] GC(233)   Merge Heap Roots: 0.19ms
[339.394s][info][gc,phases      ] GC(233)   Evacuate Collection Set: 3.88ms
[339.394s][info][gc,phases      ] GC(233)   Post Evacuate Collection Set: 3.50ms
[339.394s][info][gc,phases      ] GC(233)   Other: 0.05ms
[339.394s][info][gc,heap        ] GC(233) Eden regions: 64->0(71)
[339.394s][info][gc,heap        ] GC(233) Survivor regions: 3->3(9)
[339.394s][info][gc,heap        ] GC(233) Old regions: 754->825
[339.394s][info][gc,heap        ] GC(233) Humongous regions: 604->487
[339.394s][info][gc,metaspace   ] GC(233) Metaspace: 100199K(101568K)->100199K(101568K) NonClass: 78296K(79104K)->78296K(79104K) Class: 21902K(22464K)->21902K(22464K)
[339.394s][info][gc             ] GC(233) Pause Young (Normal) (G1 Humongous Allocation) (Evacuation Failure: Allocation) 2842M->2624M(2868M) 7.912ms
[339.394s][info][gc,cpu         ] GC(233) User=0.03s Sys=0.00s Real=0.01s
[339.405s][info][gc,marking     ] GC(232) Concurrent Rebuild Remembered Sets and Scrub Regions 60.165ms
[339.408s][info][gc,start       ] GC(232) Pause Cleanup
[339.408s][info][gc             ] GC(232) Pause Cleanup 2758M->2758M(2868M) 0.434ms
[339.408s][info][gc,cpu         ] GC(232) User=0.00s Sys=0.00s Real=0.00s
[339.408s][info][gc,marking     ] GC(232) Concurrent Clear Claimed Marks
[339.408s][info][gc,marking     ] GC(232) Concurrent Clear Claimed Marks 0.224ms
[339.408s][info][gc,marking     ] GC(232) Concurrent Cleanup for Next Mark
[339.415s][info][gc,start       ] GC(234) Pause Young (Prepare Mixed) (G1 Humongous Allocation)
[339.415s][info][gc,task        ] GC(234) Using 4 workers of 4 for evacuation
[339.422s][info][gc,phases      ] GC(234)   Pre Evacuate Collection Set: 0.20ms
[339.422s][info][gc,phases      ] GC(234)   Merge Heap Roots: 0.21ms
[339.422s][info][gc,phases      ] GC(234)   Evacuate Collection Set: 3.50ms
[339.422s][info][gc,phases      ] GC(234)   Post Evacuate Collection Set: 2.98ms
[339.422s][info][gc,phases      ] GC(234)   Other: 0.06ms
[339.422s][info][gc,heap        ] GC(234) Eden regions: 11->0(71)
[339.422s][info][gc,heap        ] GC(234) Survivor regions: 3->1(8)
[339.422s][info][gc,heap        ] GC(234) Old regions: 825->841
[339.422s][info][gc,heap        ] GC(234) Humongous regions: 587->481
[339.422s][info][gc,metaspace   ] GC(234) Metaspace: 100199K(101568K)->100199K(101568K) NonClass: 78296K(79104K)->78296K(79104K) Class: 21902K(22464K)->21902K(22464K)
[339.422s][info][gc             ] GC(234) Pause Young (Prepare Mixed) (G1 Humongous Allocation) (Evacuation Failure: Allocation) 2845M->2639M(2868M) 7.092ms
[339.422s][info][gc,cpu         ] GC(234) User=0.02s Sys=0.00s Real=0.01s
[339.422s][info][gc,marking     ] GC(232) Concurrent Cleanup for Next Mark 13.496ms
[339.422s][info][gc             ] GC(232) Concurrent Mark Cycle 161.379ms
[339.478s][info][gc,start       ] GC(235) Pause Young (Mixed) (G1 Humongous Allocation)
[339.478s][info][gc,task        ] GC(235) Using 4 workers of 4 for evacuation
[339.484s][info][gc,phases      ] GC(235)   Pre Evacuate Collection Set: 0.33ms
[339.484s][info][gc,phases      ] GC(235)   Merge Heap Roots: 0.16ms
[339.484s][info][gc,phases      ] GC(235)   Evacuate Collection Set: 3.14ms
[339.484s][info][gc,phases      ] GC(235)   Post Evacuate Collection Set: 2.56ms
[339.484s][info][gc,phases      ] GC(235)   Other: 0.05ms
[339.484s][info][gc,heap        ] GC(235) Eden regions: 21->0(68)
[339.484s][info][gc,heap        ] GC(235) Survivor regions: 1->3(9)
[339.484s][info][gc,heap        ] GC(235) Old regions: 841->860
[339.484s][info][gc,heap        ] GC(235) Humongous regions: 560->484
[339.484s][info][gc,metaspace   ] GC(235) Metaspace: 100199K(101568K)->100199K(101568K) NonClass: 78296K(79104K)->78296K(79104K) Class: 21902K(22464K)->21902K(22464K)
[339.484s][info][gc             ] GC(235) Pause Young (Mixed) (G1 Humongous Allocation) (Evacuation Failure: Allocation) 2839M->2687M(2868M) 6.349ms
[339.484s][info][gc,cpu         ] GC(235) User=0.02s Sys=0.00s Real=0.01s
[339.485s][info][gc,start       ] GC(236) Pause Young (Concurrent Start) (G1 Humongous Allocation)
[339.485s][info][gc,task        ] GC(236) Using 4 workers of 4 for evacuation
[339.491s][info][gc,phases      ] GC(236)   Pre Evacuate Collection Set: 0.21ms
[339.491s][info][gc,phases      ] GC(236)   Merge Heap Roots: 0.10ms
[339.491s][info][gc,phases      ] GC(236)   Evacuate Collection Set: 5.94ms
[339.491s][info][gc,phases      ] GC(236)   Post Evacuate Collection Set: 0.49ms
[339.491s][info][gc,phases      ] GC(236)   Other: 0.05ms
[339.491s][info][gc,heap        ] GC(236) Eden regions: 2->0(100)
[339.491s][info][gc,heap        ] GC(236) Survivor regions: 3->4(9)
[339.491s][info][gc,heap        ] GC(236) Old regions: 860->772
[339.491s][info][gc,heap        ] GC(236) Humongous regions: 487->485
[339.491s][info][gc,metaspace   ] GC(236) Metaspace: 100199K(101568K)->100199K(101568K) NonClass: 78296K(79104K)->78296K(79104K) Class: 21902K(22464K)->21902K(22464K)
[339.491s][info][gc             ] GC(236) Pause Young (Concurrent Start) (G1 Humongous Allocation) 2697M->2515M(2868M) 6.859ms
[339.491s][info][gc,cpu         ] GC(236) User=0.03s Sys=0.00s Real=0.00s
[339.492s][info][gc             ] GC(237) Concurrent Mark Cycle
[339.492s][info][gc,marking     ] GC(237) Concurrent Scan Root Regions
[339.509s][info][gc,marking     ] GC(237) Concurrent Scan Root Regions 17.523ms
[339.509s][info][gc,marking     ] GC(237) Concurrent Mark
[339.509s][info][gc,marking     ] GC(237) Concurrent Mark From Roots
[339.509s][info][gc,task        ] GC(237) Using 1 workers of 1 for marking
[339.564s][info][gc,marking     ] GC(237) Concurrent Mark From Roots 54.694ms
[339.564s][info][gc,marking     ] GC(237) Concurrent Preclean
[339.564s][info][gc,marking     ] GC(237) Concurrent Preclean 0.105ms
[339.564s][info][gc,start       ] GC(237) Pause Remark
[339.567s][info][gc             ] GC(237) Pause Remark 2693M->2611M(2868M) 2.935ms
[339.567s][info][gc,cpu         ] GC(237) User=0.01s Sys=0.00s Real=0.00s
[339.567s][info][gc,marking     ] GC(237) Concurrent Mark 57.896ms
[339.567s][info][gc,marking     ] GC(237) Concurrent Rebuild Remembered Sets and Scrub Regions
[339.613s][info][gc,marking     ] GC(237) Concurrent Rebuild Remembered Sets and Scrub Regions 45.533ms
[339.613s][info][gc,start       ] GC(237) Pause Cleanup
[339.613s][info][gc             ] GC(237) Pause Cleanup 2670M->2670M(2868M) 0.121ms
[339.613s][info][gc,cpu         ] GC(237) User=0.00s Sys=0.00s Real=0.00s
[339.613s][info][gc,marking     ] GC(237) Concurrent Clear Claimed Marks
[339.613s][info][gc,marking     ] GC(237) Concurrent Clear Claimed Marks 0.119ms
[339.613s][info][gc,marking     ] GC(237) Concurrent Cleanup for Next Mark
[339.614s][info][gc,marking     ] GC(237) Concurrent Cleanup for Next Mark 1.285ms
[339.614s][info][gc             ] GC(237) Concurrent Mark Cycle 122.652ms
[339.684s][info][gc,start       ] GC(238) Pause Young (Prepare Mixed) (G1 Humongous Allocation)
[339.684s][info][gc,task        ] GC(238) Using 4 workers of 4 for evacuation
[339.696s][info][gc,phases      ] GC(238)   Pre Evacuate Collection Set: 0.29ms
[339.696s][info][gc,phases      ] GC(238)   Merge Heap Roots: 0.16ms
[339.696s][info][gc,phases      ] GC(238)   Evacuate Collection Set: 6.57ms
[339.696s][info][gc,phases      ] GC(238)   Post Evacuate Collection Set: 4.43ms
[339.696s][info][gc,phases      ] GC(238)   Other: 0.06ms
[339.696s][info][gc,heap        ] GC(238) Eden regions: 55->0(71)
[339.696s][info][gc,heap        ] GC(238) Survivor regions: 4->10(13)
[339.696s][info][gc,heap        ] GC(238) Old regions: 771->845
[339.696s][info][gc,heap        ] GC(238) Humongous regions: 570->465
[339.696s][info][gc,metaspace   ] GC(238) Metaspace: 100199K(101568K)->100199K(101568K) NonClass: 78296K(79104K)->78296K(79104K) Class: 21902K(22464K)->21902K(22464K)
[339.696s][info][gc             ] GC(238) Pause Young (Prepare Mixed) (G1 Humongous Allocation) (Evacuation Failure: Allocation) 2791M->2634M(2868M) 11.676ms
[339.696s][info][gc,cpu         ] GC(238) User=0.04s Sys=0.00s Real=0.01s
[339.742s][info][gc,start       ] GC(239) Pause Young (Mixed) (G1 Humongous Allocation)
[339.742s][info][gc,task        ] GC(239) Using 4 workers of 4 for evacuation
[339.749s][info][gc,phases      ] GC(239)   Pre Evacuate Collection Set: 0.21ms
[339.749s][info][gc,phases      ] GC(239)   Merge Heap Roots: 0.18ms
[339.749s][info][gc,phases      ] GC(239)   Evacuate Collection Set: 3.07ms
[339.749s][info][gc,phases      ] GC(239)   Post Evacuate Collection Set: 3.59ms
[339.749s][info][gc,phases      ] GC(239)   Other: 0.06ms
[339.749s][info][gc,heap        ] GC(239) Eden regions: 11->0(69)
[339.749s][info][gc,heap        ] GC(239) Survivor regions: 10->2(11)
[339.749s][info][gc,heap        ] GC(239) Old regions: 845->863
[339.749s][info][gc,heap        ] GC(239) Humongous regions: 550->490
[339.749s][info][gc,metaspace   ] GC(239) Metaspace: 100199K(101568K)->100199K(101568K) NonClass: 78296K(79104K)->78296K(79104K) Class: 21902K(22464K)->21902K(22464K)
[339.749s][info][gc             ] GC(239) Pause Young (Mixed) (G1 Humongous Allocation) (Evacuation Failure: Allocation) 2825M->2704M(2868M) 7.221ms
[339.749s][info][gc,cpu         ] GC(239) User=0.02s Sys=0.00s Real=0.00s
[339.751s][info][gc,start       ] GC(240) Pause Young (Concurrent Start) (G1 Humongous Allocation)
[339.751s][info][gc,task        ] GC(240) Using 4 workers of 4 for evacuation
[339.757s][info][gc,phases      ] GC(240)   Pre Evacuate Collection Set: 0.26ms
[339.757s][info][gc,phases      ] GC(240)   Merge Heap Roots: 0.10ms
[339.757s][info][gc,phases      ] GC(240)   Evacuate Collection Set: 5.44ms
[339.757s][info][gc,phases      ] GC(240)   Post Evacuate Collection Set: 0.54ms
[339.757s][info][gc,phases      ] GC(240)   Other: 0.06ms
[339.757s][info][gc,heap        ] GC(240) Eden regions: 2->0(156)
[339.757s][info][gc,heap        ] GC(240) Survivor regions: 2->3(9)
[339.757s][info][gc,heap        ] GC(240) Old regions: 863->692
[339.757s][info][gc,heap        ] GC(240) Humongous regions: 495->487
[339.757s][info][gc,metaspace   ] GC(240) Metaspace: 100199K(101568K)->100199K(101568K) NonClass: 78296K(79104K)->78296K(79104K) Class: 21902K(22464K)->21902K(22464K)
[339.757s][info][gc             ] GC(240) Pause Young (Concurrent Start) (G1 Humongous Allocation) 2717M->2360M(2868M) 6.503ms
[339.757s][info][gc,cpu         ] GC(240) User=0.03s Sys=0.00s Real=0.01s
[339.757s][info][gc             ] GC(241) Concurrent Mark Cycle
[339.757s][info][gc,marking     ] GC(241) Concurrent Scan Root Regions
[339.765s][info][gc,marking     ] GC(241) Concurrent Scan Root Regions 7.771ms
[339.765s][info][gc,marking     ] GC(241) Concurrent Mark
[339.765s][info][gc,marking     ] GC(241) Concurrent Mark From Roots
[339.765s][info][gc,task        ] GC(241) Using 1 workers of 1 for marking
[339.820s][info][gc,marking     ] GC(241) Concurrent Mark From Roots 54.810ms
[339.820s][info][gc,marking     ] GC(241) Concurrent Preclean
[339.820s][info][gc,marking     ] GC(241) Concurrent Preclean 0.100ms
[339.820s][info][gc,start       ] GC(241) Pause Remark
[339.822s][info][gc             ] GC(241) Pause Remark 2381M->2269M(2868M) 2.058ms
[339.822s][info][gc,cpu         ] GC(241) User=0.01s Sys=0.00s Real=0.01s
[339.822s][info][gc,marking     ] GC(241) Concurrent Mark 57.090ms
[339.822s][info][gc,marking     ] GC(241) Concurrent Rebuild Remembered Sets and Scrub Regions
[339.857s][info][gc,marking     ] GC(241) Concurrent Rebuild Remembered Sets and Scrub Regions 35.193ms
[339.858s][info][gc,start       ] GC(241) Pause Cleanup
[339.858s][info][gc             ] GC(241) Pause Cleanup 2294M->2294M(2868M) 0.118ms
[339.858s][info][gc,cpu         ] GC(241) User=0.00s Sys=0.00s Real=0.00s
[339.858s][info][gc,marking     ] GC(241) Concurrent Clear Claimed Marks
[339.858s][info][gc,marking     ] GC(241) Concurrent Clear Claimed Marks 0.159ms
[339.858s][info][gc,marking     ] GC(241) Concurrent Cleanup for Next Mark
[339.859s][info][gc,marking     ] GC(241) Concurrent Cleanup for Next Mark 1.486ms
[339.859s][info][gc             ] GC(241) Concurrent Mark Cycle 102.013ms
[340.630s][info][gc,start       ] GC(242) Pause Young (Prepare Mixed) (G1 Evacuation Pause)
[340.630s][info][gc,task        ] GC(242) Using 4 workers of 4 for evacuation
[340.641s][info][gc,phases      ] GC(242)   Pre Evacuate Collection Set: 0.22ms
[340.641s][info][gc,phases      ] GC(242)   Merge Heap Roots: 0.11ms
[340.641s][info][gc,phases      ] GC(242)   Evacuate Collection Set: 7.46ms
[340.641s][info][gc,phases      ] GC(242)   Post Evacuate Collection Set: 3.08ms
[340.641s][info][gc,phases      ] GC(242)   Other: 0.06ms
[340.641s][info][gc,heap        ] GC(242) Eden regions: 156->0(51)
[340.641s][info][gc,heap        ] GC(242) Survivor regions: 3->20(20)
[340.641s][info][gc,heap        ] GC(242) Old regions: 681->872
[340.641s][info][gc,heap        ] GC(242) Humongous regions: 516->462
[340.641s][info][gc,metaspace   ] GC(242) Metaspace: 100200K(101568K)->100200K(101568K) NonClass: 78297K(79104K)->78297K(79104K) Class: 21902K(22464K)->21902K(22464K)
[340.641s][info][gc             ] GC(242) Pause Young (Prepare Mixed) (G1 Evacuation Pause) (Evacuation Failure: Allocation) 2708M->2704M(2868M) 11.023ms
[340.641s][info][gc,cpu         ] GC(242) User=0.04s Sys=0.00s Real=0.01s
[340.696s][info][gc,start       ] GC(243) Pause Young (Mixed) (G1 Humongous Allocation)
[340.696s][info][gc,task        ] GC(243) Using 4 workers of 4 for evacuation
[340.704s][info][gc,phases      ] GC(243)   Pre Evacuate Collection Set: 0.30ms
[340.704s][info][gc,phases      ] GC(243)   Merge Heap Roots: 0.09ms
[340.704s][info][gc,phases      ] GC(243)   Evacuate Collection Set: 3.06ms
[340.704s][info][gc,phases      ] GC(243)   Post Evacuate Collection Set: 4.24ms
[340.704s][info][gc,phases      ] GC(243)   Other: 0.06ms
[340.704s][info][gc,heap        ] GC(243) Eden regions: 37->0(60)
[340.704s][info][gc,heap        ] GC(243) Survivor regions: 20->2(9)
[340.704s][info][gc,heap        ] GC(243) Old regions: 872->902
[340.704s][info][gc,heap        ] GC(243) Humongous regions: 485->470
[340.704s][info][gc,metaspace   ] GC(243) Metaspace: 100200K(101568K)->100200K(101568K) NonClass: 78297K(79104K)->78297K(79104K) Class: 21902K(22464K)->21902K(22464K)
[340.704s][info][gc             ] GC(243) Pause Young (Mixed) (G1 Humongous Allocation) (Evacuation Failure: Allocation) 2824M->2745M(2868M) 7.867ms
[340.704s][info][gc,cpu         ] GC(243) User=0.02s Sys=0.00s Real=0.01s
[340.705s][info][gc,start       ] GC(244) Pause Young (Concurrent Start) (G1 Humongous Allocation)
[340.705s][info][gc,task        ] GC(244) Using 4 workers of 4 for evacuation
[340.711s][info][gc,phases      ] GC(244)   Pre Evacuate Collection Set: 0.38ms
[340.711s][info][gc,phases      ] GC(244)   Merge Heap Roots: 0.14ms
[340.711s][info][gc,phases      ] GC(244)   Evacuate Collection Set: 4.20ms
[340.711s][info][gc,phases      ] GC(244)   Post Evacuate Collection Set: 0.50ms
[340.711s][info][gc,phases      ] GC(244)   Other: 0.06ms
[340.711s][info][gc,heap        ] GC(244) Eden regions: 3->0(200)
[340.711s][info][gc,heap        ] GC(244) Survivor regions: 2->4(8)
[340.711s][info][gc,heap        ] GC(244) Old regions: 902->618
[340.711s][info][gc,heap        ] GC(244) Humongous regions: 475->472
[340.711s][info][gc,metaspace   ] GC(244) Metaspace: 100200K(101568K)->100200K(101568K) NonClass: 78297K(79104K)->78297K(79104K) Class: 21902K(22464K)->21902K(22464K)
[340.711s][info][gc             ] GC(244) Pause Young (Concurrent Start) (G1 Humongous Allocation) 2760M->2185M(2868M) 5.380ms
[340.711s][info][gc,cpu         ] GC(244) User=0.01s Sys=0.00s Real=0.00s
[340.711s][info][gc             ] GC(245) Concurrent Mark Cycle
[340.711s][info][gc,marking     ] GC(245) Concurrent Scan Root Regions
[340.716s][info][gc,marking     ] GC(245) Concurrent Scan Root Regions 5.355ms
[340.716s][info][gc,marking     ] GC(245) Concurrent Mark
[340.716s][info][gc,marking     ] GC(245) Concurrent Mark From Roots
[340.716s][info][gc,task        ] GC(245) Using 1 workers of 1 for marking
[340.766s][info][gc,marking     ] GC(245) Concurrent Mark From Roots 49.240ms
[340.766s][info][gc,marking     ] GC(245) Concurrent Preclean
[340.766s][info][gc,marking     ] GC(245) Concurrent Preclean 0.110ms
[340.766s][info][gc,start       ] GC(245) Pause Remark
[340.768s][info][gc             ] GC(245) Pause Remark 2436M->2026M(2868M) 2.526ms
[340.768s][info][gc,cpu         ] GC(245) User=0.01s Sys=0.00s Real=0.00s
[340.768s][info][gc,marking     ] GC(245) Concurrent Mark 52.063ms
[340.768s][info][gc,marking     ] GC(245) Concurrent Rebuild Remembered Sets and Scrub Regions
[340.796s][info][gc,marking     ] GC(245) Concurrent Rebuild Remembered Sets and Scrub Regions 27.765ms
[340.796s][info][gc,start       ] GC(245) Pause Cleanup
[340.796s][info][gc             ] GC(245) Pause Cleanup 2092M->2092M(2868M) 0.092ms
[340.796s][info][gc,cpu         ] GC(245) User=0.00s Sys=0.00s Real=0.00s
[340.796s][info][gc,marking     ] GC(245) Concurrent Clear Claimed Marks
[340.796s][info][gc,marking     ] GC(245) Concurrent Clear Claimed Marks 0.118ms
[340.796s][info][gc,marking     ] GC(245) Concurrent Cleanup for Next Mark
[340.798s][info][gc,marking     ] GC(245) Concurrent Cleanup for Next Mark 1.267ms
[340.798s][info][gc             ] GC(245) Concurrent Mark Cycle 86.854ms
[340.925s][info][gc,start       ] GC(246) Pause Young (Prepare Mixed) (G1 Humongous Allocation)
[340.925s][info][gc,task        ] GC(246) Using 4 workers of 4 for evacuation
[340.931s][info][gc,phases      ] GC(246)   Pre Evacuate Collection Set: 0.31ms
[340.931s][info][gc,phases      ] GC(246)   Merge Heap Roots: 0.13ms
[340.931s][info][gc,phases      ] GC(246)   Evacuate Collection Set: 4.43ms
[340.931s][info][gc,phases      ] GC(246)   Post Evacuate Collection Set: 0.81ms
[340.931s][info][gc,phases      ] GC(246)   Other: 0.08ms
[340.931s][info][gc,heap        ] GC(246) Eden regions: 100->0(212)
[340.931s][info][gc,heap        ] GC(246) Survivor regions: 4->26(26)
[340.931s][info][gc,heap        ] GC(246) Old regions: 483->504
[340.931s][info][gc,heap        ] GC(246) Humongous regions: 762->509
[340.931s][info][gc,metaspace   ] GC(246) Metaspace: 100200K(101568K)->100200K(101568K) NonClass: 78297K(79104K)->78297K(79104K) Class: 21902K(22464K)->21902K(22464K)
[340.931s][info][gc             ] GC(246) Pause Young (Prepare Mixed) (G1 Humongous Allocation) 2695M->2076M(2868M) 5.905ms
[340.931s][info][gc,cpu         ] GC(246) User=0.02s Sys=0.00s Real=0.00s
[341.552s][info][gc,start       ] GC(247) Pause Young (Mixed) (G1 Humongous Allocation)
[341.552s][info][gc,task        ] GC(247) Using 4 workers of 4 for evacuation
[341.558s][info][gc,phases      ] GC(247)   Pre Evacuate Collection Set: 0.34ms
[341.558s][info][gc,phases      ] GC(247)   Merge Heap Roots: 0.14ms
[341.558s][info][gc,phases      ] GC(247)   Evacuate Collection Set: 4.40ms
[341.558s][info][gc,phases      ] GC(247)   Post Evacuate Collection Set: 0.80ms
[341.558s][info][gc,phases      ] GC(247)   Other: 0.06ms
[341.558s][info][gc,heap        ] GC(247) Eden regions: 74->0(245)
[341.558s][info][gc,heap        ] GC(247) Survivor regions: 26->18(30)
[341.558s][info][gc,heap        ] GC(247) Old regions: 504->414
[341.558s][info][gc,heap        ] GC(247) Humongous regions: 773->550
[341.558s][info][gc,metaspace   ] GC(247) Metaspace: 100209K(101568K)->100209K(101568K) NonClass: 78306K(79104K)->78306K(79104K) Class: 21902K(22464K)->21902K(22464K)
[341.558s][info][gc             ] GC(247) Pause Young (Mixed) (G1 Humongous Allocation) (Evacuation Failure: Allocation) 2752M->1963M(2868M) 5.825ms
[341.558s][info][gc,cpu         ] GC(247) User=0.02s Sys=0.00s Real=0.00s
[342.241s][info][gc,start       ] GC(248) Pause Young (Mixed) (G1 Evacuation Pause)
[342.241s][info][gc,task        ] GC(248) Using 4 workers of 4 for evacuation
[342.252s][info][gc,phases      ] GC(248)   Pre Evacuate Collection Set: 0.22ms
[342.252s][info][gc,phases      ] GC(248)   Merge Heap Roots: 0.07ms
[342.252s][info][gc,phases      ] GC(248)   Evacuate Collection Set: 5.53ms
[342.252s][info][gc,phases      ] GC(248)   Post Evacuate Collection Set: 4.68ms
[342.252s][info][gc,phases      ] GC(248)   Other: 0.06ms
[342.252s][info][gc,heap        ] GC(248) Eden regions: 245->0(93)
[342.252s][info][gc,heap        ] GC(248) Survivor regions: 18->27(33)
[342.252s][info][gc,heap        ] GC(248) Old regions: 414->649
[342.252s][info][gc,heap        ] GC(248) Humongous regions: 714->592
[342.252s][info][gc,metaspace   ] GC(248) Metaspace: 100209K(101568K)->100209K(101568K) NonClass: 78306K(79104K)->78306K(79104K) Class: 21902K(22464K)->21902K(22464K)
[342.252s][info][gc             ] GC(248) Pause Young (Mixed) (G1 Evacuation Pause) (Evacuation Failure: Allocation) 2781M->2535M(2868M) 10.655ms
[342.252s][info][gc,cpu         ] GC(248) User=0.03s Sys=0.01s Real=0.02s
[342.252s][info][gc,start       ] GC(249) Pause Young (Concurrent Start) (G1 Humongous Allocation)
[342.252s][info][gc,task        ] GC(249) Using 4 workers of 4 for evacuation
[342.260s][info][gc,phases      ] GC(249)   Pre Evacuate Collection Set: 0.30ms
[342.260s][info][gc,phases      ] GC(249)   Merge Heap Roots: 0.07ms
[342.260s][info][gc,phases      ] GC(249)   Evacuate Collection Set: 6.69ms
[342.260s][info][gc,phases      ] GC(249)   Post Evacuate Collection Set: 0.74ms
[342.260s][info][gc,phases      ] GC(249)   Other: 0.06ms
[342.260s][info][gc,heap        ] GC(249) Eden regions: 4->0(180)
[342.260s][info][gc,heap        ] GC(249) Survivor regions: 27->3(15)
[342.260s][info][gc,heap        ] GC(249) Old regions: 649->495
[342.260s][info][gc,heap        ] GC(249) Humongous regions: 592->592
[342.260s][info][gc,metaspace   ] GC(249) Metaspace: 100209K(101568K)->100209K(101568K) NonClass: 78306K(79104K)->78306K(79104K) Class: 21902K(22464K)->21902K(22464K)
[342.260s][info][gc             ] GC(249) Pause Young (Concurrent Start) (G1 Humongous Allocation) 2542M->2178M(2868M) 7.943ms
[342.260s][info][gc,cpu         ] GC(249) User=0.02s Sys=0.00s Real=0.00s
[342.260s][info][gc             ] GC(250) Concurrent Mark Cycle
[342.260s][info][gc,marking     ] GC(250) Concurrent Scan Root Regions
[342.267s][info][gc,marking     ] GC(250) Concurrent Scan Root Regions 6.994ms
[342.268s][info][gc,marking     ] GC(250) Concurrent Mark
[342.268s][info][gc,marking     ] GC(250) Concurrent Mark From Roots
[342.268s][info][gc,task        ] GC(250) Using 1 workers of 1 for marking
[342.318s][info][gc,marking     ] GC(250) Concurrent Mark From Roots 50.799ms
[342.318s][info][gc,marking     ] GC(250) Concurrent Preclean
[342.319s][info][gc,marking     ] GC(250) Concurrent Preclean 0.113ms
[342.319s][info][gc,start       ] GC(250) Pause Remark
[342.322s][info][gc             ] GC(250) Pause Remark 2708M->2124M(2868M) 3.482ms
[342.322s][info][gc,cpu         ] GC(250) User=0.01s Sys=0.00s Real=0.01s
[342.322s][info][gc,marking     ] GC(250) Concurrent Mark 54.537ms
[342.322s][info][gc,marking     ] GC(250) Concurrent Rebuild Remembered Sets and Scrub Regions
[342.351s][info][gc,marking     ] GC(250) Concurrent Rebuild Remembered Sets and Scrub Regions 28.794ms
[342.351s][info][gc,start       ] GC(250) Pause Cleanup
[342.351s][info][gc             ] GC(250) Pause Cleanup 2314M->2314M(2868M) 0.115ms
[342.351s][info][gc,cpu         ] GC(250) User=0.00s Sys=0.00s Real=0.00s
[342.351s][info][gc,marking     ] GC(250) Concurrent Clear Claimed Marks
[342.351s][info][gc,marking     ] GC(250) Concurrent Clear Claimed Marks 0.122ms
[342.351s][info][gc,marking     ] GC(250) Concurrent Cleanup for Next Mark
[342.353s][info][gc,marking     ] GC(250) Concurrent Cleanup for Next Mark 1.275ms
[342.353s][info][gc             ] GC(250) Concurrent Mark Cycle 92.131ms
[342.600s][info][gc,start       ] GC(251) Pause Young (Prepare Mixed) (G1 Humongous Allocation)
[342.600s][info][gc,task        ] GC(251) Using 4 workers of 4 for evacuation
[342.605s][info][gc,phases      ] GC(251)   Pre Evacuate Collection Set: 0.20ms
[342.605s][info][gc,phases      ] GC(251)   Merge Heap Roots: 0.09ms
[342.605s][info][gc,phases      ] GC(251)   Evacuate Collection Set: 3.87ms
[342.605s][info][gc,phases      ] GC(251)   Post Evacuate Collection Set: 0.63ms
[342.605s][info][gc,phases      ] GC(251)   Other: 0.06ms
[342.605s][info][gc,heap        ] GC(251) Eden regions: 88->0(262)
[342.605s][info][gc,heap        ] GC(251) Survivor regions: 3->23(23)
[342.605s][info][gc,heap        ] GC(251) Old regions: 388->374
[342.605s][info][gc,heap        ] GC(251) Humongous regions: 869->544
[342.605s][info][gc,metaspace   ] GC(251) Metaspace: 100209K(101568K)->100209K(101568K) NonClass: 78306K(79104K)->78306K(79104K) Class: 21902K(22464K)->21902K(22464K)
[342.605s][info][gc             ] GC(251) Pause Young (Prepare Mixed) (G1 Humongous Allocation) 2693M->1881M(2868M) 4.938ms
[342.605s][info][gc,cpu         ] GC(251) User=0.02s Sys=0.00s Real=0.01s
[343.604s][info][gc,start       ] GC(252) Pause Young (Mixed) (G1 Humongous Allocation)
[343.604s][info][gc,task        ] GC(252) Using 4 workers of 4 for evacuation
[343.616s][info][gc,phases      ] GC(252)   Pre Evacuate Collection Set: 0.15ms
[343.616s][info][gc,phases      ] GC(252)   Merge Heap Roots: 0.08ms
[343.616s][info][gc,phases      ] GC(252)   Evacuate Collection Set: 7.12ms
[343.616s][info][gc,phases      ] GC(252)   Post Evacuate Collection Set: 4.35ms
[343.616s][info][gc,phases      ] GC(252)   Other: 0.05ms
[343.616s][info][gc,heap        ] GC(252) Eden regions: 236->0(111)
[343.616s][info][gc,heap        ] GC(252) Survivor regions: 23->36(36)
[343.616s][info][gc,heap        ] GC(252) Old regions: 374->629
[343.616s][info][gc,heap        ] GC(252) Humongous regions: 728->564
[343.616s][info][gc,metaspace   ] GC(252) Metaspace: 100211K(101568K)->100211K(101568K) NonClass: 78308K(79104K)->78308K(79104K) Class: 21902K(22464K)->21902K(22464K)
[343.616s][info][gc             ] GC(252) Pause Young (Mixed) (G1 Humongous Allocation) (Evacuation Failure: Allocation) 2721M->2457M(2868M) 11.852ms
[343.616s][info][gc,cpu         ] GC(252) User=0.04s Sys=0.00s Real=0.01s
[343.617s][info][gc,start       ] GC(253) Pause Young (Concurrent Start) (G1 Humongous Allocation)
[343.617s][info][gc,task        ] GC(253) Using 4 workers of 4 for evacuation
[343.624s][info][gc,phases      ] GC(253)   Pre Evacuate Collection Set: 0.38ms
[343.624s][info][gc,phases      ] GC(253)   Merge Heap Roots: 0.10ms
[343.624s][info][gc,phases      ] GC(253)   Evacuate Collection Set: 5.75ms
[343.624s][info][gc,phases      ] GC(253)   Post Evacuate Collection Set: 0.77ms
[343.624s][info][gc,phases      ] GC(253)   Other: 0.06ms
[343.624s][info][gc,heap        ] GC(253) Eden regions: 3->0(251)
[343.624s][info][gc,heap        ] GC(253) Survivor regions: 36->2(19)
[343.624s][info][gc,heap        ] GC(253) Old regions: 629->408
[343.624s][info][gc,heap        ] GC(253) Humongous regions: 569->557
[343.624s][info][gc,metaspace   ] GC(253) Metaspace: 100211K(101568K)->100211K(101568K) NonClass: 78308K(79104K)->78308K(79104K) Class: 21902K(22464K)->21902K(22464K)
[343.624s][info][gc             ] GC(253) Pause Young (Concurrent Start) (G1 Humongous Allocation) 2473M->1933M(2868M) 7.171ms
[343.624s][info][gc,cpu         ] GC(253) User=0.02s Sys=0.00s Real=0.01s
[343.624s][info][gc             ] GC(254) Concurrent Mark Cycle
[343.624s][info][gc,marking     ] GC(254) Concurrent Scan Root Regions
[343.632s][info][gc,marking     ] GC(254) Concurrent Scan Root Regions 7.466ms
[343.632s][info][gc,marking     ] GC(254) Concurrent Mark
[343.632s][info][gc,marking     ] GC(254) Concurrent Mark From Roots
[343.632s][info][gc,task        ] GC(254) Using 1 workers of 1 for marking
[343.678s][info][gc,marking     ] GC(254) Concurrent Mark From Roots 46.532ms
[343.678s][info][gc,marking     ] GC(254) Concurrent Preclean
[343.679s][info][gc,marking     ] GC(254) Concurrent Preclean 0.303ms
[343.679s][info][gc,start       ] GC(254) Pause Remark
[343.683s][info][gc             ] GC(254) Pause Remark 2125M->1685M(2868M) 4.212ms
[343.683s][info][gc,cpu         ] GC(254) User=0.01s Sys=0.01s Real=0.01s
[343.683s][info][gc,marking     ] GC(254) Concurrent Mark 51.461ms
[343.683s][info][gc,marking     ] GC(254) Concurrent Rebuild Remembered Sets and Scrub Regions
[343.716s][info][gc,marking     ] GC(254) Concurrent Rebuild Remembered Sets and Scrub Regions 32.474ms
[343.716s][info][gc,start       ] GC(254) Pause Cleanup
[343.716s][info][gc             ] GC(254) Pause Cleanup 2130M->2130M(2868M) 0.111ms
[343.716s][info][gc,cpu         ] GC(254) User=0.00s Sys=0.00s Real=0.00s
[343.716s][info][gc,marking     ] GC(254) Concurrent Clear Claimed Marks
[343.716s][info][gc,marking     ] GC(254) Concurrent Clear Claimed Marks 0.122ms
[343.716s][info][gc,marking     ] GC(254) Concurrent Cleanup for Next Mark
[343.717s][info][gc,marking     ] GC(254) Concurrent Cleanup for Next Mark 1.273ms
[343.717s][info][gc             ] GC(254) Concurrent Mark Cycle 93.094ms
[344.221s][info][gc,start       ] GC(255) Pause Young (Prepare Mixed) (G1 Humongous Allocation)
[344.221s][info][gc,task        ] GC(255) Using 4 workers of 4 for evacuation
[344.226s][info][gc,phases      ] GC(255)   Pre Evacuate Collection Set: 0.12ms
[344.226s][info][gc,phases      ] GC(255)   Merge Heap Roots: 0.10ms
[344.226s][info][gc,phases      ] GC(255)   Evacuate Collection Set: 4.33ms
[344.226s][info][gc,phases      ] GC(255)   Post Evacuate Collection Set: 0.71ms
[344.226s][info][gc,phases      ] GC(255)   Other: 0.07ms
[344.226s][info][gc,heap        ] GC(255) Eden regions: 124->0(253)
[344.226s][info][gc,heap        ] GC(255) Survivor regions: 2->32(32)
[344.226s][info][gc,heap        ] GC(255) Old regions: 343->362
[344.226s][info][gc,heap        ] GC(255) Humongous regions: 910->549
[344.226s][info][gc,metaspace   ] GC(255) Metaspace: 100214K(101568K)->100214K(101568K) NonClass: 78312K(79104K)->78312K(79104K) Class: 21902K(22464K)->21902K(22464K)
[344.226s][info][gc             ] GC(255) Pause Young (Prepare Mixed) (G1 Humongous Allocation) 2756M->1884M(2868M) 5.432ms
[344.226s][info][gc,cpu         ] GC(255) User=0.02s Sys=0.00s Real=0.01s
[345.051s][info][gc,start       ] GC(256) Pause Young (Mixed) (G1 Evacuation Pause)
[345.051s][info][gc,task        ] GC(256) Using 4 workers of 4 for evacuation
[345.060s][info][gc,phases      ] GC(256)   Pre Evacuate Collection Set: 0.18ms
[345.060s][info][gc,phases      ] GC(256)   Merge Heap Roots: 0.10ms
[345.060s][info][gc,phases      ] GC(256)   Evacuate Collection Set: 4.82ms
[345.060s][info][gc,phases      ] GC(256)   Post Evacuate Collection Set: 4.09ms
[345.060s][info][gc,phases      ] GC(256)   Other: 0.05ms
[345.060s][info][gc,heap        ] GC(256) Eden regions: 253->0(135)
[345.060s][info][gc,heap        ] GC(256) Survivor regions: 32->23(36)
[345.060s][info][gc,heap        ] GC(256) Old regions: 362->632
[345.060s][info][gc,heap        ] GC(256) Humongous regions: 750->537
[345.060s][info][gc,metaspace   ] GC(256) Metaspace: 100220K(101568K)->100220K(101568K) NonClass: 78317K(79104K)->78317K(79104K) Class: 21902K(22464K)->21902K(22464K)
[345.060s][info][gc             ] GC(256) Pause Young (Mixed) (G1 Evacuation Pause) (Evacuation Failure: Allocation) 2792M->2383M(2868M) 9.357ms
[345.060s][info][gc,cpu         ] GC(256) User=0.03s Sys=0.00s Real=0.01s
[345.079s][info][gc,start       ] GC(257) Pause Young (Concurrent Start) (G1 Humongous Allocation)
[345.079s][info][gc,task        ] GC(257) Using 4 workers of 4 for evacuation
[345.087s][info][gc,phases      ] GC(257)   Pre Evacuate Collection Set: 0.49ms
[345.087s][info][gc,phases      ] GC(257)   Merge Heap Roots: 0.18ms
[345.087s][info][gc,phases      ] GC(257)   Evacuate Collection Set: 7.22ms
[345.087s][info][gc,phases      ] GC(257)   Post Evacuate Collection Set: 0.53ms
[345.087s][info][gc,phases      ] GC(257)   Other: 0.06ms
[345.087s][info][gc,heap        ] GC(257) Eden regions: 16->0(210)
[345.087s][info][gc,heap        ] GC(257) Survivor regions: 23->9(20)
[345.087s][info][gc,heap        ] GC(257) Old regions: 632->479
[345.087s][info][gc,heap        ] GC(257) Humongous regions: 537->537
[345.087s][info][gc,metaspace   ] GC(257) Metaspace: 100220K(101568K)->100220K(101568K) NonClass: 78317K(79104K)->78317K(79104K) Class: 21902K(22464K)->21902K(22464K)
[345.087s][info][gc             ] GC(257) Pause Young (Concurrent Start) (G1 Humongous Allocation) 2415M->2049M(2868M) 8.592ms
[345.087s][info][gc,cpu         ] GC(257) User=0.03s Sys=0.00s Real=0.01s
[345.087s][info][gc             ] GC(258) Concurrent Mark Cycle
[345.087s][info][gc,marking     ] GC(258) Concurrent Scan Root Regions
[345.100s][info][gc,marking     ] GC(258) Concurrent Scan Root Regions 12.995ms
[345.101s][info][gc,marking     ] GC(258) Concurrent Mark
[345.101s][info][gc,marking     ] GC(258) Concurrent Mark From Roots
[345.101s][info][gc,task        ] GC(258) Using 1 workers of 1 for marking
[345.148s][info][gc,marking     ] GC(258) Concurrent Mark From Roots 47.435ms
[345.148s][info][gc,marking     ] GC(258) Concurrent Preclean
[345.148s][info][gc,marking     ] GC(258) Concurrent Preclean 0.103ms
[345.148s][info][gc,start       ] GC(258) Pause Remark
[345.151s][info][gc             ] GC(258) Pause Remark 2747M->2387M(2868M) 2.483ms
[345.151s][info][gc,cpu         ] GC(258) User=0.00s Sys=0.00s Real=0.00s
[345.151s][info][gc,marking     ] GC(258) Concurrent Mark 50.265ms
[345.151s][info][gc,marking     ] GC(258) Concurrent Rebuild Remembered Sets and Scrub Regions
[345.180s][info][gc,marking     ] GC(258) Concurrent Rebuild Remembered Sets and Scrub Regions 28.508ms
[345.180s][info][gc,start       ] GC(258) Pause Cleanup
[345.180s][info][gc             ] GC(258) Pause Cleanup 2400M->2400M(2868M) 0.113ms
[345.180s][info][gc,cpu         ] GC(258) User=0.00s Sys=0.00s Real=0.00s
[345.180s][info][gc,marking     ] GC(258) Concurrent Clear Claimed Marks
[345.180s][info][gc,marking     ] GC(258) Concurrent Clear Claimed Marks 0.118ms
[345.180s][info][gc,marking     ] GC(258) Concurrent Cleanup for Next Mark
[345.181s][info][gc,marking     ] GC(258) Concurrent Cleanup for Next Mark 1.317ms
[345.181s][info][gc             ] GC(258) Concurrent Mark Cycle 93.857ms
[345.299s][info][gc,start       ] GC(259) Pause Young (Prepare Mixed) (G1 Humongous Allocation)
[345.299s][info][gc,task        ] GC(259) Using 4 workers of 4 for evacuation
[345.304s][info][gc,phases      ] GC(259)   Pre Evacuate Collection Set: 0.37ms
[345.304s][info][gc,phases      ] GC(259)   Merge Heap Roots: 0.10ms
[345.304s][info][gc,phases      ] GC(259)   Evacuate Collection Set: 3.87ms
[345.304s][info][gc,phases      ] GC(259)   Post Evacuate Collection Set: 0.74ms
[345.304s][info][gc,phases      ] GC(259)   Other: 0.10ms
[345.304s][info][gc,heap        ] GC(259) Eden regions: 64->0(278)
[345.304s][info][gc,heap        ] GC(259) Survivor regions: 9->28(28)
[345.304s][info][gc,heap        ] GC(259) Old regions: 429->378
[345.304s][info][gc,heap        ] GC(259) Humongous regions: 861->499
[345.304s][info][gc,metaspace   ] GC(259) Metaspace: 100220K(101568K)->100220K(101568K) NonClass: 78317K(79104K)->78317K(79104K) Class: 21902K(22464K)->21902K(22464K)
[345.304s][info][gc             ] GC(259) Pause Young (Prepare Mixed) (G1 Humongous Allocation) 2723M->1808M(2868M) 5.285ms
[345.304s][info][gc,cpu         ] GC(259) User=0.01s Sys=0.00s Real=0.01s
[346.407s][info][gc,start       ] GC(260) Pause Young (Mixed) (G1 Evacuation Pause)
[346.407s][info][gc,task        ] GC(260) Using 4 workers of 4 for evacuation
[346.421s][info][gc,phases      ] GC(260)   Pre Evacuate Collection Set: 0.24ms
[346.421s][info][gc,phases      ] GC(260)   Merge Heap Roots: 0.11ms
[346.421s][info][gc,phases      ] GC(260)   Evacuate Collection Set: 9.35ms
[346.421s][info][gc,phases      ] GC(260)   Post Evacuate Collection Set: 4.47ms
[346.421s][info][gc,phases      ] GC(260)   Other: 0.06ms
[346.421s][info][gc,heap        ] GC(260) Eden regions: 278->0(95)
[346.421s][info][gc,heap        ] GC(260) Survivor regions: 28->39(39)
[346.421s][info][gc,heap        ] GC(260) Old regions: 378->703
[346.421s][info][gc,heap        ] GC(260) Humongous regions: 649->512
[346.421s][info][gc,metaspace   ] GC(260) Metaspace: 100220K(101568K)->100220K(101568K) NonClass: 78317K(79104K)->78317K(79104K) Class: 21902K(22464K)->21902K(22464K)
[346.421s][info][gc             ] GC(260) Pause Young (Mixed) (G1 Evacuation Pause) (Evacuation Failure: Allocation) 2664M->2507M(2868M) 14.338ms
[346.421s][info][gc,cpu         ] GC(260) User=0.06s Sys=0.00s Real=0.01s
[346.423s][info][gc,start       ] GC(261) Pause Young (Concurrent Start) (G1 Humongous Allocation)
[346.423s][info][gc,task        ] GC(261) Using 4 workers of 4 for evacuation
[346.429s][info][gc,phases      ] GC(261)   Pre Evacuate Collection Set: 0.36ms
[346.429s][info][gc,phases      ] GC(261)   Merge Heap Roots: 0.06ms
[346.429s][info][gc,phases      ] GC(261)   Evacuate Collection Set: 5.84ms
[346.429s][info][gc,phases      ] GC(261)   Post Evacuate Collection Set: 0.58ms
[346.429s][info][gc,phases      ] GC(261)   Other: 0.05ms
[346.429s][info][gc,heap        ] GC(261) Eden regions: 4->0(226)
[346.429s][info][gc,heap        ] GC(261) Survivor regions: 39->3(17)
[346.429s][info][gc,heap        ] GC(261) Old regions: 703->470
[346.429s][info][gc,heap        ] GC(261) Humongous regions: 512->512
[346.429s][info][gc,metaspace   ] GC(261) Metaspace: 100220K(101568K)->100220K(101568K) NonClass: 78317K(79104K)->78317K(79104K) Class: 21902K(22464K)->21902K(22464K)
[346.430s][info][gc             ] GC(261) Pause Young (Concurrent Start) (G1 Humongous Allocation) 2514M->1967M(2868M) 6.963ms
[346.430s][info][gc,cpu         ] GC(261) User=0.02s Sys=0.00s Real=0.00s
[346.430s][info][gc             ] GC(262) Concurrent Mark Cycle
[346.430s][info][gc,marking     ] GC(262) Concurrent Scan Root Regions
[346.440s][info][gc,marking     ] GC(262) Concurrent Scan Root Regions 10.763ms
[346.440s][info][gc,marking     ] GC(262) Concurrent Mark
[346.440s][info][gc,marking     ] GC(262) Concurrent Mark From Roots
[346.440s][info][gc,task        ] GC(262) Using 1 workers of 1 for marking
[346.488s][info][gc,start       ] GC(263) Pause Young (Normal) (G1 Humongous Allocation)
[346.489s][info][gc,task        ] GC(263) Using 4 workers of 4 for evacuation
[346.491s][info][gc,phases      ] GC(263)   Pre Evacuate Collection Set: 0.23ms
[346.491s][info][gc,phases      ] GC(263)   Merge Heap Roots: 0.09ms
[346.491s][info][gc,phases      ] GC(263)   Evacuate Collection Set: 1.29ms
[346.491s][info][gc,phases      ] GC(263)   Post Evacuate Collection Set: 0.49ms
[346.491s][info][gc,phases      ] GC(263)   Other: 0.05ms
[346.491s][info][gc,heap        ] GC(263) Eden regions: 32->0(163)
[346.491s][info][gc,heap        ] GC(263) Survivor regions: 3->11(20)
[346.491s][info][gc,heap        ] GC(263) Old regions: 470->470
[346.491s][info][gc,heap        ] GC(263) Humongous regions: 909->630
[346.491s][info][gc,metaspace   ] GC(263) Metaspace: 100220K(101568K)->100220K(101568K) NonClass: 78317K(79104K)->78317K(79104K) Class: 21902K(22464K)->21902K(22464K)
[346.491s][info][gc             ] GC(263) Pause Young (Normal) (G1 Humongous Allocation) 2825M->2219M(2868M) 2.248ms
[346.491s][info][gc,cpu         ] GC(263) User=0.00s Sys=0.00s Real=0.00s
[346.497s][info][gc,marking     ] GC(262) Concurrent Mark From Roots 56.832ms
[346.497s][info][gc,marking     ] GC(262) Concurrent Preclean
[346.497s][info][gc,marking     ] GC(262) Concurrent Preclean 0.097ms
[346.497s][info][gc,start       ] GC(262) Pause Remark
[346.500s][info][gc             ] GC(262) Pause Remark 2247M->1885M(2868M) 2.439ms
[346.500s][info][gc,cpu         ] GC(262) User=0.01s Sys=0.00s Real=0.00s
[346.500s][info][gc,marking     ] GC(262) Concurrent Mark 59.513ms
[346.500s][info][gc,marking     ] GC(262) Concurrent Rebuild Remembered Sets and Scrub Regions
[346.529s][info][gc,marking     ] GC(262) Concurrent Rebuild Remembered Sets and Scrub Regions 29.482ms
[346.529s][info][gc,start       ] GC(262) Pause Cleanup
[346.530s][info][gc             ] GC(262) Pause Cleanup 1898M->1898M(2868M) 0.099ms
[346.530s][info][gc,cpu         ] GC(262) User=0.00s Sys=0.00s Real=0.00s
[346.530s][info][gc,marking     ] GC(262) Concurrent Clear Claimed Marks
[346.530s][info][gc,marking     ] GC(262) Concurrent Clear Claimed Marks 0.122ms
[346.530s][info][gc,marking     ] GC(262) Concurrent Cleanup for Next Mark
[346.531s][info][gc,marking     ] GC(262) Concurrent Cleanup for Next Mark 1.303ms
[346.531s][info][gc             ] GC(262) Concurrent Mark Cycle 101.501ms
[347.723s][info][gc,start       ] GC(264) Pause Young (Prepare Mixed) (G1 Evacuation Pause)
[347.723s][info][gc,task        ] GC(264) Using 4 workers of 4 for evacuation
[347.730s][info][gc,phases      ] GC(264)   Pre Evacuate Collection Set: 0.25ms
[347.730s][info][gc,phases      ] GC(264)   Merge Heap Roots: 0.15ms
[347.730s][info][gc,phases      ] GC(264)   Evacuate Collection Set: 6.20ms
[347.730s][info][gc,phases      ] GC(264)   Post Evacuate Collection Set: 0.68ms
[347.730s][info][gc,phases      ] GC(264)   Other: 0.08ms
[347.731s][info][gc,heap        ] GC(264) Eden regions: 163->0(194)
[347.731s][info][gc,heap        ] GC(264) Survivor regions: 11->22(22)
[347.731s][info][gc,heap        ] GC(264) Old regions: 399->443
[347.731s][info][gc,heap        ] GC(264) Humongous regions: 778->592
[347.731s][info][gc,metaspace   ] GC(264) Metaspace: 100235K(101568K)->100235K(101568K) NonClass: 78332K(79104K)->78332K(79104K) Class: 21902K(22464K)->21902K(22464K)
[347.731s][info][gc             ] GC(264) Pause Young (Prepare Mixed) (G1 Evacuation Pause) 2699M->2112M(2868M) 7.523ms
[347.731s][info][gc,cpu         ] GC(264) User=0.02s Sys=0.00s Real=0.00s
[347.917s][info][gc,start       ] GC(265) Pause Young (Mixed) (G1 Humongous Allocation)
[347.917s][info][gc,task        ] GC(265) Using 4 workers of 4 for evacuation
[347.924s][info][gc,phases      ] GC(265)   Pre Evacuate Collection Set: 0.13ms
[347.924s][info][gc,phases      ] GC(265)   Merge Heap Roots: 0.05ms
[347.924s][info][gc,phases      ] GC(265)   Evacuate Collection Set: 4.33ms
[347.924s][info][gc,phases      ] GC(265)   Post Evacuate Collection Set: 2.67ms
[347.924s][info][gc,phases      ] GC(265)   Other: 0.05ms
[347.924s][info][gc,heap        ] GC(265) Eden regions: 137->0(87)
[347.924s][info][gc,heap        ] GC(265) Survivor regions: 22->25(27)
[347.924s][info][gc,heap        ] GC(265) Old regions: 443->597
[347.924s][info][gc,heap        ] GC(265) Humongous regions: 793->648
[347.924s][info][gc,metaspace   ] GC(265) Metaspace: 100235K(101568K)->100235K(101568K) NonClass: 78332K(79104K)->78332K(79104K) Class: 21902K(22464K)->21902K(22464K)
[347.924s][info][gc             ] GC(265) Pause Young (Mixed) (G1 Humongous Allocation) (Evacuation Failure: Allocation) 2788M->2539M(2868M) 7.345ms
[347.924s][info][gc,cpu         ] GC(265) User=0.02s Sys=0.00s Real=0.01s
[347.925s][info][gc,start       ] GC(266) Pause Young (Concurrent Start) (G1 Humongous Allocation)
[347.925s][info][gc,task        ] GC(266) Using 4 workers of 4 for evacuation
[347.932s][info][gc,phases      ] GC(266)   Pre Evacuate Collection Set: 0.25ms
[347.932s][info][gc,phases      ] GC(266)   Merge Heap Roots: 0.07ms
[347.932s][info][gc,phases      ] GC(266)   Evacuate Collection Set: 5.75ms
[347.932s][info][gc,phases      ] GC(266)   Post Evacuate Collection Set: 0.93ms
[347.932s][info][gc,phases      ] GC(266)   Other: 0.06ms
[347.932s][info][gc,heap        ] GC(266) Eden regions: 3->0(172)
[347.932s][info][gc,heap        ] GC(266) Survivor regions: 25->2(14)
[347.932s][info][gc,heap        ] GC(266) Old regions: 597->473
[347.932s][info][gc,heap        ] GC(266) Humongous regions: 651->649
[347.932s][info][gc,metaspace   ] GC(266) Metaspace: 100235K(101568K)->100235K(101568K) NonClass: 78332K(79104K)->78332K(79104K) Class: 21902K(22464K)->21902K(22464K)
[347.932s][info][gc             ] GC(266) Pause Young (Concurrent Start) (G1 Humongous Allocation) 2550M->2246M(2868M) 7.163ms
[347.932s][info][gc,cpu         ] GC(266) User=0.03s Sys=0.00s Real=0.01s
[347.932s][info][gc             ] GC(267) Concurrent Mark Cycle
[347.932s][info][gc,marking     ] GC(267) Concurrent Scan Root Regions
[347.940s][info][gc,marking     ] GC(267) Concurrent Scan Root Regions 7.939ms
[347.940s][info][gc,marking     ] GC(267) Concurrent Mark
[347.940s][info][gc,marking     ] GC(267) Concurrent Mark From Roots
[347.940s][info][gc,task        ] GC(267) Using 1 workers of 1 for marking
[347.989s][info][gc,marking     ] GC(267) Concurrent Mark From Roots 49.196ms
[347.989s][info][gc,marking     ] GC(267) Concurrent Preclean
[347.989s][info][gc,marking     ] GC(267) Concurrent Preclean 0.113ms
[347.990s][info][gc,start       ] GC(267) Pause Remark
[347.993s][info][gc             ] GC(267) Pause Remark 2507M->1823M(2868M) 3.212ms
[347.993s][info][gc,cpu         ] GC(267) User=0.01s Sys=0.00s Real=0.01s
[347.993s][info][gc,marking     ] GC(267) Concurrent Mark 53.061ms
[347.993s][info][gc,marking     ] GC(267) Concurrent Rebuild Remembered Sets and Scrub Regions
[348.021s][info][gc,marking     ] GC(267) Concurrent Rebuild Remembered Sets and Scrub Regions 27.877ms
[348.021s][info][gc,start       ] GC(267) Pause Cleanup
[348.021s][info][gc             ] GC(267) Pause Cleanup 1851M->1851M(2868M) 0.101ms
[348.021s][info][gc,cpu         ] GC(267) User=0.00s Sys=0.00s Real=0.00s
[348.021s][info][gc,marking     ] GC(267) Concurrent Clear Claimed Marks
[348.021s][info][gc,marking     ] GC(267) Concurrent Clear Claimed Marks 0.125ms
[348.021s][info][gc,marking     ] GC(267) Concurrent Cleanup for Next Mark
[348.022s][info][gc,marking     ] GC(267) Concurrent Cleanup for Next Mark 1.325ms
[348.022s][info][gc             ] GC(267) Concurrent Mark Cycle 90.610ms
[348.982s][info][gc,start       ] GC(268) Pause Young (Prepare Mixed) (G1 Humongous Allocation)
[348.982s][info][gc,task        ] GC(268) Using 4 workers of 4 for evacuation
[348.987s][info][gc,phases      ] GC(268)   Pre Evacuate Collection Set: 0.17ms
[348.987s][info][gc,phases      ] GC(268)   Merge Heap Roots: 0.08ms
[348.987s][info][gc,phases      ] GC(268)   Evacuate Collection Set: 4.94ms
[348.987s][info][gc,phases      ] GC(268)   Post Evacuate Collection Set: 0.51ms
[348.987s][info][gc,phases      ] GC(268)   Other: 0.06ms
[348.987s][info][gc,heap        ] GC(268) Eden regions: 146->0(273)
[348.987s][info][gc,heap        ] GC(268) Survivor regions: 2->22(22)
[348.987s][info][gc,heap        ] GC(268) Old regions: 346->382
[348.987s][info][gc,heap        ] GC(268) Humongous regions: 862->534
[348.987s][info][gc,metaspace   ] GC(268) Metaspace: 100238K(101568K)->100238K(101568K) NonClass: 78335K(79104K)->78335K(79104K) Class: 21902K(22464K)->21902K(22464K)
[348.987s][info][gc             ] GC(268) Pause Young (Prepare Mixed) (G1 Humongous Allocation) 2710M->1874M(2868M) 5.849ms
[348.987s][info][gc,cpu         ] GC(268) User=0.02s Sys=0.00s Real=0.00s
[349.348s][info][gc,start       ] GC(269) Pause Young (Mixed) (G1 Humongous Allocation)
[349.348s][info][gc,task        ] GC(269) Using 4 workers of 4 for evacuation
[349.357s][info][gc,phases      ] GC(269)   Pre Evacuate Collection Set: 0.26ms
[349.357s][info][gc,phases      ] GC(269)   Merge Heap Roots: 0.07ms
[349.357s][info][gc,phases      ] GC(269)   Evacuate Collection Set: 5.53ms
[349.357s][info][gc,phases      ] GC(269)   Post Evacuate Collection Set: 3.21ms
[349.357s][info][gc,phases      ] GC(269)   Other: 0.06ms
[349.357s][info][gc,heap        ] GC(269) Eden regions: 213->0(139)
[349.357s][info][gc,heap        ] GC(269) Survivor regions: 22->37(37)
[349.357s][info][gc,heap        ] GC(269) Old regions: 382->604
[349.357s][info][gc,heap        ] GC(269) Humongous regions: 765->545
[349.357s][info][gc,metaspace   ] GC(269) Metaspace: 100238K(101568K)->100238K(101568K) NonClass: 78335K(79104K)->78335K(79104K) Class: 21902K(22464K)->21902K(22464K)
[349.357s][info][gc             ] GC(269) Pause Young (Mixed) (G1 Humongous Allocation) (Evacuation Failure: Allocation) 2761M->2371M(2868M) 9.246ms
[349.357s][info][gc,cpu         ] GC(269) User=0.04s Sys=0.00s Real=0.01s
[349.358s][info][gc,start       ] GC(270) Pause Young (Concurrent Start) (G1 Humongous Allocation)
[349.358s][info][gc,task        ] GC(270) Using 4 workers of 4 for evacuation
[349.366s][info][gc,phases      ] GC(270)   Pre Evacuate Collection Set: 0.29ms
[349.366s][info][gc,phases      ] GC(270)   Merge Heap Roots: 0.10ms
[349.366s][info][gc,phases      ] GC(270)   Evacuate Collection Set: 7.09ms
[349.366s][info][gc,phases      ] GC(270)   Post Evacuate Collection Set: 0.87ms
[349.366s][info][gc,phases      ] GC(270)   Other: 0.07ms
[349.366s][info][gc,heap        ] GC(270) Eden regions: 3->0(278)
[349.366s][info][gc,heap        ] GC(270) Survivor regions: 37->2(22)
[349.366s][info][gc,heap        ] GC(270) Old regions: 604->441
[349.366s][info][gc,heap        ] GC(270) Humongous regions: 549->543
[349.366s][info][gc,metaspace   ] GC(270) Metaspace: 100238K(101568K)->100238K(101568K) NonClass: 78335K(79104K)->78335K(79104K) Class: 21902K(22464K)->21902K(22464K)
[349.366s][info][gc             ] GC(270) Pause Young (Concurrent Start) (G1 Humongous Allocation) 2385M->1969M(2868M) 8.492ms
[349.366s][info][gc,cpu         ] GC(270) User=0.03s Sys=0.00s Real=0.01s
[349.366s][info][gc             ] GC(271) Concurrent Mark Cycle
[349.366s][info][gc,marking     ] GC(271) Concurrent Scan Root Regions
[349.377s][info][gc,marking     ] GC(271) Concurrent Scan Root Regions 10.866ms
[349.377s][info][gc,marking     ] GC(271) Concurrent Mark
[349.377s][info][gc,marking     ] GC(271) Concurrent Mark From Roots
[349.377s][info][gc,task        ] GC(271) Using 1 workers of 1 for marking
[349.421s][info][gc,marking     ] GC(271) Concurrent Mark From Roots 43.608ms
[349.421s][info][gc,marking     ] GC(271) Concurrent Preclean
[349.421s][info][gc,marking     ] GC(271) Concurrent Preclean 0.113ms
[349.421s][info][gc,start       ] GC(271) Pause Remark
[349.424s][info][gc             ] GC(271) Pause Remark 2260M->1796M(2868M) 3.039ms
[349.424s][info][gc,cpu         ] GC(271) User=0.01s Sys=0.00s Real=0.01s
[349.424s][info][gc,marking     ] GC(271) Concurrent Mark 46.932ms
[349.424s][info][gc,marking     ] GC(271) Concurrent Rebuild Remembered Sets and Scrub Regions
[349.450s][info][gc,marking     ] GC(271) Concurrent Rebuild Remembered Sets and Scrub Regions 25.763ms
[349.450s][info][gc,start       ] GC(271) Pause Cleanup
[349.450s][info][gc             ] GC(271) Pause Cleanup 1823M->1823M(2868M) 0.085ms
[349.450s][info][gc,cpu         ] GC(271) User=0.00s Sys=0.00s Real=0.00s
[349.450s][info][gc,marking     ] GC(271) Concurrent Clear Claimed Marks
[349.450s][info][gc,marking     ] GC(271) Concurrent Clear Claimed Marks 0.115ms
[349.450s][info][gc,marking     ] GC(271) Concurrent Cleanup for Next Mark
[349.451s][info][gc,marking     ] GC(271) Concurrent Cleanup for Next Mark 1.243ms
[349.451s][info][gc             ] GC(271) Concurrent Mark Cycle 85.156ms
[350.451s][info][gc,start       ] GC(272) Pause Young (Prepare Mixed) (G1 Humongous Allocation)
[350.451s][info][gc,task        ] GC(272) Using 4 workers of 4 for evacuation
[350.463s][info][gc,phases      ] GC(272)   Pre Evacuate Collection Set: 0.26ms
[350.463s][info][gc,phases      ] GC(272)   Merge Heap Roots: 0.09ms
[350.463s][info][gc,phases      ] GC(272)   Evacuate Collection Set: 6.63ms
[350.463s][info][gc,phases      ] GC(272)   Post Evacuate Collection Set: 4.64ms
[350.463s][info][gc,phases      ] GC(272)   Other: 0.06ms
[350.463s][info][gc,heap        ] GC(272) Eden regions: 163->0(247)
[350.463s][info][gc,heap        ] GC(272) Survivor regions: 2->35(35)
[350.463s][info][gc,heap        ] GC(272) Old regions: 319->454
[350.463s][info][gc,heap        ] GC(272) Humongous regions: 895->544
[350.463s][info][gc,metaspace   ] GC(272) Metaspace: 100238K(101568K)->100238K(101568K) NonClass: 78335K(79104K)->78335K(79104K) Class: 21902K(22464K)->21902K(22464K)
[350.463s][info][gc             ] GC(272) Pause Young (Prepare Mixed) (G1 Humongous Allocation) (Evacuation Failure: Allocation) 2754M->2064M(2868M) 11.985ms
[350.463s][info][gc,cpu         ] GC(272) User=0.04s Sys=0.00s Real=0.02s
[350.748s][info][gc,start       ] GC(273) Pause Young (Mixed) (G1 Humongous Allocation)
[350.748s][info][gc,task        ] GC(273) Using 4 workers of 4 for evacuation
[350.760s][info][gc,phases      ] GC(273)   Pre Evacuate Collection Set: 0.26ms
[350.760s][info][gc,phases      ] GC(273)   Merge Heap Roots: 0.10ms
[350.760s][info][gc,phases      ] GC(273)   Evacuate Collection Set: 8.34ms
[350.760s][info][gc,phases      ] GC(273)   Post Evacuate Collection Set: 3.16ms
[350.760s][info][gc,phases      ] GC(273)   Other: 0.06ms
[350.760s][info][gc,heap        ] GC(273) Eden regions: 190->0(123)
[350.760s][info][gc,heap        ] GC(273) Survivor regions: 35->36(36)
[350.760s][info][gc,heap        ] GC(273) Old regions: 454->635
[350.760s][info][gc,heap        ] GC(273) Humongous regions: 667->550
[350.760s][info][gc,metaspace   ] GC(273) Metaspace: 100238K(101568K)->100238K(101568K) NonClass: 78335K(79104K)->78335K(79104K) Class: 21902K(22464K)->21902K(22464K)
[350.760s][info][gc             ] GC(273) Pause Young (Mixed) (G1 Humongous Allocation) (Evacuation Failure: Allocation) 2689M->2440M(2868M) 12.014ms
[350.760s][info][gc,cpu         ] GC(273) User=0.04s Sys=0.00s Real=0.01s
[350.761s][info][gc,start       ] GC(274) Pause Young (Concurrent Start) (G1 Humongous Allocation)
[350.761s][info][gc,task        ] GC(274) Using 4 workers of 4 for evacuation
[350.768s][info][gc,phases      ] GC(274)   Pre Evacuate Collection Set: 0.30ms
[350.768s][info][gc,phases      ] GC(274)   Merge Heap Roots: 0.06ms
[350.768s][info][gc,phases      ] GC(274)   Evacuate Collection Set: 5.89ms
[350.768s][info][gc,phases      ] GC(274)   Post Evacuate Collection Set: 0.74ms
[350.769s][info][gc,phases      ] GC(274)   Other: 0.06ms
[350.769s][info][gc,heap        ] GC(274) Eden regions: 11->0(275)
[350.769s][info][gc,heap        ] GC(274) Survivor regions: 36->6(20)
[350.769s][info][gc,heap        ] GC(274) Old regions: 635->422
[350.769s][info][gc,heap        ] GC(274) Humongous regions: 555->552
[350.769s][info][gc,metaspace   ] GC(274) Metaspace: 100238K(101568K)->100238K(101568K) NonClass: 78335K(79104K)->78335K(79104K) Class: 21902K(22464K)->21902K(22464K)
[350.769s][info][gc             ] GC(274) Pause Young (Concurrent Start) (G1 Humongous Allocation) 2472M->1958M(2868M) 7.162ms
[350.769s][info][gc,cpu         ] GC(274) User=0.02s Sys=0.00s Real=0.01s
[350.769s][info][gc             ] GC(275) Concurrent Mark Cycle
[350.769s][info][gc,marking     ] GC(275) Concurrent Scan Root Regions
[350.778s][info][gc,marking     ] GC(275) Concurrent Scan Root Regions 9.799ms
[350.778s][info][gc,marking     ] GC(275) Concurrent Mark
[350.778s][info][gc,marking     ] GC(275) Concurrent Mark From Roots
[350.778s][info][gc,task        ] GC(275) Using 1 workers of 1 for marking
[350.822s][info][gc,marking     ] GC(275) Concurrent Mark From Roots 43.185ms
[350.822s][info][gc,marking     ] GC(275) Concurrent Preclean
[350.822s][info][gc,marking     ] GC(275) Concurrent Preclean 0.102ms
[350.822s][info][gc,start       ] GC(275) Pause Remark
[350.824s][info][gc             ] GC(275) Pause Remark 2453M->1895M(2868M) 2.586ms
[350.824s][info][gc,cpu         ] GC(275) User=0.01s Sys=0.00s Real=0.00s
[350.824s][info][gc,marking     ] GC(275) Concurrent Mark 46.006ms
[350.824s][info][gc,marking     ] GC(275) Concurrent Rebuild Remembered Sets and Scrub Regions
[350.850s][info][gc,marking     ] GC(275) Concurrent Rebuild Remembered Sets and Scrub Regions 25.766ms
[350.851s][info][gc,start       ] GC(275) Pause Cleanup
[350.851s][info][gc             ] GC(275) Pause Cleanup 1975M->1975M(2868M) 0.099ms
[350.851s][info][gc,cpu         ] GC(275) User=0.00s Sys=0.00s Real=0.00s
[350.851s][info][gc,marking     ] GC(275) Concurrent Clear Claimed Marks
[350.851s][info][gc,marking     ] GC(275) Concurrent Clear Claimed Marks 0.110ms
[350.851s][info][gc,marking     ] GC(275) Concurrent Cleanup for Next Mark
[350.852s][info][gc,marking     ] GC(275) Concurrent Cleanup for Next Mark 1.353ms
[350.852s][info][gc             ] GC(275) Concurrent Mark Cycle 83.598ms
[351.495s][info][gc,start       ] GC(276) Pause Young (Prepare Mixed) (G1 Humongous Allocation)
[351.495s][info][gc,task        ] GC(276) Using 4 workers of 4 for evacuation
[351.499s][info][gc,phases      ] GC(276)   Pre Evacuate Collection Set: 0.13ms
[351.499s][info][gc,phases      ] GC(276)   Merge Heap Roots: 0.08ms
[351.499s][info][gc,phases      ] GC(276)   Evacuate Collection Set: 3.87ms
[351.499s][info][gc,phases      ] GC(276)   Post Evacuate Collection Set: 0.63ms
[351.499s][info][gc,phases      ] GC(276)   Other: 0.06ms
[351.499s][info][gc,heap        ] GC(276) Eden regions: 108->0(293)
[351.499s][info][gc,heap        ] GC(276) Survivor regions: 6->36(36)
[351.499s][info][gc,heap        ] GC(276) Old regions: 288->298
[351.499s][info][gc,heap        ] GC(276) Humongous regions: 937->565
[351.499s][info][gc,metaspace   ] GC(276) Metaspace: 100251K(101568K)->100251K(101568K) NonClass: 78346K(79104K)->78346K(79104K) Class: 21904K(22464K)->21904K(22464K)
[351.499s][info][gc             ] GC(276) Pause Young (Prepare Mixed) (G1 Humongous Allocation) 2675M->1796M(2868M) 4.862ms
[351.499s][info][gc,cpu         ] GC(276) User=0.02s Sys=0.00s Real=0.00s
[352.198s][info][gc,start       ] GC(277) Pause Young (Mixed) (G1 Humongous Allocation)
[352.198s][info][gc,task        ] GC(277) Using 4 workers of 4 for evacuation
[352.209s][info][gc,phases      ] GC(277)   Pre Evacuate Collection Set: 0.19ms
[352.209s][info][gc,phases      ] GC(277)   Merge Heap Roots: 0.08ms
[352.209s][info][gc,phases      ] GC(277)   Evacuate Collection Set: 7.10ms
[352.209s][info][gc,phases      ] GC(277)   Post Evacuate Collection Set: 3.55ms
[352.209s][info][gc,phases      ] GC(277)   Other: 0.06ms
[352.209s][info][gc,heap        ] GC(277) Eden regions: 250->0(129)
[352.209s][info][gc,heap        ] GC(277) Survivor regions: 36->42(42)
[352.209s][info][gc,heap        ] GC(277) Old regions: 298->573
[352.209s][info][gc,heap        ] GC(277) Humongous regions: 764->587
[352.209s][info][gc,metaspace   ] GC(277) Metaspace: 100251K(101568K)->100251K(101568K) NonClass: 78346K(79104K)->78346K(79104K) Class: 21904K(22464K)->21904K(22464K)
[352.209s][info][gc             ] GC(277) Pause Young (Mixed) (G1 Humongous Allocation) (Evacuation Failure: Allocation) 2693M->2403M(2868M) 11.094ms
[352.209s][info][gc,cpu         ] GC(277) User=0.04s Sys=0.00s Real=0.01s
[352.211s][info][gc,start       ] GC(278) Pause Young (Concurrent Start) (G1 Humongous Allocation)
[352.211s][info][gc,task        ] GC(278) Using 4 workers of 4 for evacuation
[352.217s][info][gc,phases      ] GC(278)   Pre Evacuate Collection Set: 0.43ms
[352.217s][info][gc,phases      ] GC(278)   Merge Heap Roots: 0.13ms
[352.217s][info][gc,phases      ] GC(278)   Evacuate Collection Set: 5.07ms
[352.217s][info][gc,phases      ] GC(278)   Post Evacuate Collection Set: 0.57ms
[352.217s][info][gc,phases      ] GC(278)   Other: 0.05ms
[352.217s][info][gc,heap        ] GC(278) Eden regions: 3->0(271)
[352.217s][info][gc,heap        ] GC(278) Survivor regions: 42->2(22)
[352.217s][info][gc,heap        ] GC(278) Old regions: 573->372
[352.217s][info][gc,heap        ] GC(278) Humongous regions: 595->590
[352.217s][info][gc,metaspace   ] GC(278) Metaspace: 100251K(101568K)->100251K(101568K) NonClass: 78346K(79104K)->78346K(79104K) Class: 21904K(22464K)->21904K(22464K)
[352.217s][info][gc             ] GC(278) Pause Young (Concurrent Start) (G1 Humongous Allocation) 2425M->1926M(2868M) 6.329ms
[352.217s][info][gc             ] GC(279) Concurrent Mark Cycle
[352.217s][info][gc,marking     ] GC(279) Concurrent Scan Root Regions
[352.217s][info][gc,cpu         ] GC(278) User=0.03s Sys=0.00s Real=0.01s
[352.227s][info][gc,marking     ] GC(279) Concurrent Scan Root Regions 9.709ms
[352.227s][info][gc,marking     ] GC(279) Concurrent Mark
[352.227s][info][gc,marking     ] GC(279) Concurrent Mark From Roots
[352.227s][info][gc,task        ] GC(279) Using 1 workers of 1 for marking
[352.273s][info][gc,marking     ] GC(279) Concurrent Mark From Roots 46.588ms
[352.273s][info][gc,marking     ] GC(279) Concurrent Preclean
[352.273s][info][gc,marking     ] GC(279) Concurrent Preclean 0.112ms
[352.274s][info][gc,start       ] GC(279) Pause Remark
[352.277s][info][gc             ] GC(279) Pause Remark 2393M->1815M(2868M) 3.147ms
[352.277s][info][gc,cpu         ] GC(279) User=0.02s Sys=0.00s Real=0.00s
[352.277s][info][gc,marking     ] GC(279) Concurrent Mark 50.067ms
[352.277s][info][gc,marking     ] GC(279) Concurrent Rebuild Remembered Sets and Scrub Regions
[352.301s][info][gc,marking     ] GC(279) Concurrent Rebuild Remembered Sets and Scrub Regions 24.093ms
[352.301s][info][gc,start       ] GC(279) Pause Cleanup
[352.301s][info][gc             ] GC(279) Pause Cleanup 1833M->1833M(2868M) 0.118ms
[352.301s][info][gc,cpu         ] GC(279) User=0.00s Sys=0.00s Real=0.00s
[352.302s][info][gc,marking     ] GC(279) Concurrent Clear Claimed Marks
[352.302s][info][gc,marking     ] GC(279) Concurrent Clear Claimed Marks 0.173ms
[352.302s][info][gc,marking     ] GC(279) Concurrent Cleanup for Next Mark
[352.303s][info][gc,marking     ] GC(279) Concurrent Cleanup for Next Mark 1.468ms
[352.303s][info][gc             ] GC(279) Concurrent Mark Cycle 86.404ms
[353.263s][info][gc,start       ] GC(280) Pause Young (Prepare Mixed) (G1 Humongous Allocation)
[353.263s][info][gc,task        ] GC(280) Using 4 workers of 4 for evacuation
[353.269s][info][gc,phases      ] GC(280)   Pre Evacuate Collection Set: 0.15ms
[353.269s][info][gc,phases      ] GC(280)   Merge Heap Roots: 0.08ms
[353.269s][info][gc,phases      ] GC(280)   Evacuate Collection Set: 4.31ms
[353.269s][info][gc,phases      ] GC(280)   Post Evacuate Collection Set: 0.56ms
[353.269s][info][gc,phases      ] GC(280)   Other: 0.05ms
[353.269s][info][gc,heap        ] GC(280) Eden regions: 154->0(332)
[353.269s][info][gc,heap        ] GC(280) Survivor regions: 2->35(35)
[353.269s][info][gc,heap        ] GC(280) Old regions: 258->271
[353.269s][info][gc,heap        ] GC(280) Humongous regions: 953->572
[353.269s][info][gc,metaspace   ] GC(280) Metaspace: 100256K(101568K)->100256K(101568K) NonClass: 78351K(79104K)->78351K(79104K) Class: 21904K(22464K)->21904K(22464K)
[353.269s][info][gc             ] GC(280) Pause Young (Prepare Mixed) (G1 Humongous Allocation) 2732M->1755M(2868M) 5.235ms
[353.269s][info][gc,cpu         ] GC(280) User=0.02s Sys=0.00s Real=0.00s
[353.625s][info][gc,start       ] GC(281) Pause Young (Mixed) (G1 Humongous Allocation)
[353.625s][info][gc,task        ] GC(281) Using 4 workers of 4 for evacuation
[353.634s][info][gc,phases      ] GC(281)   Pre Evacuate Collection Set: 0.17ms
[353.634s][info][gc,phases      ] GC(281)   Merge Heap Roots: 0.14ms
[353.634s][info][gc,phases      ] GC(281)   Evacuate Collection Set: 5.34ms
[353.634s][info][gc,phases      ] GC(281)   Post Evacuate Collection Set: 3.12ms
[353.634s][info][gc,phases      ] GC(281)   Other: 0.06ms
[353.634s][info][gc,heap        ] GC(281) Eden regions: 215->0(128)
[353.634s][info][gc,heap        ] GC(281) Survivor regions: 35->46(46)
[353.634s][info][gc,heap        ] GC(281) Old regions: 271->519
[353.634s][info][gc,heap        ] GC(281) Humongous regions: 864->647
[353.634s][info][gc,metaspace   ] GC(281) Metaspace: 100256K(101568K)->100256K(101568K) NonClass: 78351K(79104K)->78351K(79104K) Class: 21904K(22464K)->21904K(22464K)
[353.634s][info][gc             ] GC(281) Pause Young (Mixed) (G1 Humongous Allocation) (Evacuation Failure: Allocation) 2768M->2423M(2868M) 8.931ms
[353.634s][info][gc,cpu         ] GC(281) User=0.03s Sys=0.00s Real=0.01s
[353.635s][info][gc,start       ] GC(282) Pause Young (Concurrent Start) (G1 Humongous Allocation)
[353.635s][info][gc,task        ] GC(282) Using 4 workers of 4 for evacuation
[353.642s][info][gc,phases      ] GC(282)   Pre Evacuate Collection Set: 0.25ms
[353.642s][info][gc,phases      ] GC(282)   Merge Heap Roots: 0.10ms
[353.642s][info][gc,phases      ] GC(282)   Evacuate Collection Set: 6.41ms
[353.642s][info][gc,phases      ] GC(282)   Post Evacuate Collection Set: 0.53ms
[353.642s][info][gc,phases      ] GC(282)   Other: 0.05ms
[353.642s][info][gc,heap        ] GC(282) Eden regions: 3->0(256)
[353.642s][info][gc,heap        ] GC(282) Survivor regions: 46->2(22)
[353.642s][info][gc,heap        ] GC(282) Old regions: 519->362
[353.642s][info][gc,heap        ] GC(282) Humongous regions: 650->648
[353.642s][info][gc,metaspace   ] GC(282) Metaspace: 100256K(101568K)->100256K(101568K) NonClass: 78351K(79104K)->78351K(79104K) Class: 21904K(22464K)->21904K(22464K)
[353.642s][info][gc             ] GC(282) Pause Young (Concurrent Start) (G1 Humongous Allocation) 2435M->2022M(2868M) 7.417ms
[353.642s][info][gc,cpu         ] GC(282) User=0.03s Sys=0.00s Real=0.01s
[353.642s][info][gc             ] GC(283) Concurrent Mark Cycle
[353.642s][info][gc,marking     ] GC(283) Concurrent Scan Root Regions
[353.651s][info][gc,marking     ] GC(283) Concurrent Scan Root Regions 8.430ms
[353.651s][info][gc,marking     ] GC(283) Concurrent Mark
[353.651s][info][gc,marking     ] GC(283) Concurrent Mark From Roots
[353.651s][info][gc,task        ] GC(283) Using 1 workers of 1 for marking
[353.691s][info][gc,marking     ] GC(283) Concurrent Mark From Roots 40.090ms
[353.691s][info][gc,marking     ] GC(283) Concurrent Preclean
[353.691s][info][gc,marking     ] GC(283) Concurrent Preclean 0.101ms
[353.691s][info][gc,start       ] GC(283) Pause Remark
[353.694s][info][gc             ] GC(283) Pause Remark 2172M->1468M(2868M) 3.194ms
[353.694s][info][gc,cpu         ] GC(283) User=0.01s Sys=0.00s Real=0.01s
[353.694s][info][gc,marking     ] GC(283) Concurrent Mark 43.579ms
[353.694s][info][gc,marking     ] GC(283) Concurrent Rebuild Remembered Sets and Scrub Regions
[353.717s][info][gc,marking     ] GC(283) Concurrent Rebuild Remembered Sets and Scrub Regions 23.018ms
[353.717s][info][gc,start       ] GC(283) Pause Cleanup
[353.717s][info][gc             ] GC(283) Pause Cleanup 1521M->1521M(2868M) 0.076ms
[353.717s][info][gc,cpu         ] GC(283) User=0.00s Sys=0.00s Real=0.00s
[353.717s][info][gc,marking     ] GC(283) Concurrent Clear Claimed Marks
[353.717s][info][gc,marking     ] GC(283) Concurrent Clear Claimed Marks 0.117ms
[353.717s][info][gc,marking     ] GC(283) Concurrent Cleanup for Next Mark
[353.719s][info][gc,marking     ] GC(283) Concurrent Cleanup for Next Mark 1.320ms
[353.719s][info][gc             ] GC(283) Concurrent Mark Cycle 76.713ms
[354.880s][info][gc,start       ] GC(284) Pause Young (Prepare Mixed) (G1 Evacuation Pause)
[354.880s][info][gc,task        ] GC(284) Using 4 workers of 4 for evacuation
[354.889s][info][gc,phases      ] GC(284)   Pre Evacuate Collection Set: 0.16ms
[354.889s][info][gc,phases      ] GC(284)   Merge Heap Roots: 0.11ms
[354.889s][info][gc,phases      ] GC(284)   Evacuate Collection Set: 6.12ms
[354.889s][info][gc,phases      ] GC(284)   Post Evacuate Collection Set: 2.46ms
[354.889s][info][gc,phases      ] GC(284)   Other: 0.06ms
[354.889s][info][gc,heap        ] GC(284) Eden regions: 256->0(234)
[354.889s][info][gc,heap        ] GC(284) Survivor regions: 2->33(33)
[354.889s][info][gc,heap        ] GC(284) Old regions: 250->480
[354.889s][info][gc,heap        ] GC(284) Humongous regions: 867->537
[354.889s][info][gc,metaspace   ] GC(284) Metaspace: 100271K(101568K)->100271K(101568K) NonClass: 78366K(79104K)->78366K(79104K) Class: 21904K(22464K)->21904K(22464K)
[354.889s][info][gc             ] GC(284) Pause Young (Prepare Mixed) (G1 Evacuation Pause) (Evacuation Failure: Allocation) 2748M->2099M(2868M) 9.013ms
[354.889s][info][gc,cpu         ] GC(284) User=0.03s Sys=0.00s Real=0.01s
[355.017s][info][gc,start       ] GC(285) Pause Young (Mixed) (G1 Humongous Allocation)
[355.017s][info][gc,task        ] GC(285) Using 4 workers of 4 for evacuation
[355.027s][info][gc,phases      ] GC(285)   Pre Evacuate Collection Set: 0.39ms
[355.027s][info][gc,phases      ] GC(285)   Merge Heap Roots: 0.08ms
[355.027s][info][gc,phases      ] GC(285)   Evacuate Collection Set: 5.82ms
[355.027s][info][gc,phases      ] GC(285)   Post Evacuate Collection Set: 3.85ms
[355.027s][info][gc,phases      ] GC(285)   Other: 0.07ms
[355.027s][info][gc,heap        ] GC(285) Eden regions: 101->0(140)
[355.027s][info][gc,heap        ] GC(285) Survivor regions: 33->14(28)
[355.027s][info][gc,heap        ] GC(285) Old regions: 480->575
[355.027s][info][gc,heap        ] GC(285) Humongous regions: 792->616
[355.027s][info][gc,metaspace   ] GC(285) Metaspace: 100271K(101568K)->100271K(101568K) NonClass: 78366K(79104K)->78366K(79104K) Class: 21904K(22464K)->21904K(22464K)
[355.027s][info][gc             ] GC(285) Pause Young (Mixed) (G1 Humongous Allocation) (Evacuation Failure: Allocation) 2810M->2409M(2868M) 10.331ms
[355.027s][info][gc,cpu         ] GC(285) User=0.03s Sys=0.00s Real=0.01s
[355.029s][info][gc,start       ] GC(286) Pause Young (Concurrent Start) (G1 Humongous Allocation)
[355.029s][info][gc,task        ] GC(286) Using 4 workers of 4 for evacuation
[355.034s][info][gc,phases      ] GC(286)   Pre Evacuate Collection Set: 0.21ms
[355.034s][info][gc,phases      ] GC(286)   Merge Heap Roots: 0.06ms
[355.034s][info][gc,phases      ] GC(286)   Evacuate Collection Set: 4.30ms
[355.034s][info][gc,phases      ] GC(286)   Post Evacuate Collection Set: 0.50ms
[355.034s][info][gc,phases      ] GC(286)   Other: 0.05ms
[355.034s][info][gc,heap        ] GC(286) Eden regions: 3->0(324)
[355.034s][info][gc,heap        ] GC(286) Survivor regions: 14->2(20)
[355.034s][info][gc,heap        ] GC(286) Old regions: 575->334
[355.034s][info][gc,heap        ] GC(286) Humongous regions: 621->618
[355.034s][info][gc,metaspace   ] GC(286) Metaspace: 100271K(101568K)->100271K(101568K) NonClass: 78366K(79104K)->78366K(79104K) Class: 21904K(22464K)->21904K(22464K)
[355.034s][info][gc             ] GC(286) Pause Young (Concurrent Start) (G1 Humongous Allocation) 2423M->1907M(2868M) 5.188ms
[355.034s][info][gc,cpu         ] GC(286) User=0.02s Sys=0.00s Real=0.01s
[355.034s][info][gc             ] GC(287) Concurrent Mark Cycle
[355.034s][info][gc,marking     ] GC(287) Concurrent Scan Root Regions
[355.039s][info][gc,marking     ] GC(287) Concurrent Scan Root Regions 5.207ms
[355.039s][info][gc,marking     ] GC(287) Concurrent Mark
[355.039s][info][gc,marking     ] GC(287) Concurrent Mark From Roots
[355.039s][info][gc,task        ] GC(287) Using 1 workers of 1 for marking
[355.078s][info][gc,marking     ] GC(287) Concurrent Mark From Roots 38.494ms
[355.078s][info][gc,marking     ] GC(287) Concurrent Preclean
[355.078s][info][gc,marking     ] GC(287) Concurrent Preclean 0.097ms
[355.078s][info][gc,start       ] GC(287) Pause Remark
[355.081s][info][gc             ] GC(287) Pause Remark 2005M->1309M(2868M) 3.137ms
[355.081s][info][gc,cpu         ] GC(287) User=0.01s Sys=0.00s Real=0.00s
[355.081s][info][gc,marking     ] GC(287) Concurrent Mark 41.858ms
[355.081s][info][gc,marking     ] GC(287) Concurrent Rebuild Remembered Sets and Scrub Regions
[355.101s][info][gc,marking     ] GC(287) Concurrent Rebuild Remembered Sets and Scrub Regions 20.038ms
[355.101s][info][gc,start       ] GC(287) Pause Cleanup
[355.101s][info][gc             ] GC(287) Pause Cleanup 1360M->1360M(2868M) 0.089ms
[355.101s][info][gc,cpu         ] GC(287) User=0.00s Sys=0.00s Real=0.00s
[355.101s][info][gc,marking     ] GC(287) Concurrent Clear Claimed Marks
[355.101s][info][gc,marking     ] GC(287) Concurrent Clear Claimed Marks 0.125ms
[355.101s][info][gc,marking     ] GC(287) Concurrent Cleanup for Next Mark
[355.103s][info][gc,marking     ] GC(287) Concurrent Cleanup for Next Mark 1.427ms
[355.103s][info][gc             ] GC(287) Concurrent Mark Cycle 68.983ms
[356.269s][info][gc,start       ] GC(288) Pause Young (Prepare Mixed) (G1 Evacuation Pause)
[356.269s][info][gc,task        ] GC(288) Using 4 workers of 4 for evacuation
[356.279s][info][gc,phases      ] GC(288)   Pre Evacuate Collection Set: 0.14ms
[356.283s][info][gc,phases      ] GC(288)   Merge Heap Roots: 0.08ms
[356.283s][info][gc,phases      ] GC(288)   Evacuate Collection Set: 4.09ms
[356.283s][info][gc,phases      ] GC(288)   Post Evacuate Collection Set: 5.60ms
[356.283s][info][gc,phases      ] GC(288)   Other: 0.05ms
[356.283s][info][gc,heap        ] GC(288) Eden regions: 324->0(287)
[356.283s][info][gc,heap        ] GC(288) Survivor regions: 2->16(16)
[356.283s][info][gc,heap        ] GC(288) Old regions: 186->461
[356.283s][info][gc,heap        ] GC(288) Humongous regions: 906->552
[356.283s][info][gc,metaspace   ] GC(288) Metaspace: 100272K(101568K)->100272K(101568K) NonClass: 78367K(79104K)->78367K(79104K) Class: 21904K(22464K)->21904K(22464K)
[356.283s][info][gc             ] GC(288) Pause Young (Prepare Mixed) (G1 Evacuation Pause) (Evacuation Failure: Allocation) 2835M->2057M(2868M) 13.925ms
[356.283s][info][gc,cpu         ] GC(288) User=0.03s Sys=0.00s Real=0.02s
[356.473s][info][gc,start       ] GC(289) Pause Young (Mixed) (G1 Humongous Allocation)
[356.473s][info][gc,task        ] GC(289) Using 4 workers of 4 for evacuation
[356.481s][info][gc,phases      ] GC(289)   Pre Evacuate Collection Set: 0.20ms
[356.481s][info][gc,phases      ] GC(289)   Merge Heap Roots: 0.09ms
[356.481s][info][gc,phases      ] GC(289)   Evacuate Collection Set: 3.70ms
[356.481s][info][gc,phases      ] GC(289)   Post Evacuate Collection Set: 3.92ms
[356.481s][info][gc,phases      ] GC(289)   Other: 0.06ms
[356.481s][info][gc,heap        ] GC(289) Eden regions: 80->0(163)
[356.481s][info][gc,heap        ] GC(289) Survivor regions: 16->14(25)
[356.481s][info][gc,heap        ] GC(289) Old regions: 461->542
[356.481s][info][gc,heap        ] GC(289) Humongous regions: 852->642
[356.481s][info][gc,metaspace   ] GC(289) Metaspace: 100272K(101568K)->100272K(101568K) NonClass: 78367K(79104K)->78367K(79104K) Class: 21904K(22464K)->21904K(22464K)
[356.481s][info][gc             ] GC(289) Pause Young (Mixed) (G1 Humongous Allocation) (Evacuation Failure: Allocation) 2817M->2395M(2868M) 8.060ms
[356.481s][info][gc,cpu         ] GC(289) User=0.03s Sys=0.00s Real=0.00s
[356.482s][info][gc,start       ] GC(290) Pause Young (Concurrent Start) (G1 Humongous Allocation)
[356.482s][info][gc,task        ] GC(290) Using 4 workers of 4 for evacuation
[356.488s][info][gc,phases      ] GC(290)   Pre Evacuate Collection Set: 0.25ms
[356.488s][info][gc,phases      ] GC(290)   Merge Heap Roots: 0.09ms
[356.488s][info][gc,phases      ] GC(290)   Evacuate Collection Set: 5.91ms
[356.488s][info][gc,phases      ] GC(290)   Post Evacuate Collection Set: 0.49ms
[356.488s][info][gc,phases      ] GC(290)   Other: 0.05ms
[356.488s][info][gc,heap        ] GC(290) Eden regions: 2->0(275)
[356.488s][info][gc,heap        ] GC(290) Survivor regions: 14->9(23)
[356.488s][info][gc,heap        ] GC(290) Old regions: 542->398
[356.488s][info][gc,heap        ] GC(290) Humongous regions: 645->645
[356.488s][info][gc,metaspace   ] GC(290) Metaspace: 100272K(101568K)->100272K(101568K) NonClass: 78367K(79104K)->78367K(79104K) Class: 21904K(22464K)->21904K(22464K)
[356.488s][info][gc             ] GC(290) Pause Young (Concurrent Start) (G1 Humongous Allocation) 2405M->2102M(2868M) 6.867ms
[356.488s][info][gc,cpu         ] GC(290) User=0.03s Sys=0.00s Real=0.00s
[356.488s][info][gc             ] GC(291) Concurrent Mark Cycle
[356.488s][info][gc,marking     ] GC(291) Concurrent Scan Root Regions
[356.502s][info][gc,marking     ] GC(291) Concurrent Scan Root Regions 13.952ms
[356.502s][info][gc,marking     ] GC(291) Concurrent Mark
[356.502s][info][gc,marking     ] GC(291) Concurrent Mark From Roots
[356.502s][info][gc,task        ] GC(291) Using 1 workers of 1 for marking
[356.541s][info][gc,marking     ] GC(291) Concurrent Mark From Roots 38.214ms
[356.541s][info][gc,marking     ] GC(291) Concurrent Preclean
[356.541s][info][gc,marking     ] GC(291) Concurrent Preclean 0.106ms
[356.541s][info][gc,start       ] GC(291) Pause Remark
[356.545s][info][gc             ] GC(291) Pause Remark 2432M->1856M(2868M) 4.275ms
[356.545s][info][gc,cpu         ] GC(291) User=0.01s Sys=0.00s Real=0.01s
[356.545s][info][gc,marking     ] GC(291) Concurrent Mark 42.766ms
[356.545s][info][gc,marking     ] GC(291) Concurrent Rebuild Remembered Sets and Scrub Regions
[356.569s][info][gc,marking     ] GC(291) Concurrent Rebuild Remembered Sets and Scrub Regions 23.997ms
[356.569s][info][gc,start       ] GC(291) Pause Cleanup
[356.569s][info][gc             ] GC(291) Pause Cleanup 1858M->1858M(2868M) 0.102ms
[356.569s][info][gc,cpu         ] GC(291) User=0.00s Sys=0.00s Real=0.00s
[356.569s][info][gc,marking     ] GC(291) Concurrent Clear Claimed Marks
[356.570s][info][gc,marking     ] GC(291) Concurrent Clear Claimed Marks 0.118ms
[356.570s][info][gc,marking     ] GC(291) Concurrent Cleanup for Next Mark
[356.571s][info][gc,marking     ] GC(291) Concurrent Cleanup for Next Mark 1.294ms
[356.571s][info][gc             ] GC(291) Concurrent Mark Cycle 82.403ms
[357.598s][info][gc,start       ] GC(292) Pause Young (Prepare Mixed) (G1 Humongous Allocation)
[357.599s][info][gc,task        ] GC(292) Using 4 workers of 4 for evacuation
[357.609s][info][gc,phases      ] GC(292)   Pre Evacuate Collection Set: 0.22ms
[357.609s][info][gc,phases      ] GC(292)   Merge Heap Roots: 0.16ms
[357.609s][info][gc,phases      ] GC(292)   Evacuate Collection Set: 5.20ms
[357.609s][info][gc,phases      ] GC(292)   Post Evacuate Collection Set: 5.16ms
[357.609s][info][gc,phases      ] GC(292)   Other: 0.06ms
[357.609s][info][gc,heap        ] GC(292) Eden regions: 262->0(282)
[357.609s][info][gc,heap        ] GC(292) Survivor regions: 9->22(30)
[357.609s][info][gc,heap        ] GC(292) Old regions: 330->558
[357.609s][info][gc,heap        ] GC(292) Humongous regions: 803->473
[357.609s][info][gc,metaspace   ] GC(292) Metaspace: 100273K(101568K)->100273K(101568K) NonClass: 78368K(79104K)->78368K(79104K) Class: 21904K(22464K)->21904K(22464K)
[357.609s][info][gc             ] GC(292) Pause Young (Prepare Mixed) (G1 Humongous Allocation) (Evacuation Failure: Allocation) 2806M->2104M(2868M) 10.901ms
[357.609s][info][gc,cpu         ] GC(292) User=0.04s Sys=0.00s Real=0.01s
[357.865s][info][gc,start       ] GC(293) Pause Young (Mixed) (G1 Humongous Allocation)
[357.865s][info][gc,task        ] GC(293) Using 4 workers of 4 for evacuation
[357.874s][info][gc,phases      ] GC(293)   Pre Evacuate Collection Set: 0.30ms
[357.874s][info][gc,phases      ] GC(293)   Merge Heap Roots: 0.13ms
[357.874s][info][gc,phases      ] GC(293)   Evacuate Collection Set: 3.25ms
[357.874s][info][gc,phases      ] GC(293)   Post Evacuate Collection Set: 4.87ms
[357.874s][info][gc,phases      ] GC(293)   Other: 0.05ms
[357.874s][info][gc,heap        ] GC(293) Eden regions: 90->0(175)
[357.874s][info][gc,heap        ] GC(293) Survivor regions: 22->1(2)
[357.874s][info][gc,heap        ] GC(293) Old regions: 558->657
[357.874s][info][gc,heap        ] GC(293) Humongous regions: 762->528
[357.874s][info][gc,metaspace   ] GC(293) Metaspace: 100273K(101568K)->100273K(101568K) NonClass: 78368K(79104K)->78368K(79104K) Class: 21904K(22464K)->21904K(22464K)
[357.874s][info][gc             ] GC(293) Pause Young (Mixed) (G1 Humongous Allocation) (Evacuation Failure: Allocation) 2862M->2370M(2868M) 8.691ms
[357.874s][info][gc,cpu         ] GC(293) User=0.03s Sys=0.00s Real=0.01s
[357.874s][info][gc,start       ] GC(294) Pause Young (Concurrent Start) (G1 Humongous Allocation)
[357.874s][info][gc,task        ] GC(294) Using 4 workers of 4 for evacuation
[357.882s][info][gc,phases      ] GC(294)   Pre Evacuate Collection Set: 0.22ms
[357.882s][info][gc,phases      ] GC(294)   Merge Heap Roots: 0.11ms
[357.882s][info][gc,phases      ] GC(294)   Evacuate Collection Set: 6.37ms
[357.882s][info][gc,phases      ] GC(294)   Post Evacuate Collection Set: 0.63ms
[357.882s][info][gc,phases      ] GC(294)   Other: 0.06ms
[357.882s][info][gc,heap        ] GC(294) Eden regions: 2->0(331)
[357.882s][info][gc,heap        ] GC(294) Survivor regions: 1->2(22)
[357.882s][info][gc,heap        ] GC(294) Old regions: 657->483
[357.882s][info][gc,heap        ] GC(294) Humongous regions: 530->504
[357.882s][info][gc,metaspace   ] GC(294) Metaspace: 100273K(101568K)->100273K(101568K) NonClass: 78368K(79104K)->78368K(79104K) Class: 21904K(22464K)->21904K(22464K)
[357.882s][info][gc             ] GC(294) Pause Young (Concurrent Start) (G1 Humongous Allocation) 2377M->1977M(2868M) 7.470ms
[357.882s][info][gc             ] GC(295) Concurrent Mark Cycle
[357.882s][info][gc,marking     ] GC(295) Concurrent Scan Root Regions
[357.882s][info][gc,cpu         ] GC(294) User=0.02s Sys=0.00s Real=0.01s
[357.899s][info][gc,marking     ] GC(295) Concurrent Scan Root Regions 17.608ms
[357.899s][info][gc,marking     ] GC(295) Concurrent Mark
[357.899s][info][gc,marking     ] GC(295) Concurrent Mark From Roots
[357.899s][info][gc,task        ] GC(295) Using 1 workers of 1 for marking
[357.944s][info][gc,marking     ] GC(295) Concurrent Mark From Roots 44.743ms
[357.944s][info][gc,marking     ] GC(295) Concurrent Preclean
[357.944s][info][gc,marking     ] GC(295) Concurrent Preclean 0.098ms
[357.944s][info][gc,start       ] GC(295) Pause Remark
[357.948s][info][gc             ] GC(295) Pause Remark 2331M->2111M(2868M) 3.772ms
[357.948s][info][gc,cpu         ] GC(295) User=0.01s Sys=0.00s Real=0.00s
[357.948s][info][gc,marking     ] GC(295) Concurrent Mark 48.770ms
[357.948s][info][gc,marking     ] GC(295) Concurrent Rebuild Remembered Sets and Scrub Regions
[357.978s][info][gc,marking     ] GC(295) Concurrent Rebuild Remembered Sets and Scrub Regions 29.892ms
[357.978s][info][gc,start       ] GC(295) Pause Cleanup
[357.978s][info][gc             ] GC(295) Pause Cleanup 2114M->2114M(2868M) 0.119ms
[357.978s][info][gc,cpu         ] GC(295) User=0.00s Sys=0.00s Real=0.00s
[357.978s][info][gc,marking     ] GC(295) Concurrent Clear Claimed Marks
[357.978s][info][gc,marking     ] GC(295) Concurrent Clear Claimed Marks 0.123ms
[357.978s][info][gc,marking     ] GC(295) Concurrent Cleanup for Next Mark
[357.980s][info][gc,marking     ] GC(295) Concurrent Cleanup for Next Mark 2.186ms
[357.980s][info][gc             ] GC(295) Concurrent Mark Cycle 98.839ms
[358.994s][info][gc,start       ] GC(296) Pause Young (Prepare Mixed) (G1 Humongous Allocation)
[358.994s][info][gc,task        ] GC(296) Using 4 workers of 4 for evacuation
[359.003s][info][gc,phases      ] GC(296)   Pre Evacuate Collection Set: 0.19ms
[359.003s][info][gc,phases      ] GC(296)   Merge Heap Roots: 0.14ms
[359.003s][info][gc,phases      ] GC(296)   Evacuate Collection Set: 4.27ms
[359.003s][info][gc,phases      ] GC(296)   Post Evacuate Collection Set: 4.29ms
[359.003s][info][gc,phases      ] GC(296)   Other: 0.06ms
[359.003s][info][gc,heap        ] GC(296) Eden regions: 181->0(228)
[359.003s][info][gc,heap        ] GC(296) Survivor regions: 2->7(26)
[359.003s][info][gc,heap        ] GC(296) Old regions: 473->634
[359.003s][info][gc,heap        ] GC(296) Humongous regions: 752->492
[359.003s][info][gc,metaspace   ] GC(296) Metaspace: 100277K(101632K)->100277K(101632K) NonClass: 78373K(79168K)->78373K(79168K) Class: 21904K(22464K)->21904K(22464K)
[359.003s][info][gc             ] GC(296) Pause Young (Prepare Mixed) (G1 Humongous Allocation) (Evacuation Failure: Allocation) 2815M->2265M(2868M) 9.063ms
[359.003s][info][gc,cpu         ] GC(296) User=0.03s Sys=0.00s Real=0.01s
[359.158s][info][gc,start       ] GC(297) Pause Young (Mixed) (G1 Humongous Allocation)
[359.158s][info][gc,task        ] GC(297) Using 4 workers of 4 for evacuation
[359.167s][info][gc,phases      ] GC(297)   Pre Evacuate Collection Set: 0.21ms
[359.167s][info][gc,phases      ] GC(297)   Merge Heap Roots: 0.10ms
[359.167s][info][gc,phases      ] GC(297)   Evacuate Collection Set: 3.90ms
[359.167s][info][gc,phases      ] GC(297)   Post Evacuate Collection Set: 5.26ms
[359.167s][info][gc,phases      ] GC(297)   Other: 0.06ms
[359.167s][info][gc,heap        ] GC(297) Eden regions: 129->0(71)
[359.167s][info][gc,heap        ] GC(297) Survivor regions: 7->5(13)
[359.167s][info][gc,heap        ] GC(297) Old regions: 634->766
[359.167s][info][gc,heap        ] GC(297) Humongous regions: 651->521
[359.167s][info][gc,metaspace   ] GC(297) Metaspace: 100277K(101632K)->100277K(101632K) NonClass: 78373K(79168K)->78373K(79168K) Class: 21904K(22464K)->21904K(22464K)
[359.167s][info][gc             ] GC(297) Pause Young (Mixed) (G1 Humongous Allocation) (Evacuation Failure: Allocation) 2840M->2583M(2868M) 9.620ms
[359.167s][info][gc,cpu         ] GC(297) User=0.03s Sys=0.00s Real=0.01s
[359.169s][info][gc,start       ] GC(298) Pause Young (Concurrent Start) (G1 Humongous Allocation)
[359.169s][info][gc,task        ] GC(298) Using 4 workers of 4 for evacuation
[359.175s][info][gc,phases      ] GC(298)   Pre Evacuate Collection Set: 0.20ms
[359.175s][info][gc,phases      ] GC(298)   Merge Heap Roots: 0.12ms
[359.175s][info][gc,phases      ] GC(298)   Evacuate Collection Set: 5.88ms
[359.175s][info][gc,phases      ] GC(298)   Post Evacuate Collection Set: 0.50ms
[359.175s][info][gc,phases      ] GC(298)   Other: 0.06ms
[359.175s][info][gc,heap        ] GC(298) Eden regions: 5->0(247)
[359.175s][info][gc,heap        ] GC(298) Survivor regions: 5->7(10)
[359.175s][info][gc,heap        ] GC(298) Old regions: 766->592
[359.175s][info][gc,heap        ] GC(298) Humongous regions: 526->515
[359.175s][info][gc,metaspace   ] GC(298) Metaspace: 100277K(101632K)->100277K(101632K) NonClass: 78373K(79168K)->78373K(79168K) Class: 21904K(22464K)->21904K(22464K)
[359.175s][info][gc             ] GC(298) Pause Young (Concurrent Start) (G1 Humongous Allocation) 2601M->2226M(2868M) 6.845ms
[359.175s][info][gc             ] GC(299) Concurrent Mark Cycle
[359.175s][info][gc,marking     ] GC(299) Concurrent Scan Root Regions
[359.175s][info][gc,cpu         ] GC(298) User=0.03s Sys=0.00s Real=0.01s
[359.192s][info][gc,marking     ] GC(299) Concurrent Scan Root Regions 16.832ms
[359.192s][info][gc,marking     ] GC(299) Concurrent Mark
[359.192s][info][gc,marking     ] GC(299) Concurrent Mark From Roots
[359.192s][info][gc,task        ] GC(299) Using 1 workers of 1 for marking
[359.238s][info][gc,marking     ] GC(299) Concurrent Mark From Roots 45.349ms
[359.238s][info][gc,marking     ] GC(299) Concurrent Preclean
[359.238s][info][gc,marking     ] GC(299) Concurrent Preclean 0.101ms
[359.238s][info][gc,start       ] GC(299) Pause Remark
[359.241s][info][gc             ] GC(299) Pause Remark 2602M->2306M(2868M) 3.127ms
[359.241s][info][gc,cpu         ] GC(299) User=0.01s Sys=0.00s Real=0.00s
[359.241s][info][gc,marking     ] GC(299) Concurrent Mark 48.730ms
[359.241s][info][gc,marking     ] GC(299) Concurrent Rebuild Remembered Sets and Scrub Regions
[359.273s][info][gc,marking     ] GC(299) Concurrent Rebuild Remembered Sets and Scrub Regions 31.778ms
[359.273s][info][gc,start       ] GC(299) Pause Cleanup
[359.273s][info][gc             ] GC(299) Pause Cleanup 2326M->2326M(2868M) 0.126ms
[359.273s][info][gc,cpu         ] GC(299) User=0.00s Sys=0.00s Real=0.00s
[359.273s][info][gc,marking     ] GC(299) Concurrent Clear Claimed Marks
[359.273s][info][gc,marking     ] GC(299) Concurrent Clear Claimed Marks 0.116ms
[359.273s][info][gc,marking     ] GC(299) Concurrent Cleanup for Next Mark
[359.275s][info][gc,marking     ] GC(299) Concurrent Cleanup for Next Mark 1.351ms
[359.275s][info][gc             ] GC(299) Concurrent Mark Cycle 99.188ms
[359.593s][info][gc,start       ] GC(300) Pause Young (Prepare Mixed) (G1 Humongous Allocation)
[359.593s][info][gc,task        ] GC(300) Using 4 workers of 4 for evacuation
[359.602s][info][gc,phases      ] GC(300)   Pre Evacuate Collection Set: 0.23ms
[359.602s][info][gc,phases      ] GC(300)   Merge Heap Roots: 0.11ms
[359.602s][info][gc,phases      ] GC(300)   Evacuate Collection Set: 5.61ms
[359.602s][info][gc,phases      ] GC(300)   Post Evacuate Collection Set: 2.82ms
[359.602s][info][gc,phases      ] GC(300)   Other: 0.05ms
[359.602s][info][gc,heap        ] GC(300) Eden regions: 76->0(200)
[359.602s][info][gc,heap        ] GC(300) Survivor regions: 7->21(32)
[359.602s][info][gc,heap        ] GC(300) Old regions: 539->610
[359.602s][info][gc,heap        ] GC(300) Humongous regions: 761->510
[359.602s][info][gc,metaspace   ] GC(300) Metaspace: 100277K(101632K)->100277K(101632K) NonClass: 78373K(79168K)->78373K(79168K) Class: 21904K(22464K)->21904K(22464K)
[359.602s][info][gc             ] GC(300) Pause Young (Prepare Mixed) (G1 Humongous Allocation) (Evacuation Failure: Allocation) 2764M->2280M(2868M) 8.911ms
[359.602s][info][gc,cpu         ] GC(300) User=0.03s Sys=0.00s Real=0.01s
[360.139s][info][gc,start       ] GC(301) Pause Young (Mixed) (G1 Humongous Allocation)
[360.139s][info][gc,task        ] GC(301) Using 4 workers of 4 for evacuation
[360.148s][info][gc,phases      ] GC(301)   Pre Evacuate Collection Set: 0.28ms
[360.148s][info][gc,phases      ] GC(301)   Merge Heap Roots: 0.11ms
[360.148s][info][gc,phases      ] GC(301)   Evacuate Collection Set: 3.94ms
[360.148s][info][gc,phases      ] GC(301)   Post Evacuate Collection Set: 4.52ms
[360.148s][info][gc,phases      ] GC(301)   Other: 0.07ms
[360.148s][info][gc,heap        ] GC(301) Eden regions: 114->0(85)
[360.148s][info][gc,heap        ] GC(301) Survivor regions: 21->7(23)
[360.148s][info][gc,heap        ] GC(301) Old regions: 610->720
[360.148s][info][gc,heap        ] GC(301) Humongous regions: 666->549
[360.148s][info][gc,metaspace   ] GC(301) Metaspace: 100277K(101632K)->100277K(101632K) NonClass: 78373K(79168K)->78373K(79168K) Class: 21904K(22464K)->21904K(22464K)
[360.148s][info][gc             ] GC(301) Pause Young (Mixed) (G1 Humongous Allocation) (Evacuation Failure: Allocation) 2820M->2550M(2868M) 9.014ms
[360.148s][info][gc,cpu         ] GC(301) User=0.03s Sys=0.01s Real=0.01s
[360.148s][info][gc,start       ] GC(302) Pause Young (Concurrent Start) (G1 Humongous Allocation)
[360.148s][info][gc,task        ] GC(302) Using 4 workers of 4 for evacuation
[360.154s][info][gc,phases      ] GC(302)   Pre Evacuate Collection Set: 0.27ms
[360.155s][info][gc,phases      ] GC(302)   Merge Heap Roots: 0.07ms
[360.155s][info][gc,phases      ] GC(302)   Evacuate Collection Set: 5.45ms
[360.155s][info][gc,phases      ] GC(302)   Post Evacuate Collection Set: 0.59ms
[360.155s][info][gc,phases      ] GC(302)   Other: 0.05ms
[360.155s][info][gc,heap        ] GC(302) Eden regions: 2->0(309)
[360.155s][info][gc,heap        ] GC(302) Survivor regions: 7->2(12)
[360.155s][info][gc,heap        ] GC(302) Old regions: 720->439
[360.155s][info][gc,heap        ] GC(302) Humongous regions: 552->550
[360.155s][info][gc,metaspace   ] GC(302) Metaspace: 100277K(101632K)->100277K(101632K) NonClass: 78373K(79168K)->78373K(79168K) Class: 21904K(22464K)->21904K(22464K)
[360.155s][info][gc             ] GC(302) Pause Young (Concurrent Start) (G1 Humongous Allocation) 2560M->1980M(2868M) 6.503ms
[360.155s][info][gc             ] GC(303) Concurrent Mark Cycle
[360.155s][info][gc,marking     ] GC(303) Concurrent Scan Root Regions
[360.155s][info][gc,cpu         ] GC(302) User=0.02s Sys=0.00s Real=0.01s
[360.160s][info][gc,marking     ] GC(303) Concurrent Scan Root Regions 5.889ms
[360.160s][info][gc,marking     ] GC(303) Concurrent Mark
[360.160s][info][gc,marking     ] GC(303) Concurrent Mark From Roots
[360.160s][info][gc,task        ] GC(303) Using 1 workers of 1 for marking
[360.206s][info][gc,marking     ] GC(303) Concurrent Mark From Roots 45.725ms
[360.206s][info][gc,marking     ] GC(303) Concurrent Preclean
[360.206s][info][gc,marking     ] GC(303) Concurrent Preclean 0.111ms
[360.206s][info][gc,start       ] GC(303) Pause Remark
[360.209s][info][gc             ] GC(303) Pause Remark 2126M->1830M(2868M) 3.096ms
[360.210s][info][gc,cpu         ] GC(303) User=0.01s Sys=0.00s Real=0.00s
[360.210s][info][gc,marking     ] GC(303) Concurrent Mark 49.085ms
[360.210s][info][gc,marking     ] GC(303) Concurrent Rebuild Remembered Sets and Scrub Regions
[360.241s][info][gc,marking     ] GC(303) Concurrent Rebuild Remembered Sets and Scrub Regions 31.617ms
[360.242s][info][gc,start       ] GC(303) Pause Cleanup
[360.242s][info][gc             ] GC(303) Pause Cleanup 1915M->1915M(2868M) 0.096ms
[360.242s][info][gc,cpu         ] GC(303) User=0.00s Sys=0.00s Real=0.00s
[360.242s][info][gc,marking     ] GC(303) Concurrent Clear Claimed Marks
[360.242s][info][gc,marking     ] GC(303) Concurrent Clear Claimed Marks 0.134ms
[360.242s][info][gc,marking     ] GC(303) Concurrent Cleanup for Next Mark
[360.243s][info][gc,marking     ] GC(303) Concurrent Cleanup for Next Mark 1.437ms
[360.243s][info][gc             ] GC(303) Concurrent Mark Cycle 88.774ms
[360.566s][info][gc,start       ] GC(304) Pause Young (Prepare Mixed) (G1 Humongous Allocation)
[360.566s][info][gc,task        ] GC(304) Using 4 workers of 4 for evacuation
[360.574s][info][gc,phases      ] GC(304)   Pre Evacuate Collection Set: 0.34ms
[360.574s][info][gc,phases      ] GC(304)   Merge Heap Roots: 0.11ms
[360.574s][info][gc,phases      ] GC(304)   Evacuate Collection Set: 3.35ms
[360.574s][info][gc,phases      ] GC(304)   Post Evacuate Collection Set: 4.12ms
[360.574s][info][gc,phases      ] GC(304)   Other: 0.06ms
[360.574s][info][gc,heap        ] GC(304) Eden regions: 205->0(203)
[360.574s][info][gc,heap        ] GC(304) Survivor regions: 2->11(12)
[360.574s][info][gc,heap        ] GC(304) Old regions: 416->622
[360.574s][info][gc,heap        ] GC(304) Humongous regions: 799->525
[360.574s][info][gc,metaspace   ] GC(304) Metaspace: 100285K(101632K)->100285K(101632K) NonClass: 78381K(79168K)->78381K(79168K) Class: 21904K(22464K)->21904K(22464K)
[360.574s][info][gc             ] GC(304) Pause Young (Prepare Mixed) (G1 Humongous Allocation) (Evacuation Failure: Allocation) 2842M->2314M(2868M) 8.076ms
[360.574s][info][gc,cpu         ] GC(304) User=0.03s Sys=0.00s Real=0.01s
[361.071s][info][gc,start       ] GC(305) Pause Young (Mixed) (G1 Humongous Allocation)
[361.071s][info][gc,task        ] GC(305) Using 4 workers of 4 for evacuation
[361.078s][info][gc,phases      ] GC(305)   Pre Evacuate Collection Set: 0.20ms
[361.078s][info][gc,phases      ] GC(305)   Merge Heap Roots: 0.11ms
[361.078s][info][gc,phases      ] GC(305)   Evacuate Collection Set: 3.51ms
[361.078s][info][gc,phases      ] GC(305)   Post Evacuate Collection Set: 3.39ms
[361.078s][info][gc,phases      ] GC(305)   Other: 0.05ms
[361.078s][info][gc,heap        ] GC(305) Eden regions: 75->0(71)
[361.078s][info][gc,heap        ] GC(305) Survivor regions: 11->12(17)
[361.078s][info][gc,heap        ] GC(305) Old regions: 622->708
[361.078s][info][gc,heap        ] GC(305) Humongous regions: 709->579
[361.078s][info][gc,metaspace   ] GC(305) Metaspace: 100292K(101632K)->100292K(101632K) NonClass: 78388K(79168K)->78388K(79168K) Class: 21904K(22464K)->21904K(22464K)
[361.078s][info][gc             ] GC(305) Pause Young (Mixed) (G1 Humongous Allocation) (Evacuation Failure: Allocation) 2831M->2596M(2868M) 7.363ms
[361.078s][info][gc,cpu         ] GC(305) User=0.02s Sys=0.00s Real=0.01s
[361.079s][info][gc,start       ] GC(306) Pause Young (Concurrent Start) (G1 Humongous Allocation)
[361.079s][info][gc,task        ] GC(306) Using 4 workers of 4 for evacuation
[361.086s][info][gc,phases      ] GC(306)   Pre Evacuate Collection Set: 0.21ms
[361.086s][info][gc,phases      ] GC(306)   Merge Heap Roots: 0.07ms
[361.086s][info][gc,phases      ] GC(306)   Evacuate Collection Set: 6.16ms
[361.086s][info][gc,phases      ] GC(306)   Post Evacuate Collection Set: 0.50ms
[361.086s][info][gc,phases      ] GC(306)   Other: 0.05ms
[361.086s][info][gc,heap        ] GC(306) Eden regions: 3->0(157)
[361.086s][info][gc,heap        ] GC(306) Survivor regions: 12->2(11)
[361.086s][info][gc,heap        ] GC(306) Old regions: 708->592
[361.086s][info][gc,heap        ] GC(306) Humongous regions: 582->570
[361.086s][info][gc,metaspace   ] GC(306) Metaspace: 100292K(101632K)->100292K(101632K) NonClass: 78388K(79168K)->78388K(79168K) Class: 21904K(22464K)->21904K(22464K)
[361.086s][info][gc             ] GC(306) Pause Young (Concurrent Start) (G1 Humongous Allocation) 2607M->2325M(2868M) 7.073ms
[361.086s][info][gc             ] GC(307) Concurrent Mark Cycle
[361.086s][info][gc,marking     ] GC(307) Concurrent Scan Root Regions
[361.086s][info][gc,cpu         ] GC(306) User=0.03s Sys=0.00s Real=0.01s
[361.095s][info][gc,marking     ] GC(307) Concurrent Scan Root Regions 9.337ms
[361.095s][info][gc,marking     ] GC(307) Concurrent Mark
[361.095s][info][gc,marking     ] GC(307) Concurrent Mark From Roots
[361.095s][info][gc,task        ] GC(307) Using 1 workers of 1 for marking
[361.143s][info][gc,marking     ] GC(307) Concurrent Mark From Roots 47.858ms
[361.143s][info][gc,marking     ] GC(307) Concurrent Preclean
[361.143s][info][gc,marking     ] GC(307) Concurrent Preclean 0.127ms
[361.144s][info][gc,start       ] GC(307) Pause Remark
[361.146s][info][gc             ] GC(307) Pause Remark 2402M->2074M(2868M) 2.463ms
[361.146s][info][gc,cpu         ] GC(307) User=0.00s Sys=0.00s Real=0.00s
[361.146s][info][gc,marking     ] GC(307) Concurrent Mark 51.131ms
[361.146s][info][gc,marking     ] GC(307) Concurrent Rebuild Remembered Sets and Scrub Regions
[361.179s][info][gc,marking     ] GC(307) Concurrent Rebuild Remembered Sets and Scrub Regions 33.269ms
[361.180s][info][gc,start       ] GC(307) Pause Cleanup
[361.180s][info][gc             ] GC(307) Pause Cleanup 2120M->2120M(2868M) 0.101ms
[361.180s][info][gc,cpu         ] GC(307) User=0.00s Sys=0.00s Real=0.00s
[361.180s][info][gc,marking     ] GC(307) Concurrent Clear Claimed Marks
[361.180s][info][gc,marking     ] GC(307) Concurrent Clear Claimed Marks 0.116ms
[361.180s][info][gc,marking     ] GC(307) Concurrent Cleanup for Next Mark
[361.181s][info][gc,marking     ] GC(307) Concurrent Cleanup for Next Mark 1.428ms
[361.181s][info][gc             ] GC(307) Concurrent Mark Cycle 95.567ms
[361.594s][info][gc,start       ] GC(308) Pause Young (Prepare Mixed) (G1 Evacuation Pause)
[361.594s][info][gc,task        ] GC(308) Using 4 workers of 4 for evacuation
[361.606s][info][gc,phases      ] GC(308)   Pre Evacuate Collection Set: 0.35ms
[361.606s][info][gc,phases      ] GC(308)   Merge Heap Roots: 0.17ms
[361.606s][info][gc,phases      ] GC(308)   Evacuate Collection Set: 7.53ms
[361.606s][info][gc,phases      ] GC(308)   Post Evacuate Collection Set: 4.20ms
[361.606s][info][gc,phases      ] GC(308)   Other: 0.07ms
[361.606s][info][gc,heap        ] GC(308) Eden regions: 157->0(110)
[361.606s][info][gc,heap        ] GC(308) Survivor regions: 2->20(20)
[361.606s][info][gc,heap        ] GC(308) Old regions: 563->741
[361.606s][info][gc,heap        ] GC(308) Humongous regions: 650->490
[361.606s][info][gc,metaspace   ] GC(308) Metaspace: 100292K(101632K)->100292K(101632K) NonClass: 78388K(79168K)->78388K(79168K) Class: 21904K(22464K)->21904K(22464K)
[361.606s][info][gc             ] GC(308) Pause Young (Prepare Mixed) (G1 Evacuation Pause) (Evacuation Failure: Allocation) 2741M->2501M(2868M) 12.448ms
[361.606s][info][gc,cpu         ] GC(308) User=0.05s Sys=0.00s Real=0.01s
[361.751s][info][gc,start       ] GC(309) Pause Young (Mixed) (G1 Humongous Allocation)
[361.751s][info][gc,task        ] GC(309) Using 4 workers of 4 for evacuation
[361.760s][info][gc,phases      ] GC(309)   Pre Evacuate Collection Set: 0.27ms
[361.760s][info][gc,phases      ] GC(309)   Merge Heap Roots: 0.10ms
[361.760s][info][gc,phases      ] GC(309)   Evacuate Collection Set: 4.05ms
[361.760s][info][gc,phases      ] GC(309)   Post Evacuate Collection Set: 4.82ms
[361.760s][info][gc,phases      ] GC(309)   Other: 0.06ms
[361.760s][info][gc,heap        ] GC(309) Eden regions: 88->0(64)
[361.760s][info][gc,heap        ] GC(309) Survivor regions: 20->7(17)
[361.760s][info][gc,heap        ] GC(309) Old regions: 741->853
[361.760s][info][gc,heap        ] GC(309) Humongous regions: 561->499
[361.760s][info][gc,metaspace   ] GC(309) Metaspace: 100292K(101632K)->100292K(101632K) NonClass: 78388K(79168K)->78388K(79168K) Class: 21904K(22464K)->21904K(22464K)
[361.760s][info][gc             ] GC(309) Pause Young (Mixed) (G1 Humongous Allocation) (Evacuation Failure: Allocation) 2819M->2717M(2868M) 9.400ms
[361.760s][info][gc,cpu         ] GC(309) User=0.03s Sys=0.00s Real=0.01s
[361.761s][info][gc,start       ] GC(310) Pause Young (Concurrent Start) (G1 Humongous Allocation)
[361.761s][info][gc,task        ] GC(310) Using 4 workers of 4 for evacuation
[361.767s][info][gc,phases      ] GC(310)   Pre Evacuate Collection Set: 0.20ms
[361.767s][info][gc,phases      ] GC(310)   Merge Heap Roots: 0.08ms
[361.767s][info][gc,phases      ] GC(310)   Evacuate Collection Set: 5.85ms
[361.767s][info][gc,phases      ] GC(310)   Post Evacuate Collection Set: 0.52ms
[361.767s][info][gc,phases      ] GC(310)   Other: 0.08ms
[361.767s][info][gc,heap        ] GC(310) Eden regions: 3->0(213)
[361.767s][info][gc,heap        ] GC(310) Survivor regions: 7->2(9)
[361.767s][info][gc,heap        ] GC(310) Old regions: 853->583
[361.767s][info][gc,heap        ] GC(310) Humongous regions: 502->500
[361.767s][info][gc,metaspace   ] GC(310) Metaspace: 100292K(101632K)->100292K(101632K) NonClass: 78388K(79168K)->78388K(79168K) Class: 21904K(22464K)->21904K(22464K)
[361.767s][info][gc             ] GC(310) Pause Young (Concurrent Start) (G1 Humongous Allocation) 2727M->2169M(2868M) 6.791ms
[361.767s][info][gc             ] GC(311) Concurrent Mark Cycle
[361.767s][info][gc,marking     ] GC(311) Concurrent Scan Root Regions
[361.767s][info][gc,cpu         ] GC(310) User=0.03s Sys=0.00s Real=0.01s
[361.778s][info][gc,marking     ] GC(311) Concurrent Scan Root Regions 10.421ms
[361.778s][info][gc,marking     ] GC(311) Concurrent Mark
[361.778s][info][gc,marking     ] GC(311) Concurrent Mark From Roots
[361.778s][info][gc,task        ] GC(311) Using 1 workers of 1 for marking
[361.828s][info][gc,marking     ] GC(311) Concurrent Mark From Roots 50.345ms
[361.828s][info][gc,marking     ] GC(311) Concurrent Preclean
[361.828s][info][gc,marking     ] GC(311) Concurrent Preclean 0.113ms
[361.828s][info][gc,start       ] GC(311) Pause Remark
[361.832s][info][gc             ] GC(311) Pause Remark 2574M->2312M(2868M) 3.941ms
[361.832s][info][gc,cpu         ] GC(311) User=0.01s Sys=0.00s Real=0.01s
[361.832s][info][gc,marking     ] GC(311) Concurrent Mark 54.573ms
[361.832s][info][gc,marking     ] GC(311) Concurrent Rebuild Remembered Sets and Scrub Regions
[361.863s][info][gc,marking     ] GC(311) Concurrent Rebuild Remembered Sets and Scrub Regions 30.482ms
[361.863s][info][gc,start       ] GC(311) Pause Cleanup
[361.863s][info][gc             ] GC(311) Pause Cleanup 2361M->2361M(2868M) 0.099ms
[361.863s][info][gc,cpu         ] GC(311) User=0.00s Sys=0.00s Real=0.00s
[361.863s][info][gc,marking     ] GC(311) Concurrent Clear Claimed Marks
[361.863s][info][gc,marking     ] GC(311) Concurrent Clear Claimed Marks 0.123ms
[361.863s][info][gc,marking     ] GC(311) Concurrent Cleanup for Next Mark
[361.865s][info][gc,marking     ] GC(311) Concurrent Cleanup for Next Mark 1.592ms
[361.865s][info][gc             ] GC(311) Concurrent Mark Cycle 97.533ms
[362.174s][info][gc,start       ] GC(312) Pause Young (Prepare Mixed) (G1 Humongous Allocation)
[362.174s][info][gc,task        ] GC(312) Using 4 workers of 4 for evacuation
[362.179s][info][gc,phases      ] GC(312)   Pre Evacuate Collection Set: 0.16ms
[362.179s][info][gc,phases      ] GC(312)   Merge Heap Roots: 0.09ms
[362.179s][info][gc,phases      ] GC(312)   Evacuate Collection Set: 3.40ms
[362.179s][info][gc,phases      ] GC(312)   Post Evacuate Collection Set: 0.86ms
[362.179s][info][gc,phases      ] GC(312)   Other: 0.14ms
[362.179s][info][gc,heap        ] GC(312) Eden regions: 65->0(248)
[362.179s][info][gc,heap        ] GC(312) Survivor regions: 2->27(27)
[362.179s][info][gc,heap        ] GC(312) Old regions: 542->469
[362.179s][info][gc,heap        ] GC(312) Humongous regions: 772->507
[362.179s][info][gc,metaspace   ] GC(312) Metaspace: 100292K(101632K)->100292K(101632K) NonClass: 78388K(79168K)->78388K(79168K) Class: 21904K(22464K)->21904K(22464K)
[362.179s][info][gc             ] GC(312) Pause Young (Prepare Mixed) (G1 Humongous Allocation) 2760M->2004M(2868M) 4.797ms
[362.179s][info][gc,cpu         ] GC(312) User=0.01s Sys=0.00s Real=0.00s
[362.997s][info][gc,start       ] GC(313) Pause Young (Mixed) (G1 Humongous Allocation)
[362.997s][info][gc,task        ] GC(313) Using 4 workers of 4 for evacuation
[363.007s][info][gc,phases      ] GC(313)   Pre Evacuate Collection Set: 0.31ms
[363.007s][info][gc,phases      ] GC(313)   Merge Heap Roots: 0.11ms
[363.007s][info][gc,phases      ] GC(313)   Evacuate Collection Set: 4.42ms
[363.007s][info][gc,phases      ] GC(313)   Post Evacuate Collection Set: 4.85ms
[363.007s][info][gc,phases      ] GC(313)   Other: 0.10ms
[363.007s][info][gc,heap        ] GC(313) Eden regions: 191->0(164)
[363.007s][info][gc,heap        ] GC(313) Survivor regions: 27->5(12)
[363.007s][info][gc,heap        ] GC(313) Old regions: 469->633
[363.007s][info][gc,heap        ] GC(313) Humongous regions: 735->533
[363.007s][info][gc,metaspace   ] GC(313) Metaspace: 100292K(101632K)->100292K(101632K) NonClass: 78388K(79168K)->78388K(79168K) Class: 21904K(22464K)->21904K(22464K)
[363.007s][info][gc             ] GC(313) Pause Young (Mixed) (G1 Humongous Allocation) (Evacuation Failure: Allocation) 2841M->2341M(2868M) 9.911ms
[363.007s][info][gc,cpu         ] GC(313) User=0.03s Sys=0.00s Real=0.01s
[363.008s][info][gc,start       ] GC(314) Pause Young (Concurrent Start) (G1 Humongous Allocation)
[363.008s][info][gc,task        ] GC(314) Using 4 workers of 4 for evacuation
[363.015s][info][gc,phases      ] GC(314)   Pre Evacuate Collection Set: 0.27ms
[363.015s][info][gc,phases      ] GC(314)   Merge Heap Roots: 0.10ms
[363.015s][info][gc,phases      ] GC(314)   Evacuate Collection Set: 6.30ms
[363.015s][info][gc,phases      ] GC(314)   Post Evacuate Collection Set: 0.75ms
[363.015s][info][gc,phases      ] GC(314)   Other: 0.06ms
[363.015s][info][gc,heap        ] GC(314) Eden regions: 2->0(257)
[363.015s][info][gc,heap        ] GC(314) Survivor regions: 5->7(22)
[363.015s][info][gc,heap        ] GC(314) Old regions: 633->467
[363.015s][info][gc,heap        ] GC(314) Humongous regions: 535->534
[363.015s][info][gc,metaspace   ] GC(314) Metaspace: 100292K(101632K)->100292K(101632K) NonClass: 78388K(79168K)->78388K(79168K) Class: 21904K(22464K)->21904K(22464K)
[363.015s][info][gc             ] GC(314) Pause Young (Concurrent Start) (G1 Humongous Allocation) 2348M->2014M(2868M) 7.570ms
[363.015s][info][gc,cpu         ] GC(314) User=0.03s Sys=0.00s Real=0.01s
[363.015s][info][gc             ] GC(315) Concurrent Mark Cycle
[363.015s][info][gc,marking     ] GC(315) Concurrent Scan Root Regions
[363.024s][info][gc,marking     ] GC(315) Concurrent Scan Root Regions 8.213ms
[363.024s][info][gc,marking     ] GC(315) Concurrent Mark
[363.024s][info][gc,marking     ] GC(315) Concurrent Mark From Roots
[363.024s][info][gc,task        ] GC(315) Using 1 workers of 1 for marking
[363.079s][info][gc,marking     ] GC(315) Concurrent Mark From Roots 55.100ms
[363.079s][info][gc,marking     ] GC(315) Concurrent Preclean
[363.079s][info][gc,marking     ] GC(315) Concurrent Preclean 0.111ms
[363.080s][info][gc,start       ] GC(315) Pause Remark
[363.082s][info][gc             ] GC(315) Pause Remark 2218M->1966M(2868M) 2.633ms
[363.082s][info][gc,cpu         ] GC(315) User=0.01s Sys=0.00s Real=0.01s
[363.082s][info][gc,marking     ] GC(315) Concurrent Mark 58.888ms
[363.082s][info][gc,marking     ] GC(315) Concurrent Rebuild Remembered Sets and Scrub Regions
[363.113s][info][gc,marking     ] GC(315) Concurrent Rebuild Remembered Sets and Scrub Regions 30.181ms
[363.113s][info][gc,start       ] GC(315) Pause Cleanup
[363.113s][info][gc             ] GC(315) Pause Cleanup 2003M->2003M(2868M) 0.098ms
[363.113s][info][gc,cpu         ] GC(315) User=0.00s Sys=0.00s Real=0.00s
[363.113s][info][gc,marking     ] GC(315) Concurrent Clear Claimed Marks
[363.113s][info][gc,marking     ] GC(315) Concurrent Clear Claimed Marks 0.123ms
[363.113s][info][gc,marking     ] GC(315) Concurrent Cleanup for Next Mark
[363.115s][info][gc,marking     ] GC(315) Concurrent Cleanup for Next Mark 1.544ms
[363.115s][info][gc             ] GC(315) Concurrent Mark Cycle 99.282ms
[363.376s][info][gc,start       ] GC(316) Pause Young (Prepare Mixed) (G1 Humongous Allocation)
[363.376s][info][gc,task        ] GC(316) Using 4 workers of 4 for evacuation
[363.385s][info][gc,phases      ] GC(316)   Pre Evacuate Collection Set: 0.21ms
[363.385s][info][gc,phases      ] GC(316)   Merge Heap Roots: 0.12ms
[363.385s][info][gc,phases      ] GC(316)   Evacuate Collection Set: 6.87ms
[363.385s][info][gc,phases      ] GC(316)   Post Evacuate Collection Set: 1.96ms
[363.385s][info][gc,phases      ] GC(316)   Other: 0.08ms
[363.385s][info][gc,heap        ] GC(316) Eden regions: 135->0(196)
[363.385s][info][gc,heap        ] GC(316) Survivor regions: 7->33(33)
[363.385s][info][gc,heap        ] GC(316) Old regions: 456->550
[363.385s][info][gc,heap        ] GC(316) Humongous regions: 759->509
[363.385s][info][gc,metaspace   ] GC(316) Metaspace: 100293K(101632K)->100293K(101632K) NonClass: 78388K(79168K)->78388K(79168K) Class: 21904K(22464K)->21904K(22464K)
[363.385s][info][gc             ] GC(316) Pause Young (Prepare Mixed) (G1 Humongous Allocation) (Evacuation Failure: Allocation) 2711M->2183M(2868M) 9.346ms
[363.385s][info][gc,cpu         ] GC(316) User=0.04s Sys=0.00s Real=0.01s
[364.039s][info][gc,start       ] GC(317) Pause Young (Mixed) (G1 Humongous Allocation)
[364.039s][info][gc,task        ] GC(317) Using 4 workers of 4 for evacuation
[364.047s][info][gc,phases      ] GC(317)   Pre Evacuate Collection Set: 0.31ms
[364.047s][info][gc,phases      ] GC(317)   Merge Heap Roots: 0.11ms
[364.047s][info][gc,phases      ] GC(317)   Evacuate Collection Set: 3.75ms
[364.047s][info][gc,phases      ] GC(317)   Post Evacuate Collection Set: 3.75ms
[364.047s][info][gc,phases      ] GC(317)   Other: 0.07ms
[364.047s][info][gc,heap        ] GC(317) Eden regions: 103->0(114)
[364.047s][info][gc,heap        ] GC(317) Survivor regions: 33->10(29)
[364.047s][info][gc,heap        ] GC(317) Old regions: 550->684
[364.047s][info][gc,heap        ] GC(317) Humongous regions: 713->549
[364.047s][info][gc,metaspace   ] GC(317) Metaspace: 100308K(101632K)->100308K(101632K) NonClass: 78404K(79168K)->78404K(79168K) Class: 21904K(22464K)->21904K(22464K)
[364.047s][info][gc             ] GC(317) Pause Young (Mixed) (G1 Humongous Allocation) (Evacuation Failure: Allocation) 2796M->2485M(2868M) 8.098ms
[364.047s][info][gc,cpu         ] GC(317) User=0.03s Sys=0.00s Real=0.01s
[364.048s][info][gc,start       ] GC(318) Pause Young (Concurrent Start) (G1 Humongous Allocation)
[364.048s][info][gc,task        ] GC(318) Using 4 workers of 4 for evacuation
[364.053s][info][gc,phases      ] GC(318)   Pre Evacuate Collection Set: 0.25ms
[364.053s][info][gc,phases      ] GC(318)   Merge Heap Roots: 0.08ms
[364.053s][info][gc,phases      ] GC(318)   Evacuate Collection Set: 4.29ms
[364.053s][info][gc,phases      ] GC(318)   Post Evacuate Collection Set: 0.61ms
[364.053s][info][gc,phases      ] GC(318)   Other: 0.06ms
[364.053s][info][gc,heap        ] GC(318) Eden regions: 3->0(253)
[364.053s][info][gc,heap        ] GC(318) Survivor regions: 10->2(16)
[364.053s][info][gc,heap        ] GC(318) Old regions: 684->460
[364.053s][info][gc,heap        ] GC(318) Humongous regions: 552->550
[364.053s][info][gc,metaspace   ] GC(318) Metaspace: 100308K(101632K)->100308K(101632K) NonClass: 78404K(79168K)->78404K(79168K) Class: 21904K(22464K)->21904K(22464K)
[364.053s][info][gc             ] GC(318) Pause Young (Concurrent Start) (G1 Humongous Allocation) 2497M->2021M(2868M) 5.381ms
[364.053s][info][gc             ] GC(319) Concurrent Mark Cycle
[364.053s][info][gc,marking     ] GC(319) Concurrent Scan Root Regions
[364.053s][info][gc,cpu         ] GC(318) User=0.02s Sys=0.00s Real=0.01s
[364.058s][info][gc,marking     ] GC(319) Concurrent Scan Root Regions 5.006ms
[364.058s][info][gc,marking     ] GC(319) Concurrent Mark
[364.058s][info][gc,marking     ] GC(319) Concurrent Mark From Roots
[364.058s][info][gc,task        ] GC(319) Using 1 workers of 1 for marking
[364.103s][info][gc,marking     ] GC(319) Concurrent Mark From Roots 44.637ms
[364.103s][info][gc,marking     ] GC(319) Concurrent Preclean
[364.103s][info][gc,marking     ] GC(319) Concurrent Preclean 0.119ms
[364.103s][info][gc,start       ] GC(319) Pause Remark
[364.106s][info][gc             ] GC(319) Pause Remark 2136M->1748M(2868M) 2.820ms
[364.106s][info][gc,cpu         ] GC(319) User=0.01s Sys=0.00s Real=0.00s
[364.106s][info][gc,marking     ] GC(319) Concurrent Mark 47.689ms
[364.106s][info][gc,marking     ] GC(319) Concurrent Rebuild Remembered Sets and Scrub Regions
[364.131s][info][gc,marking     ] GC(319) Concurrent Rebuild Remembered Sets and Scrub Regions 24.999ms
[364.131s][info][gc,start       ] GC(319) Pause Cleanup
[364.131s][info][gc             ] GC(319) Pause Cleanup 1758M->1758M(2868M) 0.073ms
[364.131s][info][gc,cpu         ] GC(319) User=0.00s Sys=0.00s Real=0.00s
[364.131s][info][gc,marking     ] GC(319) Concurrent Clear Claimed Marks
[364.131s][info][gc,marking     ] GC(319) Concurrent Clear Claimed Marks 0.113ms
[364.131s][info][gc,marking     ] GC(319) Concurrent Cleanup for Next Mark
[364.132s][info][gc,marking     ] GC(319) Concurrent Cleanup for Next Mark 1.183ms
[364.132s][info][gc             ] GC(319) Concurrent Mark Cycle 79.194ms
[364.576s][info][gc,start       ] GC(320) Pause Young (Prepare Mixed) (G1 Humongous Allocation)
[364.576s][info][gc,task        ] GC(320) Using 4 workers of 4 for evacuation
[364.585s][info][gc,phases      ] GC(320)   Pre Evacuate Collection Set: 0.20ms
[364.585s][info][gc,phases      ] GC(320)   Merge Heap Roots: 0.12ms
[364.585s][info][gc,phases      ] GC(320)   Evacuate Collection Set: 6.65ms
[364.585s][info][gc,phases      ] GC(320)   Post Evacuate Collection Set: 2.41ms
[364.585s][info][gc,phases      ] GC(320)   Other: 0.07ms
[364.585s][info][gc,heap        ] GC(320) Eden regions: 224->0(199)
[364.585s][info][gc,heap        ] GC(320) Survivor regions: 2->32(32)
[364.585s][info][gc,heap        ] GC(320) Old regions: 411->552
[364.585s][info][gc,heap        ] GC(320) Humongous regions: 732->516
[364.585s][info][gc,metaspace   ] GC(320) Metaspace: 100308K(101632K)->100308K(101632K) NonClass: 78404K(79168K)->78404K(79168K) Class: 21904K(22464K)->21904K(22464K)
[364.585s][info][gc             ] GC(320) Pause Young (Prepare Mixed) (G1 Humongous Allocation) (Evacuation Failure: Allocation) 2735M->2199M(2868M) 9.549ms
[364.585s][info][gc,cpu         ] GC(320) User=0.04s Sys=0.00s Real=0.01s
[364.912s][info][gc,start       ] GC(321) Pause Young (Mixed) (G1 Humongous Allocation)
[364.912s][info][gc,task        ] GC(321) Using 4 workers of 4 for evacuation
[364.918s][info][gc,phases      ] GC(321)   Pre Evacuate Collection Set: 0.19ms
[364.918s][info][gc,phases      ] GC(321)   Merge Heap Roots: 0.07ms
[364.918s][info][gc,phases      ] GC(321)   Evacuate Collection Set: 3.75ms
[364.918s][info][gc,phases      ] GC(321)   Post Evacuate Collection Set: 2.78ms
[364.918s][info][gc,phases      ] GC(321)   Other: 0.05ms
[364.918s][info][gc,heap        ] GC(321) Eden regions: 55->0(196)
[364.918s][info][gc,heap        ] GC(321) Survivor regions: 32->7(29)
[364.918s][info][gc,heap        ] GC(321) Old regions: 552->568
[364.918s][info][gc,heap        ] GC(321) Humongous regions: 764->534
[364.918s][info][gc,metaspace   ] GC(321) Metaspace: 100308K(101632K)->100308K(101632K) NonClass: 78404K(79168K)->78404K(79168K) Class: 21904K(22464K)->21904K(22464K)
[364.918s][info][gc             ] GC(321) Pause Young (Mixed) (G1 Humongous Allocation) (Evacuation Failure: Allocation) 2804M->2217M(2868M) 6.949ms
[364.919s][info][gc,cpu         ] GC(321) User=0.03s Sys=0.00s Real=0.00s
[364.920s][info][gc,start       ] GC(322) Pause Young (Concurrent Start) (G1 Humongous Allocation)
[364.920s][info][gc,task        ] GC(322) Using 4 workers of 4 for evacuation
[364.924s][info][gc,phases      ] GC(322)   Pre Evacuate Collection Set: 0.22ms
[364.924s][info][gc,phases      ] GC(322)   Merge Heap Roots: 0.05ms
[364.924s][info][gc,phases      ] GC(322)   Evacuate Collection Set: 3.58ms
[364.924s][info][gc,phases      ] GC(322)   Post Evacuate Collection Set: 0.51ms
[364.924s][info][gc,phases      ] GC(322)   Other: 0.05ms
[364.924s][info][gc,heap        ] GC(322) Eden regions: 2->0(309)
[364.924s][info][gc,heap        ] GC(322) Survivor regions: 7->9(26)
[364.924s][info][gc,heap        ] GC(322) Old regions: 568->381
[364.924s][info][gc,heap        ] GC(322) Humongous regions: 537->535
[364.924s][info][gc,metaspace   ] GC(322) Metaspace: 100308K(101632K)->100308K(101632K) NonClass: 78404K(79168K)->78404K(79168K) Class: 21904K(22464K)->21904K(22464K)
[364.924s][info][gc             ] GC(322) Pause Young (Concurrent Start) (G1 Humongous Allocation) 2227M->1847M(2868M) 4.481ms
[364.924s][info][gc             ] GC(323) Concurrent Mark Cycle
[364.924s][info][gc,marking     ] GC(323) Concurrent Scan Root Regions
[364.924s][info][gc,cpu         ] GC(322) User=0.01s Sys=0.00s Real=0.01s
[364.929s][info][gc,marking     ] GC(323) Concurrent Scan Root Regions 4.744ms
[364.929s][info][gc,marking     ] GC(323) Concurrent Mark
[364.929s][info][gc,marking     ] GC(323) Concurrent Mark From Roots
[364.929s][info][gc,task        ] GC(323) Using 1 workers of 1 for marking
[364.979s][info][gc,marking     ] GC(323) Concurrent Mark From Roots 49.859ms
[364.979s][info][gc,marking     ] GC(323) Concurrent Preclean
[364.979s][info][gc,marking     ] GC(323) Concurrent Preclean 0.123ms
[364.979s][info][gc,start       ] GC(323) Pause Remark
[364.982s][info][gc             ] GC(323) Pause Remark 1896M->1608M(2868M) 2.830ms
[364.982s][info][gc,cpu         ] GC(323) User=0.01s Sys=0.00s Real=0.01s
[364.982s][info][gc,marking     ] GC(323) Concurrent Mark 52.932ms
[364.982s][info][gc,marking     ] GC(323) Concurrent Rebuild Remembered Sets and Scrub Regions
[365.011s][info][gc,marking     ] GC(323) Concurrent Rebuild Remembered Sets and Scrub Regions 29.350ms
[365.011s][info][gc,start       ] GC(323) Pause Cleanup
[365.011s][info][gc             ] GC(323) Pause Cleanup 1619M->1619M(2868M) 0.090ms
[365.011s][info][gc,cpu         ] GC(323) User=0.00s Sys=0.00s Real=0.00s
[365.011s][info][gc,marking     ] GC(323) Concurrent Clear Claimed Marks
[365.011s][info][gc,marking     ] GC(323) Concurrent Clear Claimed Marks 0.130ms
[365.011s][info][gc,marking     ] GC(323) Concurrent Cleanup for Next Mark
[365.013s][info][gc,marking     ] GC(323) Concurrent Cleanup for Next Mark 1.480ms
[365.013s][info][gc             ] GC(323) Concurrent Mark Cycle 88.885ms
[365.816s][info][gc,start       ] GC(324) Pause Young (Prepare Mixed) (G1 Humongous Allocation)
[365.816s][info][gc,task        ] GC(324) Using 4 workers of 4 for evacuation
[365.826s][info][gc,phases      ] GC(324)   Pre Evacuate Collection Set: 0.14ms
[365.826s][info][gc,phases      ] GC(324)   Merge Heap Roots: 0.08ms
[365.826s][info][gc,phases      ] GC(324)   Evacuate Collection Set: 6.06ms
[365.826s][info][gc,phases      ] GC(324)   Post Evacuate Collection Set: 3.35ms
[365.826s][info][gc,phases      ] GC(324)   Other: 0.06ms
[365.826s][info][gc,heap        ] GC(324) Eden regions: 274->0(143)
[365.826s][info][gc,heap        ] GC(324) Survivor regions: 9->40(40)
[365.826s][info][gc,heap        ] GC(324) Old regions: 362->648
[365.826s][info][gc,heap        ] GC(324) Humongous regions: 730->504
[365.826s][info][gc,metaspace   ] GC(324) Metaspace: 100310K(101632K)->100310K(101632K) NonClass: 78405K(79168K)->78405K(79168K) Class: 21904K(22464K)->21904K(22464K)
[365.826s][info][gc             ] GC(324) Pause Young (Prepare Mixed) (G1 Humongous Allocation) (Evacuation Failure: Allocation) 2747M->2382M(2868M) 9.789ms
[365.826s][info][gc,cpu         ] GC(324) User=0.04s Sys=0.01s Real=0.01s
[365.876s][info][gc,start       ] GC(325) Pause Young (Mixed) (G1 Humongous Allocation)
[365.876s][info][gc,task        ] GC(325) Using 4 workers of 4 for evacuation
[365.884s][info][gc,phases      ] GC(325)   Pre Evacuate Collection Set: 0.39ms
[365.884s][info][gc,phases      ] GC(325)   Merge Heap Roots: 0.11ms
[365.884s][info][gc,phases      ] GC(325)   Evacuate Collection Set: 6.77ms
[365.884s][info][gc,phases      ] GC(325)   Post Evacuate Collection Set: 0.68ms
[365.884s][info][gc,phases      ] GC(325)   Other: 0.07ms
[365.884s][info][gc,heap        ] GC(325) Eden regions: 32->0(293)
[365.884s][info][gc,heap        ] GC(325) Survivor regions: 40->13(23)
[365.884s][info][gc,heap        ] GC(325) Old regions: 648->403
[365.884s][info][gc,heap        ] GC(325) Humongous regions: 594->538
[365.884s][info][gc,metaspace   ] GC(325) Metaspace: 100313K(101632K)->100313K(101632K) NonClass: 78409K(79168K)->78409K(79168K) Class: 21904K(22464K)->21904K(22464K)
[365.884s][info][gc             ] GC(325) Pause Young (Mixed) (G1 Humongous Allocation) 2625M->1905M(2868M) 8.119ms
[365.884s][info][gc,cpu         ] GC(325) User=0.03s Sys=0.00s Real=0.01s
[365.884s][info][gc,start       ] GC(326) Pause Young (Concurrent Start) (G1 Humongous Allocation)
[365.884s][info][gc,task        ] GC(326) Using 4 workers of 4 for evacuation
[365.886s][info][gc,phases      ] GC(326)   Pre Evacuate Collection Set: 0.18ms
[365.886s][info][gc,phases      ] GC(326)   Merge Heap Roots: 0.07ms
[365.886s][info][gc,phases      ] GC(326)   Evacuate Collection Set: 1.18ms
[365.886s][info][gc,phases      ] GC(326)   Post Evacuate Collection Set: 0.41ms
[365.886s][info][gc,phases      ] GC(326)   Other: 0.04ms
[365.886s][info][gc,heap        ] GC(326) Eden regions: 3->0(307)
[365.886s][info][gc,heap        ] GC(326) Survivor regions: 13->13(39)
[365.886s][info][gc,heap        ] GC(326) Old regions: 403->403
[365.886s][info][gc,heap        ] GC(326) Humongous regions: 546->541
[365.886s][info][gc,metaspace   ] GC(326) Metaspace: 100313K(101632K)->100313K(101632K) NonClass: 78409K(79168K)->78409K(79168K) Class: 21904K(22464K)->21904K(22464K)
[365.886s][info][gc             ] GC(326) Pause Young (Concurrent Start) (G1 Humongous Allocation) 1927M->1911M(2868M) 1.969ms
[365.886s][info][gc,cpu         ] GC(326) User=0.00s Sys=0.00s Real=0.00s
[365.886s][info][gc             ] GC(327) Concurrent Mark Cycle
[365.886s][info][gc,marking     ] GC(327) Concurrent Scan Root Regions
[365.889s][info][gc,marking     ] GC(327) Concurrent Scan Root Regions 2.560ms
[365.889s][info][gc,marking     ] GC(327) Concurrent Mark
[365.889s][info][gc,marking     ] GC(327) Concurrent Mark From Roots
[365.889s][info][gc,task        ] GC(327) Using 1 workers of 1 for marking
[365.934s][info][gc,marking     ] GC(327) Concurrent Mark From Roots 44.657ms
[365.934s][info][gc,marking     ] GC(327) Concurrent Preclean
[365.934s][info][gc,marking     ] GC(327) Concurrent Preclean 0.133ms
[365.934s][info][gc,start       ] GC(327) Pause Remark
[365.936s][info][gc             ] GC(327) Pause Remark 2183M->1437M(2868M) 2.401ms
[365.936s][info][gc,cpu         ] GC(327) User=0.01s Sys=0.00s Real=0.00s
[365.936s][info][gc,marking     ] GC(327) Concurrent Mark 47.323ms
[365.936s][info][gc,marking     ] GC(327) Concurrent Rebuild Remembered Sets and Scrub Regions
[365.955s][info][gc,marking     ] GC(327) Concurrent Rebuild Remembered Sets and Scrub Regions 18.565ms
[365.955s][info][gc,start       ] GC(327) Pause Cleanup
[365.955s][info][gc             ] GC(327) Pause Cleanup 1523M->1523M(2868M) 0.078ms
[365.955s][info][gc,cpu         ] GC(327) User=0.00s Sys=0.00s Real=0.00s
[365.955s][info][gc,marking     ] GC(327) Concurrent Clear Claimed Marks
[365.955s][info][gc,marking     ] GC(327) Concurrent Clear Claimed Marks 0.111ms
[365.955s][info][gc,marking     ] GC(327) Concurrent Cleanup for Next Mark
[365.956s][info][gc,marking     ] GC(327) Concurrent Cleanup for Next Mark 1.219ms
[365.956s][info][gc             ] GC(327) Concurrent Mark Cycle 69.996ms
[366.947s][info][gc,start       ] GC(328) Pause Young (Prepare Mixed) (G1 Humongous Allocation)
[366.947s][info][gc,task        ] GC(328) Using 4 workers of 4 for evacuation
[366.957s][info][gc,phases      ] GC(328)   Pre Evacuate Collection Set: 0.34ms
[366.957s][info][gc,phases      ] GC(328)   Merge Heap Roots: 0.12ms
[366.957s][info][gc,phases      ] GC(328)   Evacuate Collection Set: 6.40ms
[366.957s][info][gc,phases      ] GC(328)   Post Evacuate Collection Set: 2.57ms
[366.957s][info][gc,phases      ] GC(328)   Other: 0.09ms
[366.957s][info][gc,heap        ] GC(328) Eden regions: 251->0(327)
[366.957s][info][gc,heap        ] GC(328) Survivor regions: 13->40(40)
[366.957s][info][gc,heap        ] GC(328) Old regions: 155->327
[366.957s][info][gc,heap        ] GC(328) Humongous regions: 961->559
[366.957s][info][gc,metaspace   ] GC(328) Metaspace: 100314K(101632K)->100314K(101632K) NonClass: 78409K(79168K)->78409K(79168K) Class: 21904K(22464K)->21904K(22464K)
[366.957s][info][gc             ] GC(328) Pause Young (Prepare Mixed) (G1 Humongous Allocation) (Evacuation Failure: Allocation) 2756M->1851M(2868M) 9.614ms
[366.957s][info][gc,cpu         ] GC(328) User=0.04s Sys=0.00s Real=0.01s
[367.224s][info][gc,start       ] GC(329) Pause Young (Mixed) (G1 Humongous Allocation)
[367.224s][info][gc,task        ] GC(329) Using 4 workers of 4 for evacuation
[367.232s][info][gc,phases      ] GC(329)   Pre Evacuate Collection Set: 0.23ms
[367.232s][info][gc,phases      ] GC(329)   Merge Heap Roots: 0.07ms
[367.232s][info][gc,phases      ] GC(329)   Evacuate Collection Set: 3.52ms
[367.232s][info][gc,phases      ] GC(329)   Post Evacuate Collection Set: 3.35ms
[367.232s][info][gc,phases      ] GC(329)   Other: 0.06ms
[367.232s][info][gc,heap        ] GC(329) Eden regions: 126->0(210)
[367.232s][info][gc,heap        ] GC(329) Survivor regions: 40->16(31)
[367.232s][info][gc,heap        ] GC(329) Old regions: 327->472
[367.232s][info][gc,heap        ] GC(329) Humongous regions: 910->627
[367.232s][info][gc,metaspace   ] GC(329) Metaspace: 100314K(101632K)->100314K(101632K) NonClass: 78409K(79168K)->78409K(79168K) Class: 21904K(22464K)->21904K(22464K)
[367.232s][info][gc             ] GC(329) Pause Young (Mixed) (G1 Humongous Allocation) (Evacuation Failure: Allocation) 2804M->2229M(2868M) 7.333ms
[367.232s][info][gc,cpu         ] GC(329) User=0.03s Sys=0.00s Real=0.01s
[367.233s][info][gc,start       ] GC(330) Pause Young (Concurrent Start) (G1 Humongous Allocation)
[367.233s][info][gc,task        ] GC(330) Using 4 workers of 4 for evacuation
[367.240s][info][gc,phases      ] GC(330)   Pre Evacuate Collection Set: 0.21ms
[367.240s][info][gc,phases      ] GC(330)   Merge Heap Roots: 0.07ms
[367.240s][info][gc,phases      ] GC(330)   Evacuate Collection Set: 6.77ms
[367.240s][info][gc,phases      ] GC(330)   Post Evacuate Collection Set: 0.72ms
[367.240s][info][gc,phases      ] GC(330)   Other: 0.05ms
[367.240s][info][gc,heap        ] GC(330) Eden regions: 3->0(392)
[367.240s][info][gc,heap        ] GC(330) Survivor regions: 16->2(29)
[367.240s][info][gc,heap        ] GC(330) Old regions: 472->231
[367.240s][info][gc,heap        ] GC(330) Humongous regions: 635->633
[367.240s][info][gc,metaspace   ] GC(330) Metaspace: 100314K(101632K)->100314K(101632K) NonClass: 78409K(79168K)->78409K(79168K) Class: 21904K(22464K)->21904K(22464K)
[367.240s][info][gc             ] GC(330) Pause Young (Concurrent Start) (G1 Humongous Allocation) 2250M->1730M(2868M) 7.882ms
[367.240s][info][gc,cpu         ] GC(330) User=0.03s Sys=0.00s Real=0.00s
[367.240s][info][gc             ] GC(331) Concurrent Mark Cycle
[367.240s][info][gc,marking     ] GC(331) Concurrent Scan Root Regions
[367.247s][info][gc,marking     ] GC(331) Concurrent Scan Root Regions 6.864ms
[367.247s][info][gc,marking     ] GC(331) Concurrent Mark
[367.247s][info][gc,marking     ] GC(331) Concurrent Mark From Roots
[367.247s][info][gc,task        ] GC(331) Using 1 workers of 1 for marking
[367.292s][info][gc,marking     ] GC(331) Concurrent Mark From Roots 44.440ms
[367.292s][info][gc,marking     ] GC(331) Concurrent Preclean
[367.292s][info][gc,marking     ] GC(331) Concurrent Preclean 0.106ms
[367.292s][info][gc,start       ] GC(331) Pause Remark
[367.294s][info][gc             ] GC(331) Pause Remark 1865M->1379M(2868M) 2.381ms
[367.294s][info][gc,cpu         ] GC(331) User=0.01s Sys=0.00s Real=0.00s
[367.294s][info][gc,marking     ] GC(331) Concurrent Mark 47.093ms
[367.294s][info][gc,marking     ] GC(331) Concurrent Rebuild Remembered Sets and Scrub Regions
[367.316s][info][gc,marking     ] GC(331) Concurrent Rebuild Remembered Sets and Scrub Regions 21.285ms
[367.316s][info][gc,start       ] GC(331) Pause Cleanup
[367.316s][info][gc             ] GC(331) Pause Cleanup 1381M->1381M(2868M) 0.083ms
[367.316s][info][gc,cpu         ] GC(331) User=0.00s Sys=0.00s Real=0.00s
[367.316s][info][gc,marking     ] GC(331) Concurrent Clear Claimed Marks
[367.316s][info][gc,marking     ] GC(331) Concurrent Clear Claimed Marks 0.149ms
[367.316s][info][gc,marking     ] GC(331) Concurrent Cleanup for Next Mark
[367.318s][info][gc,marking     ] GC(331) Concurrent Cleanup for Next Mark 2.262ms
[367.318s][info][gc             ] GC(331) Concurrent Mark Cycle 77.967ms
[368.647s][info][gc,start       ] GC(332) Pause Young (Prepare Mixed) (G1 Humongous Allocation)
[368.647s][info][gc,task        ] GC(332) Using 4 workers of 4 for evacuation
[368.653s][info][gc,phases      ] GC(332)   Pre Evacuate Collection Set: 0.15ms
[368.653s][info][gc,phases      ] GC(332)   Merge Heap Roots: 0.08ms
[368.653s][info][gc,phases      ] GC(332)   Evacuate Collection Set: 2.82ms
[368.653s][info][gc,phases      ] GC(332)   Post Evacuate Collection Set: 3.66ms
[368.653s][info][gc,phases      ] GC(332)   Other: 0.06ms
[368.653s][info][gc,heap        ] GC(332) Eden regions: 343->0(287)
[368.653s][info][gc,heap        ] GC(332) Survivor regions: 2->8(8)
[368.653s][info][gc,heap        ] GC(332) Old regions: 198->478
[368.653s][info][gc,heap        ] GC(332) Humongous regions: 883->555
[368.653s][info][gc,metaspace   ] GC(332) Metaspace: 100319K(101632K)->100319K(101632K) NonClass: 78414K(79168K)->78414K(79168K) Class: 21904K(22464K)->21904K(22464K)
[368.653s][info][gc             ] GC(332) Pause Young (Prepare Mixed) (G1 Humongous Allocation) (Evacuation Failure: Allocation) 2849M->2080M(2868M) 6.888ms
[368.653s][info][gc,cpu         ] GC(332) User=0.03s Sys=0.00s Real=0.01s
[368.984s][info][gc,start       ] GC(333) Pause Young (Mixed) (G1 Humongous Allocation)
[368.984s][info][gc,task        ] GC(333) Using 4 workers of 4 for evacuation
[368.992s][info][gc,phases      ] GC(333)   Pre Evacuate Collection Set: 0.25ms
[368.992s][info][gc,phases      ] GC(333)   Merge Heap Roots: 0.09ms
[368.992s][info][gc,phases      ] GC(333)   Evacuate Collection Set: 3.56ms
[368.992s][info][gc,phases      ] GC(333)   Post Evacuate Collection Set: 3.21ms
[368.992s][info][gc,phases      ] GC(333)   Other: 0.05ms
[368.992s][info][gc,heap        ] GC(333) Eden regions: 64->0(192)
[368.992s][info][gc,heap        ] GC(333) Survivor regions: 8->16(21)
[368.992s][info][gc,heap        ] GC(333) Old regions: 478->511
[368.992s][info][gc,heap        ] GC(333) Humongous regions: 863->637
[368.992s][info][gc,metaspace   ] GC(333) Metaspace: 100319K(101632K)->100319K(101632K) NonClass: 78414K(79168K)->78414K(79168K) Class: 21904K(22464K)->21904K(22464K)
[368.992s][info][gc             ] GC(333) Pause Young (Mixed) (G1 Humongous Allocation) (Evacuation Failure: Allocation) 2822M->2326M(2868M) 7.253ms
[368.992s][info][gc,cpu         ] GC(333) User=0.03s Sys=0.00s Real=0.01s
[368.993s][info][gc,start       ] GC(334) Pause Young (Concurrent Start) (G1 Humongous Allocation)
[368.993s][info][gc,task        ] GC(334) Using 4 workers of 4 for evacuation
[368.997s][info][gc,phases      ] GC(334)   Pre Evacuate Collection Set: 0.24ms
[368.997s][info][gc,phases      ] GC(334)   Merge Heap Roots: 0.06ms
[368.997s][info][gc,phases      ] GC(334)   Evacuate Collection Set: 3.64ms
[368.997s][info][gc,phases      ] GC(334)   Post Evacuate Collection Set: 0.57ms
[368.997s][info][gc,phases      ] GC(334)   Other: 0.06ms
[368.997s][info][gc,heap        ] GC(334) Eden regions: 2->0(384)
[368.997s][info][gc,heap        ] GC(334) Survivor regions: 16->2(26)
[368.997s][info][gc,heap        ] GC(334) Old regions: 511->218
[368.997s][info][gc,heap        ] GC(334) Humongous regions: 640->640
[368.997s][info][gc,metaspace   ] GC(334) Metaspace: 100319K(101632K)->100319K(101632K) NonClass: 78414K(79168K)->78414K(79168K) Class: 21904K(22464K)->21904K(22464K)
[368.997s][info][gc             ] GC(334) Pause Young (Concurrent Start) (G1 Humongous Allocation) 2336M->1718M(2868M) 4.644ms
[368.997s][info][gc             ] GC(335) Concurrent Mark Cycle
[368.997s][info][gc,marking     ] GC(335) Concurrent Scan Root Regions
[368.997s][info][gc,cpu         ] GC(334) User=0.02s Sys=0.00s Real=0.00s
[369.000s][info][gc,marking     ] GC(335) Concurrent Scan Root Regions 2.796ms
[369.000s][info][gc,marking     ] GC(335) Concurrent Mark
[369.000s][info][gc,marking     ] GC(335) Concurrent Mark From Roots
[369.000s][info][gc,task        ] GC(335) Using 1 workers of 1 for marking
[369.040s][info][gc,marking     ] GC(335) Concurrent Mark From Roots 39.827ms
[369.040s][info][gc,marking     ] GC(335) Concurrent Preclean
[369.040s][info][gc,marking     ] GC(335) Concurrent Preclean 0.096ms
[369.040s][info][gc,start       ] GC(335) Pause Remark
[369.043s][info][gc             ] GC(335) Pause Remark 1782M->1172M(2868M) 3.138ms
[369.043s][info][gc,cpu         ] GC(335) User=0.01s Sys=0.00s Real=0.01s
[369.043s][info][gc,marking     ] GC(335) Concurrent Mark 43.249ms
[369.043s][info][gc,marking     ] GC(335) Concurrent Rebuild Remembered Sets and Scrub Regions
[369.061s][info][gc,marking     ] GC(335) Concurrent Rebuild Remembered Sets and Scrub Regions 17.246ms
[369.061s][info][gc,start       ] GC(335) Pause Cleanup
[369.061s][info][gc             ] GC(335) Pause Cleanup 1174M->1174M(2868M) 0.064ms
[369.061s][info][gc,cpu         ] GC(335) User=0.00s Sys=0.00s Real=0.00s
[369.061s][info][gc,marking     ] GC(335) Concurrent Clear Claimed Marks
[369.061s][info][gc,marking     ] GC(335) Concurrent Clear Claimed Marks 0.121ms
[369.061s][info][gc,marking     ] GC(335) Concurrent Cleanup for Next Mark
[369.062s][info][gc,marking     ] GC(335) Concurrent Cleanup for Next Mark 1.240ms
[369.062s][info][gc             ] GC(335) Concurrent Mark Cycle 64.847ms
[369.977s][info][gc,start       ] GC(336) Pause Young (Prepare Mixed) (G1 Humongous Allocation)
[369.977s][info][gc,task        ] GC(336) Using 4 workers of 4 for evacuation
[369.982s][info][gc,phases      ] GC(336)   Pre Evacuate Collection Set: 0.15ms
[369.982s][info][gc,phases      ] GC(336)   Merge Heap Roots: 0.09ms
[369.982s][info][gc,phases      ] GC(336)   Evacuate Collection Set: 2.12ms
[369.982s][info][gc,phases      ] GC(336)   Post Evacuate Collection Set: 2.98ms
[369.982s][info][gc,phases      ] GC(336)   Other: 0.05ms
[369.982s][info][gc,heap        ] GC(336) Eden regions: 297->0(286)
[369.982s][info][gc,heap        ] GC(336) Survivor regions: 2->7(7)
[369.982s][info][gc,heap        ] GC(336) Old regions: 133->424
[369.982s][info][gc,heap        ] GC(336) Humongous regions: 995->601
[369.982s][info][gc,metaspace   ] GC(336) Metaspace: 100320K(101632K)->100320K(101632K) NonClass: 78415K(79168K)->78415K(79168K) Class: 21904K(22464K)->21904K(22464K)
[369.982s][info][gc             ] GC(336) Pause Young (Prepare Mixed) (G1 Humongous Allocation) (Evacuation Failure: Allocation) 2852M->2062M(2868M) 5.488ms
[369.982s][info][gc,cpu         ] GC(336) User=0.02s Sys=0.00s Real=0.01s
[370.753s][info][gc,start       ] GC(337) Pause Young (Mixed) (G1 Humongous Allocation)
[370.753s][info][gc,task        ] GC(337) Using 4 workers of 4 for evacuation
[370.759s][info][gc,phases      ] GC(337)   Pre Evacuate Collection Set: 0.20ms
[370.759s][info][gc,phases      ] GC(337)   Merge Heap Roots: 0.07ms
[370.759s][info][gc,phases      ] GC(337)   Evacuate Collection Set: 3.65ms
[370.759s][info][gc,phases      ] GC(337)   Post Evacuate Collection Set: 1.90ms
[370.759s][info][gc,phases      ] GC(337)   Other: 0.06ms
[370.759s][info][gc,heap        ] GC(337) Eden regions: 122->0(319)
[370.759s][info][gc,heap        ] GC(337) Survivor regions: 7->22(37)
[370.759s][info][gc,heap        ] GC(337) Old regions: 424->308
[370.759s][info][gc,heap        ] GC(337) Humongous regions: 843->655
[370.759s][info][gc,metaspace   ] GC(337) Metaspace: 100337K(101632K)->100337K(101632K) NonClass: 78433K(79168K)->78433K(79168K) Class: 21904K(22464K)->21904K(22464K)
[370.759s][info][gc             ] GC(337) Pause Young (Mixed) (G1 Humongous Allocation) (Evacuation Failure: Allocation) 2790M->1968M(2868M) 5.989ms
[370.759s][info][gc,cpu         ] GC(337) User=0.02s Sys=0.00s Real=0.00s
[370.760s][info][gc,start       ] GC(338) Pause Young (Concurrent Start) (G1 Humongous Allocation)
[370.760s][info][gc,task        ] GC(338) Using 4 workers of 4 for evacuation
[370.763s][info][gc,phases      ] GC(338)   Pre Evacuate Collection Set: 0.17ms
[370.763s][info][gc,phases      ] GC(338)   Merge Heap Roots: 0.04ms
[370.763s][info][gc,phases      ] GC(338)   Evacuate Collection Set: 2.13ms
[370.763s][info][gc,phases      ] GC(338)   Post Evacuate Collection Set: 0.39ms
[370.763s][info][gc,phases      ] GC(338)   Other: 0.04ms
[370.763s][info][gc,heap        ] GC(338) Eden regions: 3->0(391)
[370.763s][info][gc,heap        ] GC(338) Survivor regions: 22->19(43)
[370.763s][info][gc,heap        ] GC(338) Old regions: 308->151
[370.763s][info][gc,heap        ] GC(338) Humongous regions: 660->657
[370.763s][info][gc,metaspace   ] GC(338) Metaspace: 100337K(101632K)->100337K(101632K) NonClass: 78433K(79168K)->78433K(79168K) Class: 21904K(22464K)->21904K(22464K)
[370.763s][info][gc             ] GC(338) Pause Young (Concurrent Start) (G1 Humongous Allocation) 1984M->1653M(2868M) 2.848ms
[370.763s][info][gc,cpu         ] GC(338) User=0.01s Sys=0.00s Real=0.01s
[370.763s][info][gc             ] GC(339) Concurrent Mark Cycle
[370.763s][info][gc,marking     ] GC(339) Concurrent Scan Root Regions
[370.766s][info][gc,marking     ] GC(339) Concurrent Scan Root Regions 2.548ms
[370.766s][info][gc,marking     ] GC(339) Concurrent Mark
[370.766s][info][gc,marking     ] GC(339) Concurrent Mark From Roots
[370.766s][info][gc,task        ] GC(339) Using 1 workers of 1 for marking
[370.801s][info][gc,marking     ] GC(339) Concurrent Mark From Roots 34.971ms
[370.801s][info][gc,marking     ] GC(339) Concurrent Preclean
[370.801s][info][gc,marking     ] GC(339) Concurrent Preclean 0.095ms
[370.801s][info][gc,start       ] GC(339) Pause Remark
[370.804s][info][gc             ] GC(339) Pause Remark 1681M->1105M(2868M) 3.012ms
[370.804s][info][gc,cpu         ] GC(339) User=0.01s Sys=0.00s Real=0.01s
[370.804s][info][gc,marking     ] GC(339) Concurrent Mark 38.180ms
[370.804s][info][gc,marking     ] GC(339) Concurrent Rebuild Remembered Sets and Scrub Regions
[370.820s][info][gc,marking     ] GC(339) Concurrent Rebuild Remembered Sets and Scrub Regions 16.101ms
[370.820s][info][gc,start       ] GC(339) Pause Cleanup
[370.820s][info][gc             ] GC(339) Pause Cleanup 1141M->1141M(2868M) 0.058ms
[370.820s][info][gc,cpu         ] GC(339) User=0.00s Sys=0.00s Real=0.00s
[370.820s][info][gc,marking     ] GC(339) Concurrent Clear Claimed Marks
[370.820s][info][gc,marking     ] GC(339) Concurrent Clear Claimed Marks 0.114ms
[370.820s][info][gc,marking     ] GC(339) Concurrent Cleanup for Next Mark
[370.822s][info][gc,marking     ] GC(339) Concurrent Cleanup for Next Mark 1.249ms
[370.822s][info][gc             ] GC(339) Concurrent Mark Cycle 58.372ms
[371.864s][info][gc,start       ] GC(340) Pause Young (Prepare Mixed) (G1 Evacuation Pause)
[371.864s][info][gc,task        ] GC(340) Using 4 workers of 4 for evacuation
[371.868s][info][gc,phases      ] GC(340)   Pre Evacuate Collection Set: 0.17ms
[371.868s][info][gc,phases      ] GC(340)   Merge Heap Roots: 0.09ms
[371.868s][info][gc,phases      ] GC(340)   Evacuate Collection Set: 1.35ms
[371.868s][info][gc,phases      ] GC(340)   Post Evacuate Collection Set: 1.90ms
[371.868s][info][gc,phases      ] GC(340)   Other: 0.05ms
[371.868s][info][gc,heap        ] GC(340) Eden regions: 311->0(446)
[371.868s][info][gc,heap        ] GC(340) Survivor regions: 19->0(0)
[371.868s][info][gc,heap        ] GC(340) Old regions: 108->259
[371.868s][info][gc,heap        ] GC(340) Humongous regions: 996->532
[371.868s][info][gc,metaspace   ] GC(340) Metaspace: 100338K(101632K)->100338K(101632K) NonClass: 78433K(79168K)->78433K(79168K) Class: 21904K(22464K)->21904K(22464K)
[371.868s][info][gc             ] GC(340) Pause Young (Prepare Mixed) (G1 Evacuation Pause) (Evacuation Failure: Allocation) 2867M->1581M(2868M) 3.644ms
[371.868s][info][gc,cpu         ] GC(340) User=0.02s Sys=0.00s Real=0.00s
[372.623s][info][gc,start       ] GC(341) Pause Young (Mixed) (G1 Humongous Allocation)
[372.623s][info][gc,task        ] GC(341) Using 4 workers of 4 for evacuation
[372.629s][info][gc,phases      ] GC(341)   Pre Evacuate Collection Set: 0.20ms
[372.629s][info][gc,phases      ] GC(341)   Merge Heap Roots: 0.13ms
[372.629s][info][gc,phases      ] GC(341)   Evacuate Collection Set: 2.95ms
[372.629s][info][gc,phases      ] GC(341)   Post Evacuate Collection Set: 3.43ms
[372.629s][info][gc,phases      ] GC(341)   Other: 0.06ms
[372.629s][info][gc,heap        ] GC(341) Eden regions: 264->0(355)
[372.629s][info][gc,heap        ] GC(341) Survivor regions: 0->13(14)
[372.629s][info][gc,heap        ] GC(341) Old regions: 259->383
[372.629s][info][gc,heap        ] GC(341) Humongous regions: 897->545
[372.629s][info][gc,metaspace   ] GC(341) Metaspace: 100338K(101632K)->100338K(101632K) NonClass: 78433K(79168K)->78433K(79168K) Class: 21904K(22464K)->21904K(22464K)
[372.629s][info][gc             ] GC(341) Pause Young (Mixed) (G1 Humongous Allocation) (Evacuation Failure: Allocation) 2839M->1881M(2868M) 6.849ms
[372.629s][info][gc,cpu         ] GC(341) User=0.03s Sys=0.00s Real=0.00s
[372.631s][info][gc,start       ] GC(342) Pause Young (Concurrent Start) (G1 Humongous Allocation)
[372.631s][info][gc,task        ] GC(342) Using 4 workers of 4 for evacuation
[372.637s][info][gc,phases      ] GC(342)   Pre Evacuate Collection Set: 0.25ms
[372.637s][info][gc,phases      ] GC(342)   Merge Heap Roots: 0.08ms
[372.637s][info][gc,phases      ] GC(342)   Evacuate Collection Set: 5.18ms
[372.637s][info][gc,phases      ] GC(342)   Post Evacuate Collection Set: 0.55ms
[372.637s][info][gc,phases      ] GC(342)   Other: 0.05ms
[372.637s][info][gc,heap        ] GC(342) Eden regions: 2->0(542)
[372.637s][info][gc,heap        ] GC(342) Survivor regions: 13->14(46)
[372.637s][info][gc,heap        ] GC(342) Old regions: 383->155
[372.637s][info][gc,heap        ] GC(342) Humongous regions: 548->548
[372.637s][info][gc,metaspace   ] GC(342) Metaspace: 100338K(101632K)->100338K(101632K) NonClass: 78433K(79168K)->78433K(79168K) Class: 21904K(22464K)->21904K(22464K)
[372.637s][info][gc             ] GC(342) Pause Young (Concurrent Start) (G1 Humongous Allocation) 1891M->1432M(2868M) 6.200ms
[372.637s][info][gc             ] GC(343) Concurrent Mark Cycle
[372.637s][info][gc,marking     ] GC(343) Concurrent Scan Root Regions
[372.637s][info][gc,cpu         ] GC(342) User=0.02s Sys=0.00s Real=0.01s
[372.646s][info][gc,marking     ] GC(343) Concurrent Scan Root Regions 8.693ms
[372.646s][info][gc,marking     ] GC(343) Concurrent Mark
[372.646s][info][gc,marking     ] GC(343) Concurrent Mark From Roots
[372.646s][info][gc,task        ] GC(343) Using 1 workers of 1 for marking
[372.687s][info][gc,marking     ] GC(343) Concurrent Mark From Roots 41.305ms
[372.687s][info][gc,marking     ] GC(343) Concurrent Preclean
[372.687s][info][gc,marking     ] GC(343) Concurrent Preclean 0.103ms
[372.687s][info][gc,start       ] GC(343) Pause Remark
[372.690s][info][gc             ] GC(343) Pause Remark 1949M->1633M(2868M) 2.502ms
[372.690s][info][gc,cpu         ] GC(343) User=0.01s Sys=0.01s Real=0.00s
[372.690s][info][gc,marking     ] GC(343) Concurrent Mark 44.060ms
[372.690s][info][gc,marking     ] GC(343) Concurrent Rebuild Remembered Sets and Scrub Regions
[372.708s][info][gc,marking     ] GC(343) Concurrent Rebuild Remembered Sets and Scrub Regions 18.364ms
[372.708s][info][gc,start       ] GC(343) Pause Cleanup
[372.708s][info][gc             ] GC(343) Pause Cleanup 1636M->1636M(2868M) 0.085ms
[372.708s][info][gc,cpu         ] GC(343) User=0.00s Sys=0.00s Real=0.00s
[372.708s][info][gc,marking     ] GC(343) Concurrent Clear Claimed Marks
[372.708s][info][gc,marking     ] GC(343) Concurrent Clear Claimed Marks 0.117ms
[372.708s][info][gc,marking     ] GC(343) Concurrent Cleanup for Next Mark
[372.710s][info][gc,marking     ] GC(343) Concurrent Cleanup for Next Mark 1.458ms
[372.710s][info][gc             ] GC(343) Concurrent Mark Cycle 72.988ms
[373.808s][info][gc,start       ] GC(344) Pause Young (Prepare Mixed) (G1 Humongous Allocation)
[373.808s][info][gc,task        ] GC(344) Using 4 workers of 4 for evacuation
[373.814s][info][gc,phases      ] GC(344)   Pre Evacuate Collection Set: 0.27ms
[373.814s][info][gc,phases      ] GC(344)   Merge Heap Roots: 0.13ms
[373.814s][info][gc,phases      ] GC(344)   Evacuate Collection Set: 2.72ms
[373.814s][info][gc,phases      ] GC(344)   Post Evacuate Collection Set: 3.14ms
[373.814s][info][gc,phases      ] GC(344)   Other: 0.07ms
[373.814s][info][gc,heap        ] GC(344) Eden regions: 290->0(393)
[373.814s][info][gc,heap        ] GC(344) Survivor regions: 14->6(6)
[373.814s][info][gc,heap        ] GC(344) Old regions: 132->384
[373.814s][info][gc,heap        ] GC(344) Humongous regions: 992->554
[373.814s][info][gc,metaspace   ] GC(344) Metaspace: 100345K(101632K)->100345K(101632K) NonClass: 78440K(79168K)->78440K(79168K) Class: 21904K(22464K)->21904K(22464K)
[373.814s][info][gc             ] GC(344) Pause Young (Prepare Mixed) (G1 Humongous Allocation) (Evacuation Failure: Allocation) 2854M->1886M(2868M) 6.432ms
[373.814s][info][gc,cpu         ] GC(344) User=0.02s Sys=0.00s Real=0.01s
[374.222s][info][gc,start       ] GC(345) Pause Young (Mixed) (G1 Humongous Allocation)
[374.222s][info][gc,task        ] GC(345) Using 4 workers of 4 for evacuation
[374.227s][info][gc,phases      ] GC(345)   Pre Evacuate Collection Set: 0.30ms
[374.227s][info][gc,phases      ] GC(345)   Merge Heap Roots: 0.11ms
[374.227s][info][gc,phases      ] GC(345)   Evacuate Collection Set: 1.62ms
[374.227s][info][gc,phases      ] GC(345)   Post Evacuate Collection Set: 2.49ms
[374.227s][info][gc,phases      ] GC(345)   Other: 0.05ms
[374.227s][info][gc,heap        ] GC(345) Eden regions: 116->0(365)
[374.227s][info][gc,heap        ] GC(345) Survivor regions: 6->2(2)
[374.227s][info][gc,heap        ] GC(345) Old regions: 384->335
[374.227s][info][gc,heap        ] GC(345) Humongous regions: 926->648
[374.227s][info][gc,metaspace   ] GC(345) Metaspace: 100345K(101632K)->100345K(101632K) NonClass: 78440K(79168K)->78440K(79168K) Class: 21904K(22464K)->21904K(22464K)
[374.227s][info][gc             ] GC(345) Pause Young (Mixed) (G1 Humongous Allocation) (Evacuation Failure: Allocation) 2862M->1968M(2868M) 4.673ms
[374.227s][info][gc,cpu         ] GC(345) User=0.02s Sys=0.00s Real=0.00s
[374.227s][info][gc,start       ] GC(346) Pause Young (Concurrent Start) (G1 Humongous Allocation)
[374.227s][info][gc,task        ] GC(346) Using 4 workers of 4 for evacuation
[374.231s][info][gc,phases      ] GC(346)   Pre Evacuate Collection Set: 0.19ms
[374.231s][info][gc,phases      ] GC(346)   Merge Heap Roots: 0.06ms
[374.231s][info][gc,phases      ] GC(346)   Evacuate Collection Set: 3.25ms
[374.231s][info][gc,phases      ] GC(346)   Post Evacuate Collection Set: 0.57ms
[374.231s][info][gc,phases      ] GC(346)   Other: 0.05ms
[374.231s][info][gc,heap        ] GC(346) Eden regions: 2->0(510)
[374.231s][info][gc,heap        ] GC(346) Survivor regions: 2->3(46)
[374.231s][info][gc,heap        ] GC(346) Old regions: 335->166
[374.231s][info][gc,heap        ] GC(346) Humongous regions: 650->649
[374.231s][info][gc,metaspace   ] GC(346) Metaspace: 100345K(101632K)->100345K(101632K) NonClass: 78440K(79168K)->78440K(79168K) Class: 21904K(22464K)->21904K(22464K)
[374.231s][info][gc             ] GC(346) Pause Young (Concurrent Start) (G1 Humongous Allocation) 1975M->1633M(2868M) 4.190ms
[374.231s][info][gc             ] GC(347) Concurrent Mark Cycle
[374.231s][info][gc,marking     ] GC(347) Concurrent Scan Root Regions
[374.231s][info][gc,cpu         ] GC(346) User=0.01s Sys=0.00s Real=0.00s
[374.235s][info][gc,marking     ] GC(347) Concurrent Scan Root Regions 3.504ms
[374.235s][info][gc,marking     ] GC(347) Concurrent Mark
[374.235s][info][gc,marking     ] GC(347) Concurrent Mark From Roots
[374.235s][info][gc,task        ] GC(347) Using 1 workers of 1 for marking
[374.275s][info][gc,marking     ] GC(347) Concurrent Mark From Roots 39.868ms
[374.275s][info][gc,marking     ] GC(347) Concurrent Preclean
[374.275s][info][gc,marking     ] GC(347) Concurrent Preclean 0.105ms
[374.275s][info][gc,start       ] GC(347) Pause Remark
[374.278s][info][gc             ] GC(347) Pause Remark 1724M->1382M(2868M) 2.941ms
[374.278s][info][gc,cpu         ] GC(347) User=0.01s Sys=0.00s Real=0.00s
[374.278s][info][gc,marking     ] GC(347) Concurrent Mark 43.049ms
[374.278s][info][gc,marking     ] GC(347) Concurrent Rebuild Remembered Sets and Scrub Regions
[374.300s][info][gc,marking     ] GC(347) Concurrent Rebuild Remembered Sets and Scrub Regions 22.471ms
[374.300s][info][gc,start       ] GC(347) Pause Cleanup
[374.301s][info][gc             ] GC(347) Pause Cleanup 1395M->1395M(2868M) 0.083ms
[374.301s][info][gc,cpu         ] GC(347) User=0.00s Sys=0.00s Real=0.00s
[374.301s][info][gc,marking     ] GC(347) Concurrent Clear Claimed Marks
[374.301s][info][gc,marking     ] GC(347) Concurrent Clear Claimed Marks 0.124ms
[374.301s][info][gc,marking     ] GC(347) Concurrent Cleanup for Next Mark
[374.302s][info][gc,marking     ] GC(347) Concurrent Cleanup for Next Mark 1.383ms
[374.302s][info][gc             ] GC(347) Concurrent Mark Cycle 70.884ms
[375.191s][info][gc,start       ] GC(348) Pause Young (Prepare Mixed) (G1 Humongous Allocation)
[375.191s][info][gc,task        ] GC(348) Using 4 workers of 4 for evacuation
[375.197s][info][gc,phases      ] GC(348)   Pre Evacuate Collection Set: 0.12ms
[375.197s][info][gc,phases      ] GC(348)   Merge Heap Roots: 0.08ms
[375.197s][info][gc,phases      ] GC(348)   Evacuate Collection Set: 2.48ms
[375.197s][info][gc,phases      ] GC(348)   Post Evacuate Collection Set: 3.19ms
[375.197s][info][gc,phases      ] GC(348)   Other: 0.05ms
[375.197s][info][gc,heap        ] GC(348) Eden regions: 301->0(278)
[375.197s][info][gc,heap        ] GC(348) Survivor regions: 3->5(5)
[375.197s][info][gc,heap        ] GC(348) Old regions: 160->453
[375.197s][info][gc,heap        ] GC(348) Humongous regions: 965->625
[375.197s][info][gc,metaspace   ] GC(348) Metaspace: 100345K(101632K)->100345K(101632K) NonClass: 78440K(79168K)->78440K(79168K) Class: 21904K(22464K)->21904K(22464K)
[375.197s][info][gc             ] GC(348) Pause Young (Prepare Mixed) (G1 Humongous Allocation) (Evacuation Failure: Allocation) 2855M->2164M(2868M) 6.012ms
[375.197s][info][gc,cpu         ] GC(348) User=0.02s Sys=0.00s Real=0.01s
[375.706s][info][gc,start       ] GC(349) Pause Young (Mixed) (G1 Humongous Allocation)
[375.706s][info][gc,task        ] GC(349) Using 4 workers of 4 for evacuation
[375.711s][info][gc,phases      ] GC(349)   Pre Evacuate Collection Set: 0.24ms
[375.711s][info][gc,phases      ] GC(349)   Merge Heap Roots: 0.09ms
[375.711s][info][gc,phases      ] GC(349)   Evacuate Collection Set: 2.44ms
[375.711s][info][gc,phases      ] GC(349)   Post Evacuate Collection Set: 2.41ms
[375.711s][info][gc,phases      ] GC(349)   Other: 0.06ms
[375.711s][info][gc,heap        ] GC(349) Eden regions: 94->0(291)
[375.711s][info][gc,heap        ] GC(349) Survivor regions: 5->6(9)
[375.711s][info][gc,heap        ] GC(349) Old regions: 453->376
[375.711s][info][gc,heap        ] GC(349) Humongous regions: 873->688
[375.711s][info][gc,metaspace   ] GC(349) Metaspace: 100345K(101632K)->100345K(101632K) NonClass: 78440K(79168K)->78440K(79168K) Class: 21904K(22464K)->21904K(22464K)
[375.711s][info][gc             ] GC(349) Pause Young (Mixed) (G1 Humongous Allocation) (Evacuation Failure: Allocation) 2847M->2138M(2868M) 5.350ms
[375.711s][info][gc,cpu         ] GC(349) User=0.01s Sys=0.00s Real=0.00s
[375.712s][info][gc,start       ] GC(350) Pause Young (Concurrent Start) (G1 Humongous Allocation)
[375.712s][info][gc,task        ] GC(350) Using 4 workers of 4 for evacuation
[375.717s][info][gc,phases      ] GC(350)   Pre Evacuate Collection Set: 0.22ms
[375.717s][info][gc,phases      ] GC(350)   Merge Heap Roots: 0.06ms
[375.717s][info][gc,phases      ] GC(350)   Evacuate Collection Set: 4.30ms
[375.717s][info][gc,phases      ] GC(350)   Post Evacuate Collection Set: 0.56ms
[375.717s][info][gc,phases      ] GC(350)   Other: 0.05ms
[375.717s][info][gc,heap        ] GC(350) Eden regions: 2->0(405)
[375.717s][info][gc,heap        ] GC(350) Survivor regions: 6->7(38)
[375.717s][info][gc,heap        ] GC(350) Old regions: 376->202
[375.717s][info][gc,heap        ] GC(350) Humongous regions: 690->689
[375.717s][info][gc,metaspace   ] GC(350) Metaspace: 100345K(101632K)->100345K(101632K) NonClass: 78440K(79168K)->78440K(79168K) Class: 21904K(22464K)->21904K(22464K)
[375.717s][info][gc             ] GC(350) Pause Young (Concurrent Start) (G1 Humongous Allocation) 2145M->1795M(2868M) 5.258ms
[375.717s][info][gc,cpu         ] GC(350) User=0.02s Sys=0.00s Real=0.00s
[375.717s][info][gc             ] GC(351) Concurrent Mark Cycle
[375.717s][info][gc,marking     ] GC(351) Concurrent Scan Root Regions
[375.721s][info][gc,marking     ] GC(351) Concurrent Scan Root Regions 3.990ms
[375.721s][info][gc,marking     ] GC(351) Concurrent Mark
[375.721s][info][gc,marking     ] GC(351) Concurrent Mark From Roots
[375.721s][info][gc,task        ] GC(351) Using 1 workers of 1 for marking
[375.758s][info][gc,marking     ] GC(351) Concurrent Mark From Roots 36.814ms
[375.758s][info][gc,marking     ] GC(351) Concurrent Preclean
[375.758s][info][gc,marking     ] GC(351) Concurrent Preclean 0.101ms
[375.758s][info][gc,start       ] GC(351) Pause Remark
[375.760s][info][gc             ] GC(351) Pause Remark 1839M->1215M(2868M) 2.482ms
[375.760s][info][gc,cpu         ] GC(351) User=0.01s Sys=0.00s Real=0.00s
[375.760s][info][gc,marking     ] GC(351) Concurrent Mark 39.538ms
[375.760s][info][gc,marking     ] GC(351) Concurrent Rebuild Remembered Sets and Scrub Regions
[375.780s][info][gc,marking     ] GC(351) Concurrent Rebuild Remembered Sets and Scrub Regions 19.154ms
[375.780s][info][gc,start       ] GC(351) Pause Cleanup
[375.780s][info][gc             ] GC(351) Pause Cleanup 1257M->1257M(2868M) 0.059ms
[375.780s][info][gc,cpu         ] GC(351) User=0.00s Sys=0.00s Real=0.00s
[375.780s][info][gc,marking     ] GC(351) Concurrent Clear Claimed Marks
[375.780s][info][gc,marking     ] GC(351) Concurrent Clear Claimed Marks 0.114ms
[375.780s][info][gc,marking     ] GC(351) Concurrent Cleanup for Next Mark
[375.781s][info][gc,marking     ] GC(351) Concurrent Cleanup for Next Mark 1.241ms
[375.781s][info][gc             ] GC(351) Concurrent Mark Cycle 64.243ms
[376.551s][info][gc,start       ] GC(352) Pause Young (Prepare Mixed) (G1 Humongous Allocation)
[376.551s][info][gc,task        ] GC(352) Using 4 workers of 4 for evacuation
[376.556s][info][gc,phases      ] GC(352)   Pre Evacuate Collection Set: 0.24ms
[376.556s][info][gc,phases      ] GC(352)   Merge Heap Roots: 0.10ms
[376.556s][info][gc,phases      ] GC(352)   Evacuate Collection Set: 1.69ms
[376.556s][info][gc,phases      ] GC(352)   Post Evacuate Collection Set: 3.69ms
[376.556s][info][gc,phases      ] GC(352)   Other: 0.07ms
[376.556s][info][gc,heap        ] GC(352) Eden regions: 269->0(352)
[376.556s][info][gc,heap        ] GC(352) Survivor regions: 7->1(1)
[376.556s][info][gc,heap        ] GC(352) Old regions: 155->414
[376.556s][info][gc,heap        ] GC(352) Humongous regions: 1002->579
[376.556s][info][gc,metaspace   ] GC(352) Metaspace: 100360K(101632K)->100360K(101632K) NonClass: 78455K(79168K)->78455K(79168K) Class: 21904K(22464K)->21904K(22464K)
[376.557s][info][gc             ] GC(352) Pause Young (Prepare Mixed) (G1 Humongous Allocation) (Evacuation Failure: Allocation) 2864M->1987M(2868M) 5.906ms
[376.557s][info][gc,cpu         ] GC(352) User=0.02s Sys=0.00s Real=0.01s
[377.495s][info][gc,start       ] GC(353) Pause Young (Mixed) (G1 Evacuation Pause)
[377.495s][info][gc,task        ] GC(353) Using 4 workers of 4 for evacuation
[377.500s][info][gc,phases      ] GC(353)   Pre Evacuate Collection Set: 0.22ms
[377.500s][info][gc,phases      ] GC(353)   Merge Heap Roots: 0.08ms
[377.500s][info][gc,phases      ] GC(353)   Evacuate Collection Set: 1.77ms
[377.500s][info][gc,phases      ] GC(353)   Post Evacuate Collection Set: 3.12ms
[377.500s][info][gc,phases      ] GC(353)   Other: 0.06ms
[377.500s][info][gc,heap        ] GC(353) Eden regions: 171->0(352)
[377.500s][info][gc,heap        ] GC(353) Survivor regions: 1->0(0)
[377.500s][info][gc,heap        ] GC(353) Old regions: 414->350
[377.500s][info][gc,heap        ] GC(353) Humongous regions: 848->652
[377.500s][info][gc,metaspace   ] GC(353) Metaspace: 100362K(101632K)->100362K(101632K) NonClass: 78457K(79168K)->78457K(79168K) Class: 21904K(22464K)->21904K(22464K)
[377.500s][info][gc             ] GC(353) Pause Young (Mixed) (G1 Evacuation Pause) (Evacuation Failure: Allocation) 2867M->2003M(2868M) 5.363ms
[377.500s][info][gc,cpu         ] GC(353) User=0.01s Sys=0.00s Real=0.00s
[377.507s][info][gc,start       ] GC(354) Pause Young (Concurrent Start) (G1 Humongous Allocation)
[377.507s][info][gc,task        ] GC(354) Using 4 workers of 4 for evacuation
[377.513s][info][gc,phases      ] GC(354)   Pre Evacuate Collection Set: 0.24ms
[377.514s][info][gc,phases      ] GC(354)   Merge Heap Roots: 0.28ms
[377.515s][info][gc,phases      ] GC(354)   Evacuate Collection Set: 4.64ms
[377.515s][info][gc,phases      ] GC(354)   Post Evacuate Collection Set: 0.54ms
[377.515s][info][gc,phases      ] GC(354)   Other: 0.05ms
[377.515s][info][gc,heap        ] GC(354) Eden regions: 13->0(352)
[377.515s][info][gc,heap        ] GC(354) Survivor regions: 0->7(44)
[377.515s][info][gc,heap        ] GC(354) Old regions: 350->194
[377.515s][info][gc,heap        ] GC(354) Humongous regions: 652->652
[377.515s][info][gc,metaspace   ] GC(354) Metaspace: 100362K(101632K)->100362K(101632K) NonClass: 78457K(79168K)->78457K(79168K) Class: 21904K(22464K)->21904K(22464K)
[377.515s][info][gc             ] GC(354) Pause Young (Concurrent Start) (G1 Humongous Allocation) 2028M->1704M(2868M) 7.775ms
[377.515s][info][gc,cpu         ] GC(354) User=0.02s Sys=0.00s Real=0.01s
[377.515s][info][gc             ] GC(355) Concurrent Mark Cycle
[377.515s][info][gc,marking     ] GC(355) Concurrent Scan Root Regions
[377.520s][info][gc,marking     ] GC(355) Concurrent Scan Root Regions 5.088ms
[377.520s][info][gc,marking     ] GC(355) Concurrent Mark
[377.520s][info][gc,marking     ] GC(355) Concurrent Mark From Roots
[377.520s][info][gc,task        ] GC(355) Using 1 workers of 1 for marking
[377.561s][info][gc,marking     ] GC(355) Concurrent Mark From Roots 40.969ms
[377.561s][info][gc,marking     ] GC(355) Concurrent Preclean
[377.561s][info][gc,marking     ] GC(355) Concurrent Preclean 0.128ms
[377.561s][info][gc,start       ] GC(355) Pause Remark
[377.565s][info][gc             ] GC(355) Pause Remark 1848M->1362M(2868M) 4.183ms
[377.570s][info][gc,cpu         ] GC(355) User=0.01s Sys=0.00s Real=0.01s
[377.571s][info][gc,marking     ] GC(355) Concurrent Mark 50.779ms
[377.571s][info][gc,marking     ] GC(355) Concurrent Rebuild Remembered Sets and Scrub Regions
[377.595s][info][gc,marking     ] GC(355) Concurrent Rebuild Remembered Sets and Scrub Regions 24.805ms
[377.597s][info][gc,start       ] GC(355) Pause Cleanup
[377.597s][info][gc             ] GC(355) Pause Cleanup 1465M->1465M(2868M) 0.092ms
[377.597s][info][gc,cpu         ] GC(355) User=0.00s Sys=0.00s Real=0.00s
[377.597s][info][gc,marking     ] GC(355) Concurrent Clear Claimed Marks
[377.597s][info][gc,marking     ] GC(355) Concurrent Clear Claimed Marks 0.128ms
[377.597s][info][gc,marking     ] GC(355) Concurrent Cleanup for Next Mark
[377.599s][info][gc,marking     ] GC(355) Concurrent Cleanup for Next Mark 1.909ms
[377.599s][info][gc             ] GC(355) Concurrent Mark Cycle 84.186ms
[378.629s][info][gc,start       ] GC(356) Pause Young (Prepare Mixed) (G1 Humongous Allocation)
[378.629s][info][gc,task        ] GC(356) Using 4 workers of 4 for evacuation
[378.635s][info][gc,phases      ] GC(356)   Pre Evacuate Collection Set: 0.16ms
[378.635s][info][gc,phases      ] GC(356)   Merge Heap Roots: 0.08ms
[378.635s][info][gc,phases      ] GC(356)   Evacuate Collection Set: 3.22ms
[378.635s][info][gc,phases      ] GC(356)   Post Evacuate Collection Set: 3.22ms
[378.635s][info][gc,phases      ] GC(356)   Other: 0.05ms
[378.635s][info][gc,heap        ] GC(356) Eden regions: 269->0(251)
[378.635s][info][gc,heap        ] GC(356) Survivor regions: 7->14(14)
[378.635s][info][gc,heap        ] GC(356) Old regions: 151->423
[378.635s][info][gc,heap        ] GC(356) Humongous regions: 993->615
[378.635s][info][gc,metaspace   ] GC(356) Metaspace: 100365K(101632K)->100365K(101632K) NonClass: 78460K(79168K)->78460K(79168K) Class: 21904K(22464K)->21904K(22464K)
[378.635s][info][gc             ] GC(356) Pause Young (Prepare Mixed) (G1 Humongous Allocation) (Evacuation Failure: Allocation) 2837M->2101M(2868M) 6.831ms
[378.635s][info][gc,cpu         ] GC(356) User=0.03s Sys=0.00s Real=0.01s
[378.980s][info][gc,start       ] GC(357) Pause Young (Mixed) (G1 Humongous Allocation)
[378.980s][info][gc,task        ] GC(357) Using 4 workers of 4 for evacuation
[378.990s][info][gc,phases      ] GC(357)   Pre Evacuate Collection Set: 0.22ms
[378.990s][info][gc,phases      ] GC(357)   Merge Heap Roots: 0.09ms
[378.990s][info][gc,phases      ] GC(357)   Evacuate Collection Set: 4.54ms
[378.990s][info][gc,phases      ] GC(357)   Post Evacuate Collection Set: 5.25ms
[378.990s][info][gc,phases      ] GC(357)   Other: 0.06ms
[378.990s][info][gc,heap        ] GC(357) Eden regions: 146->0(101)
[378.990s][info][gc,heap        ] GC(357) Survivor regions: 14->14(17)
[378.990s][info][gc,heap        ] GC(357) Old regions: 423->577
[378.990s][info][gc,heap        ] GC(357) Humongous regions: 834->669
[378.990s][info][gc,metaspace   ] GC(357) Metaspace: 100367K(101632K)->100367K(101632K) NonClass: 78462K(79168K)->78462K(79168K) Class: 21904K(22464K)->21904K(22464K)
[378.990s][info][gc             ] GC(357) Pause Young (Mixed) (G1 Humongous Allocation) (Evacuation Failure: Allocation) 2831M->2517M(2868M) 10.268ms
[378.990s][info][gc,cpu         ] GC(357) User=0.04s Sys=0.00s Real=0.01s
[378.991s][info][gc,start       ] GC(358) Pause Young (Concurrent Start) (G1 Humongous Allocation)
[378.991s][info][gc,task        ] GC(358) Using 4 workers of 4 for evacuation
[379.000s][info][gc,phases      ] GC(358)   Pre Evacuate Collection Set: 0.25ms
[379.000s][info][gc,phases      ] GC(358)   Merge Heap Roots: 0.10ms
[379.000s][info][gc,phases      ] GC(358)   Evacuate Collection Set: 8.12ms
[379.000s][info][gc,phases      ] GC(358)   Post Evacuate Collection Set: 0.58ms
[379.000s][info][gc,phases      ] GC(358)   Other: 0.05ms
[379.000s][info][gc,heap        ] GC(358) Eden regions: 3->0(193)
[379.000s][info][gc,heap        ] GC(358) Survivor regions: 14->2(15)
[379.000s][info][gc,heap        ] GC(358) Old regions: 577->468
[379.000s][info][gc,heap        ] GC(358) Humongous regions: 672->670
[379.000s][info][gc,metaspace   ] GC(358) Metaspace: 100367K(101632K)->100367K(101632K) NonClass: 78462K(79168K)->78462K(79168K) Class: 21904K(22464K)->21904K(22464K)
[379.000s][info][gc             ] GC(358) Pause Young (Concurrent Start) (G1 Humongous Allocation) 2528M->2277M(2868M) 9.191ms
[379.000s][info][gc             ] GC(359) Concurrent Mark Cycle
[379.000s][info][gc,marking     ] GC(359) Concurrent Scan Root Regions
[379.000s][info][gc,cpu         ] GC(358) User=0.04s Sys=0.00s Real=0.01s
[379.013s][info][gc,marking     ] GC(359) Concurrent Scan Root Regions 13.598ms
[379.013s][info][gc,marking     ] GC(359) Concurrent Mark
[379.013s][info][gc,marking     ] GC(359) Concurrent Mark From Roots
[379.013s][info][gc,task        ] GC(359) Using 1 workers of 1 for marking
[379.054s][info][gc,marking     ] GC(359) Concurrent Mark From Roots 40.669ms
[379.054s][info][gc,marking     ] GC(359) Concurrent Preclean
[379.054s][info][gc,marking     ] GC(359) Concurrent Preclean 0.123ms
[379.054s][info][gc,start       ] GC(359) Pause Remark
[379.057s][info][gc             ] GC(359) Pause Remark 2416M->1840M(2868M) 2.659ms
[379.057s][info][gc,cpu         ] GC(359) User=0.01s Sys=0.00s Real=0.00s
[379.057s][info][gc,marking     ] GC(359) Concurrent Mark 43.627ms
[379.057s][info][gc,marking     ] GC(359) Concurrent Rebuild Remembered Sets and Scrub Regions
[379.086s][info][gc,marking     ] GC(359) Concurrent Rebuild Remembered Sets and Scrub Regions 28.997ms
[379.086s][info][gc,start       ] GC(359) Pause Cleanup
[379.086s][info][gc             ] GC(359) Pause Cleanup 1904M->1904M(2868M) 0.115ms
[379.086s][info][gc,cpu         ] GC(359) User=0.00s Sys=0.00s Real=0.00s
[379.086s][info][gc,marking     ] GC(359) Concurrent Clear Claimed Marks
[379.086s][info][gc,marking     ] GC(359) Concurrent Clear Claimed Marks 0.118ms
[379.086s][info][gc,marking     ] GC(359) Concurrent Cleanup for Next Mark
[379.088s][info][gc,marking     ] GC(359) Concurrent Cleanup for Next Mark 1.321ms
[379.088s][info][gc             ] GC(359) Concurrent Mark Cycle 87.941ms
[379.650s][info][gc,start       ] GC(360) Pause Young (Prepare Mixed) (G1 Evacuation Pause)
[379.650s][info][gc,task        ] GC(360) Using 4 workers of 4 for evacuation
[379.661s][info][gc,phases      ] GC(360)   Pre Evacuate Collection Set: 0.43ms
[379.661s][info][gc,phases      ] GC(360)   Merge Heap Roots: 0.20ms
[379.661s][info][gc,phases      ] GC(360)   Evacuate Collection Set: 4.25ms
[379.661s][info][gc,phases      ] GC(360)   Post Evacuate Collection Set: 5.81ms
[379.661s][info][gc,phases      ] GC(360)   Other: 0.08ms
[379.661s][info][gc,heap        ] GC(360) Eden regions: 154->0(255)
[379.661s][info][gc,heap        ] GC(360) Survivor regions: 2->0(0)
[379.661s][info][gc,heap        ] GC(360) Old regions: 430->579
[379.661s][info][gc,heap        ] GC(360) Humongous regions: 848->492
[379.661s][info][gc,metaspace   ] GC(360) Metaspace: 100367K(101632K)->100367K(101632K) NonClass: 78462K(79168K)->78462K(79168K) Class: 21904K(22464K)->21904K(22464K)
[379.661s][info][gc             ] GC(360) Pause Young (Prepare Mixed) (G1 Evacuation Pause) (Evacuation Failure: Allocation) 2865M->2140M(2868M) 10.961ms
[379.661s][info][gc,cpu         ] GC(360) User=0.04s Sys=0.00s Real=0.01s
[380.279s][info][gc,start       ] GC(361) Pause Young (Mixed) (G1 Humongous Allocation)
[380.279s][info][gc,task        ] GC(361) Using 4 workers of 4 for evacuation
[380.289s][info][gc,phases      ] GC(361)   Pre Evacuate Collection Set: 0.38ms
[380.289s][info][gc,phases      ] GC(361)   Merge Heap Roots: 0.17ms
[380.289s][info][gc,phases      ] GC(361)   Evacuate Collection Set: 4.62ms
[380.289s][info][gc,phases      ] GC(361)   Post Evacuate Collection Set: 5.22ms
[380.289s][info][gc,phases      ] GC(361)   Other: 0.06ms
[380.289s][info][gc,heap        ] GC(361) Eden regions: 156->0(138)
[380.289s][info][gc,heap        ] GC(361) Survivor regions: 0->6(14)
[380.289s][info][gc,heap        ] GC(361) Old regions: 579->737
[380.289s][info][gc,heap        ] GC(361) Humongous regions: 685->480
[380.289s][info][gc,metaspace   ] GC(361) Metaspace: 100380K(101632K)->100380K(101632K) NonClass: 78475K(79168K)->78475K(79168K) Class: 21905K(22464K)->21905K(22464K)
[380.289s][info][gc             ] GC(361) Pause Young (Mixed) (G1 Humongous Allocation) (Evacuation Failure: Allocation) 2838M->2444M(2868M) 10.541ms
[380.289s][info][gc,cpu         ] GC(361) User=0.04s Sys=0.00s Real=0.01s
[380.293s][info][gc,start       ] GC(362) Pause Young (Concurrent Start) (G1 Humongous Allocation)
[380.293s][info][gc,task        ] GC(362) Using 4 workers of 4 for evacuation
[380.302s][info][gc,phases      ] GC(362)   Pre Evacuate Collection Set: 0.46ms
[380.302s][info][gc,phases      ] GC(362)   Merge Heap Roots: 0.21ms
[380.302s][info][gc,phases      ] GC(362)   Evacuate Collection Set: 7.44ms
[380.302s][info][gc,phases      ] GC(362)   Post Evacuate Collection Set: 0.75ms
[380.302s][info][gc,phases      ] GC(362)   Other: 0.08ms
[380.302s][info][gc,heap        ] GC(362) Eden regions: 6->0(221)
[380.302s][info][gc,heap        ] GC(362) Survivor regions: 6->10(18)
[380.302s][info][gc,heap        ] GC(362) Old regions: 737->630
[380.302s][info][gc,heap        ] GC(362) Humongous regions: 485->467
[380.302s][info][gc,metaspace   ] GC(362) Metaspace: 100380K(101632K)->100380K(101632K) NonClass: 78475K(79168K)->78475K(79168K) Class: 21905K(22464K)->21905K(22464K)
[380.302s][info][gc             ] GC(362) Pause Young (Concurrent Start) (G1 Humongous Allocation) 2466M->2211M(2868M) 9.079ms
[380.302s][info][gc             ] GC(363) Concurrent Mark Cycle
[380.302s][info][gc,cpu         ] GC(362) User=0.04s Sys=0.00s Real=0.01s
[380.302s][info][gc,marking     ] GC(363) Concurrent Scan Root Regions
[380.319s][info][gc,marking     ] GC(363) Concurrent Scan Root Regions 17.017ms
[380.319s][info][gc,marking     ] GC(363) Concurrent Mark
[380.319s][info][gc,marking     ] GC(363) Concurrent Mark From Roots
[380.319s][info][gc,task        ] GC(363) Using 1 workers of 1 for marking
[380.365s][info][gc,marking     ] GC(363) Concurrent Mark From Roots 45.802ms
[380.365s][info][gc,marking     ] GC(363) Concurrent Preclean
[380.365s][info][gc,marking     ] GC(363) Concurrent Preclean 0.129ms
[380.365s][info][gc,start       ] GC(363) Pause Remark
[380.368s][info][gc             ] GC(363) Pause Remark 2400M->2288M(2868M) 3.126ms
[380.368s][info][gc,cpu         ] GC(363) User=0.01s Sys=0.00s Real=0.00s
[380.368s][info][gc,marking     ] GC(363) Concurrent Mark 49.201ms
[380.368s][info][gc,marking     ] GC(363) Concurrent Rebuild Remembered Sets and Scrub Regions
[380.408s][info][gc,marking     ] GC(363) Concurrent Rebuild Remembered Sets and Scrub Regions 40.515ms
[380.409s][info][gc,start       ] GC(363) Pause Cleanup
[380.409s][info][gc             ] GC(363) Pause Cleanup 2393M->2393M(2868M) 0.163ms
[380.409s][info][gc,cpu         ] GC(363) User=0.00s Sys=0.00s Real=0.00s
[380.409s][info][gc,marking     ] GC(363) Concurrent Clear Claimed Marks
[380.409s][info][gc,marking     ] GC(363) Concurrent Clear Claimed Marks 0.156ms
[380.409s][info][gc,marking     ] GC(363) Concurrent Cleanup for Next Mark
[380.411s][info][gc,marking     ] GC(363) Concurrent Cleanup for Next Mark 1.547ms
[380.411s][info][gc             ] GC(363) Concurrent Mark Cycle 108.842ms
[380.580s][info][gc,start       ] GC(364) Pause Young (Prepare Mixed) (G1 Humongous Allocation)
[380.580s][info][gc,task        ] GC(364) Using 4 workers of 4 for evacuation
[380.590s][info][gc,phases      ] GC(364)   Pre Evacuate Collection Set: 0.25ms
[380.590s][info][gc,phases      ] GC(364)   Merge Heap Roots: 0.18ms
[380.590s][info][gc,phases      ] GC(364)   Evacuate Collection Set: 4.29ms
[380.590s][info][gc,phases      ] GC(364)   Post Evacuate Collection Set: 5.44ms
[380.590s][info][gc,phases      ] GC(364)   Other: 0.07ms
[380.590s][info][gc,heap        ] GC(364) Eden regions: 132->0(116)
[380.590s][info][gc,heap        ] GC(364) Survivor regions: 10->2(2)
[380.590s][info][gc,heap        ] GC(364) Old regions: 624->764
[380.590s][info][gc,heap        ] GC(364) Humongous regions: 666->479
[380.590s][info][gc,metaspace   ] GC(364) Metaspace: 100380K(101632K)->100380K(101632K) NonClass: 78475K(79168K)->78475K(79168K) Class: 21905K(22464K)->21905K(22464K)
[380.590s][info][gc             ] GC(364) Pause Young (Prepare Mixed) (G1 Humongous Allocation) (Evacuation Failure: Allocation) 2860M->2488M(2868M) 10.333ms
[380.590s][info][gc,cpu         ] GC(364) User=0.03s Sys=0.00s Real=0.01s
[380.732s][info][gc,start       ] GC(365) Pause Young (Mixed) (G1 Humongous Allocation)
[380.732s][info][gc,task        ] GC(365) Using 4 workers of 4 for evacuation
[380.738s][info][gc,phases      ] GC(365)   Pre Evacuate Collection Set: 0.25ms
[380.738s][info][gc,phases      ] GC(365)   Merge Heap Roots: 0.19ms
[380.738s][info][gc,phases      ] GC(365)   Evacuate Collection Set: 3.17ms
[380.738s][info][gc,phases      ] GC(365)   Post Evacuate Collection Set: 2.92ms
[380.738s][info][gc,phases      ] GC(365)   Other: 0.06ms
[380.738s][info][gc,heap        ] GC(365) Eden regions: 24->0(83)
[380.738s][info][gc,heap        ] GC(365) Survivor regions: 2->4(9)
[380.738s][info][gc,heap        ] GC(365) Old regions: 764->784
[380.738s][info][gc,heap        ] GC(365) Humongous regions: 635->490
[380.738s][info][gc,metaspace   ] GC(365) Metaspace: 100380K(101632K)->100380K(101632K) NonClass: 78475K(79168K)->78475K(79168K) Class: 21905K(22464K)->21905K(22464K)
[380.738s][info][gc             ] GC(365) Pause Young (Mixed) (G1 Humongous Allocation) (Evacuation Failure: Allocation) 2847M->2554M(2868M) 6.690ms
[380.738s][info][gc,cpu         ] GC(365) User=0.02s Sys=0.00s Real=0.00s
[380.739s][info][gc,start       ] GC(366) Pause Young (Concurrent Start) (G1 Humongous Allocation)
[380.739s][info][gc,task        ] GC(366) Using 4 workers of 4 for evacuation
[380.746s][info][gc,phases      ] GC(366)   Pre Evacuate Collection Set: 0.25ms
[380.746s][info][gc,phases      ] GC(366)   Merge Heap Roots: 0.11ms
[380.746s][info][gc,phases      ] GC(366)   Evacuate Collection Set: 6.62ms
[380.746s][info][gc,phases      ] GC(366)   Post Evacuate Collection Set: 0.49ms
[380.746s][info][gc,phases      ] GC(366)   Other: 0.07ms
[380.746s][info][gc,heap        ] GC(366) Eden regions: 3->0(202)
[380.746s][info][gc,heap        ] GC(366) Survivor regions: 4->6(11)
[380.746s][info][gc,heap        ] GC(366) Old regions: 784->667
[380.746s][info][gc,heap        ] GC(366) Humongous regions: 493->470
[380.746s][info][gc,metaspace   ] GC(366) Metaspace: 100380K(101632K)->100380K(101632K) NonClass: 78475K(79168K)->78475K(79168K) Class: 21905K(22464K)->21905K(22464K)
[380.746s][info][gc             ] GC(366) Pause Young (Concurrent Start) (G1 Humongous Allocation) 2566M->2284M(2868M) 7.611ms
[380.746s][info][gc,cpu         ] GC(366) User=0.03s Sys=0.00s Real=0.01s
[380.746s][info][gc             ] GC(367) Concurrent Mark Cycle
[380.746s][info][gc,marking     ] GC(367) Concurrent Scan Root Regions
[380.764s][info][gc,marking     ] GC(367) Concurrent Scan Root Regions 17.218ms
[380.764s][info][gc,marking     ] GC(367) Concurrent Mark
[380.764s][info][gc,marking     ] GC(367) Concurrent Mark From Roots
[380.764s][info][gc,task        ] GC(367) Using 1 workers of 1 for marking
[380.810s][info][gc,marking     ] GC(367) Concurrent Mark From Roots 45.928ms
[380.810s][info][gc,marking     ] GC(367) Concurrent Preclean
[380.810s][info][gc,marking     ] GC(367) Concurrent Preclean 0.126ms
[380.810s][info][gc,start       ] GC(367) Pause Remark
[380.813s][info][gc             ] GC(367) Pause Remark 2390M->2310M(2868M) 2.976ms
[380.813s][info][gc,cpu         ] GC(367) User=0.01s Sys=0.00s Real=0.01s
[380.813s][info][gc,marking     ] GC(367) Concurrent Mark 49.176ms
[380.813s][info][gc,marking     ] GC(367) Concurrent Rebuild Remembered Sets and Scrub Regions
[380.851s][info][gc,marking     ] GC(367) Concurrent Rebuild Remembered Sets and Scrub Regions 38.051ms
[380.851s][info][gc,start       ] GC(367) Pause Cleanup
[380.851s][info][gc             ] GC(367) Pause Cleanup 2315M->2315M(2868M) 0.117ms
[380.851s][info][gc,cpu         ] GC(367) User=0.00s Sys=0.00s Real=0.00s
[380.851s][info][gc,marking     ] GC(367) Concurrent Clear Claimed Marks
[380.851s][info][gc,marking     ] GC(367) Concurrent Clear Claimed Marks 0.118ms
[380.851s][info][gc,marking     ] GC(367) Concurrent Cleanup for Next Mark
[380.853s][info][gc,marking     ] GC(367) Concurrent Cleanup for Next Mark 1.392ms
[380.853s][info][gc             ] GC(367) Concurrent Mark Cycle 106.213ms
[381.413s][info][gc,start       ] GC(368) Pause Young (Prepare Mixed) (G1 Humongous Allocation)
[381.413s][info][gc,task        ] GC(368) Using 4 workers of 4 for evacuation
[381.421s][info][gc,phases      ] GC(368)   Pre Evacuate Collection Set: 0.31ms
[381.421s][info][gc,phases      ] GC(368)   Merge Heap Roots: 0.24ms
[381.421s][info][gc,phases      ] GC(368)   Evacuate Collection Set: 3.39ms
[381.421s][info][gc,phases      ] GC(368)   Post Evacuate Collection Set: 3.93ms
[381.421s][info][gc,phases      ] GC(368)   Other: 0.07ms
[381.421s][info][gc,heap        ] GC(368) Eden regions: 115->0(108)
[381.421s][info][gc,heap        ] GC(368) Survivor regions: 6->4(8)
[381.421s][info][gc,heap        ] GC(368) Old regions: 667->779
[381.421s][info][gc,heap        ] GC(368) Humongous regions: 638->470
[381.421s][info][gc,metaspace   ] GC(368) Metaspace: 100380K(101632K)->100380K(101632K) NonClass: 78475K(79168K)->78475K(79168K) Class: 21905K(22464K)->21905K(22464K)
[381.421s][info][gc             ] GC(368) Pause Young (Prepare Mixed) (G1 Humongous Allocation) (Evacuation Failure: Allocation) 2849M->2504M(2868M) 8.049ms
[381.421s][info][gc,cpu         ] GC(368) User=0.03s Sys=0.00s Real=0.00s
[381.639s][info][gc,start       ] GC(369) Pause Young (Mixed) (G1 Humongous Allocation)
[381.639s][info][gc,task        ] GC(369) Using 4 workers of 4 for evacuation
[381.650s][info][gc,phases      ] GC(369)   Pre Evacuate Collection Set: 0.18ms
[381.650s][info][gc,phases      ] GC(369)   Merge Heap Roots: 0.12ms
[381.650s][info][gc,phases      ] GC(369)   Evacuate Collection Set: 4.90ms
[381.650s][info][gc,phases      ] GC(369)   Post Evacuate Collection Set: 6.06ms
[381.650s][info][gc,phases      ] GC(369)   Other: 0.07ms
[381.650s][info][gc,heap        ] GC(369) Eden regions: 82->0(68)
[381.650s][info][gc,heap        ] GC(369) Survivor regions: 4->3(6)
[381.650s][info][gc,heap        ] GC(369) Old regions: 779->866
[381.650s][info][gc,heap        ] GC(369) Humongous regions: 563->482
[381.650s][info][gc,metaspace   ] GC(369) Metaspace: 100380K(101632K)->100380K(101632K) NonClass: 78475K(79168K)->78475K(79168K) Class: 21905K(22464K)->21905K(22464K)
[381.650s][info][gc             ] GC(369) Pause Young (Mixed) (G1 Humongous Allocation) (Evacuation Failure: Allocation) 2854M->2700M(2868M) 11.430ms
[381.650s][info][gc,cpu         ] GC(369) User=0.04s Sys=0.00s Real=0.01s
[381.652s][info][gc,start       ] GC(370) Pause Young (Concurrent Start) (G1 Humongous Allocation)
[381.652s][info][gc,task        ] GC(370) Using 4 workers of 4 for evacuation
[381.660s][info][gc,phases      ] GC(370)   Pre Evacuate Collection Set: 0.29ms
[381.660s][info][gc,phases      ] GC(370)   Merge Heap Roots: 0.12ms
[381.660s][info][gc,phases      ] GC(370)   Evacuate Collection Set: 7.34ms
[381.660s][info][gc,phases      ] GC(370)   Post Evacuate Collection Set: 0.59ms
[381.660s][info][gc,phases      ] GC(370)   Other: 0.07ms
[381.660s][info][gc,heap        ] GC(370) Eden regions: 2->0(153)
[381.660s][info][gc,heap        ] GC(370) Survivor regions: 3->4(9)
[381.660s][info][gc,heap        ] GC(370) Old regions: 866->719
[381.660s][info][gc,heap        ] GC(370) Humongous regions: 485->485
[381.660s][info][gc,metaspace   ] GC(370) Metaspace: 100380K(101632K)->100380K(101632K) NonClass: 78475K(79168K)->78475K(79168K) Class: 21905K(22464K)->21905K(22464K)
[381.660s][info][gc             ] GC(370) Pause Young (Concurrent Start) (G1 Humongous Allocation) 2709M->2414M(2868M) 8.549ms
[381.660s][info][gc             ] GC(371) Concurrent Mark Cycle
[381.660s][info][gc,marking     ] GC(371) Concurrent Scan Root Regions
[381.660s][info][gc,cpu         ] GC(370) User=0.04s Sys=0.00s Real=0.00s
[381.677s][info][gc,marking     ] GC(371) Concurrent Scan Root Regions 17.278ms
[381.677s][info][gc,marking     ] GC(371) Concurrent Mark
[381.677s][info][gc,marking     ] GC(371) Concurrent Mark From Roots
[381.677s][info][gc,task        ] GC(371) Using 1 workers of 1 for marking
[381.734s][info][gc,marking     ] GC(371) Concurrent Mark From Roots 56.970ms
[381.734s][info][gc,marking     ] GC(371) Concurrent Preclean
[381.735s][info][gc,marking     ] GC(371) Concurrent Preclean 0.132ms
[381.735s][info][gc,start       ] GC(371) Pause Remark
[381.738s][info][gc             ] GC(371) Pause Remark 2625M->2513M(2868M) 3.682ms
[381.738s][info][gc,cpu         ] GC(371) User=0.01s Sys=0.00s Real=0.00s
[381.738s][info][gc,marking     ] GC(371) Concurrent Mark 60.990ms
[381.738s][info][gc,marking     ] GC(371) Concurrent Rebuild Remembered Sets and Scrub Regions
[381.800s][info][gc,marking     ] GC(371) Concurrent Rebuild Remembered Sets and Scrub Regions 61.499ms
[381.800s][info][gc,start       ] GC(371) Pause Cleanup
[381.800s][info][gc             ] GC(371) Pause Cleanup 2594M->2594M(2868M) 0.202ms
[381.800s][info][gc,cpu         ] GC(371) User=0.00s Sys=0.00s Real=0.00s
[381.800s][info][gc,marking     ] GC(371) Concurrent Clear Claimed Marks
[381.801s][info][gc,marking     ] GC(371) Concurrent Clear Claimed Marks 0.202ms
[381.801s][info][gc,marking     ] GC(371) Concurrent Cleanup for Next Mark
[381.803s][info][gc,marking     ] GC(371) Concurrent Cleanup for Next Mark 2.203ms
[381.803s][info][gc             ] GC(371) Concurrent Mark Cycle 142.651ms
[381.962s][info][gc,start       ] GC(372) Pause Young (Prepare Mixed) (G1 Humongous Allocation)
[381.962s][info][gc,task        ] GC(372) Using 4 workers of 4 for evacuation
[381.972s][info][gc,phases      ] GC(372)   Pre Evacuate Collection Set: 0.30ms
[381.972s][info][gc,phases      ] GC(372)   Merge Heap Roots: 0.20ms
[381.972s][info][gc,phases      ] GC(372)   Evacuate Collection Set: 4.30ms
[381.972s][info][gc,phases      ] GC(372)   Post Evacuate Collection Set: 5.13ms
[381.972s][info][gc,phases      ] GC(372)   Other: 0.09ms
[381.972s][info][gc,heap        ] GC(372) Eden regions: 126->0(73)
[381.972s][info][gc,heap        ] GC(372) Survivor regions: 4->2(8)
[381.972s][info][gc,heap        ] GC(372) Old regions: 718->852
[381.972s][info][gc,heap        ] GC(372) Humongous regions: 578->434
[381.972s][info][gc,metaspace   ] GC(372) Metaspace: 100381K(101632K)->100381K(101632K) NonClass: 78475K(79168K)->78475K(79168K) Class: 21906K(22464K)->21906K(22464K)
[381.972s][info][gc             ] GC(372) Pause Young (Prepare Mixed) (G1 Humongous Allocation) (Evacuation Failure: Allocation) 2849M->2574M(2868M) 10.122ms
[381.972s][info][gc,cpu         ] GC(372) User=0.04s Sys=0.00s Real=0.01s
[381.988s][info][gc,start       ] GC(373) Pause Young (Mixed) (G1 Humongous Allocation)
[381.988s][info][gc,task        ] GC(373) Using 4 workers of 4 for evacuation
[381.994s][info][gc,phases      ] GC(373)   Pre Evacuate Collection Set: 0.19ms
[381.994s][info][gc,phases      ] GC(373)   Merge Heap Roots: 0.12ms
[381.994s][info][gc,phases      ] GC(373)   Evacuate Collection Set: 2.91ms
[381.994s][info][gc,phases      ] GC(373)   Post Evacuate Collection Set: 3.09ms
[381.994s][info][gc,phases      ] GC(373)   Other: 0.06ms
[381.994s][info][gc,heap        ] GC(373) Eden regions: 13->0(71)
[381.994s][info][gc,heap        ] GC(373) Survivor regions: 2->1(6)
[381.994s][info][gc,heap        ] GC(373) Old regions: 852->859
[381.994s][info][gc,heap        ] GC(373) Humongous regions: 561->489
[381.994s][info][gc,metaspace   ] GC(373) Metaspace: 100381K(101632K)->100381K(101632K) NonClass: 78475K(79168K)->78475K(79168K) Class: 21906K(22464K)->21906K(22464K)
[381.994s][info][gc             ] GC(373) Pause Young (Mixed) (G1 Humongous Allocation) (Evacuation Failure: Allocation) 2853M->2696M(2868M) 6.462ms
[381.994s][info][gc,cpu         ] GC(373) User=0.03s Sys=0.00s Real=0.01s
[381.995s][info][gc,start       ] GC(374) Pause Young (Concurrent Start) (G1 Humongous Allocation)
[381.995s][info][gc,task        ] GC(374) Using 4 workers of 4 for evacuation
[382.003s][info][gc,phases      ] GC(374)   Pre Evacuate Collection Set: 0.27ms
[382.003s][info][gc,phases      ] GC(374)   Merge Heap Roots: 0.10ms
[382.003s][info][gc,phases      ] GC(374)   Evacuate Collection Set: 7.20ms
[382.003s][info][gc,phases      ] GC(374)   Post Evacuate Collection Set: 0.64ms
[382.003s][info][gc,phases      ] GC(374)   Other: 0.06ms
[382.003s][info][gc,heap        ] GC(374) Eden regions: 1->0(111)
[382.003s][info][gc,heap        ] GC(374) Survivor regions: 1->1(9)
[382.003s][info][gc,heap        ] GC(374) Old regions: 859->752
[382.003s][info][gc,heap        ] GC(374) Humongous regions: 497->497
[382.003s][info][gc,metaspace   ] GC(374) Metaspace: 100381K(101632K)->100381K(101632K) NonClass: 78475K(79168K)->78475K(79168K) Class: 21906K(22464K)->21906K(22464K)
[382.003s][info][gc             ] GC(374) Pause Young (Concurrent Start) (G1 Humongous Allocation) 2713M->2498M(2868M) 8.369ms
[382.003s][info][gc,cpu         ] GC(374) User=0.03s Sys=0.00s Real=0.01s
[382.003s][info][gc             ] GC(375) Concurrent Mark Cycle
[382.003s][info][gc,marking     ] GC(375) Concurrent Scan Root Regions
[382.022s][info][gc,marking     ] GC(375) Concurrent Scan Root Regions 19.059ms
[382.022s][info][gc,marking     ] GC(375) Concurrent Mark
[382.022s][info][gc,marking     ] GC(375) Concurrent Mark From Roots
[382.022s][info][gc,task        ] GC(375) Using 1 workers of 1 for marking
[382.087s][info][gc,marking     ] GC(375) Concurrent Mark From Roots 65.030ms
[382.087s][info][gc,marking     ] GC(375) Concurrent Preclean
[382.087s][info][gc,marking     ] GC(375) Concurrent Preclean 0.168ms
[382.087s][info][gc,start       ] GC(375) Pause Remark
[382.092s][info][gc             ] GC(375) Pause Remark 2690M->2624M(2868M) 4.406ms
[382.092s][info][gc,cpu         ] GC(375) User=0.01s Sys=0.00s Real=0.01s
[382.092s][info][gc,marking     ] GC(375) Concurrent Mark 69.900ms
[382.092s][info][gc,marking     ] GC(375) Concurrent Rebuild Remembered Sets and Scrub Regions
[382.135s][info][gc,marking     ] GC(375) Concurrent Rebuild Remembered Sets and Scrub Regions 42.795ms
[382.136s][info][gc,start       ] GC(375) Pause Cleanup
[382.136s][info][gc             ] GC(375) Pause Cleanup 2636M->2636M(2868M) 0.130ms
[382.136s][info][gc,cpu         ] GC(375) User=0.00s Sys=0.00s Real=0.00s
[382.136s][info][gc,marking     ] GC(375) Concurrent Clear Claimed Marks
[382.136s][info][gc,marking     ] GC(375) Concurrent Clear Claimed Marks 0.120ms
[382.136s][info][gc,marking     ] GC(375) Concurrent Cleanup for Next Mark
[382.137s][info][gc,marking     ] GC(375) Concurrent Cleanup for Next Mark 1.571ms
[382.137s][info][gc             ] GC(375) Concurrent Mark Cycle 134.533ms
[382.289s][info][gc,start       ] GC(376) Pause Young (Prepare Mixed) (G1 Humongous Allocation)
[382.289s][info][gc,task        ] GC(376) Using 4 workers of 4 for evacuation
[382.296s][info][gc,phases      ] GC(376)   Pre Evacuate Collection Set: 0.18ms
[382.296s][info][gc,phases      ] GC(376)   Merge Heap Roots: 0.10ms
[382.296s][info][gc,phases      ] GC(376)   Evacuate Collection Set: 3.57ms
[382.296s][info][gc,phases      ] GC(376)   Post Evacuate Collection Set: 3.32ms
[382.296s][info][gc,phases      ] GC(376)   Other: 0.05ms
[382.296s][info][gc,heap        ] GC(376) Eden regions: 35->0(90)
[382.296s][info][gc,heap        ] GC(376) Survivor regions: 1->4(14)
[382.296s][info][gc,heap        ] GC(376) Old regions: 749->792
[382.296s][info][gc,heap        ] GC(376) Humongous regions: 633->475
[382.296s][info][gc,metaspace   ] GC(376) Metaspace: 100382K(101632K)->100382K(101632K) NonClass: 78476K(79168K)->78476K(79168K) Class: 21906K(22464K)->21906K(22464K)
[382.296s][info][gc             ] GC(376) Pause Young (Prepare Mixed) (G1 Humongous Allocation) (Evacuation Failure: Allocation) 2834M->2541M(2868M) 7.324ms
[382.296s][info][gc,cpu         ] GC(376) User=0.03s Sys=0.00s Real=0.01s
[382.676s][info][gc,start       ] GC(377) Pause Young (Mixed) (G1 Humongous Allocation)
[382.676s][info][gc,task        ] GC(377) Using 4 workers of 4 for evacuation
[382.684s][info][gc,phases      ] GC(377)   Pre Evacuate Collection Set: 0.26ms
[382.684s][info][gc,phases      ] GC(377)   Merge Heap Roots: 0.12ms
[382.684s][info][gc,phases      ] GC(377)   Evacuate Collection Set: 3.39ms
[382.684s][info][gc,phases      ] GC(377)   Post Evacuate Collection Set: 4.65ms
[382.684s][info][gc,phases      ] GC(377)   Other: 0.06ms
[382.684s][info][gc,heap        ] GC(377) Eden regions: 79->0(59)
[382.684s][info][gc,heap        ] GC(377) Survivor regions: 4->1(4)
[382.684s][info][gc,heap        ] GC(377) Old regions: 792->876
[382.684s][info][gc,heap        ] GC(377) Humongous regions: 555->498
[382.684s][info][gc,metaspace   ] GC(377) Metaspace: 100382K(101632K)->100382K(101632K) NonClass: 78476K(79168K)->78476K(79168K) Class: 21906K(22464K)->21906K(22464K)
[382.684s][info][gc             ] GC(377) Pause Young (Mixed) (G1 Humongous Allocation) (Evacuation Failure: Allocation) 2858M->2748M(2868M) 8.606ms
[382.684s][info][gc,cpu         ] GC(377) User=0.03s Sys=0.00s Real=0.01s
[382.685s][info][gc,start       ] GC(378) Pause Young (Concurrent Start) (G1 Humongous Allocation)
[382.685s][info][gc,task        ] GC(378) Using 4 workers of 4 for evacuation
[382.693s][info][gc,phases      ] GC(378)   Pre Evacuate Collection Set: 0.24ms
[382.693s][info][gc,phases      ] GC(378)   Merge Heap Roots: 0.09ms
[382.693s][info][gc,phases      ] GC(378)   Evacuate Collection Set: 5.57ms
[382.693s][info][gc,phases      ] GC(378)   Post Evacuate Collection Set: 2.14ms
[382.693s][info][gc,phases      ] GC(378)   Other: 0.06ms
[382.693s][info][gc,heap        ] GC(378) Eden regions: 2->0(69)
[382.693s][info][gc,heap        ] GC(378) Survivor regions: 1->2(8)
[382.693s][info][gc,heap        ] GC(378) Old regions: 876->852
[382.693s][info][gc,heap        ] GC(378) Humongous regions: 500->499
[382.693s][info][gc,metaspace   ] GC(378) Metaspace: 100382K(101632K)->100382K(101632K) NonClass: 78476K(79168K)->78476K(79168K) Class: 21906K(22464K)->21906K(22464K)
[382.693s][info][gc             ] GC(378) Pause Young (Concurrent Start) (G1 Humongous Allocation) (Evacuation Failure: Allocation) 2755M->2703M(2868M) 8.160ms
[382.693s][info][gc             ] GC(379) Concurrent Mark Cycle
[382.693s][info][gc,cpu         ] GC(378) User=0.03s Sys=0.00s Real=0.01s
[382.693s][info][gc,marking     ] GC(379) Concurrent Scan Root Regions
[382.704s][info][gc,marking     ] GC(379) Concurrent Scan Root Regions 11.109ms
[382.704s][info][gc,marking     ] GC(379) Concurrent Mark
[382.704s][info][gc,marking     ] GC(379) Concurrent Mark From Roots
[382.704s][info][gc,task        ] GC(379) Using 1 workers of 1 for marking
[382.746s][info][gc,start       ] GC(380) Pause Young (Normal) (G1 Humongous Allocation)
[382.746s][info][gc,task        ] GC(380) Using 4 workers of 4 for evacuation
[382.754s][info][gc,phases      ] GC(380)   Pre Evacuate Collection Set: 0.26ms
[382.754s][info][gc,phases      ] GC(380)   Merge Heap Roots: 0.08ms
[382.754s][info][gc,phases      ] GC(380)   Evacuate Collection Set: 3.99ms
[382.754s][info][gc,phases      ] GC(380)   Post Evacuate Collection Set: 3.55ms
[382.754s][info][gc,phases      ] GC(380)   Other: 0.06ms
[382.754s][info][gc,heap        ] GC(380) Eden regions: 16->0(66)
[382.754s][info][gc,heap        ] GC(380) Survivor regions: 2->5(9)
[382.754s][info][gc,heap        ] GC(380) Old regions: 852->848
[382.754s][info][gc,heap        ] GC(380) Humongous regions: 536->505
[382.754s][info][gc,metaspace   ] GC(380) Metaspace: 100382K(101632K)->100382K(101632K) NonClass: 78476K(79168K)->78476K(79168K) Class: 21906K(22464K)->21906K(22464K)
[382.754s][info][gc             ] GC(380) Pause Young (Normal) (G1 Humongous Allocation) (Evacuation Failure: Allocation) 2808M->2713M(2868M) 8.024ms
[382.754s][info][gc,cpu         ] GC(380) User=0.03s Sys=0.00s Real=0.01s
[382.769s][info][gc,marking     ] GC(379) Concurrent Mark From Roots 65.437ms
[382.770s][info][gc,marking     ] GC(379) Concurrent Preclean
[382.770s][info][gc,marking     ] GC(379) Concurrent Preclean 0.157ms
[382.770s][info][gc,start       ] GC(379) Pause Remark
[382.772s][info][gc             ] GC(379) Pause Remark 2746M->2590M(2868M) 2.572ms
[382.772s][info][gc,cpu         ] GC(379) User=0.01s Sys=0.00s Real=0.01s
[382.772s][info][gc,marking     ] GC(379) Concurrent Mark 68.298ms
[382.772s][info][gc,marking     ] GC(379) Concurrent Rebuild Remembered Sets and Scrub Regions
[382.815s][info][gc,marking     ] GC(379) Concurrent Rebuild Remembered Sets and Scrub Regions 42.838ms
[382.815s][info][gc,start       ] GC(379) Pause Cleanup
[382.815s][info][gc             ] GC(379) Pause Cleanup 2642M->2642M(2868M) 0.093ms
[382.815s][info][gc,cpu         ] GC(379) User=0.00s Sys=0.00s Real=0.00s
[382.815s][info][gc,marking     ] GC(379) Concurrent Clear Claimed Marks
[382.815s][info][gc,marking     ] GC(379) Concurrent Clear Claimed Marks 0.115ms
[382.815s][info][gc,marking     ] GC(379) Concurrent Cleanup for Next Mark
[382.817s][info][gc,marking     ] GC(379) Concurrent Cleanup for Next Mark 1.316ms
[382.817s][info][gc             ] GC(379) Concurrent Mark Cycle 123.923ms
[382.967s][info][gc,start       ] GC(381) Pause Young (Prepare Mixed) (G1 Humongous Allocation)
[382.967s][info][gc,task        ] GC(381) Using 4 workers of 4 for evacuation
[382.974s][info][gc,phases      ] GC(381)   Pre Evacuate Collection Set: 0.26ms
[382.974s][info][gc,phases      ] GC(381)   Merge Heap Roots: 0.14ms
[382.974s][info][gc,phases      ] GC(381)   Evacuate Collection Set: 3.05ms
[382.974s][info][gc,phases      ] GC(381)   Post Evacuate Collection Set: 4.27ms
[382.974s][info][gc,phases      ] GC(381)   Other: 0.05ms
[382.974s][info][gc,heap        ] GC(381) Eden regions: 48->0(69)
[382.974s][info][gc,heap        ] GC(381) Survivor regions: 5->7(9)
[382.974s][info][gc,heap        ] GC(381) Old regions: 845->882
[382.974s][info][gc,heap        ] GC(381) Humongous regions: 523->455
[382.974s][info][gc,metaspace   ] GC(381) Metaspace: 100383K(101632K)->100383K(101632K) NonClass: 78476K(79168K)->78476K(79168K) Class: 21906K(22464K)->21906K(22464K)
[382.974s][info][gc             ] GC(381) Pause Young (Prepare Mixed) (G1 Humongous Allocation) (Evacuation Failure: Allocation) 2838M->2685M(2868M) 7.853ms
[382.974s][info][gc,cpu         ] GC(381) User=0.03s Sys=0.00s Real=0.01s
[383.072s][info][gc,start       ] GC(382) Pause Young (Mixed) (G1 Humongous Allocation)
[383.072s][info][gc,task        ] GC(382) Using 4 workers of 4 for evacuation
[383.081s][info][gc,phases      ] GC(382)   Pre Evacuate Collection Set: 0.46ms
[383.081s][info][gc,phases      ] GC(382)   Merge Heap Roots: 0.17ms
[383.081s][info][gc,phases      ] GC(382)   Evacuate Collection Set: 3.12ms
[383.081s][info][gc,phases      ] GC(382)   Post Evacuate Collection Set: 5.48ms
[383.081s][info][gc,phases      ] GC(382)   Other: 0.06ms
[383.081s][info][gc,heap        ] GC(382) Eden regions: 44->0(36)
[383.081s][info][gc,heap        ] GC(382) Survivor regions: 7->1(3)
[383.081s][info][gc,heap        ] GC(382) Old regions: 882->932
[383.081s][info][gc,heap        ] GC(382) Humongous regions: 498->465
[383.081s][info][gc,metaspace   ] GC(382) Metaspace: 100383K(101632K)->100383K(101632K) NonClass: 78476K(79168K)->78476K(79168K) Class: 21906K(22464K)->21906K(22464K)
[383.081s][info][gc             ] GC(382) Pause Young (Mixed) (G1 Humongous Allocation) (Evacuation Failure: Allocation) 2859M->2793M(2868M) 9.384ms
[383.081s][info][gc,cpu         ] GC(382) User=0.03s Sys=0.00s Real=0.00s
[383.083s][info][gc,start       ] GC(383) Pause Young (Concurrent Start) (G1 Humongous Allocation)
[383.083s][info][gc,task        ] GC(383) Using 4 workers of 4 for evacuation
[383.092s][info][gc,phases      ] GC(383)   Pre Evacuate Collection Set: 0.34ms
[383.092s][info][gc,phases      ] GC(383)   Merge Heap Roots: 0.17ms
[383.092s][info][gc,phases      ] GC(383)   Evacuate Collection Set: 4.60ms
[383.092s][info][gc,phases      ] GC(383)   Post Evacuate Collection Set: 4.41ms
[383.092s][info][gc,phases      ] GC(383)   Other: 0.06ms
[383.092s][info][gc,heap        ] GC(383) Eden regions: 5->0(48)
[383.092s][info][gc,heap        ] GC(383) Survivor regions: 1->3(5)
[383.092s][info][gc,heap        ] GC(383) Old regions: 932->916
[383.092s][info][gc,heap        ] GC(383) Humongous regions: 470->467
[383.092s][info][gc,metaspace   ] GC(383) Metaspace: 100383K(101632K)->100383K(101632K) NonClass: 78476K(79168K)->78476K(79168K) Class: 21906K(22464K)->21906K(22464K)
[383.092s][info][gc             ] GC(383) Pause Young (Concurrent Start) (G1 Humongous Allocation) (Evacuation Failure: Allocation) 2812M->2769M(2868M) 9.684ms
[383.092s][info][gc             ] GC(384) Concurrent Mark Cycle
[383.092s][info][gc,marking     ] GC(384) Concurrent Scan Root Regions
[383.092s][info][gc,cpu         ] GC(383) User=0.03s Sys=0.00s Real=0.01s
[383.102s][info][gc,marking     ] GC(384) Concurrent Scan Root Regions 9.913ms
[383.102s][info][gc,marking     ] GC(384) Concurrent Mark
[383.102s][info][gc,marking     ] GC(384) Concurrent Mark From Roots
[383.102s][info][gc,task        ] GC(384) Using 1 workers of 1 for marking
[383.130s][info][gc,start       ] GC(385) Pause Young (Normal) (G1 Humongous Allocation)
[383.130s][info][gc,task        ] GC(385) Using 4 workers of 4 for evacuation
[383.138s][info][gc,phases      ] GC(385)   Pre Evacuate Collection Set: 0.31ms
[383.138s][info][gc,phases      ] GC(385)   Merge Heap Roots: 0.14ms
[383.138s][info][gc,phases      ] GC(385)   Evacuate Collection Set: 2.29ms
[383.138s][info][gc,phases      ] GC(385)   Post Evacuate Collection Set: 5.53ms
[383.138s][info][gc,phases      ] GC(385)   Other: 0.06ms
[383.138s][info][gc,heap        ] GC(385) Eden regions: 24->0(19)
[383.138s][info][gc,heap        ] GC(385) Survivor regions: 3->0(0)
[383.138s][info][gc,heap        ] GC(385) Old regions: 916->942
[383.138s][info][gc,heap        ] GC(385) Humongous regions: 491->473
[383.138s][info][gc,metaspace   ] GC(385) Metaspace: 100383K(101632K)->100383K(101632K) NonClass: 78476K(79168K)->78476K(79168K) Class: 21906K(22464K)->21906K(22464K)
[383.138s][info][gc             ] GC(385) Pause Young (Normal) (G1 Humongous Allocation) (Evacuation Failure: Allocation) 2864M->2826M(2868M) 8.436ms
[383.138s][info][gc,cpu         ] GC(385) User=0.03s Sys=0.00s Real=0.01s
[383.140s][info][gc,start       ] GC(386) Pause Young (Normal) (G1 Humongous Allocation)
[383.140s][info][gc,task        ] GC(386) Using 4 workers of 4 for evacuation
[383.147s][info][gc,phases      ] GC(386)   Pre Evacuate Collection Set: 0.19ms
[383.147s][info][gc,phases      ] GC(386)   Merge Heap Roots: 0.08ms
[383.147s][info][gc,phases      ] GC(386)   Evacuate Collection Set: 2.22ms
[383.147s][info][gc,phases      ] GC(386)   Post Evacuate Collection Set: 4.85ms
[383.147s][info][gc,phases      ] GC(386)   Other: 0.06ms
[383.147s][info][gc,heap        ] GC(386) Eden regions: 3->0(11)
[383.147s][info][gc,heap        ] GC(386) Survivor regions: 0->1(3)
[383.147s][info][gc,heap        ] GC(386) Old regions: 942->943
[383.147s][info][gc,heap        ] GC(386) Humongous regions: 486->479
[383.147s][info][gc,metaspace   ] GC(386) Metaspace: 100383K(101632K)->100383K(101632K) NonClass: 78476K(79168K)->78476K(79168K) Class: 21906K(22464K)->21906K(22464K)
[383.147s][info][gc             ] GC(386) Pause Young (Normal) (G1 Humongous Allocation) (Evacuation Failure: Allocation) 2858M->2842M(2868M) 7.491ms
[383.147s][info][gc,cpu         ] GC(386) User=0.03s Sys=0.00s Real=0.01s
[383.149s][info][gc,start       ] GC(387) Pause Young (Normal) (G1 Humongous Allocation)
[383.149s][info][gc,task        ] GC(387) Using 4 workers of 4 for evacuation
[383.156s][info][gc,phases      ] GC(387)   Pre Evacuate Collection Set: 0.20ms
[383.156s][info][gc,phases      ] GC(387)   Merge Heap Roots: 0.12ms
[383.156s][info][gc,phases      ] GC(387)   Evacuate Collection Set: 2.38ms
[383.156s][info][gc,phases      ] GC(387)   Post Evacuate Collection Set: 4.33ms
[383.156s][info][gc,phases      ] GC(387)   Other: 0.05ms
[383.156s][info][gc,heap        ] GC(387) Eden regions: 2->0(7)
[383.156s][info][gc,heap        ] GC(387) Survivor regions: 1->1(2)
[383.156s][info][gc,heap        ] GC(387) Old regions: 943->946
[383.156s][info][gc,heap        ] GC(387) Humongous regions: 482->480
[383.156s][info][gc,metaspace   ] GC(387) Metaspace: 100383K(101632K)->100383K(101632K) NonClass: 78476K(79168K)->78476K(79168K) Class: 21906K(22464K)->21906K(22464K)
[383.156s][info][gc             ] GC(387) Pause Young (Normal) (G1 Humongous Allocation) (Evacuation Failure: Allocation) 2852M->2850M(2868M) 7.170ms
[383.156s][info][gc,cpu         ] GC(387) User=0.02s Sys=0.00s Real=0.01s
[383.156s][info][gc,ergo        ] Attempting full compaction
[383.156s][info][gc,start       ] GC(388) Pause Full (G1 Compaction Pause)
[383.156s][info][gc,task        ] GC(388) Using 4 workers of 4 for full compaction
[383.157s][info][gc,phases,start] GC(388) Phase 1: Mark live objects
[383.181s][info][gc,phases      ] GC(388) Phase 1: Mark live objects 24.212ms
[383.181s][info][gc,phases,start] GC(388) Phase 2: Prepare compaction
[383.183s][info][gc,phases      ] GC(388) Phase 2: Prepare compaction 1.857ms
[383.183s][info][gc,phases,start] GC(388) Phase 3: Adjust pointers
[383.191s][info][gc,phases      ] GC(388) Phase 3: Adjust pointers 8.298ms
[383.191s][info][gc,phases,start] GC(388) Phase 4: Compact heap
[383.195s][info][gc,phases      ] GC(388) Phase 4: Compact heap 3.655ms
[383.195s][info][gc,phases,start] GC(388) Phase 5: Reset Metadata
[383.197s][info][gc,phases      ] GC(388) Phase 5: Reset Metadata 2.216ms
[383.199s][info][gc,heap        ] GC(388) Eden regions: 0->0(574)
[383.199s][info][gc,heap        ] GC(388) Survivor regions: 1->0(2)
[383.199s][info][gc,heap        ] GC(388) Old regions: 946->59
[383.199s][info][gc,heap        ] GC(388) Humongous regions: 480->405
[383.199s][info][gc,metaspace   ] GC(388) Metaspace: 100383K(101632K)->100381K(101632K) NonClass: 78476K(79168K)->78475K(79168K) Class: 21906K(22464K)->21906K(22464K)
[383.199s][info][gc             ] GC(388) Pause Full (G1 Compaction Pause) 2850M->923M(2868M) 43.477ms
[383.199s][info][gc,cpu         ] GC(388) User=0.15s Sys=0.00s Real=0.04s
[383.199s][info][gc,marking     ] GC(384) Concurrent Mark From Roots 97.134ms
[383.199s][info][gc,marking     ] GC(384) Concurrent Mark Abort
[383.199s][info][gc             ] GC(384) Concurrent Mark Cycle 107.107ms
[383.501s][info][gc,start       ] GC(389) Pause Young (Concurrent Start) (G1 Humongous Allocation)
[383.501s][info][gc,task        ] GC(389) Using 4 workers of 4 for evacuation
[383.507s][info][gc,phases      ] GC(389)   Pre Evacuate Collection Set: 0.17ms
[383.507s][info][gc,phases      ] GC(389)   Merge Heap Roots: 0.04ms
[383.507s][info][gc,phases      ] GC(389)   Evacuate Collection Set: 5.08ms
[383.507s][info][gc,phases      ] GC(389)   Post Evacuate Collection Set: 0.66ms
[383.507s][info][gc,phases      ] GC(389)   Other: 0.05ms
[383.507s][info][gc,heap        ] GC(389) Eden regions: 127->0(435)
[383.507s][info][gc,heap        ] GC(389) Survivor regions: 0->59(72)
[383.507s][info][gc,heap        ] GC(389) Old regions: 59->59
[383.507s][info][gc,heap        ] GC(389) Humongous regions: 756->510
[383.507s][info][gc,metaspace   ] GC(389) Metaspace: 100381K(101632K)->100381K(101632K) NonClass: 78475K(79168K)->78475K(79168K) Class: 21906K(22464K)->21906K(22464K)
[383.507s][info][gc             ] GC(389) Pause Young (Concurrent Start) (G1 Humongous Allocation) 1879M->1250M(2868M) 6.085ms
[383.507s][info][gc,cpu         ] GC(389) User=0.02s Sys=0.00s Real=0.01s
[383.507s][info][gc             ] GC(390) Concurrent Undo Cycle
[383.507s][info][gc,marking     ] GC(390) Concurrent Clear Claimed Marks
[383.507s][info][gc,marking     ] GC(390) Concurrent Clear Claimed Marks 0.095ms
[383.507s][info][gc,marking     ] GC(390) Concurrent Cleanup for Next Mark
[383.507s][info][gc,marking     ] GC(390) Concurrent Cleanup for Next Mark 0.105ms
[383.507s][info][gc             ] GC(390) Concurrent Undo Cycle 0.246ms
[383.508s][info][gc,start       ] GC(391) Pause Young (Concurrent Start) (G1 Humongous Allocation)
[383.508s][info][gc,task        ] GC(391) Using 4 workers of 4 for evacuation
[383.512s][info][gc,phases      ] GC(391)   Pre Evacuate Collection Set: 0.14ms
[383.512s][info][gc,phases      ] GC(391)   Merge Heap Roots: 0.06ms
[383.512s][info][gc,phases      ] GC(391)   Evacuate Collection Set: 3.68ms
[383.512s][info][gc,phases      ] GC(391)   Post Evacuate Collection Set: 0.40ms
[383.512s][info][gc,phases      ] GC(391)   Other: 0.05ms
[383.512s][info][gc,heap        ] GC(391) Eden regions: 2->0(456)
[383.512s][info][gc,heap        ] GC(391) Survivor regions: 59->1(62)
[383.512s][info][gc,heap        ] GC(391) Old regions: 59->118
[383.512s][info][gc,heap        ] GC(391) Humongous regions: 513->513
[383.512s][info][gc,metaspace   ] GC(391) Metaspace: 100381K(101632K)->100381K(101632K) NonClass: 78475K(79168K)->78475K(79168K) Class: 21906K(22464K)->21906K(22464K)
[383.512s][info][gc             ] GC(391) Pause Young (Concurrent Start) (G1 Humongous Allocation) 1259M->1258M(2868M) 4.417ms
[383.512s][info][gc,cpu         ] GC(391) User=0.01s Sys=0.00s Real=0.01s
[383.512s][info][gc             ] GC(392) Concurrent Mark Cycle
[383.512s][info][gc,marking     ] GC(392) Concurrent Scan Root Regions
[383.516s][info][gc,marking     ] GC(392) Concurrent Scan Root Regions 3.965ms
[383.516s][info][gc,marking     ] GC(392) Concurrent Mark
[383.516s][info][gc,marking     ] GC(392) Concurrent Mark From Roots
[383.516s][info][gc,task        ] GC(392) Using 1 workers of 1 for marking
[383.555s][info][gc,marking     ] GC(392) Concurrent Mark From Roots 38.888ms
[383.555s][info][gc,marking     ] GC(392) Concurrent Preclean
[383.555s][info][gc,marking     ] GC(392) Concurrent Preclean 0.140ms
[383.555s][info][gc,start       ] GC(392) Pause Remark
[383.558s][info][gc             ] GC(392) Pause Remark 1309M->1093M(2868M) 2.746ms
[383.558s][info][gc,cpu         ] GC(392) User=0.01s Sys=0.00s Real=0.00s
[383.558s][info][gc,marking     ] GC(392) Concurrent Mark 41.900ms
[383.558s][info][gc,marking     ] GC(392) Concurrent Rebuild Remembered Sets and Scrub Regions
[383.577s][info][gc,marking     ] GC(392) Concurrent Rebuild Remembered Sets and Scrub Regions 19.268ms
[383.577s][info][gc,start       ] GC(392) Pause Cleanup
[383.577s][info][gc             ] GC(392) Pause Cleanup 1097M->1097M(2868M) 0.064ms
[383.577s][info][gc,cpu         ] GC(392) User=0.00s Sys=0.00s Real=0.00s
[383.577s][info][gc,marking     ] GC(392) Concurrent Clear Claimed Marks
[383.577s][info][gc,marking     ] GC(392) Concurrent Clear Claimed Marks 0.127ms
[383.577s][info][gc,marking     ] GC(392) Concurrent Cleanup for Next Mark
[383.579s][info][gc,marking     ] GC(392) Concurrent Cleanup for Next Mark 1.321ms
[383.579s][info][gc             ] GC(392) Concurrent Mark Cycle 66.786ms
[384.650s][info][gc,start       ] GC(393) Pause Young (Prepare Mixed) (G1 Humongous Allocation)
[384.650s][info][gc,task        ] GC(393) Using 4 workers of 4 for evacuation
[384.655s][info][gc,phases      ] GC(393)   Pre Evacuate Collection Set: 0.17ms
[384.655s][info][gc,phases      ] GC(393)   Merge Heap Roots: 0.08ms
[384.655s][info][gc,phases      ] GC(393)   Evacuate Collection Set: 1.79ms
[384.655s][info][gc,phases      ] GC(393)   Post Evacuate Collection Set: 2.99ms
[384.655s][info][gc,phases      ] GC(393)   Other: 0.06ms
[384.655s][info][gc,heap        ] GC(393) Eden regions: 329->0(281)
[384.655s][info][gc,heap        ] GC(393) Survivor regions: 1->4(4)
[384.655s][info][gc,heap        ] GC(393) Old regions: 117->398
[384.655s][info][gc,heap        ] GC(393) Humongous regions: 983->581
[384.655s][info][gc,metaspace   ] GC(393) Metaspace: 100382K(101632K)->100382K(101632K) NonClass: 78475K(79168K)->78475K(79168K) Class: 21907K(22464K)->21907K(22464K)
[384.655s][info][gc             ] GC(393) Pause Young (Prepare Mixed) (G1 Humongous Allocation) (Evacuation Failure: Allocation) 2856M->1963M(2868M) 5.206ms
[384.655s][info][gc,cpu         ] GC(393) User=0.02s Sys=0.00s Real=0.01s
[385.522s][info][gc,start       ] GC(394) Pause Young (Mixed) (G1 Humongous Allocation)
[385.522s][info][gc,task        ] GC(394) Using 4 workers of 4 for evacuation
[385.527s][info][gc,phases      ] GC(394)   Pre Evacuate Collection Set: 0.21ms
[385.527s][info][gc,phases      ] GC(394)   Merge Heap Roots: 0.09ms
[385.527s][info][gc,phases      ] GC(394)   Evacuate Collection Set: 1.54ms
[385.527s][info][gc,phases      ] GC(394)   Post Evacuate Collection Set: 3.12ms
[385.527s][info][gc,phases      ] GC(394)   Other: 0.05ms
[385.527s][info][gc,heap        ] GC(394) Eden regions: 155->0(291)
[385.527s][info][gc,heap        ] GC(394) Survivor regions: 4->2(3)
[385.527s][info][gc,heap        ] GC(394) Old regions: 398->386
[385.527s][info][gc,heap        ] GC(394) Humongous regions: 874->598
[385.527s][info][gc,metaspace   ] GC(394) Metaspace: 100382K(101632K)->100382K(101632K) NonClass: 78475K(79168K)->78475K(79168K) Class: 21907K(22464K)->21907K(22464K)
[385.527s][info][gc             ] GC(394) Pause Young (Mixed) (G1 Humongous Allocation) (Evacuation Failure: Allocation) 2857M->1970M(2868M) 5.119ms
[385.527s][info][gc,cpu         ] GC(394) User=0.02s Sys=0.00s Real=0.00s
[385.527s][info][gc,start       ] GC(395) Pause Young (Concurrent Start) (G1 Humongous Allocation)
[385.527s][info][gc,task        ] GC(395) Using 4 workers of 4 for evacuation
[385.531s][info][gc,phases      ] GC(395)   Pre Evacuate Collection Set: 0.19ms
[385.532s][info][gc,phases      ] GC(395)   Merge Heap Roots: 0.06ms
[385.532s][info][gc,phases      ] GC(395)   Evacuate Collection Set: 3.26ms
[385.532s][info][gc,phases      ] GC(395)   Post Evacuate Collection Set: 0.54ms
[385.532s][info][gc,phases      ] GC(395)   Other: 0.05ms
[385.532s][info][gc,heap        ] GC(395) Eden regions: 2->0(428)
[385.532s][info][gc,heap        ] GC(395) Survivor regions: 2->3(37)
[385.532s][info][gc,heap        ] GC(395) Old regions: 386->151
[385.532s][info][gc,heap        ] GC(395) Humongous regions: 600->599
[385.532s][info][gc,metaspace   ] GC(395) Metaspace: 100382K(101632K)->100382K(101632K) NonClass: 78475K(79168K)->78475K(79168K) Class: 21907K(22464K)->21907K(22464K)
[385.532s][info][gc             ] GC(395) Pause Young (Concurrent Start) (G1 Humongous Allocation) 1977M->1505M(2868M) 4.188ms
[385.532s][info][gc             ] GC(396) Concurrent Mark Cycle
[385.532s][info][gc,marking     ] GC(396) Concurrent Scan Root Regions
[385.532s][info][gc,cpu         ] GC(395) User=0.01s Sys=0.00s Real=0.01s
[385.535s][info][gc,marking     ] GC(396) Concurrent Scan Root Regions 3.709ms
[385.535s][info][gc,marking     ] GC(396) Concurrent Mark
[385.535s][info][gc,marking     ] GC(396) Concurrent Mark From Roots
[385.535s][info][gc,task        ] GC(396) Using 1 workers of 1 for marking
[385.573s][info][gc,marking     ] GC(396) Concurrent Mark From Roots 37.876ms
[385.573s][info][gc,marking     ] GC(396) Concurrent Preclean
[385.573s][info][gc,marking     ] GC(396) Concurrent Preclean 0.102ms
[385.573s][info][gc,start       ] GC(396) Pause Remark
[385.576s][info][gc             ] GC(396) Pause Remark 1594M->1210M(2868M) 2.425ms
[385.576s][info][gc,cpu         ] GC(396) User=0.01s Sys=0.00s Real=0.00s
[385.576s][info][gc,marking     ] GC(396) Concurrent Mark 40.536ms
[385.576s][info][gc,marking     ] GC(396) Concurrent Rebuild Remembered Sets and Scrub Regions
[385.594s][info][gc,marking     ] GC(396) Concurrent Rebuild Remembered Sets and Scrub Regions 18.005ms
[385.594s][info][gc,start       ] GC(396) Pause Cleanup
[385.594s][info][gc             ] GC(396) Pause Cleanup 1222M->1222M(2868M) 0.055ms
[385.594s][info][gc,cpu         ] GC(396) User=0.00s Sys=0.00s Real=0.00s
[385.594s][info][gc,marking     ] GC(396) Concurrent Clear Claimed Marks
[385.594s][info][gc,marking     ] GC(396) Concurrent Clear Claimed Marks 0.112ms
[385.594s][info][gc,marking     ] GC(396) Concurrent Cleanup for Next Mark
[385.595s][info][gc,marking     ] GC(396) Concurrent Cleanup for Next Mark 1.308ms
[385.595s][info][gc             ] GC(396) Concurrent Mark Cycle 63.855ms
[386.622s][info][gc,start       ] GC(397) Pause Young (Prepare Mixed) (G1 Evacuation Pause)
[386.622s][info][gc,task        ] GC(397) Using 4 workers of 4 for evacuation
[386.628s][info][gc,phases      ] GC(397)   Pre Evacuate Collection Set: 0.13ms
[386.628s][info][gc,phases      ] GC(397)   Merge Heap Roots: 0.09ms
[386.628s][info][gc,phases      ] GC(397)   Evacuate Collection Set: 1.95ms
[386.628s][info][gc,phases      ] GC(397)   Post Evacuate Collection Set: 2.94ms
[386.628s][info][gc,phases      ] GC(397)   Other: 0.06ms
[386.628s][info][gc,heap        ] GC(397) Eden regions: 298->0(304)
[386.628s][info][gc,heap        ] GC(397) Survivor regions: 3->0(0)
[386.628s][info][gc,heap        ] GC(397) Old regions: 134->407
[386.628s][info][gc,heap        ] GC(397) Humongous regions: 999->587
[386.628s][info][gc,metaspace   ] GC(397) Metaspace: 100387K(101632K)->100387K(101632K) NonClass: 78480K(79168K)->78480K(79168K) Class: 21907K(22464K)->21907K(22464K)
[386.628s][info][gc             ] GC(397) Pause Young (Prepare Mixed) (G1 Evacuation Pause) (Evacuation Failure: Allocation) 2867M->1987M(2868M) 5.253ms
[386.628s][info][gc,cpu         ] GC(397) User=0.02s Sys=0.00s Real=0.00s
[387.147s][info][gc,start       ] GC(398) Pause Young (Mixed) (G1 Humongous Allocation)
[387.147s][info][gc,task        ] GC(398) Using 4 workers of 4 for evacuation
[387.155s][info][gc,phases      ] GC(398)   Pre Evacuate Collection Set: 0.29ms
[387.155s][info][gc,phases      ] GC(398)   Merge Heap Roots: 0.08ms
[387.155s][info][gc,phases      ] GC(398)   Evacuate Collection Set: 3.01ms
[387.155s][info][gc,phases      ] GC(398)   Post Evacuate Collection Set: 5.04ms
[387.155s][info][gc,phases      ] GC(398)   Other: 0.07ms
[387.155s][info][gc,heap        ] GC(398) Eden regions: 172->0(192)
[387.155s][info][gc,heap        ] GC(398) Survivor regions: 0->5(10)
[387.155s][info][gc,heap        ] GC(398) Old regions: 407->494
[387.155s][info][gc,heap        ] GC(398) Humongous regions: 845->670
[387.155s][info][gc,metaspace   ] GC(398) Metaspace: 100387K(101632K)->100387K(101632K) NonClass: 78480K(79168K)->78480K(79168K) Class: 21907K(22464K)->21907K(22464K)
[387.155s][info][gc             ] GC(398) Pause Young (Mixed) (G1 Humongous Allocation) (Evacuation Failure: Allocation) 2846M->2336M(2868M) 8.606ms
[387.155s][info][gc,cpu         ] GC(398) User=0.03s Sys=0.00s Real=0.01s
[387.156s][info][gc,start       ] GC(399) Pause Young (Concurrent Start) (G1 Humongous Allocation)
[387.156s][info][gc,task        ] GC(399) Using 4 workers of 4 for evacuation
[387.165s][info][gc,phases      ] GC(399)   Pre Evacuate Collection Set: 0.75ms
[387.165s][info][gc,phases      ] GC(399)   Merge Heap Roots: 0.22ms
[387.165s][info][gc,phases      ] GC(399)   Evacuate Collection Set: 7.15ms
[387.165s][info][gc,phases      ] GC(399)   Post Evacuate Collection Set: 0.70ms
[387.165s][info][gc,phases      ] GC(399)   Other: 0.06ms
[387.165s][info][gc,heap        ] GC(399) Eden regions: 2->0(397)
[387.165s][info][gc,heap        ] GC(399) Survivor regions: 5->6(25)
[387.165s][info][gc,heap        ] GC(399) Old regions: 494->215
[387.165s][info][gc,heap        ] GC(399) Humongous regions: 673->668
[387.165s][info][gc,metaspace   ] GC(399) Metaspace: 100387K(101632K)->100387K(101632K) NonClass: 78480K(79168K)->78480K(79168K) Class: 21907K(22464K)->21907K(22464K)
[387.165s][info][gc             ] GC(399) Pause Young (Concurrent Start) (G1 Humongous Allocation) 2345M->1776M(2868M) 9.004ms
[387.165s][info][gc,cpu         ] GC(399) User=0.03s Sys=0.00s Real=0.01s
[387.165s][info][gc             ] GC(400) Concurrent Mark Cycle
[387.165s][info][gc,marking     ] GC(400) Concurrent Scan Root Regions
[387.172s][info][gc,marking     ] GC(400) Concurrent Scan Root Regions 6.814ms
[387.172s][info][gc,marking     ] GC(400) Concurrent Mark
[387.172s][info][gc,marking     ] GC(400) Concurrent Mark From Roots
[387.172s][info][gc,task        ] GC(400) Using 1 workers of 1 for marking
[387.214s][info][gc,marking     ] GC(400) Concurrent Mark From Roots 41.935ms
[387.214s][info][gc,marking     ] GC(400) Concurrent Preclean
[387.214s][info][gc,marking     ] GC(400) Concurrent Preclean 0.113ms
[387.214s][info][gc,start       ] GC(400) Pause Remark
[387.217s][info][gc             ] GC(400) Pause Remark 1922M->1456M(2868M) 3.355ms
[387.217s][info][gc,cpu         ] GC(400) User=0.01s Sys=0.00s Real=0.00s
[387.218s][info][gc,marking     ] GC(400) Concurrent Mark 46.663ms
[387.219s][info][gc,marking     ] GC(400) Concurrent Rebuild Remembered Sets and Scrub Regions
[387.241s][info][gc,marking     ] GC(400) Concurrent Rebuild Remembered Sets and Scrub Regions 22.657ms
[387.241s][info][gc,start       ] GC(400) Pause Cleanup
[387.241s][info][gc             ] GC(400) Pause Cleanup 1515M->1515M(2868M) 0.088ms
[387.241s][info][gc,cpu         ] GC(400) User=0.00s Sys=0.00s Real=0.00s
[387.241s][info][gc,marking     ] GC(400) Concurrent Clear Claimed Marks
[387.241s][info][gc,marking     ] GC(400) Concurrent Clear Claimed Marks 0.120ms
[387.242s][info][gc,marking     ] GC(400) Concurrent Cleanup for Next Mark
[387.243s][info][gc,marking     ] GC(400) Concurrent Cleanup for Next Mark 1.396ms
[387.243s][info][gc             ] GC(400) Concurrent Mark Cycle 77.976ms
[388.216s][info][gc,start       ] GC(401) Pause Young (Prepare Mixed) (G1 Evacuation Pause)
[388.216s][info][gc,task        ] GC(401) Using 4 workers of 4 for evacuation
[388.221s][info][gc,phases      ] GC(401)   Pre Evacuate Collection Set: 0.13ms
[388.221s][info][gc,phases      ] GC(401)   Merge Heap Roots: 0.08ms
[388.221s][info][gc,phases      ] GC(401)   Evacuate Collection Set: 2.11ms
[388.221s][info][gc,phases      ] GC(401)   Post Evacuate Collection Set: 3.21ms
[388.221s][info][gc,phases      ] GC(401)   Other: 0.05ms
[388.221s][info][gc,heap        ] GC(401) Eden regions: 240->0(315)
[388.221s][info][gc,heap        ] GC(401) Survivor regions: 6->0(0)
[388.221s][info][gc,heap        ] GC(401) Old regions: 202->430
[388.221s][info][gc,heap        ] GC(401) Humongous regions: 986->602
[388.221s][info][gc,metaspace   ] GC(401) Metaspace: 100387K(101632K)->100387K(101632K) NonClass: 78480K(79168K)->78480K(79168K) Class: 21907K(22464K)->21907K(22464K)
[388.221s][info][gc             ] GC(401) Pause Young (Prepare Mixed) (G1 Evacuation Pause) (Evacuation Failure: Allocation) 2866M->2063M(2868M) 5.687ms
[388.222s][info][gc,cpu         ] GC(401) User=0.02s Sys=0.00s Real=0.01s
[388.557s][info][gc,start       ] GC(402) Pause Young (Mixed) (G1 Humongous Allocation)
[388.557s][info][gc,task        ] GC(402) Using 4 workers of 4 for evacuation
[388.567s][info][gc,phases      ] GC(402)   Pre Evacuate Collection Set: 0.28ms
[388.567s][info][gc,phases      ] GC(402)   Merge Heap Roots: 0.08ms
[388.567s][info][gc,phases      ] GC(402)   Evacuate Collection Set: 4.30ms
[388.567s][info][gc,phases      ] GC(402)   Post Evacuate Collection Set: 5.07ms
[388.567s][info][gc,phases      ] GC(402)   Other: 0.05ms
[388.567s][info][gc,heap        ] GC(402) Eden regions: 155->0(100)
[388.567s][info][gc,heap        ] GC(402) Survivor regions: 0->9(20)
[388.567s][info][gc,heap        ] GC(402) Old regions: 430->587
[388.567s][info][gc,heap        ] GC(402) Humongous regions: 829->665
[388.567s][info][gc,metaspace   ] GC(402) Metaspace: 100389K(101632K)->100389K(101632K) NonClass: 78482K(79168K)->78482K(79168K) Class: 21907K(22464K)->21907K(22464K)
[388.567s][info][gc             ] GC(402) Pause Young (Mixed) (G1 Humongous Allocation) (Evacuation Failure: Allocation) 2826M->2521M(2868M) 9.880ms
[388.567s][info][gc,cpu         ] GC(402) User=0.03s Sys=0.00s Real=0.01s
[388.568s][info][gc,start       ] GC(403) Pause Young (Concurrent Start) (G1 Humongous Allocation)
[388.568s][info][gc,task        ] GC(403) Using 4 workers of 4 for evacuation
[388.575s][info][gc,phases      ] GC(403)   Pre Evacuate Collection Set: 0.23ms
[388.575s][info][gc,phases      ] GC(403)   Merge Heap Roots: 0.13ms
[388.575s][info][gc,phases      ] GC(403)   Evacuate Collection Set: 6.71ms
[388.575s][info][gc,phases      ] GC(403)   Post Evacuate Collection Set: 0.57ms
[388.575s][info][gc,phases      ] GC(403)   Other: 0.06ms
[388.575s][info][gc,heap        ] GC(403) Eden regions: 2->0(275)
[388.575s][info][gc,heap        ] GC(403) Survivor regions: 9->2(14)
[388.575s][info][gc,heap        ] GC(403) Old regions: 587->402
[388.575s][info][gc,heap        ] GC(403) Humongous regions: 670->667
[388.575s][info][gc,metaspace   ] GC(403) Metaspace: 100389K(101632K)->100389K(101632K) NonClass: 78482K(79168K)->78482K(79168K) Class: 21907K(22464K)->21907K(22464K)
[388.575s][info][gc             ] GC(403) Pause Young (Concurrent Start) (G1 Humongous Allocation) 2535M->2140M(2868M) 7.771ms
[388.575s][info][gc             ] GC(404) Concurrent Mark Cycle
[388.575s][info][gc,marking     ] GC(404) Concurrent Scan Root Regions
[388.575s][info][gc,cpu         ] GC(403) User=0.03s Sys=0.00s Real=0.01s
[388.586s][info][gc,marking     ] GC(404) Concurrent Scan Root Regions 10.211ms
[388.586s][info][gc,marking     ] GC(404) Concurrent Mark
[388.586s][info][gc,marking     ] GC(404) Concurrent Mark From Roots
[388.586s][info][gc,task        ] GC(404) Using 1 workers of 1 for marking
[388.626s][info][gc,marking     ] GC(404) Concurrent Mark From Roots 40.238ms
[388.626s][info][gc,marking     ] GC(404) Concurrent Preclean
[388.626s][info][gc,marking     ] GC(404) Concurrent Preclean 0.116ms
[388.626s][info][gc,start       ] GC(404) Pause Remark
[388.629s][info][gc             ] GC(404) Pause Remark 2304M->1742M(2868M) 2.743ms
[388.629s][info][gc,cpu         ] GC(404) User=0.01s Sys=0.00s Real=0.00s
[388.629s][info][gc,marking     ] GC(404) Concurrent Mark 43.234ms
[388.629s][info][gc,marking     ] GC(404) Concurrent Rebuild Remembered Sets and Scrub Regions
[388.655s][info][gc,marking     ] GC(404) Concurrent Rebuild Remembered Sets and Scrub Regions 25.937ms
[388.655s][info][gc,start       ] GC(404) Pause Cleanup
[388.655s][info][gc             ] GC(404) Pause Cleanup 1761M->1761M(2868M) 0.088ms
[388.655s][info][gc,cpu         ] GC(404) User=0.00s Sys=0.00s Real=0.00s
[388.655s][info][gc,marking     ] GC(404) Concurrent Clear Claimed Marks
[388.655s][info][gc,marking     ] GC(404) Concurrent Clear Claimed Marks 0.117ms
[388.655s][info][gc,marking     ] GC(404) Concurrent Cleanup for Next Mark
[388.656s][info][gc,marking     ] GC(404) Concurrent Cleanup for Next Mark 1.332ms
[388.656s][info][gc             ] GC(404) Concurrent Mark Cycle 81.064ms
[389.463s][info][gc,start       ] GC(405) Pause Young (Prepare Mixed) (G1 Humongous Allocation)
[389.463s][info][gc,task        ] GC(405) Using 4 workers of 4 for evacuation
[389.470s][info][gc,phases      ] GC(405)   Pre Evacuate Collection Set: 0.23ms
[389.470s][info][gc,phases      ] GC(405)   Merge Heap Roots: 0.10ms
[389.470s][info][gc,phases      ] GC(405)   Evacuate Collection Set: 2.79ms
[389.470s][info][gc,phases      ] GC(405)   Post Evacuate Collection Set: 4.27ms
[389.470s][info][gc,phases      ] GC(405)   Other: 0.05ms
[389.470s][info][gc,heap        ] GC(405) Eden regions: 196->0(296)
[389.470s][info][gc,heap        ] GC(405) Survivor regions: 2->1(1)
[389.470s][info][gc,heap        ] GC(405) Old regions: 356->538
[389.470s][info][gc,heap        ] GC(405) Humongous regions: 879->523
[389.470s][info][gc,metaspace   ] GC(405) Metaspace: 100402K(101632K)->100402K(101632K) NonClass: 78495K(79168K)->78495K(79168K) Class: 21907K(22464K)->21907K(22464K)
[389.470s][info][gc             ] GC(405) Pause Young (Prepare Mixed) (G1 Humongous Allocation) (Evacuation Failure: Allocation) 2862M->2122M(2868M) 7.536ms
[389.470s][info][gc,cpu         ] GC(405) User=0.03s Sys=0.00s Real=0.00s
[389.756s][info][gc,start       ] GC(406) Pause Young (Mixed) (G1 Humongous Allocation)
[389.756s][info][gc,task        ] GC(406) Using 4 workers of 4 for evacuation
[389.769s][info][gc,phases      ] GC(406)   Pre Evacuate Collection Set: 0.30ms
[389.769s][info][gc,phases      ] GC(406)   Merge Heap Roots: 0.10ms
[389.769s][info][gc,phases      ] GC(406)   Evacuate Collection Set: 5.42ms
[389.769s][info][gc,phases      ] GC(406)   Post Evacuate Collection Set: 6.38ms
[389.769s][info][gc,phases      ] GC(406)   Other: 0.06ms
[389.769s][info][gc,heap        ] GC(406) Eden regions: 141->0(110)
[389.769s][info][gc,heap        ] GC(406) Survivor regions: 1->9(22)
[389.769s][info][gc,heap        ] GC(406) Old regions: 538->677
[389.769s][info][gc,heap        ] GC(406) Humongous regions: 732->565
[389.769s][info][gc,metaspace   ] GC(406) Metaspace: 100402K(101632K)->100402K(101632K) NonClass: 78495K(79168K)->78495K(79168K) Class: 21907K(22464K)->21907K(22464K)
[389.769s][info][gc             ] GC(406) Pause Young (Mixed) (G1 Humongous Allocation) (Evacuation Failure: Allocation) 2822M->2500M(2868M) 12.391ms
[389.769s][info][gc,cpu         ] GC(406) User=0.05s Sys=0.01s Real=0.01s
[389.772s][info][gc,start       ] GC(407) Pause Young (Concurrent Start) (G1 Humongous Allocation)
[389.772s][info][gc,task        ] GC(407) Using 4 workers of 4 for evacuation
[389.781s][info][gc,phases      ] GC(407)   Pre Evacuate Collection Set: 0.45ms
[389.781s][info][gc,phases      ] GC(407)   Merge Heap Roots: 0.22ms
[389.781s][info][gc,phases      ] GC(407)   Evacuate Collection Set: 7.86ms
[389.781s][info][gc,phases      ] GC(407)   Post Evacuate Collection Set: 0.79ms
[389.781s][info][gc,phases      ] GC(407)   Other: 0.09ms
[389.781s][info][gc,heap        ] GC(407) Eden regions: 7->0(205)
[389.781s][info][gc,heap        ] GC(407) Survivor regions: 9->4(15)
[389.781s][info][gc,heap        ] GC(407) Old regions: 677->524
[389.781s][info][gc,heap        ] GC(407) Humongous regions: 570->567
[389.781s][info][gc,metaspace   ] GC(407) Metaspace: 100402K(101632K)->100402K(101632K) NonClass: 78495K(79168K)->78495K(79168K) Class: 21907K(22464K)->21907K(22464K)
[389.781s][info][gc             ] GC(407) Pause Young (Concurrent Start) (G1 Humongous Allocation) 2524M->2188M(2868M) 9.516ms
[389.781s][info][gc,cpu         ] GC(407) User=0.03s Sys=0.00s Real=0.00s
[389.781s][info][gc             ] GC(408) Concurrent Mark Cycle
[389.781s][info][gc,marking     ] GC(408) Concurrent Scan Root Regions
[389.795s][info][gc,marking     ] GC(408) Concurrent Scan Root Regions 14.349ms
[389.795s][info][gc,marking     ] GC(408) Concurrent Mark
[389.795s][info][gc,marking     ] GC(408) Concurrent Mark From Roots
[389.795s][info][gc,task        ] GC(408) Using 1 workers of 1 for marking
[389.839s][info][gc,marking     ] GC(408) Concurrent Mark From Roots 43.964ms
[389.839s][info][gc,marking     ] GC(408) Concurrent Preclean
[389.840s][info][gc,marking     ] GC(408) Concurrent Preclean 0.114ms
[389.840s][info][gc,start       ] GC(408) Pause Remark
[389.842s][info][gc             ] GC(408) Pause Remark 2388M->2080M(2868M) 2.553ms
[389.842s][info][gc,cpu         ] GC(408) User=0.01s Sys=0.00s Real=0.01s
[389.842s][info][gc,marking     ] GC(408) Concurrent Mark 46.770ms
[389.842s][info][gc,marking     ] GC(408) Concurrent Rebuild Remembered Sets and Scrub Regions
[389.875s][info][gc,marking     ] GC(408) Concurrent Rebuild Remembered Sets and Scrub Regions 32.871ms
[389.875s][info][gc,start       ] GC(408) Pause Cleanup
[389.875s][info][gc             ] GC(408) Pause Cleanup 2136M->2136M(2868M) 0.112ms
[389.875s][info][gc,cpu         ] GC(408) User=0.00s Sys=0.00s Real=0.00s
[389.875s][info][gc,marking     ] GC(408) Concurrent Clear Claimed Marks
[389.875s][info][gc,marking     ] GC(408) Concurrent Clear Claimed Marks 0.123ms
[389.875s][info][gc,marking     ] GC(408) Concurrent Cleanup for Next Mark
[389.877s][info][gc,marking     ] GC(408) Concurrent Cleanup for Next Mark 1.327ms
[389.877s][info][gc             ] GC(408) Concurrent Mark Cycle 95.719ms
[390.497s][info][gc,start       ] GC(409) Pause Young (Prepare Mixed) (G1 Evacuation Pause)
[390.497s][info][gc,task        ] GC(409) Using 4 workers of 4 for evacuation
[390.506s][info][gc,phases      ] GC(409)   Pre Evacuate Collection Set: 0.49ms
[390.506s][info][gc,phases      ] GC(409)   Merge Heap Roots: 0.19ms
[390.506s][info][gc,phases      ] GC(409)   Evacuate Collection Set: 3.22ms
[390.506s][info][gc,phases      ] GC(409)   Post Evacuate Collection Set: 5.18ms
[390.506s][info][gc,phases      ] GC(409)   Other: 0.05ms
[390.506s][info][gc,heap        ] GC(409) Eden regions: 147->0(173)
[390.506s][info][gc,heap        ] GC(409) Survivor regions: 4->0(0)
[390.506s][info][gc,heap        ] GC(409) Old regions: 515->665
[390.506s][info][gc,heap        ] GC(409) Humongous regions: 768->507
[390.506s][info][gc,metaspace   ] GC(409) Metaspace: 100403K(101632K)->100403K(101632K) NonClass: 78495K(79168K)->78495K(79168K) Class: 21907K(22464K)->21907K(22464K)
[390.506s][info][gc             ] GC(409) Pause Young (Prepare Mixed) (G1 Evacuation Pause) (Evacuation Failure: Allocation) 2866M->2343M(2868M) 9.235ms
[390.506s][info][gc,cpu         ] GC(409) User=0.03s Sys=0.00s Real=0.01s
[390.860s][info][gc,start       ] GC(410) Pause Young (Mixed) (G1 Evacuation Pause)
[390.860s][info][gc,task        ] GC(410) Using 4 workers of 4 for evacuation
[390.868s][info][gc,phases      ] GC(410)   Pre Evacuate Collection Set: 0.23ms
[390.868s][info][gc,phases      ] GC(410)   Merge Heap Roots: 0.10ms
[390.868s][info][gc,phases      ] GC(410)   Evacuate Collection Set: 3.10ms
[390.868s][info][gc,phases      ] GC(410)   Post Evacuate Collection Set: 4.25ms
[390.868s][info][gc,phases      ] GC(410)   Other: 0.06ms
[390.868s][info][gc,heap        ] GC(410) Eden regions: 92->0(72)
[390.868s][info][gc,heap        ] GC(410) Survivor regions: 0->0(0)
[390.868s][info][gc,heap        ] GC(410) Old regions: 665->757
[390.868s][info][gc,heap        ] GC(410) Humongous regions: 677->532
[390.868s][info][gc,metaspace   ] GC(410) Metaspace: 100403K(101632K)->100403K(101632K) NonClass: 78495K(79168K)->78495K(79168K) Class: 21907K(22464K)->21907K(22464K)
[390.868s][info][gc             ] GC(410) Pause Young (Mixed) (G1 Evacuation Pause) (Evacuation Failure: Allocation) 2867M->2577M(2868M) 7.837ms
[390.868s][info][gc,cpu         ] GC(410) User=0.03s Sys=0.00s Real=0.01s
[390.888s][info][gc,start       ] GC(411) Pause Young (Concurrent Start) (G1 Humongous Allocation)
[390.888s][info][gc,task        ] GC(411) Using 4 workers of 4 for evacuation
[390.896s][info][gc,phases      ] GC(411)   Pre Evacuate Collection Set: 0.38ms
[390.896s][info][gc,phases      ] GC(411)   Merge Heap Roots: 0.12ms
[390.896s][info][gc,phases      ] GC(411)   Evacuate Collection Set: 6.78ms
[390.896s][info][gc,phases      ] GC(411)   Post Evacuate Collection Set: 0.56ms
[390.896s][info][gc,phases      ] GC(411)   Other: 0.06ms
[390.896s][info][gc,heap        ] GC(411) Eden regions: 10->0(139)
[390.896s][info][gc,heap        ] GC(411) Survivor regions: 0->5(9)
[390.896s][info][gc,heap        ] GC(411) Old regions: 757->653
[390.896s][info][gc,heap        ] GC(411) Humongous regions: 532->532
[390.896s][info][gc,metaspace   ] GC(411) Metaspace: 100403K(101632K)->100403K(101632K) NonClass: 78495K(79168K)->78495K(79168K) Class: 21907K(22464K)->21907K(22464K)
[390.896s][info][gc             ] GC(411) Pause Young (Concurrent Start) (G1 Humongous Allocation) 2595M->2377M(2868M) 7.997ms
[390.896s][info][gc,cpu         ] GC(411) User=0.03s Sys=0.00s Real=0.01s
[390.896s][info][gc             ] GC(412) Concurrent Mark Cycle
[390.896s][info][gc,marking     ] GC(412) Concurrent Scan Root Regions
[390.912s][info][gc,marking     ] GC(412) Concurrent Scan Root Regions 15.897ms
[390.912s][info][gc,marking     ] GC(412) Concurrent Mark
[390.912s][info][gc,marking     ] GC(412) Concurrent Mark From Roots
[390.912s][info][gc,task        ] GC(412) Using 1 workers of 1 for marking
[390.959s][info][gc,marking     ] GC(412) Concurrent Mark From Roots 46.583ms
[390.959s][info][gc,marking     ] GC(412) Concurrent Preclean
[390.959s][info][gc,marking     ] GC(412) Concurrent Preclean 0.114ms
[390.959s][info][gc,start       ] GC(412) Pause Remark
[390.962s][info][gc             ] GC(412) Pause Remark 2578M->2382M(2868M) 2.709ms
[390.962s][info][gc,cpu         ] GC(412) User=0.01s Sys=0.00s Real=0.01s
[390.962s][info][gc,marking     ] GC(412) Concurrent Mark 49.543ms
[390.962s][info][gc,marking     ] GC(412) Concurrent Rebuild Remembered Sets and Scrub Regions
[391.002s][info][gc,marking     ] GC(412) Concurrent Rebuild Remembered Sets and Scrub Regions 39.865ms
[391.002s][info][gc,start       ] GC(412) Pause Cleanup
[391.002s][info][gc             ] GC(412) Pause Cleanup 2423M->2423M(2868M) 0.144ms
[391.002s][info][gc,cpu         ] GC(412) User=0.00s Sys=0.00s Real=0.00s
[391.002s][info][gc,marking     ] GC(412) Concurrent Clear Claimed Marks
[391.002s][info][gc,marking     ] GC(412) Concurrent Clear Claimed Marks 0.133ms
[391.002s][info][gc,marking     ] GC(412) Concurrent Cleanup for Next Mark
[391.004s][info][gc,marking     ] GC(412) Concurrent Cleanup for Next Mark 1.600ms
[391.004s][info][gc             ] GC(412) Concurrent Mark Cycle 107.427ms
[391.157s][info][gc,start       ] GC(413) Pause Young (Prepare Mixed) (G1 Humongous Allocation)
[391.157s][info][gc,task        ] GC(413) Using 4 workers of 4 for evacuation
[391.166s][info][gc,phases      ] GC(413)   Pre Evacuate Collection Set: 0.19ms
[391.166s][info][gc,phases      ] GC(413)   Merge Heap Roots: 0.11ms
[391.166s][info][gc,phases      ] GC(413)   Evacuate Collection Set: 4.57ms
[391.166s][info][gc,phases      ] GC(413)   Post Evacuate Collection Set: 4.50ms
[391.166s][info][gc,phases      ] GC(413)   Other: 0.06ms
[391.166s][info][gc,heap        ] GC(413) Eden regions: 119->0(74)
[391.166s][info][gc,heap        ] GC(413) Survivor regions: 5->8(16)
[391.166s][info][gc,heap        ] GC(413) Old regions: 650->780
[391.166s][info][gc,heap        ] GC(413) Humongous regions: 644->499
[391.166s][info][gc,metaspace   ] GC(413) Metaspace: 100403K(101632K)->100403K(101632K) NonClass: 78495K(79168K)->78495K(79168K) Class: 21907K(22464K)->21907K(22464K)
[391.166s][info][gc             ] GC(413) Pause Young (Prepare Mixed) (G1 Humongous Allocation) (Evacuation Failure: Allocation) 2833M->2572M(2868M) 9.526ms
[391.166s][info][gc,cpu         ] GC(413) User=0.03s Sys=0.01s Real=0.01s
[391.295s][info][gc,start       ] GC(414) Pause Young (Mixed) (G1 Humongous Allocation)
[391.295s][info][gc,task        ] GC(414) Using 4 workers of 4 for evacuation
[391.303s][info][gc,phases      ] GC(414)   Pre Evacuate Collection Set: 0.21ms
[391.303s][info][gc,phases      ] GC(414)   Merge Heap Roots: 0.13ms
[391.303s][info][gc,phases      ] GC(414)   Evacuate Collection Set: 3.20ms
[391.303s][info][gc,phases      ] GC(414)   Post Evacuate Collection Set: 3.86ms
[391.303s][info][gc,phases      ] GC(414)   Other: 0.06ms
[391.303s][info][gc,heap        ] GC(414) Eden regions: 44->0(71)
[391.303s][info][gc,heap        ] GC(414) Survivor regions: 8->1(4)
[391.303s][info][gc,heap        ] GC(414) Old regions: 780->834
[391.303s][info][gc,heap        ] GC(414) Humongous regions: 598->490
[391.303s][info][gc,metaspace   ] GC(414) Metaspace: 100403K(101632K)->100403K(101632K) NonClass: 78495K(79168K)->78495K(79168K) Class: 21907K(22464K)->21907K(22464K)
[391.303s][info][gc             ] GC(414) Pause Young (Mixed) (G1 Humongous Allocation) (Evacuation Failure: Allocation) 2857M->2648M(2868M) 7.574ms
[391.303s][info][gc,cpu         ] GC(414) User=0.02s Sys=0.01s Real=0.01s
[391.303s][info][gc,start       ] GC(415) Pause Young (Concurrent Start) (G1 Humongous Allocation)
[391.303s][info][gc,task        ] GC(415) Using 4 workers of 4 for evacuation
[391.311s][info][gc,phases      ] GC(415)   Pre Evacuate Collection Set: 0.23ms
[391.311s][info][gc,phases      ] GC(415)   Merge Heap Roots: 0.10ms
[391.311s][info][gc,phases      ] GC(415)   Evacuate Collection Set: 6.88ms
[391.311s][info][gc,phases      ] GC(415)   Post Evacuate Collection Set: 0.51ms
[391.311s][info][gc,phases      ] GC(415)   Other: 0.06ms
[391.311s][info][gc,heap        ] GC(415) Eden regions: 3->0(143)
[391.311s][info][gc,heap        ] GC(415) Survivor regions: 1->2(9)
[391.311s][info][gc,heap        ] GC(415) Old regions: 834->713
[391.311s][info][gc,heap        ] GC(415) Humongous regions: 495->492
[391.311s][info][gc,metaspace   ] GC(415) Metaspace: 100403K(101632K)->100403K(101632K) NonClass: 78495K(79168K)->78495K(79168K) Class: 21907K(22464K)->21907K(22464K)
[391.311s][info][gc             ] GC(415) Pause Young (Concurrent Start) (G1 Humongous Allocation) 2664M->2412M(2868M) 7.850ms
[391.311s][info][gc             ] GC(416) Concurrent Mark Cycle
[391.311s][info][gc,marking     ] GC(416) Concurrent Scan Root Regions
[391.311s][info][gc,cpu         ] GC(415) User=0.03s Sys=0.00s Real=0.00s
[391.328s][info][gc,marking     ] GC(416) Concurrent Scan Root Regions 17.123ms
[391.328s][info][gc,marking     ] GC(416) Concurrent Mark
[391.328s][info][gc,marking     ] GC(416) Concurrent Mark From Roots
[391.328s][info][gc,task        ] GC(416) Using 1 workers of 1 for marking
[391.378s][info][gc,marking     ] GC(416) Concurrent Mark From Roots 49.985ms
[391.378s][info][gc,marking     ] GC(416) Concurrent Preclean
[391.378s][info][gc,marking     ] GC(416) Concurrent Preclean 0.128ms
[391.379s][info][gc,start       ] GC(416) Pause Remark
[391.381s][info][gc             ] GC(416) Pause Remark 2634M->2562M(2868M) 2.360ms
[391.381s][info][gc,cpu         ] GC(416) User=0.01s Sys=0.00s Real=0.00s
[391.381s][info][gc,marking     ] GC(416) Concurrent Mark 52.671ms
[391.381s][info][gc,marking     ] GC(416) Concurrent Rebuild Remembered Sets and Scrub Regions
[391.423s][info][gc,marking     ] GC(416) Concurrent Rebuild Remembered Sets and Scrub Regions 41.791ms
[391.423s][info][gc,start       ] GC(416) Pause Cleanup
[391.423s][info][gc             ] GC(416) Pause Cleanup 2674M->2674M(2868M) 0.130ms
[391.423s][info][gc,cpu         ] GC(416) User=0.00s Sys=0.00s Real=0.00s
[391.423s][info][gc,marking     ] GC(416) Concurrent Clear Claimed Marks
[391.423s][info][gc,marking     ] GC(416) Concurrent Clear Claimed Marks 0.119ms
[391.423s][info][gc,marking     ] GC(416) Concurrent Cleanup for Next Mark
[391.424s][info][gc,marking     ] GC(416) Concurrent Cleanup for Next Mark 1.268ms
[391.424s][info][gc             ] GC(416) Concurrent Mark Cycle 113.256ms
[391.731s][info][gc,start       ] GC(417) Pause Young (Prepare Mixed) (G1 Humongous Allocation)
[391.731s][info][gc,task        ] GC(417) Using 4 workers of 4 for evacuation
[391.738s][info][gc,phases      ] GC(417)   Pre Evacuate Collection Set: 0.21ms
[391.739s][info][gc,phases      ] GC(417)   Merge Heap Roots: 0.13ms
[391.739s][info][gc,phases      ] GC(417)   Evacuate Collection Set: 3.50ms
[391.739s][info][gc,phases      ] GC(417)   Post Evacuate Collection Set: 3.67ms
[391.739s][info][gc,phases      ] GC(417)   Other: 0.05ms
[391.739s][info][gc,heap        ] GC(417) Eden regions: 64->0(90)
[391.739s][info][gc,heap        ] GC(417) Survivor regions: 2->4(11)
[391.739s][info][gc,heap        ] GC(417) Old regions: 712->782
[391.739s][info][gc,heap        ] GC(417) Humongous regions: 645->485
[391.739s][info][gc,metaspace   ] GC(417) Metaspace: 100403K(101632K)->100403K(101632K) NonClass: 78495K(79168K)->78495K(79168K) Class: 21907K(22464K)->21907K(22464K)
[391.739s][info][gc             ] GC(417) Pause Young (Prepare Mixed) (G1 Humongous Allocation) (Evacuation Failure: Allocation) 2844M->2541M(2868M) 7.666ms
[391.739s][info][gc,cpu         ] GC(417) User=0.03s Sys=0.00s Real=0.01s
[392.014s][info][gc,start       ] GC(418) Pause Young (Mixed) (G1 Humongous Allocation)
[392.014s][info][gc,task        ] GC(418) Using 4 workers of 4 for evacuation
[392.022s][info][gc,phases      ] GC(418)   Pre Evacuate Collection Set: 0.38ms
[392.022s][info][gc,phases      ] GC(418)   Merge Heap Roots: 0.12ms
[392.022s][info][gc,phases      ] GC(418)   Evacuate Collection Set: 3.73ms
[392.022s][info][gc,phases      ] GC(418)   Post Evacuate Collection Set: 3.73ms
[392.022s][info][gc,phases      ] GC(418)   Other: 0.06ms
[392.022s][info][gc,heap        ] GC(418) Eden regions: 59->0(65)
[392.022s][info][gc,heap        ] GC(418) Survivor regions: 4->6(12)
[392.022s][info][gc,heap        ] GC(418) Old regions: 782->855
[392.022s][info][gc,heap        ] GC(418) Humongous regions: 570->500
[392.022s][info][gc,metaspace   ] GC(418) Metaspace: 100403K(101632K)->100403K(101632K) NonClass: 78495K(79168K)->78495K(79168K) Class: 21907K(22464K)->21907K(22464K)
[392.022s][info][gc             ] GC(418) Pause Young (Mixed) (G1 Humongous Allocation) (Evacuation Failure: Allocation) 2829M->2721M(2868M) 8.117ms
[392.022s][info][gc,cpu         ] GC(418) User=0.03s Sys=0.00s Real=0.01s
[392.024s][info][gc,start       ] GC(419) Pause Young (Concurrent Start) (G1 Humongous Allocation)
[392.024s][info][gc,task        ] GC(419) Using 4 workers of 4 for evacuation
[392.033s][info][gc,phases      ] GC(419)   Pre Evacuate Collection Set: 0.34ms
[392.033s][info][gc,phases      ] GC(419)   Merge Heap Roots: 0.16ms
[392.033s][info][gc,phases      ] GC(419)   Evacuate Collection Set: 6.60ms
[392.033s][info][gc,phases      ] GC(419)   Post Evacuate Collection Set: 1.76ms
[392.033s][info][gc,phases      ] GC(419)   Other: 0.07ms
[392.033s][info][gc,heap        ] GC(419) Eden regions: 3->0(71)
[392.033s][info][gc,heap        ] GC(419) Survivor regions: 6->4(9)
[392.033s][info][gc,heap        ] GC(419) Old regions: 855->821
[392.033s][info][gc,heap        ] GC(419) Humongous regions: 505->502
[392.033s][info][gc,metaspace   ] GC(419) Metaspace: 100403K(101632K)->100403K(101632K) NonClass: 78495K(79168K)->78495K(79168K) Class: 21907K(22464K)->21907K(22464K)
[392.033s][info][gc             ] GC(419) Pause Young (Concurrent Start) (G1 Humongous Allocation) (Evacuation Failure: Allocation) 2736M->2653M(2868M) 9.027ms
[392.033s][info][gc             ] GC(420) Concurrent Mark Cycle
[392.033s][info][gc,marking     ] GC(420) Concurrent Scan Root Regions
[392.033s][info][gc,cpu         ] GC(419) User=0.04s Sys=0.00s Real=0.01s
[392.044s][info][gc,marking     ] GC(420) Concurrent Scan Root Regions 11.218ms
[392.044s][info][gc,marking     ] GC(420) Concurrent Mark
[392.044s][info][gc,marking     ] GC(420) Concurrent Mark From Roots
[392.044s][info][gc,task        ] GC(420) Using 1 workers of 1 for marking
[392.093s][info][gc,marking     ] GC(420) Concurrent Mark From Roots 49.462ms
[392.093s][info][gc,marking     ] GC(420) Concurrent Preclean
[392.093s][info][gc,marking     ] GC(420) Concurrent Preclean 0.134ms
[392.094s][info][gc,start       ] GC(420) Pause Remark
[392.096s][info][gc             ] GC(420) Pause Remark 2768M->2588M(2868M) 2.396ms
[392.096s][info][gc,cpu         ] GC(420) User=0.00s Sys=0.00s Real=0.00s
[392.096s][info][gc,marking     ] GC(420) Concurrent Mark 52.113ms
[392.096s][info][gc,marking     ] GC(420) Concurrent Rebuild Remembered Sets and Scrub Regions
[392.135s][info][gc,marking     ] GC(420) Concurrent Rebuild Remembered Sets and Scrub Regions 39.087ms
[392.135s][info][gc,start       ] GC(420) Pause Cleanup
[392.135s][info][gc             ] GC(420) Pause Cleanup 2641M->2641M(2868M) 0.135ms
[392.135s][info][gc,cpu         ] GC(420) User=0.00s Sys=0.00s Real=0.00s
[392.135s][info][gc,marking     ] GC(420) Concurrent Clear Claimed Marks
[392.135s][info][gc,marking     ] GC(420) Concurrent Clear Claimed Marks 0.120ms
[392.135s][info][gc,marking     ] GC(420) Concurrent Cleanup for Next Mark
[392.137s][info][gc,marking     ] GC(420) Concurrent Cleanup for Next Mark 1.328ms
[392.137s][info][gc             ] GC(420) Concurrent Mark Cycle 104.207ms
[392.257s][info][gc,start       ] GC(421) Pause Young (Prepare Mixed) (G1 Humongous Allocation)
[392.257s][info][gc,task        ] GC(421) Using 4 workers of 4 for evacuation
[392.266s][info][gc,phases      ] GC(421)   Pre Evacuate Collection Set: 0.19ms
[392.266s][info][gc,phases      ] GC(421)   Merge Heap Roots: 0.11ms
[392.266s][info][gc,phases      ] GC(421)   Evacuate Collection Set: 4.70ms
[392.266s][info][gc,phases      ] GC(421)   Post Evacuate Collection Set: 3.55ms
[392.266s][info][gc,phases      ] GC(421)   Other: 0.05ms
[392.266s][info][gc,heap        ] GC(421) Eden regions: 67->0(61)
[392.266s][info][gc,heap        ] GC(421) Survivor regions: 4->10(10)
[392.266s][info][gc,heap        ] GC(421) Old regions: 806->883
[392.266s][info][gc,heap        ] GC(421) Humongous regions: 524->455
[392.266s][info][gc,metaspace   ] GC(421) Metaspace: 100403K(101632K)->100403K(101632K) NonClass: 78495K(79168K)->78495K(79168K) Class: 21907K(22464K)->21907K(22464K)
[392.266s][info][gc             ] GC(421) Pause Young (Prepare Mixed) (G1 Humongous Allocation) (Evacuation Failure: Allocation) 2801M->2695M(2868M) 8.699ms
[392.266s][info][gc,cpu         ] GC(421) User=0.03s Sys=0.00s Real=0.01s
[392.306s][info][gc,start       ] GC(422) Pause Young (Mixed) (G1 Humongous Allocation)
[392.306s][info][gc,task        ] GC(422) Using 4 workers of 4 for evacuation
[392.314s][info][gc,phases      ] GC(422)   Pre Evacuate Collection Set: 0.32ms
[392.314s][info][gc,phases      ] GC(422)   Merge Heap Roots: 0.11ms
[392.314s][info][gc,phases      ] GC(422)   Evacuate Collection Set: 4.49ms
[392.314s][info][gc,phases      ] GC(422)   Post Evacuate Collection Set: 3.62ms
[392.314s][info][gc,phases      ] GC(422)   Other: 0.06ms
[392.314s][info][gc,heap        ] GC(422) Eden regions: 18->0(65)
[392.314s][info][gc,heap        ] GC(422) Survivor regions: 10->6(9)
[392.314s][info][gc,heap        ] GC(422) Old regions: 883->879
[392.314s][info][gc,heap        ] GC(422) Humongous regions: 483->465
[392.314s][info][gc,metaspace   ] GC(422) Metaspace: 100403K(101632K)->100403K(101632K) NonClass: 78495K(79168K)->78495K(79168K) Class: 21907K(22464K)->21907K(22464K)
[392.314s][info][gc             ] GC(422) Pause Young (Mixed) (G1 Humongous Allocation) (Evacuation Failure: Allocation) 2786M->2699M(2868M) 8.703ms
[392.314s][info][gc,cpu         ] GC(422) User=0.03s Sys=0.00s Real=0.01s
[392.316s][info][gc,start       ] GC(423) Pause Young (Concurrent Start) (G1 Humongous Allocation)
[392.316s][info][gc,task        ] GC(423) Using 4 workers of 4 for evacuation
[392.322s][info][gc,phases      ] GC(423)   Pre Evacuate Collection Set: 0.23ms
[392.322s][info][gc,phases      ] GC(423)   Merge Heap Roots: 0.07ms
[392.322s][info][gc,phases      ] GC(423)   Evacuate Collection Set: 5.37ms
[392.322s][info][gc,phases      ] GC(423)   Post Evacuate Collection Set: 0.70ms
[392.322s][info][gc,phases      ] GC(423)   Other: 0.05ms
[392.322s][info][gc,heap        ] GC(423) Eden regions: 3->0(218)
[392.322s][info][gc,heap        ] GC(423) Survivor regions: 6->2(9)
[392.322s][info][gc,heap        ] GC(423) Old regions: 879->577
[392.322s][info][gc,heap        ] GC(423) Humongous regions: 470->467
[392.322s][info][gc,metaspace   ] GC(423) Metaspace: 100403K(101632K)->100403K(101632K) NonClass: 78495K(79168K)->78495K(79168K) Class: 21907K(22464K)->21907K(22464K)
[392.322s][info][gc             ] GC(423) Pause Young (Concurrent Start) (G1 Humongous Allocation) 2715M->2091M(2868M) 6.492ms
[392.322s][info][gc             ] GC(424) Concurrent Mark Cycle
[392.322s][info][gc,marking     ] GC(424) Concurrent Scan Root Regions
[392.322s][info][gc,cpu         ] GC(423) User=0.02s Sys=0.00s Real=0.01s
[392.328s][info][gc,marking     ] GC(424) Concurrent Scan Root Regions 6.117ms
[392.328s][info][gc,marking     ] GC(424) Concurrent Mark
[392.328s][info][gc,marking     ] GC(424) Concurrent Mark From Roots
[392.328s][info][gc,task        ] GC(424) Using 1 workers of 1 for marking
[392.383s][info][gc,marking     ] GC(424) Concurrent Mark From Roots 54.644ms
[392.383s][info][gc,marking     ] GC(424) Concurrent Preclean
[392.383s][info][gc,marking     ] GC(424) Concurrent Preclean 0.149ms
[392.384s][info][gc,start       ] GC(424) Pause Remark
[392.386s][info][gc             ] GC(424) Pause Remark 2261M->2147M(2868M) 2.831ms
[392.386s][info][gc,cpu         ] GC(424) User=0.00s Sys=0.00s Real=0.00s
[392.387s][info][gc,marking     ] GC(424) Concurrent Mark 58.335ms
[392.387s][info][gc,marking     ] GC(424) Concurrent Rebuild Remembered Sets and Scrub Regions
[392.428s][info][gc,marking     ] GC(424) Concurrent Rebuild Remembered Sets and Scrub Regions 41.764ms
[392.428s][info][gc,start       ] GC(424) Pause Cleanup
[392.429s][info][gc             ] GC(424) Pause Cleanup 2331M->2331M(2868M) 0.113ms
[392.429s][info][gc,cpu         ] GC(424) User=0.00s Sys=0.00s Real=0.00s
[392.429s][info][gc,marking     ] GC(424) Concurrent Clear Claimed Marks
[392.429s][info][gc,marking     ] GC(424) Concurrent Clear Claimed Marks 0.133ms
[392.429s][info][gc,marking     ] GC(424) Concurrent Cleanup for Next Mark
[392.430s][info][gc,marking     ] GC(424) Concurrent Cleanup for Next Mark 1.468ms
[392.430s][info][gc             ] GC(424) Concurrent Mark Cycle 108.147ms
[392.632s][info][gc,start       ] GC(425) Pause Young (Prepare Mixed) (G1 Humongous Allocation)
[392.632s][info][gc,task        ] GC(425) Using 4 workers of 4 for evacuation
[392.638s][info][gc,phases      ] GC(425)   Pre Evacuate Collection Set: 0.12ms
[392.638s][info][gc,phases      ] GC(425)   Merge Heap Roots: 0.07ms
[392.638s][info][gc,phases      ] GC(425)   Evacuate Collection Set: 3.83ms
[392.638s][info][gc,phases      ] GC(425)   Post Evacuate Collection Set: 1.41ms
[392.638s][info][gc,phases      ] GC(425)   Other: 0.05ms
[392.638s][info][gc,heap        ] GC(425) Eden regions: 140->0(111)
[392.638s][info][gc,heap        ] GC(425) Survivor regions: 2->28(28)
[392.638s][info][gc,heap        ] GC(425) Old regions: 570->719
[392.638s][info][gc,heap        ] GC(425) Humongous regions: 687->492
[392.638s][info][gc,metaspace   ] GC(425) Metaspace: 100406K(101632K)->100406K(101632K) NonClass: 78499K(79168K)->78499K(79168K) Class: 21907K(22464K)->21907K(22464K)
[392.638s][info][gc             ] GC(425) Pause Young (Prepare Mixed) (G1 Humongous Allocation) (Evacuation Failure: Allocation) 2797M->2477M(2868M) 5.572ms
[392.638s][info][gc,cpu         ] GC(425) User=0.02s Sys=0.00s Real=0.00s
[392.747s][info][gc,start       ] GC(426) Pause Young (Mixed) (G1 Humongous Allocation)
[392.747s][info][gc,task        ] GC(426) Using 4 workers of 4 for evacuation
[392.753s][info][gc,phases      ] GC(426)   Pre Evacuate Collection Set: 0.21ms
[392.753s][info][gc,phases      ] GC(426)   Merge Heap Roots: 0.08ms
[392.753s][info][gc,phases      ] GC(426)   Evacuate Collection Set: 2.68ms
[392.753s][info][gc,phases      ] GC(426)   Post Evacuate Collection Set: 2.78ms
[392.753s][info][gc,phases      ] GC(426)   Other: 0.06ms
[392.753s][info][gc,heap        ] GC(426) Eden regions: 24->0(71)
[392.753s][info][gc,heap        ] GC(426) Survivor regions: 28->3(15)
[392.753s][info][gc,heap        ] GC(426) Old regions: 719->771
[392.753s][info][gc,heap        ] GC(426) Humongous regions: 648->535
[392.753s][info][gc,metaspace   ] GC(426) Metaspace: 100406K(101632K)->100406K(101632K) NonClass: 78499K(79168K)->78499K(79168K) Class: 21907K(22464K)->21907K(22464K)
[392.753s][info][gc             ] GC(426) Pause Young (Mixed) (G1 Humongous Allocation) (Evacuation Failure: Allocation) 2836M->2617M(2868M) 5.922ms
[392.753s][info][gc,cpu         ] GC(426) User=0.02s Sys=0.00s Real=0.01s
[392.764s][info][gc,start       ] GC(427) Pause Young (Concurrent Start) (G1 Humongous Allocation)
[392.764s][info][gc,task        ] GC(427) Using 4 workers of 4 for evacuation
[392.770s][info][gc,phases      ] GC(427)   Pre Evacuate Collection Set: 0.27ms
[392.770s][info][gc,phases      ] GC(427)   Merge Heap Roots: 0.07ms
[392.770s][info][gc,phases      ] GC(427)   Evacuate Collection Set: 4.81ms
[392.770s][info][gc,phases      ] GC(427)   Post Evacuate Collection Set: 0.54ms
[392.770s][info][gc,phases      ] GC(427)   Other: 0.05ms
[392.770s][info][gc,heap        ] GC(427) Eden regions: 3->0(181)
[392.770s][info][gc,heap        ] GC(427) Survivor regions: 3->5(10)
[392.770s][info][gc,heap        ] GC(427) Old regions: 771->590
[392.770s][info][gc,heap        ] GC(427) Humongous regions: 538->532
[392.770s][info][gc,metaspace   ] GC(427) Metaspace: 100406K(101632K)->100406K(101632K) NonClass: 78499K(79168K)->78499K(79168K) Class: 21907K(22464K)->21907K(22464K)
[392.770s][info][gc             ] GC(427) Pause Young (Concurrent Start) (G1 Humongous Allocation) 2629M->2252M(2868M) 5.819ms
[392.770s][info][gc,cpu         ] GC(427) User=0.02s Sys=0.00s Real=0.00s
[392.770s][info][gc             ] GC(428) Concurrent Mark Cycle
[392.770s][info][gc,marking     ] GC(428) Concurrent Scan Root Regions
[392.774s][info][gc,marking     ] GC(428) Concurrent Scan Root Regions 4.519ms
[392.774s][info][gc,marking     ] GC(428) Concurrent Mark
[392.774s][info][gc,marking     ] GC(428) Concurrent Mark From Roots
[392.774s][info][gc,task        ] GC(428) Using 1 workers of 1 for marking
[392.822s][info][gc,marking     ] GC(428) Concurrent Mark From Roots 47.870ms
[392.822s][info][gc,marking     ] GC(428) Concurrent Preclean
[392.822s][info][gc,marking     ] GC(428) Concurrent Preclean 0.110ms
[392.823s][info][gc,start       ] GC(428) Pause Remark
[392.825s][info][gc             ] GC(428) Pause Remark 2328M->1894M(2868M) 2.911ms
[392.825s][info][gc,cpu         ] GC(428) User=0.01s Sys=0.00s Real=0.00s
[392.826s][info][gc,marking     ] GC(428) Concurrent Mark 51.034ms
[392.826s][info][gc,marking     ] GC(428) Concurrent Rebuild Remembered Sets and Scrub Regions
[392.854s][info][gc,marking     ] GC(428) Concurrent Rebuild Remembered Sets and Scrub Regions 28.748ms
[392.854s][info][gc,start       ] GC(428) Pause Cleanup
[392.854s][info][gc             ] GC(428) Pause Cleanup 1898M->1898M(2868M) 0.112ms
[392.854s][info][gc,cpu         ] GC(428) User=0.00s Sys=0.00s Real=0.00s
[392.855s][info][gc,marking     ] GC(428) Concurrent Clear Claimed Marks
[392.855s][info][gc,marking     ] GC(428) Concurrent Clear Claimed Marks 0.158ms
[392.855s][info][gc,marking     ] GC(428) Concurrent Cleanup for Next Mark
[392.856s][info][gc,marking     ] GC(428) Concurrent Cleanup for Next Mark 1.452ms
[392.856s][info][gc             ] GC(428) Concurrent Mark Cycle 86.286ms
[393.679s][info][gc,start       ] GC(429) Pause Young (Prepare Mixed) (G1 Humongous Allocation)
[393.679s][info][gc,task        ] GC(429) Using 4 workers of 4 for evacuation
[393.683s][info][gc,phases      ] GC(429)   Pre Evacuate Collection Set: 0.14ms
[393.683s][info][gc,phases      ] GC(429)   Merge Heap Roots: 0.07ms
[393.683s][info][gc,phases      ] GC(429)   Evacuate Collection Set: 3.94ms
[393.683s][info][gc,phases      ] GC(429)   Post Evacuate Collection Set: 0.54ms
[393.683s][info][gc,phases      ] GC(429)   Other: 0.06ms
[393.683s][info][gc,heap        ] GC(429) Eden regions: 174->0(245)
[393.683s][info][gc,heap        ] GC(429) Survivor regions: 5->24(24)
[393.683s][info][gc,heap        ] GC(429) Old regions: 503->525
[393.683s][info][gc,heap        ] GC(429) Humongous regions: 629->470
[393.683s][info][gc,metaspace   ] GC(429) Metaspace: 100408K(101632K)->100408K(101632K) NonClass: 78500K(79168K)->78500K(79168K) Class: 21907K(22464K)->21907K(22464K)
[393.683s][info][gc             ] GC(429) Pause Young (Prepare Mixed) (G1 Humongous Allocation) 2620M->2036M(2868M) 4.845ms
[393.683s][info][gc,cpu         ] GC(429) User=0.02s Sys=0.00s Real=0.01s
[393.888s][info][gc,start       ] GC(430) Pause Young (Mixed) (G1 Humongous Allocation)
[393.888s][info][gc,task        ] GC(430) Using 4 workers of 4 for evacuation
[393.898s][info][gc,phases      ] GC(430)   Pre Evacuate Collection Set: 0.19ms
[393.898s][info][gc,phases      ] GC(430)   Merge Heap Roots: 0.11ms
[393.898s][info][gc,phases      ] GC(430)   Evacuate Collection Set: 7.23ms
[393.898s][info][gc,phases      ] GC(430)   Post Evacuate Collection Set: 1.99ms
[393.898s][info][gc,phases      ] GC(430)   Other: 0.06ms
[393.898s][info][gc,heap        ] GC(430) Eden regions: 113->0(195)
[393.898s][info][gc,heap        ] GC(430) Survivor regions: 24->34(34)
[393.898s][info][gc,heap        ] GC(430) Old regions: 525->581
[393.898s][info][gc,heap        ] GC(430) Humongous regions: 680->480
[393.898s][info][gc,metaspace   ] GC(430) Metaspace: 100408K(101632K)->100408K(101632K) NonClass: 78500K(79168K)->78500K(79168K) Class: 21907K(22464K)->21907K(22464K)
[393.898s][info][gc             ] GC(430) Pause Young (Mixed) (G1 Humongous Allocation) (Evacuation Failure: Allocation) 2682M->2189M(2868M) 9.669ms
[393.898s][info][gc,cpu         ] GC(430) User=0.04s Sys=0.00s Real=0.01s
[394.065s][info][gc,start       ] GC(431) Pause Young (Mixed) (G1 Humongous Allocation)
[394.065s][info][gc,task        ] GC(431) Using 4 workers of 4 for evacuation
[394.071s][info][gc,phases      ] GC(431)   Pre Evacuate Collection Set: 0.28ms
[394.071s][info][gc,phases      ] GC(431)   Merge Heap Roots: 0.08ms
[394.071s][info][gc,phases      ] GC(431)   Evacuate Collection Set: 4.97ms
[394.071s][info][gc,phases      ] GC(431)   Post Evacuate Collection Set: 0.70ms
[394.071s][info][gc,phases      ] GC(431)   Other: 0.05ms
[394.071s][info][gc,heap        ] GC(431) Eden regions: 61->0(233)
[394.071s][info][gc,heap        ] GC(431) Survivor regions: 34->22(29)
[394.071s][info][gc,heap        ] GC(431) Old regions: 581->483
[394.071s][info][gc,heap        ] GC(431) Humongous regions: 684->525
[394.071s][info][gc,metaspace   ] GC(431) Metaspace: 100411K(101632K)->100411K(101632K) NonClass: 78503K(79168K)->78503K(79168K) Class: 21907K(22464K)->21907K(22464K)
[394.072s][info][gc             ] GC(431) Pause Young (Mixed) (G1 Humongous Allocation) (Evacuation Failure: Allocation) 2718M->2059M(2868M) 6.209ms
[394.072s][info][gc,cpu         ] GC(431) User=0.02s Sys=0.00s Real=0.01s
[394.073s][info][gc,start       ] GC(432) Pause Young (Concurrent Start) (G1 Humongous Allocation)
[394.073s][info][gc,task        ] GC(432) Using 4 workers of 4 for evacuation
[394.075s][info][gc,phases      ] GC(432)   Pre Evacuate Collection Set: 0.15ms
[394.075s][info][gc,phases      ] GC(432)   Merge Heap Roots: 0.04ms
[394.075s][info][gc,phases      ] GC(432)   Evacuate Collection Set: 1.84ms
[394.075s][info][gc,phases      ] GC(432)   Post Evacuate Collection Set: 0.43ms
[394.075s][info][gc,phases      ] GC(432)   Other: 0.04ms
[394.075s][info][gc,heap        ] GC(432) Eden regions: 3->0(256)
[394.075s][info][gc,heap        ] GC(432) Survivor regions: 22->2(32)
[394.075s][info][gc,heap        ] GC(432) Old regions: 483->488
[394.075s][info][gc,heap        ] GC(432) Humongous regions: 530->527
[394.075s][info][gc,metaspace   ] GC(432) Metaspace: 100411K(101632K)->100411K(101632K) NonClass: 78503K(79168K)->78503K(79168K) Class: 21907K(22464K)->21907K(22464K)
[394.075s][info][gc             ] GC(432) Pause Young (Concurrent Start) (G1 Humongous Allocation) 2074M->2033M(2868M) 2.562ms
[394.075s][info][gc,cpu         ] GC(432) User=0.01s Sys=0.00s Real=0.00s
[394.075s][info][gc             ] GC(433) Concurrent Mark Cycle
[394.075s][info][gc,marking     ] GC(433) Concurrent Scan Root Regions
[394.078s][info][gc,marking     ] GC(433) Concurrent Scan Root Regions 2.444ms
[394.078s][info][gc,marking     ] GC(433) Concurrent Mark
[394.078s][info][gc,marking     ] GC(433) Concurrent Mark From Roots
[394.078s][info][gc,task        ] GC(433) Using 1 workers of 1 for marking
[394.118s][info][gc,marking     ] GC(433) Concurrent Mark From Roots 40.201ms
[394.118s][info][gc,marking     ] GC(433) Concurrent Preclean
[394.118s][info][gc,marking     ] GC(433) Concurrent Preclean 0.095ms
[394.118s][info][gc,start       ] GC(433) Pause Remark
[394.121s][info][gc             ] GC(433) Pause Remark 2160M->1296M(2868M) 2.774ms
[394.121s][info][gc,cpu         ] GC(433) User=0.01s Sys=0.00s Real=0.00s
[394.121s][info][gc,marking     ] GC(433) Concurrent Mark 43.212ms
[394.121s][info][gc,marking     ] GC(433) Concurrent Rebuild Remembered Sets and Scrub Regions
[394.140s][info][gc,marking     ] GC(433) Concurrent Rebuild Remembered Sets and Scrub Regions 18.856ms
[394.141s][info][gc,start       ] GC(433) Pause Cleanup
[394.141s][info][gc             ] GC(433) Pause Cleanup 1334M->1334M(2868M) 0.083ms
[394.141s][info][gc,cpu         ] GC(433) User=0.00s Sys=0.00s Real=0.00s
[394.141s][info][gc,marking     ] GC(433) Concurrent Clear Claimed Marks
[394.141s][info][gc,marking     ] GC(433) Concurrent Clear Claimed Marks 0.136ms
[394.141s][info][gc,marking     ] GC(433) Concurrent Cleanup for Next Mark
[394.142s][info][gc,marking     ] GC(433) Concurrent Cleanup for Next Mark 1.385ms
[394.142s][info][gc             ] GC(433) Concurrent Mark Cycle 67.060ms
[395.008s][info][gc,start       ] GC(434) Pause Young (Prepare Mixed) (G1 Evacuation Pause)
[395.008s][info][gc,task        ] GC(434) Using 4 workers of 4 for evacuation
[395.013s][info][gc,phases      ] GC(434)   Pre Evacuate Collection Set: 0.22ms
[395.013s][info][gc,phases      ] GC(434)   Merge Heap Roots: 0.09ms
[395.013s][info][gc,phases      ] GC(434)   Evacuate Collection Set: 4.13ms
[395.013s][info][gc,phases      ] GC(434)   Post Evacuate Collection Set: 0.62ms
[395.013s][info][gc,phases      ] GC(434)   Other: 0.07ms
[395.013s][info][gc,heap        ] GC(434) Eden regions: 256->0(431)
[395.013s][info][gc,heap        ] GC(434) Survivor regions: 2->33(33)
[395.013s][info][gc,heap        ] GC(434) Old regions: 181->193
[395.013s][info][gc,heap        ] GC(434) Humongous regions: 821->522
[395.013s][info][gc,metaspace   ] GC(434) Metaspace: 100411K(101632K)->100411K(101632K) NonClass: 78503K(79168K)->78503K(79168K) Class: 21907K(22464K)->21907K(22464K)
[395.013s][info][gc             ] GC(434) Pause Young (Prepare Mixed) (G1 Evacuation Pause) 2519M->1495M(2868M) 5.215ms
[395.013s][info][gc,cpu         ] GC(434) User=0.02s Sys=0.00s Real=0.01s
[395.915s][info][gc,start       ] GC(435) Pause Young (Mixed) (G1 Humongous Allocation)
[395.915s][info][gc,task        ] GC(435) Using 4 workers of 4 for evacuation
[395.922s][info][gc,phases      ] GC(435)   Pre Evacuate Collection Set: 0.17ms
[395.922s][info][gc,phases      ] GC(435)   Merge Heap Roots: 0.07ms
[395.922s][info][gc,phases      ] GC(435)   Evacuate Collection Set: 4.33ms
[395.922s][info][gc,phases      ] GC(435)   Post Evacuate Collection Set: 2.82ms
[395.922s][info][gc,phases      ] GC(435)   Other: 0.05ms
[395.922s][info][gc,heap        ] GC(435) Eden regions: 218->0(228)
[395.922s][info][gc,heap        ] GC(435) Survivor regions: 33->23(31)
[395.922s][info][gc,heap        ] GC(435) Old regions: 193->434
[395.922s][info][gc,heap        ] GC(435) Humongous regions: 959->629
[395.922s][info][gc,metaspace   ] GC(435) Metaspace: 100428K(101632K)->100428K(101632K) NonClass: 78521K(79168K)->78521K(79168K) Class: 21907K(22464K)->21907K(22464K)
[395.923s][info][gc             ] GC(435) Pause Young (Mixed) (G1 Humongous Allocation) (Evacuation Failure: Allocation) 2804M->2171M(2868M) 7.539ms
[395.923s][info][gc,cpu         ] GC(435) User=0.02s Sys=0.00s Real=0.01s
[395.924s][info][gc,start       ] GC(436) Pause Young (Concurrent Start) (G1 Humongous Allocation)
[395.924s][info][gc,task        ] GC(436) Using 4 workers of 4 for evacuation
[395.930s][info][gc,phases      ] GC(436)   Pre Evacuate Collection Set: 0.18ms
[395.930s][info][gc,phases      ] GC(436)   Merge Heap Roots: 0.06ms
[395.930s][info][gc,phases      ] GC(436)   Evacuate Collection Set: 5.50ms
[395.930s][info][gc,phases      ] GC(436)   Post Evacuate Collection Set: 0.65ms
[395.930s][info][gc,phases      ] GC(436)   Other: 0.05ms
[395.930s][info][gc,heap        ] GC(436) Eden regions: 3->0(308)
[395.930s][info][gc,heap        ] GC(436) Survivor regions: 23->2(32)
[395.930s][info][gc,heap        ] GC(436) Old regions: 434->247
[395.930s][info][gc,heap        ] GC(436) Humongous regions: 632->630
[395.930s][info][gc,metaspace   ] GC(436) Metaspace: 100428K(101632K)->100428K(101632K) NonClass: 78521K(79168K)->78521K(79168K) Class: 21907K(22464K)->21907K(22464K)
[395.930s][info][gc             ] GC(436) Pause Young (Concurrent Start) (G1 Humongous Allocation) 2182M->1757M(2868M) 6.501ms
[395.930s][info][gc,cpu         ] GC(436) User=0.03s Sys=0.00s Real=0.00s
[395.930s][info][gc             ] GC(437) Concurrent Mark Cycle
[395.930s][info][gc,marking     ] GC(437) Concurrent Scan Root Regions
[395.936s][info][gc,marking     ] GC(437) Concurrent Scan Root Regions 6.342ms
[395.936s][info][gc,marking     ] GC(437) Concurrent Mark
[395.936s][info][gc,marking     ] GC(437) Concurrent Mark From Roots
[395.936s][info][gc,task        ] GC(437) Using 1 workers of 1 for marking
[395.975s][info][gc,marking     ] GC(437) Concurrent Mark From Roots 38.578ms
[395.975s][info][gc,marking     ] GC(437) Concurrent Preclean
[395.975s][info][gc,marking     ] GC(437) Concurrent Preclean 0.118ms
[395.975s][info][gc,start       ] GC(437) Pause Remark
[395.978s][info][gc             ] GC(437) Pause Remark 1923M->1365M(2868M) 2.507ms
[395.978s][info][gc,cpu         ] GC(437) User=0.01s Sys=0.00s Real=0.00s
[395.978s][info][gc,marking     ] GC(437) Concurrent Mark 41.346ms
[395.978s][info][gc,marking     ] GC(437) Concurrent Rebuild Remembered Sets and Scrub Regions
[395.999s][info][gc,marking     ] GC(437) Concurrent Rebuild Remembered Sets and Scrub Regions 20.985ms
[395.999s][info][gc,start       ] GC(437) Pause Cleanup
[395.999s][info][gc             ] GC(437) Pause Cleanup 1419M->1419M(2868M) 0.065ms
[395.999s][info][gc,cpu         ] GC(437) User=0.00s Sys=0.00s Real=0.00s
[395.999s][info][gc,marking     ] GC(437) Concurrent Clear Claimed Marks
[395.999s][info][gc,marking     ] GC(437) Concurrent Clear Claimed Marks 0.115ms
[395.999s][info][gc,marking     ] GC(437) Concurrent Cleanup for Next Mark
[396.000s][info][gc,marking     ] GC(437) Concurrent Cleanup for Next Mark 1.381ms
[396.000s][info][gc             ] GC(437) Concurrent Mark Cycle 70.368ms
[396.560s][info][gc,start       ] GC(438) Pause Young (Prepare Mixed) (G1 Humongous Allocation)
[396.560s][info][gc,task        ] GC(438) Using 4 workers of 4 for evacuation
[396.565s][info][gc,phases      ] GC(438)   Pre Evacuate Collection Set: 0.11ms
[396.565s][info][gc,phases      ] GC(438)   Merge Heap Roots: 0.08ms
[396.565s][info][gc,phases      ] GC(438)   Evacuate Collection Set: 2.63ms
[396.565s][info][gc,phases      ] GC(438)   Post Evacuate Collection Set: 2.09ms
[396.565s][info][gc,phases      ] GC(438)   Other: 0.05ms
[396.565s][info][gc,heap        ] GC(438) Eden regions: 236->0(267)
[396.565s][info][gc,heap        ] GC(438) Survivor regions: 2->20(20)
[396.565s][info][gc,heap        ] GC(438) Old regions: 183->380
[396.565s][info][gc,heap        ] GC(438) Humongous regions: 993->585
[396.565s][info][gc,metaspace   ] GC(438) Metaspace: 100428K(101632K)->100428K(101632K) NonClass: 78521K(79168K)->78521K(79168K) Class: 21907K(22464K)->21907K(22464K)
[396.565s][info][gc             ] GC(438) Pause Young (Prepare Mixed) (G1 Humongous Allocation) (Evacuation Failure: Allocation) 2827M->1969M(2868M) 5.062ms
[396.565s][info][gc,cpu         ] GC(438) User=0.02s Sys=0.00s Real=0.01s
[397.331s][info][gc,start       ] GC(439) Pause Young (Mixed) (G1 Humongous Allocation)
[397.331s][info][gc,task        ] GC(439) Using 4 workers of 4 for evacuation
[397.338s][info][gc,phases      ] GC(439)   Pre Evacuate Collection Set: 0.16ms
[397.338s][info][gc,phases      ] GC(439)   Merge Heap Roots: 0.07ms
[397.338s][info][gc,phases      ] GC(439)   Evacuate Collection Set: 3.85ms
[397.338s][info][gc,phases      ] GC(439)   Post Evacuate Collection Set: 3.53ms
[397.338s][info][gc,phases      ] GC(439)   Other: 0.05ms
[397.338s][info][gc,heap        ] GC(439) Eden regions: 204->0(160)
[397.338s][info][gc,heap        ] GC(439) Survivor regions: 20->20(27)
[397.338s][info][gc,heap        ] GC(439) Old regions: 380->510
[397.338s][info][gc,heap        ] GC(439) Humongous regions: 803->649
[397.338s][info][gc,metaspace   ] GC(439) Metaspace: 100428K(101632K)->100428K(101632K) NonClass: 78521K(79168K)->78521K(79168K) Class: 21907K(22464K)->21907K(22464K)
[397.338s][info][gc             ] GC(439) Pause Young (Mixed) (G1 Humongous Allocation) (Evacuation Failure: Allocation) 2812M->2356M(2868M) 7.764ms
[397.338s][info][gc,cpu         ] GC(439) User=0.03s Sys=0.00s Real=0.01s
[397.340s][info][gc,start       ] GC(440) Pause Young (Concurrent Start) (G1 Humongous Allocation)
[397.340s][info][gc,task        ] GC(440) Using 4 workers of 4 for evacuation
[397.346s][info][gc,phases      ] GC(440)   Pre Evacuate Collection Set: 0.31ms
[397.346s][info][gc,phases      ] GC(440)   Merge Heap Roots: 0.09ms
[397.346s][info][gc,phases      ] GC(440)   Evacuate Collection Set: 5.72ms
[397.346s][info][gc,phases      ] GC(440)   Post Evacuate Collection Set: 0.57ms
[397.346s][info][gc,phases      ] GC(440)   Other: 0.05ms
[397.346s][info][gc,heap        ] GC(440) Eden regions: 3->0(319)
[397.346s][info][gc,heap        ] GC(440) Survivor regions: 20->2(23)
[397.346s][info][gc,heap        ] GC(440) Old regions: 510->261
[397.346s][info][gc,heap        ] GC(440) Humongous regions: 652->650
[397.346s][info][gc,metaspace   ] GC(440) Metaspace: 100428K(101632K)->100428K(101632K) NonClass: 78521K(79168K)->78521K(79168K) Class: 21907K(22464K)->21907K(22464K)
[397.346s][info][gc             ] GC(440) Pause Young (Concurrent Start) (G1 Humongous Allocation) 2366M->1825M(2868M) 6.817ms
[397.346s][info][gc             ] GC(441) Concurrent Mark Cycle
[397.346s][info][gc,marking     ] GC(441) Concurrent Scan Root Regions
[397.346s][info][gc,cpu         ] GC(440) User=0.03s Sys=0.00s Real=0.01s
[397.354s][info][gc,marking     ] GC(441) Concurrent Scan Root Regions 7.170ms
[397.354s][info][gc,marking     ] GC(441) Concurrent Mark
[397.354s][info][gc,marking     ] GC(441) Concurrent Mark From Roots
[397.354s][info][gc,task        ] GC(441) Using 1 workers of 1 for marking
[397.399s][info][gc,marking     ] GC(441) Concurrent Mark From Roots 45.099ms
[397.399s][info][gc,marking     ] GC(441) Concurrent Preclean
[397.399s][info][gc,marking     ] GC(441) Concurrent Preclean 0.114ms
[397.399s][info][gc,start       ] GC(441) Pause Remark
[397.402s][info][gc             ] GC(441) Pause Remark 2167M->1585M(2868M) 3.001ms
[397.402s][info][gc,cpu         ] GC(441) User=0.01s Sys=0.00s Real=0.01s
[397.402s][info][gc,marking     ] GC(441) Concurrent Mark 48.382ms
[397.402s][info][gc,marking     ] GC(441) Concurrent Rebuild Remembered Sets and Scrub Regions
[397.427s][info][gc,marking     ] GC(441) Concurrent Rebuild Remembered Sets and Scrub Regions 24.780ms
[397.427s][info][gc,start       ] GC(441) Pause Cleanup
[397.427s][info][gc             ] GC(441) Pause Cleanup 1621M->1621M(2868M) 0.088ms
[397.427s][info][gc,cpu         ] GC(441) User=0.00s Sys=0.00s Real=0.00s
[397.427s][info][gc,marking     ] GC(441) Concurrent Clear Claimed Marks
[397.427s][info][gc,marking     ] GC(441) Concurrent Clear Claimed Marks 0.128ms
[397.427s][info][gc,marking     ] GC(441) Concurrent Cleanup for Next Mark
[397.429s][info][gc,marking     ] GC(441) Concurrent Cleanup for Next Mark 1.442ms
[397.429s][info][gc             ] GC(441) Concurrent Mark Cycle 82.162ms
[398.248s][info][gc,start       ] GC(442) Pause Young (Prepare Mixed) (G1 Humongous Allocation)
[398.248s][info][gc,task        ] GC(442) Using 4 workers of 4 for evacuation
[398.256s][info][gc,phases      ] GC(442)   Pre Evacuate Collection Set: 0.23ms
[398.256s][info][gc,phases      ] GC(442)   Merge Heap Roots: 0.10ms
[398.256s][info][gc,phases      ] GC(442)   Evacuate Collection Set: 4.70ms
[398.256s][info][gc,phases      ] GC(442)   Post Evacuate Collection Set: 3.40ms
[398.256s][info][gc,phases      ] GC(442)   Other: 0.05ms
[398.256s][info][gc,heap        ] GC(442) Eden regions: 246->0(253)
[398.256s][info][gc,heap        ] GC(442) Survivor regions: 2->25(25)
[398.256s][info][gc,heap        ] GC(442) Old regions: 200->442
[398.256s][info][gc,heap        ] GC(442) Humongous regions: 961->579
[398.256s][info][gc,metaspace   ] GC(442) Metaspace: 100428K(101632K)->100428K(101632K) NonClass: 78521K(79168K)->78521K(79168K) Class: 21907K(22464K)->21907K(22464K)
[398.256s][info][gc             ] GC(442) Pause Young (Prepare Mixed) (G1 Humongous Allocation) (Evacuation Failure: Allocation) 2817M->2091M(2868M) 8.595ms
[398.256s][info][gc,cpu         ] GC(442) User=0.04s Sys=0.00s Real=0.01s
[398.611s][info][gc,start       ] GC(443) Pause Young (Mixed) (G1 Humongous Allocation)
[398.611s][info][gc,task        ] GC(443) Using 4 workers of 4 for evacuation
[398.619s][info][gc,phases      ] GC(443)   Pre Evacuate Collection Set: 0.32ms
[398.619s][info][gc,phases      ] GC(443)   Merge Heap Roots: 0.14ms
[398.619s][info][gc,phases      ] GC(443)   Evacuate Collection Set: 3.25ms
[398.619s][info][gc,phases      ] GC(443)   Post Evacuate Collection Set: 4.54ms
[398.619s][info][gc,phases      ] GC(443)   Other: 0.07ms
[398.619s][info][gc,heap        ] GC(443) Eden regions: 140->0(164)
[398.619s][info][gc,heap        ] GC(443) Survivor regions: 25->5(12)
[398.619s][info][gc,heap        ] GC(443) Old regions: 442->544
[398.619s][info][gc,heap        ] GC(443) Humongous regions: 815->648
[398.619s][info][gc,metaspace   ] GC(443) Metaspace: 100428K(101632K)->100428K(101632K) NonClass: 78521K(79168K)->78521K(79168K) Class: 21907K(22464K)->21907K(22464K)
[398.619s][info][gc             ] GC(443) Pause Young (Mixed) (G1 Humongous Allocation) (Evacuation Failure: Allocation) 2843M->2393M(2868M) 8.427ms
[398.619s][info][gc,cpu         ] GC(443) User=0.03s Sys=0.00s Real=0.01s
[398.619s][info][gc,start       ] GC(444) Pause Young (Concurrent Start) (G1 Humongous Allocation)
[398.619s][info][gc,task        ] GC(444) Using 4 workers of 4 for evacuation
[398.627s][info][gc,phases      ] GC(444)   Pre Evacuate Collection Set: 0.38ms
[398.627s][info][gc,phases      ] GC(444)   Merge Heap Roots: 0.13ms
[398.627s][info][gc,phases      ] GC(444)   Evacuate Collection Set: 6.52ms
[398.627s][info][gc,phases      ] GC(444)   Post Evacuate Collection Set: 0.71ms
[398.627s][info][gc,phases      ] GC(444)   Other: 0.09ms
[398.627s][info][gc,heap        ] GC(444) Eden regions: 1->0(320)
[398.627s][info][gc,heap        ] GC(444) Survivor regions: 5->7(22)
[398.627s][info][gc,heap        ] GC(444) Old regions: 544->317
[398.627s][info][gc,heap        ] GC(444) Humongous regions: 650->649
[398.627s][info][gc,metaspace   ] GC(444) Metaspace: 100428K(101632K)->100428K(101632K) NonClass: 78521K(79168K)->78521K(79168K) Class: 21907K(22464K)->21907K(22464K)
[398.627s][info][gc             ] GC(444) Pause Young (Concurrent Start) (G1 Humongous Allocation) 2399M->1943M(2868M) 7.907ms
[398.627s][info][gc,cpu         ] GC(444) User=0.03s Sys=0.01s Real=0.01s
[398.627s][info][gc             ] GC(445) Concurrent Mark Cycle
[398.627s][info][gc,marking     ] GC(445) Concurrent Scan Root Regions
[398.635s][info][gc,marking     ] GC(445) Concurrent Scan Root Regions 7.802ms
[398.635s][info][gc,marking     ] GC(445) Concurrent Mark
[398.635s][info][gc,marking     ] GC(445) Concurrent Mark From Roots
[398.635s][info][gc,task        ] GC(445) Using 1 workers of 1 for marking
[398.677s][info][gc,marking     ] GC(445) Concurrent Mark From Roots 41.643ms
[398.677s][info][gc,marking     ] GC(445) Concurrent Preclean
[398.677s][info][gc,marking     ] GC(445) Concurrent Preclean 0.107ms
[398.677s][info][gc,start       ] GC(445) Pause Remark
[398.680s][info][gc             ] GC(445) Pause Remark 2184M->1582M(2868M) 2.851ms
[398.680s][info][gc,cpu         ] GC(445) User=0.01s Sys=0.00s Real=0.00s
[398.680s][info][gc,marking     ] GC(445) Concurrent Mark 44.790ms
[398.680s][info][gc,marking     ] GC(445) Concurrent Rebuild Remembered Sets and Scrub Regions
[398.703s][info][gc,marking     ] GC(445) Concurrent Rebuild Remembered Sets and Scrub Regions 22.597ms
[398.703s][info][gc,start       ] GC(445) Pause Cleanup
[398.703s][info][gc             ] GC(445) Pause Cleanup 1639M->1639M(2868M) 0.074ms
[398.703s][info][gc,cpu         ] GC(445) User=0.00s Sys=0.00s Real=0.00s
[398.703s][info][gc,marking     ] GC(445) Concurrent Clear Claimed Marks
[398.703s][info][gc,marking     ] GC(445) Concurrent Clear Claimed Marks 0.116ms
[398.703s][info][gc,marking     ] GC(445) Concurrent Cleanup for Next Mark
[398.704s][info][gc,marking     ] GC(445) Concurrent Cleanup for Next Mark 1.275ms
[398.704s][info][gc             ] GC(445) Concurrent Mark Cycle 76.805ms
[399.551s][info][gc,start       ] GC(446) Pause Young (Prepare Mixed) (G1 Humongous Allocation)
[399.551s][info][gc,task        ] GC(446) Using 4 workers of 4 for evacuation
[399.558s][info][gc,phases      ] GC(446)   Pre Evacuate Collection Set: 0.18ms
[399.558s][info][gc,phases      ] GC(446)   Merge Heap Roots: 0.13ms
[399.558s][info][gc,phases      ] GC(446)   Evacuate Collection Set: 3.32ms
[399.558s][info][gc,phases      ] GC(446)   Post Evacuate Collection Set: 3.17ms
[399.558s][info][gc,phases      ] GC(446)   Other: 0.05ms
[399.558s][info][gc,heap        ] GC(446) Eden regions: 238->0(280)
[399.558s][info][gc,heap        ] GC(446) Survivor regions: 7->16(16)
[399.558s][info][gc,heap        ] GC(446) Old regions: 246->477
[399.558s][info][gc,heap        ] GC(446) Humongous regions: 927->558
[399.558s][info][gc,metaspace   ] GC(446) Metaspace: 100447K(101632K)->100447K(101632K) NonClass: 78539K(79168K)->78539K(79168K) Class: 21908K(22464K)->21908K(22464K)
[399.558s][info][gc             ] GC(446) Pause Young (Prepare Mixed) (G1 Humongous Allocation) (Evacuation Failure: Allocation) 2833M->2101M(2868M) 6.945ms
[399.558s][info][gc,cpu         ] GC(446) User=0.02s Sys=0.01s Real=0.01s
[399.836s][info][gc,start       ] GC(447) Pause Young (Mixed) (G1 Humongous Allocation)
[399.836s][info][gc,task        ] GC(447) Using 4 workers of 4 for evacuation
[399.845s][info][gc,phases      ] GC(447)   Pre Evacuate Collection Set: 0.29ms
[399.846s][info][gc,phases      ] GC(447)   Merge Heap Roots: 0.15ms
[399.846s][info][gc,phases      ] GC(447)   Evacuate Collection Set: 3.73ms
[399.846s][info][gc,phases      ] GC(447)   Post Evacuate Collection Set: 4.62ms
[399.846s][info][gc,phases      ] GC(447)   Other: 0.08ms
[399.846s][info][gc,heap        ] GC(447) Eden regions: 140->0(168)
[399.846s][info][gc,heap        ] GC(447) Survivor regions: 16->13(17)
[399.846s][info][gc,heap        ] GC(447) Old regions: 477->560
[399.846s][info][gc,heap        ] GC(447) Humongous regions: 784->620
[399.846s][info][gc,metaspace   ] GC(447) Metaspace: 100447K(101632K)->100447K(101632K) NonClass: 78539K(79168K)->78539K(79168K) Class: 21908K(22464K)->21908K(22464K)
[399.846s][info][gc             ] GC(447) Pause Young (Mixed) (G1 Humongous Allocation) (Evacuation Failure: Allocation) 2833M->2385M(2868M) 10.351ms
[399.846s][info][gc,cpu         ] GC(447) User=0.03s Sys=0.00s Real=0.01s
[399.848s][info][gc,start       ] GC(448) Pause Young (Concurrent Start) (G1 Humongous Allocation)
[399.848s][info][gc,task        ] GC(448) Using 4 workers of 4 for evacuation
[399.856s][info][gc,phases      ] GC(448)   Pre Evacuate Collection Set: 0.38ms
[399.856s][info][gc,phases      ] GC(448)   Merge Heap Roots: 0.11ms
[399.856s][info][gc,phases      ] GC(448)   Evacuate Collection Set: 7.00ms
[399.856s][info][gc,phases      ] GC(448)   Post Evacuate Collection Set: 0.67ms
[399.856s][info][gc,phases      ] GC(448)   Other: 0.06ms
[399.856s][info][gc,heap        ] GC(448) Eden regions: 7->0(314)
[399.856s][info][gc,heap        ] GC(448) Survivor regions: 13->12(23)
[399.856s][info][gc,heap        ] GC(448) Old regions: 560->340
[399.856s][info][gc,heap        ] GC(448) Humongous regions: 625->622
[399.856s][info][gc,metaspace   ] GC(448) Metaspace: 100447K(101632K)->100447K(101632K) NonClass: 78539K(79168K)->78539K(79168K) Class: 21908K(22464K)->21908K(22464K)
[399.856s][info][gc             ] GC(448) Pause Young (Concurrent Start) (G1 Humongous Allocation) 2409M->1946M(2868M) 8.295ms
[399.856s][info][gc,cpu         ] GC(448) User=0.04s Sys=0.00s Real=0.01s
[399.856s][info][gc             ] GC(449) Concurrent Mark Cycle
[399.856s][info][gc,marking     ] GC(449) Concurrent Scan Root Regions
[399.864s][info][gc,marking     ] GC(449) Concurrent Scan Root Regions 7.641ms
[399.864s][info][gc,marking     ] GC(449) Concurrent Mark
[399.864s][info][gc,marking     ] GC(449) Concurrent Mark From Roots
[399.864s][info][gc,task        ] GC(449) Using 1 workers of 1 for marking
[399.906s][info][gc,marking     ] GC(449) Concurrent Mark From Roots 42.235ms
[399.906s][info][gc,marking     ] GC(449) Concurrent Preclean
[399.906s][info][gc,marking     ] GC(449) Concurrent Preclean 0.113ms
[399.906s][info][gc,start       ] GC(449) Pause Remark
[399.910s][info][gc             ] GC(449) Pause Remark 2146M->1658M(2868M) 3.874ms
[399.910s][info][gc,cpu         ] GC(449) User=0.01s Sys=0.01s Real=0.00s
[399.910s][info][gc,marking     ] GC(449) Concurrent Mark 46.418ms
[399.910s][info][gc,marking     ] GC(449) Concurrent Rebuild Remembered Sets and Scrub Regions
[399.934s][info][gc,marking     ] GC(449) Concurrent Rebuild Remembered Sets and Scrub Regions 23.816ms
[399.934s][info][gc,start       ] GC(449) Pause Cleanup
[399.934s][info][gc             ] GC(449) Pause Cleanup 1678M->1678M(2868M) 0.102ms
[399.934s][info][gc,cpu         ] GC(449) User=0.00s Sys=0.00s Real=0.00s
[399.934s][info][gc,marking     ] GC(449) Concurrent Clear Claimed Marks
[399.935s][info][gc,marking     ] GC(449) Concurrent Clear Claimed Marks 0.135ms
[399.935s][info][gc,marking     ] GC(449) Concurrent Cleanup for Next Mark
[399.936s][info][gc,marking     ] GC(449) Concurrent Cleanup for Next Mark 1.368ms
[399.936s][info][gc             ] GC(449) Concurrent Mark Cycle 79.663ms
[400.825s][info][gc,start       ] GC(450) Pause Young (Prepare Mixed) (G1 Humongous Allocation)
[400.825s][info][gc,task        ] GC(450) Using 4 workers of 4 for evacuation
[400.831s][info][gc,phases      ] GC(450)   Pre Evacuate Collection Set: 0.15ms
[400.831s][info][gc,phases      ] GC(450)   Merge Heap Roots: 0.10ms
[400.831s][info][gc,phases      ] GC(450)   Evacuate Collection Set: 2.58ms
[400.831s][info][gc,phases      ] GC(450)   Post Evacuate Collection Set: 3.57ms
[400.831s][info][gc,phases      ] GC(450)   Other: 0.05ms
[400.831s][info][gc,heap        ] GC(450) Eden regions: 219->0(264)
[400.831s][info][gc,heap        ] GC(450) Survivor regions: 12->6(6)
[400.831s][info][gc,heap        ] GC(450) Old regions: 301->510
[400.831s][info][gc,heap        ] GC(450) Humongous regions: 896->555
[400.831s][info][gc,metaspace   ] GC(450) Metaspace: 100454K(101632K)->100454K(101632K) NonClass: 78545K(79168K)->78545K(79168K) Class: 21909K(22464K)->21909K(22464K)
[400.831s][info][gc             ] GC(450) Pause Young (Prepare Mixed) (G1 Humongous Allocation) (Evacuation Failure: Allocation) 2853M->2140M(2868M) 6.551ms
[400.831s][info][gc,cpu         ] GC(450) User=0.02s Sys=0.00s Real=0.00s
[401.118s][info][gc,start       ] GC(451) Pause Young (Mixed) (G1 Humongous Allocation)
[401.118s][info][gc,task        ] GC(451) Using 4 workers of 4 for evacuation
[401.127s][info][gc,phases      ] GC(451)   Pre Evacuate Collection Set: 0.25ms
[401.127s][info][gc,phases      ] GC(451)   Merge Heap Roots: 0.10ms
[401.127s][info][gc,phases      ] GC(451)   Evacuate Collection Set: 4.21ms
[401.127s][info][gc,phases      ] GC(451)   Post Evacuate Collection Set: 4.57ms
[401.127s][info][gc,phases      ] GC(451)   Other: 0.06ms
[401.127s][info][gc,heap        ] GC(451) Eden regions: 137->0(157)
[401.127s][info][gc,heap        ] GC(451) Survivor regions: 6->17(30)
[401.127s][info][gc,heap        ] GC(451) Old regions: 510->592
[401.127s][info][gc,heap        ] GC(451) Humongous regions: 751->595
[401.127s][info][gc,metaspace   ] GC(451) Metaspace: 100454K(101632K)->100454K(101632K) NonClass: 78545K(79168K)->78545K(79168K) Class: 21909K(22464K)->21909K(22464K)
[401.127s][info][gc             ] GC(451) Pause Young (Mixed) (G1 Humongous Allocation) (Evacuation Failure: Allocation) 2806M->2406M(2868M) 9.275ms
[401.127s][info][gc,cpu         ] GC(451) User=0.03s Sys=0.00s Real=0.01s
[401.127s][info][gc,start       ] GC(452) Pause Young (Concurrent Start) (G1 Humongous Allocation)
[401.128s][info][gc,task        ] GC(452) Using 4 workers of 4 for evacuation
[401.135s][info][gc,phases      ] GC(452)   Pre Evacuate Collection Set: 0.36ms
[401.135s][info][gc,phases      ] GC(452)   Merge Heap Roots: 0.07ms
[401.135s][info][gc,phases      ] GC(452)   Evacuate Collection Set: 6.55ms
[401.135s][info][gc,phases      ] GC(452)   Post Evacuate Collection Set: 0.55ms
[401.135s][info][gc,phases      ] GC(452)   Other: 0.11ms
[401.135s][info][gc,heap        ] GC(452) Eden regions: 4->0(351)
[401.135s][info][gc,heap        ] GC(452) Survivor regions: 17->3(22)
[401.135s][info][gc,heap        ] GC(452) Old regions: 592->321
[401.135s][info][gc,heap        ] GC(452) Humongous regions: 600->597
[401.135s][info][gc,metaspace   ] GC(452) Metaspace: 100454K(101632K)->100454K(101632K) NonClass: 78545K(79168K)->78545K(79168K) Class: 21909K(22464K)->21909K(22464K)
[401.135s][info][gc             ] GC(452) Pause Young (Concurrent Start) (G1 Humongous Allocation) 2424M->1839M(2868M) 7.784ms
[401.135s][info][gc,cpu         ] GC(452) User=0.03s Sys=0.00s Real=0.01s
[401.135s][info][gc             ] GC(453) Concurrent Mark Cycle
[401.135s][info][gc,marking     ] GC(453) Concurrent Scan Root Regions
[401.143s][info][gc,marking     ] GC(453) Concurrent Scan Root Regions 7.485ms
[401.143s][info][gc,marking     ] GC(453) Concurrent Mark
[401.143s][info][gc,marking     ] GC(453) Concurrent Mark From Roots
[401.143s][info][gc,task        ] GC(453) Using 1 workers of 1 for marking
[401.185s][info][gc,marking     ] GC(453) Concurrent Mark From Roots 42.337ms
[401.185s][info][gc,marking     ] GC(453) Concurrent Preclean
[401.185s][info][gc,marking     ] GC(453) Concurrent Preclean 0.101ms
[401.185s][info][gc,start       ] GC(453) Pause Remark
[401.189s][info][gc             ] GC(453) Pause Remark 2039M->1581M(2868M) 3.685ms
[401.189s][info][gc,cpu         ] GC(453) User=0.01s Sys=0.00s Real=0.00s
[401.189s][info][gc,marking     ] GC(453) Concurrent Mark 46.272ms
[401.189s][info][gc,marking     ] GC(453) Concurrent Rebuild Remembered Sets and Scrub Regions
[401.213s][info][gc,marking     ] GC(453) Concurrent Rebuild Remembered Sets and Scrub Regions 24.026ms
[401.213s][info][gc,start       ] GC(453) Pause Cleanup
[401.213s][info][gc             ] GC(453) Pause Cleanup 1603M->1603M(2868M) 0.075ms
[401.213s][info][gc,cpu         ] GC(453) User=0.00s Sys=0.00s Real=0.00s
[401.213s][info][gc,marking     ] GC(453) Concurrent Clear Claimed Marks
[401.213s][info][gc,marking     ] GC(453) Concurrent Clear Claimed Marks 0.118ms
[401.213s][info][gc,marking     ] GC(453) Concurrent Cleanup for Next Mark
[401.215s][info][gc,marking     ] GC(453) Concurrent Cleanup for Next Mark 1.281ms
[401.215s][info][gc             ] GC(453) Concurrent Mark Cycle 79.429ms
[402.112s][info][gc,start       ] GC(454) Pause Young (Prepare Mixed) (G1 Humongous Allocation)
[402.112s][info][gc,task        ] GC(454) Using 4 workers of 4 for evacuation
[402.119s][info][gc,phases      ] GC(454)   Pre Evacuate Collection Set: 0.25ms
[402.119s][info][gc,phases      ] GC(454)   Merge Heap Roots: 0.11ms
[402.119s][info][gc,phases      ] GC(454)   Evacuate Collection Set: 3.43ms
[402.119s][info][gc,phases      ] GC(454)   Post Evacuate Collection Set: 3.38ms
[402.119s][info][gc,phases      ] GC(454)   Other: 0.06ms
[402.119s][info][gc,heap        ] GC(454) Eden regions: 226->0(261)
[402.119s][info][gc,heap        ] GC(454) Survivor regions: 3->19(19)
[402.119s][info][gc,heap        ] GC(454) Old regions: 272->483
[402.119s][info][gc,heap        ] GC(454) Humongous regions: 914->560
[402.119s][info][gc,metaspace   ] GC(454) Metaspace: 100455K(101632K)->100455K(101632K) NonClass: 78546K(79168K)->78546K(79168K) Class: 21909K(22464K)->21909K(22464K)
[402.120s][info][gc             ] GC(454) Pause Young (Prepare Mixed) (G1 Humongous Allocation) (Evacuation Failure: Allocation) 2826M->2122M(2868M) 7.332ms
[402.120s][info][gc,cpu         ] GC(454) User=0.02s Sys=0.00s Real=0.00s
[402.434s][info][gc,start       ] GC(455) Pause Young (Mixed) (G1 Humongous Allocation)
[402.434s][info][gc,task        ] GC(455) Using 4 workers of 4 for evacuation
[402.445s][info][gc,phases      ] GC(455)   Pre Evacuate Collection Set: 0.49ms
[402.447s][info][gc,phases      ] GC(455)   Merge Heap Roots: 0.17ms
[402.447s][info][gc,phases      ] GC(455)   Evacuate Collection Set: 6.40ms
[402.447s][info][gc,phases      ] GC(455)   Post Evacuate Collection Set: 3.95ms
[402.447s][info][gc,phases      ] GC(455)   Other: 0.14ms
[402.447s][info][gc,heap        ] GC(455) Eden regions: 131->0(148)
[402.447s][info][gc,heap        ] GC(455) Survivor regions: 19->14(29)
[402.447s][info][gc,heap        ] GC(455) Old regions: 483->568
[402.447s][info][gc,heap        ] GC(455) Humongous regions: 772->631
[402.447s][info][gc,metaspace   ] GC(455) Metaspace: 100455K(101632K)->100455K(101632K) NonClass: 78546K(79168K)->78546K(79168K) Class: 21909K(22464K)->21909K(22464K)
[402.447s][info][gc             ] GC(455) Pause Young (Mixed) (G1 Humongous Allocation) (Evacuation Failure: Allocation) 2808M->2424M(2868M) 13.209ms
[402.447s][info][gc,cpu         ] GC(455) User=0.04s Sys=0.01s Real=0.01s
[402.448s][info][gc,start       ] GC(456) Pause Young (Concurrent Start) (G1 Humongous Allocation)
[402.448s][info][gc,task        ] GC(456) Using 4 workers of 4 for evacuation
[402.454s][info][gc,phases      ] GC(456)   Pre Evacuate Collection Set: 0.26ms
[402.454s][info][gc,phases      ] GC(456)   Merge Heap Roots: 0.06ms
[402.454s][info][gc,phases      ] GC(456)   Evacuate Collection Set: 4.80ms
[402.454s][info][gc,phases      ] GC(456)   Post Evacuate Collection Set: 0.97ms
[402.454s][info][gc,phases      ] GC(456)   Other: 0.06ms
[402.454s][info][gc,heap        ] GC(456) Eden regions: 2->0(316)
[402.454s][info][gc,heap        ] GC(456) Survivor regions: 14->2(21)
[402.454s][info][gc,heap        ] GC(456) Old regions: 568->327
[402.454s][info][gc,heap        ] GC(456) Humongous regions: 634->631
[402.454s][info][gc,metaspace   ] GC(456) Metaspace: 100455K(101632K)->100455K(101632K) NonClass: 78546K(79168K)->78546K(79168K) Class: 21909K(22464K)->21909K(22464K)
[402.454s][info][gc             ] GC(456) Pause Young (Concurrent Start) (G1 Humongous Allocation) 2434M->1918M(2868M) 6.241ms
[402.454s][info][gc,cpu         ] GC(456) User=0.02s Sys=0.00s Real=0.01s
[402.454s][info][gc             ] GC(457) Concurrent Mark Cycle
[402.454s][info][gc,marking     ] GC(457) Concurrent Scan Root Regions
[402.461s][info][gc,marking     ] GC(457) Concurrent Scan Root Regions 6.783ms
[402.461s][info][gc,marking     ] GC(457) Concurrent Mark
[402.461s][info][gc,marking     ] GC(457) Concurrent Mark From Roots
[402.461s][info][gc,task        ] GC(457) Using 1 workers of 1 for marking
[402.504s][info][gc,marking     ] GC(457) Concurrent Mark From Roots 43.826ms
[402.504s][info][gc,marking     ] GC(457) Concurrent Preclean
[402.505s][info][gc,marking     ] GC(457) Concurrent Preclean 0.111ms
[402.505s][info][gc,start       ] GC(457) Pause Remark
[402.508s][info][gc             ] GC(457) Pause Remark 2068M->1386M(2868M) 3.337ms
[402.508s][info][gc,cpu         ] GC(457) User=0.01s Sys=0.00s Real=0.00s
[402.508s][info][gc,marking     ] GC(457) Concurrent Mark 47.424ms
[402.508s][info][gc,marking     ] GC(457) Concurrent Rebuild Remembered Sets and Scrub Regions
[402.529s][info][gc,marking     ] GC(457) Concurrent Rebuild Remembered Sets and Scrub Regions 20.632ms
[402.530s][info][gc,start       ] GC(457) Pause Cleanup
[402.530s][info][gc             ] GC(457) Pause Cleanup 1401M->1401M(2868M) 0.077ms
[402.530s][info][gc,cpu         ] GC(457) User=0.00s Sys=0.00s Real=0.00s
[402.530s][info][gc,marking     ] GC(457) Concurrent Clear Claimed Marks
[402.530s][info][gc,marking     ] GC(457) Concurrent Clear Claimed Marks 0.127ms
[402.530s][info][gc,marking     ] GC(457) Concurrent Cleanup for Next Mark
[402.531s][info][gc,marking     ] GC(457) Concurrent Cleanup for Next Mark 1.650ms
[402.532s][info][gc             ] GC(457) Concurrent Mark Cycle 77.717ms
[403.626s][info][gc,start       ] GC(458) Pause Young (Prepare Mixed) (G1 Humongous Allocation)
[403.626s][info][gc,task        ] GC(458) Using 4 workers of 4 for evacuation
[403.633s][info][gc,phases      ] GC(458)   Pre Evacuate Collection Set: 0.15ms
[403.633s][info][gc,phases      ] GC(458)   Merge Heap Roots: 0.08ms
[403.633s][info][gc,phases      ] GC(458)   Evacuate Collection Set: 4.52ms
[403.633s][info][gc,phases      ] GC(458)   Post Evacuate Collection Set: 2.72ms
[403.633s][info][gc,phases      ] GC(458)   Other: 0.06ms
[403.633s][info][gc,heap        ] GC(458) Eden regions: 275->0(293)
[403.633s][info][gc,heap        ] GC(458) Survivor regions: 2->27(27)
[403.633s][info][gc,heap        ] GC(458) Old regions: 201->426
[403.633s][info][gc,heap        ] GC(458) Humongous regions: 929->557
[403.633s][info][gc,metaspace   ] GC(458) Metaspace: 100455K(101632K)->100455K(101632K) NonClass: 78546K(79168K)->78546K(79168K) Class: 21909K(22464K)->21909K(22464K)
[403.633s][info][gc             ] GC(458) Pause Young (Prepare Mixed) (G1 Humongous Allocation) (Evacuation Failure: Allocation) 2811M->2019M(2868M) 7.628ms
[403.633s][info][gc,cpu         ] GC(458) User=0.03s Sys=0.00s Real=0.01s
[403.896s][info][gc,start       ] GC(459) Pause Young (Mixed) (G1 Humongous Allocation)
[403.896s][info][gc,task        ] GC(459) Using 4 workers of 4 for evacuation
[403.902s][info][gc,phases      ] GC(459)   Pre Evacuate Collection Set: 0.18ms
[403.902s][info][gc,phases      ] GC(459)   Merge Heap Roots: 0.07ms
[403.902s][info][gc,phases      ] GC(459)   Evacuate Collection Set: 3.46ms
[403.902s][info][gc,phases      ] GC(459)   Post Evacuate Collection Set: 3.06ms
[403.902s][info][gc,phases      ] GC(459)   Other: 0.06ms
[403.902s][info][gc,heap        ] GC(459) Eden regions: 124->0(230)
[403.902s][info][gc,heap        ] GC(459) Survivor regions: 27->10(25)
[403.902s][info][gc,heap        ] GC(459) Old regions: 426->457
[403.902s][info][gc,heap        ] GC(459) Humongous regions: 832->643
[403.902s][info][gc,metaspace   ] GC(459) Metaspace: 100483K(101632K)->100483K(101632K) NonClass: 78570K(79168K)->78570K(79168K) Class: 21912K(22464K)->21912K(22464K)
[403.903s][info][gc             ] GC(459) Pause Young (Mixed) (G1 Humongous Allocation) (Evacuation Failure: Allocation) 2816M->2219M(2868M) 6.925ms
[403.903s][info][gc,cpu         ] GC(459) User=0.02s Sys=0.00s Real=0.01s
[403.904s][info][gc,start       ] GC(460) Pause Young (Concurrent Start) (G1 Humongous Allocation)
[403.904s][info][gc,task        ] GC(460) Using 4 workers of 4 for evacuation
[403.910s][info][gc,phases      ] GC(460)   Pre Evacuate Collection Set: 0.31ms
[403.910s][info][gc,phases      ] GC(460)   Merge Heap Roots: 0.13ms
[403.910s][info][gc,phases      ] GC(460)   Evacuate Collection Set: 4.55ms
[403.910s][info][gc,phases      ] GC(460)   Post Evacuate Collection Set: 0.60ms
[403.910s][info][gc,phases      ] GC(460)   Other: 0.05ms
[403.910s][info][gc,heap        ] GC(460) Eden regions: 3->0(364)
[403.910s][info][gc,heap        ] GC(460) Survivor regions: 10->13(30)
[403.910s][info][gc,heap        ] GC(460) Old regions: 457->247
[403.910s][info][gc,heap        ] GC(460) Humongous regions: 646->637
[403.910s][info][gc,metaspace   ] GC(460) Metaspace: 100483K(101632K)->100483K(101632K) NonClass: 78570K(79168K)->78570K(79168K) Class: 21912K(22464K)->21912K(22464K)
[403.910s][info][gc             ] GC(460) Pause Young (Concurrent Start) (G1 Humongous Allocation) 2231M->1792M(2868M) 5.704ms
[403.910s][info][gc,cpu         ] GC(460) User=0.02s Sys=0.00s Real=0.00s
[403.910s][info][gc             ] GC(461) Concurrent Mark Cycle
[403.910s][info][gc,marking     ] GC(461) Concurrent Scan Root Regions
[403.914s][info][gc,marking     ] GC(461) Concurrent Scan Root Regions 4.451ms
[403.914s][info][gc,marking     ] GC(461) Concurrent Mark
[403.914s][info][gc,marking     ] GC(461) Concurrent Mark From Roots
[403.914s][info][gc,task        ] GC(461) Using 1 workers of 1 for marking
[403.952s][info][gc,marking     ] GC(461) Concurrent Mark From Roots 37.710ms
[403.952s][info][gc,marking     ] GC(461) Concurrent Preclean
[403.952s][info][gc,marking     ] GC(461) Concurrent Preclean 0.094ms
[403.952s][info][gc,start       ] GC(461) Pause Remark
[403.955s][info][gc             ] GC(461) Pause Remark 1883M->1271M(2868M) 2.610ms
[403.955s][info][gc,cpu         ] GC(461) User=0.00s Sys=0.00s Real=0.00s
[403.955s][info][gc,marking     ] GC(461) Concurrent Mark 40.532ms
[403.955s][info][gc,marking     ] GC(461) Concurrent Rebuild Remembered Sets and Scrub Regions
[403.974s][info][gc,marking     ] GC(461) Concurrent Rebuild Remembered Sets and Scrub Regions 18.794ms
[403.974s][info][gc,start       ] GC(461) Pause Cleanup
[403.974s][info][gc             ] GC(461) Pause Cleanup 1316M->1316M(2868M) 0.071ms
[403.974s][info][gc,cpu         ] GC(461) User=0.00s Sys=0.00s Real=0.00s
[403.974s][info][gc,marking     ] GC(461) Concurrent Clear Claimed Marks
[403.974s][info][gc,marking     ] GC(461) Concurrent Clear Claimed Marks 0.120ms
[403.974s][info][gc,marking     ] GC(461) Concurrent Cleanup for Next Mark
[403.975s][info][gc,marking     ] GC(461) Concurrent Cleanup for Next Mark 1.275ms
[403.975s][info][gc             ] GC(461) Concurrent Mark Cycle 65.385ms
[404.922s][info][gc,start       ] GC(462) Pause Young (Prepare Mixed) (G1 Humongous Allocation)
[404.922s][info][gc,task        ] GC(462) Using 4 workers of 4 for evacuation
[404.929s][info][gc,phases      ] GC(462)   Pre Evacuate Collection Set: 0.18ms
[404.929s][info][gc,phases      ] GC(462)   Merge Heap Roots: 0.11ms
[404.929s][info][gc,phases      ] GC(462)   Evacuate Collection Set: 3.65ms
[404.929s][info][gc,phases      ] GC(462)   Post Evacuate Collection Set: 3.04ms
[404.929s][info][gc,phases      ] GC(462)   Other: 0.06ms
[404.929s][info][gc,heap        ] GC(462) Eden regions: 308->0(327)
[404.929s][info][gc,heap        ] GC(462) Survivor regions: 13->16(16)
[404.929s][info][gc,heap        ] GC(462) Old regions: 161->392
[404.929s][info][gc,heap        ] GC(462) Humongous regions: 936->570
[404.929s][info][gc,metaspace   ] GC(462) Metaspace: 100483K(101632K)->100483K(101632K) NonClass: 78571K(79168K)->78571K(79168K) Class: 21912K(22464K)->21912K(22464K)
[404.929s][info][gc             ] GC(462) Pause Young (Prepare Mixed) (G1 Humongous Allocation) (Evacuation Failure: Allocation) 2833M->1954M(2868M) 7.142ms
[404.929s][info][gc,cpu         ] GC(462) User=0.02s Sys=0.00s Real=0.00s
[405.444s][info][gc,start       ] GC(463) Pause Young (Mixed) (G1 Evacuation Pause)
[405.444s][info][gc,task        ] GC(463) Using 4 workers of 4 for evacuation
[405.449s][info][gc,phases      ] GC(463)   Pre Evacuate Collection Set: 0.37ms
[405.449s][info][gc,phases      ] GC(463)   Merge Heap Roots: 0.13ms
[405.449s][info][gc,phases      ] GC(463)   Evacuate Collection Set: 1.89ms
[405.449s][info][gc,phases      ] GC(463)   Post Evacuate Collection Set: 2.95ms
[405.449s][info][gc,phases      ] GC(463)   Other: 0.06ms
[405.449s][info][gc,heap        ] GC(463) Eden regions: 99->0(339)
[405.449s][info][gc,heap        ] GC(463) Survivor regions: 16->0(0)
[405.449s][info][gc,heap        ] GC(463) Old regions: 392->306
[405.449s][info][gc,heap        ] GC(463) Humongous regions: 927->662
[405.449s][info][gc,metaspace   ] GC(463) Metaspace: 100488K(101632K)->100488K(101632K) NonClass: 78576K(79168K)->78576K(79168K) Class: 21912K(22464K)->21912K(22464K)
[405.449s][info][gc             ] GC(463) Pause Young (Mixed) (G1 Evacuation Pause) (Evacuation Failure: Allocation) 2866M->1934M(2868M) 5.502ms
[405.449s][info][gc,cpu         ] GC(463) User=0.02s Sys=0.01s Real=0.00s
[405.584s][info][gc,start       ] GC(464) Pause Young (Concurrent Start) (G1 Humongous Allocation)
[405.584s][info][gc,task        ] GC(464) Using 4 workers of 4 for evacuation
[405.588s][info][gc,phases      ] GC(464)   Pre Evacuate Collection Set: 0.34ms
[405.588s][info][gc,phases      ] GC(464)   Merge Heap Roots: 0.08ms
[405.588s][info][gc,phases      ] GC(464)   Evacuate Collection Set: 3.69ms
[405.588s][info][gc,phases      ] GC(464)   Post Evacuate Collection Set: 0.65ms
[405.588s][info][gc,phases      ] GC(464)   Other: 0.05ms
[405.588s][info][gc,heap        ] GC(464) Eden regions: 32->0(330)
[405.588s][info][gc,heap        ] GC(464) Survivor regions: 0->17(43)
[405.588s][info][gc,heap        ] GC(464) Old regions: 306->186
[405.588s][info][gc,heap        ] GC(464) Humongous regions: 662->662
[405.588s][info][gc,metaspace   ] GC(464) Metaspace: 100488K(101632K)->100488K(101632K) NonClass: 78576K(79168K)->78576K(79168K) Class: 21912K(22464K)->21912K(22464K)
[405.588s][info][gc             ] GC(464) Pause Young (Concurrent Start) (G1 Humongous Allocation) 1997M->1727M(2868M) 4.917ms
[405.588s][info][gc,cpu         ] GC(464) User=0.02s Sys=0.00s Real=0.00s
[405.588s][info][gc             ] GC(465) Concurrent Mark Cycle
[405.588s][info][gc,marking     ] GC(465) Concurrent Scan Root Regions
[405.592s][info][gc,marking     ] GC(465) Concurrent Scan Root Regions 3.960ms
[405.592s][info][gc,marking     ] GC(465) Concurrent Mark
[405.592s][info][gc,marking     ] GC(465) Concurrent Mark From Roots
[405.592s][info][gc,task        ] GC(465) Using 1 workers of 1 for marking
[405.631s][info][gc,marking     ] GC(465) Concurrent Mark From Roots 38.315ms
[405.631s][info][gc,marking     ] GC(465) Concurrent Preclean
[405.631s][info][gc,marking     ] GC(465) Concurrent Preclean 0.093ms
[405.631s][info][gc,start       ] GC(465) Pause Remark
[405.633s][info][gc             ] GC(465) Pause Remark 1782M->1274M(2868M) 2.424ms
[405.633s][info][gc,cpu         ] GC(465) User=0.01s Sys=0.00s Real=0.01s
[405.633s][info][gc,marking     ] GC(465) Concurrent Mark 40.982ms
[405.633s][info][gc,marking     ] GC(465) Concurrent Rebuild Remembered Sets and Scrub Regions
[405.651s][info][gc,marking     ] GC(465) Concurrent Rebuild Remembered Sets and Scrub Regions 17.847ms
[405.652s][info][gc,start       ] GC(465) Pause Cleanup
[405.652s][info][gc             ] GC(465) Pause Cleanup 1285M->1285M(2868M) 0.071ms
[405.652s][info][gc,cpu         ] GC(465) User=0.00s Sys=0.00s Real=0.00s
[405.652s][info][gc,marking     ] GC(465) Concurrent Clear Claimed Marks
[405.652s][info][gc,marking     ] GC(465) Concurrent Clear Claimed Marks 0.120ms
[405.652s][info][gc,marking     ] GC(465) Concurrent Cleanup for Next Mark
[405.653s][info][gc,marking     ] GC(465) Concurrent Cleanup for Next Mark 1.252ms
[405.653s][info][gc             ] GC(465) Concurrent Mark Cycle 64.606ms
[406.325s][info][gc,start       ] GC(466) Pause Young (Prepare Mixed) (G1 Humongous Allocation)
[406.325s][info][gc,task        ] GC(466) Using 4 workers of 4 for evacuation
[406.330s][info][gc,phases      ] GC(466)   Pre Evacuate Collection Set: 0.21ms
[406.330s][info][gc,phases      ] GC(466)   Merge Heap Roots: 0.09ms
[406.330s][info][gc,phases      ] GC(466)   Evacuate Collection Set: 2.18ms
[406.330s][info][gc,phases      ] GC(466)   Post Evacuate Collection Set: 2.83ms
[406.330s][info][gc,phases      ] GC(466)   Other: 0.05ms
[406.330s][info][gc,heap        ] GC(466) Eden regions: 279->0(266)
[406.330s][info][gc,heap        ] GC(466) Survivor regions: 17->7(7)
[406.330s][info][gc,heap        ] GC(466) Old regions: 142->402
[406.330s][info][gc,heap        ] GC(466) Humongous regions: 989->608
[406.330s][info][gc,metaspace   ] GC(466) Metaspace: 100488K(101632K)->100488K(101632K) NonClass: 78576K(79168K)->78576K(79168K) Class: 21912K(22464K)->21912K(22464K)
[406.330s][info][gc             ] GC(466) Pause Young (Prepare Mixed) (G1 Humongous Allocation) (Evacuation Failure: Allocation) 2850M->2032M(2868M) 5.465ms
[406.330s][info][gc,cpu         ] GC(466) User=0.02s Sys=0.00s Real=0.00s
[407.011s][info][gc,start       ] GC(467) Pause Young (Mixed) (G1 Humongous Allocation)
[407.011s][info][gc,task        ] GC(467) Using 4 workers of 4 for evacuation
[407.017s][info][gc,phases      ] GC(467)   Pre Evacuate Collection Set: 0.19ms
[407.017s][info][gc,phases      ] GC(467)   Merge Heap Roots: 0.07ms
[407.017s][info][gc,phases      ] GC(467)   Evacuate Collection Set: 2.72ms
[407.017s][info][gc,phases      ] GC(467)   Post Evacuate Collection Set: 3.04ms
[407.017s][info][gc,phases      ] GC(467)   Other: 0.05ms
[407.017s][info][gc,heap        ] GC(467) Eden regions: 137->0(190)
[407.017s][info][gc,heap        ] GC(467) Survivor regions: 7->12(18)
[407.017s][info][gc,heap        ] GC(467) Old regions: 402->451
[407.017s][info][gc,heap        ] GC(467) Humongous regions: 870->685
[407.017s][info][gc,metaspace   ] GC(467) Metaspace: 100488K(101632K)->100488K(101632K) NonClass: 78576K(79168K)->78576K(79168K) Class: 21912K(22464K)->21912K(22464K)
[407.017s][info][gc             ] GC(467) Pause Young (Mixed) (G1 Humongous Allocation) (Evacuation Failure: Allocation) 2830M->2294M(2868M) 6.163ms
[407.017s][info][gc,cpu         ] GC(467) User=0.03s Sys=0.00s Real=0.01s
[407.018s][info][gc,start       ] GC(468) Pause Young (Concurrent Start) (G1 Humongous Allocation)
[407.018s][info][gc,task        ] GC(468) Using 4 workers of 4 for evacuation
[407.023s][info][gc,phases      ] GC(468)   Pre Evacuate Collection Set: 0.21ms
[407.023s][info][gc,phases      ] GC(468)   Merge Heap Roots: 0.06ms
[407.023s][info][gc,phases      ] GC(468)   Evacuate Collection Set: 4.78ms
[407.023s][info][gc,phases      ] GC(468)   Post Evacuate Collection Set: 0.59ms
[407.023s][info][gc,phases      ] GC(468)   Other: 0.05ms
[407.023s][info][gc,heap        ] GC(468) Eden regions: 2->0(339)
[407.023s][info][gc,heap        ] GC(468) Survivor regions: 12->14(26)
[407.023s][info][gc,heap        ] GC(468) Old regions: 451->195
[407.023s][info][gc,heap        ] GC(468) Humongous regions: 688->688
[407.023s][info][gc,metaspace   ] GC(468) Metaspace: 100488K(101632K)->100488K(101632K) NonClass: 78576K(79168K)->78576K(79168K) Class: 21912K(22464K)->21912K(22464K)
[407.023s][info][gc             ] GC(468) Pause Young (Concurrent Start) (G1 Humongous Allocation) 2304M->1791M(2868M) 5.782ms
[407.023s][info][gc             ] GC(469) Concurrent Mark Cycle
[407.023s][info][gc,marking     ] GC(469) Concurrent Scan Root Regions
[407.023s][info][gc,cpu         ] GC(468) User=0.02s Sys=0.00s Real=0.01s
[407.027s][info][gc,marking     ] GC(469) Concurrent Scan Root Regions 3.594ms
[407.027s][info][gc,marking     ] GC(469) Concurrent Mark
[407.027s][info][gc,marking     ] GC(469) Concurrent Mark From Roots
[407.027s][info][gc,task        ] GC(469) Using 1 workers of 1 for marking
[407.065s][info][gc,marking     ] GC(469) Concurrent Mark From Roots 38.064ms
[407.065s][info][gc,marking     ] GC(469) Concurrent Preclean
[407.065s][info][gc,marking     ] GC(469) Concurrent Preclean 0.101ms
[407.065s][info][gc,start       ] GC(469) Pause Remark
[407.068s][info][gc             ] GC(469) Pause Remark 1964M->1372M(2868M) 2.511ms
[407.068s][info][gc,cpu         ] GC(469) User=0.01s Sys=0.00s Real=0.00s
[407.068s][info][gc,marking     ] GC(469) Concurrent Mark 40.806ms
[407.068s][info][gc,marking     ] GC(469) Concurrent Rebuild Remembered Sets and Scrub Regions
[407.086s][info][gc,marking     ] GC(469) Concurrent Rebuild Remembered Sets and Scrub Regions 18.549ms
[407.087s][info][gc,start       ] GC(469) Pause Cleanup
[407.087s][info][gc             ] GC(469) Pause Cleanup 1420M->1420M(2868M) 0.112ms
[407.087s][info][gc,cpu         ] GC(469) User=0.00s Sys=0.00s Real=0.00s
[407.087s][info][gc,marking     ] GC(469) Concurrent Clear Claimed Marks
[407.087s][info][gc,marking     ] GC(469) Concurrent Clear Claimed Marks 0.138ms
[407.087s][info][gc,marking     ] GC(469) Concurrent Cleanup for Next Mark
[407.088s][info][gc,marking     ] GC(469) Concurrent Cleanup for Next Mark 1.390ms
[407.088s][info][gc             ] GC(469) Concurrent Mark Cycle 64.745ms
[407.871s][info][gc,start       ] GC(470) Pause Young (Prepare Mixed) (G1 Evacuation Pause)
[407.871s][info][gc,task        ] GC(470) Using 4 workers of 4 for evacuation
[407.876s][info][gc,phases      ] GC(470)   Pre Evacuate Collection Set: 0.15ms
[407.876s][info][gc,phases      ] GC(470)   Merge Heap Roots: 0.09ms
[407.876s][info][gc,phases      ] GC(470)   Evacuate Collection Set: 1.52ms
[407.876s][info][gc,phases      ] GC(470)   Post Evacuate Collection Set: 2.68ms
[407.876s][info][gc,phases      ] GC(470)   Other: 0.06ms
[407.876s][info][gc,heap        ] GC(470) Eden regions: 266->0(339)
[407.876s][info][gc,heap        ] GC(470) Survivor regions: 14->0(0)
[407.876s][info][gc,heap        ] GC(470) Old regions: 149->381
[407.876s][info][gc,heap        ] GC(470) Humongous regions: 1005->557
[407.876s][info][gc,metaspace   ] GC(470) Metaspace: 100488K(101632K)->100488K(101632K) NonClass: 78576K(79168K)->78576K(79168K) Class: 21912K(22464K)->21912K(22464K)
[407.876s][info][gc             ] GC(470) Pause Young (Prepare Mixed) (G1 Evacuation Pause) (Evacuation Failure: Allocation) 2865M->1874M(2868M) 4.591ms
[407.876s][info][gc,cpu         ] GC(470) User=0.02s Sys=0.01s Real=0.01s
[408.445s][info][gc,start       ] GC(471) Pause Young (Mixed) (G1 Humongous Allocation)
[408.445s][info][gc,task        ] GC(471) Using 4 workers of 4 for evacuation
[408.456s][info][gc,phases      ] GC(471)   Pre Evacuate Collection Set: 0.40ms
[408.456s][info][gc,phases      ] GC(471)   Merge Heap Roots: 0.19ms
[408.456s][info][gc,phases      ] GC(471)   Evacuate Collection Set: 3.79ms
[408.456s][info][gc,phases      ] GC(471)   Post Evacuate Collection Set: 6.67ms
[408.456s][info][gc,phases      ] GC(471)   Other: 0.07ms
[408.456s][info][gc,heap        ] GC(471) Eden regions: 207->0(207)
[408.456s][info][gc,heap        ] GC(471) Survivor regions: 0->10(16)
[408.456s][info][gc,heap        ] GC(471) Old regions: 381->541
[408.456s][info][gc,heap        ] GC(471) Humongous regions: 830->598
[408.456s][info][gc,metaspace   ] GC(471) Metaspace: 100491K(101632K)->100491K(101632K) NonClass: 78579K(79168K)->78579K(79168K) Class: 21912K(22464K)->21912K(22464K)
[408.456s][info][gc             ] GC(471) Pause Young (Mixed) (G1 Humongous Allocation) (Evacuation Failure: Allocation) 2834M->2297M(2868M) 11.246ms
[408.456s][info][gc,cpu         ] GC(471) User=0.04s Sys=0.00s Real=0.01s
[408.457s][info][gc,start       ] GC(472) Pause Young (Concurrent Start) (G1 Humongous Allocation)
[408.457s][info][gc,task        ] GC(472) Using 4 workers of 4 for evacuation
[408.466s][info][gc,phases      ] GC(472)   Pre Evacuate Collection Set: 0.61ms
[408.466s][info][gc,phases      ] GC(472)   Merge Heap Roots: 0.17ms
[408.466s][info][gc,phases      ] GC(472)   Evacuate Collection Set: 7.28ms
[408.466s][info][gc,phases      ] GC(472)   Post Evacuate Collection Set: 1.01ms
[408.466s][info][gc,phases      ] GC(472)   Other: 0.10ms
[408.466s][info][gc,heap        ] GC(472) Eden regions: 2->0(383)
[408.466s][info][gc,heap        ] GC(472) Survivor regions: 10->12(28)
[408.466s][info][gc,heap        ] GC(472) Old regions: 541->203
[408.466s][info][gc,heap        ] GC(472) Humongous regions: 600->599
[408.466s][info][gc,metaspace   ] GC(472) Metaspace: 100491K(101632K)->100491K(101632K) NonClass: 78579K(79168K)->78579K(79168K) Class: 21912K(22464K)->21912K(22464K)
[408.466s][info][gc             ] GC(472) Pause Young (Concurrent Start) (G1 Humongous Allocation) 2304M->1626M(2868M) 9.334ms
[408.466s][info][gc,cpu         ] GC(472) User=0.03s Sys=0.00s Real=0.01s
[408.466s][info][gc             ] GC(473) Concurrent Mark Cycle
[408.466s][info][gc,marking     ] GC(473) Concurrent Scan Root Regions
[408.475s][info][gc,marking     ] GC(473) Concurrent Scan Root Regions 8.546ms
[408.475s][info][gc,marking     ] GC(473) Concurrent Mark
[408.475s][info][gc,marking     ] GC(473) Concurrent Mark From Roots
[408.475s][info][gc,task        ] GC(473) Using 1 workers of 1 for marking
[408.526s][info][gc,marking     ] GC(473) Concurrent Mark From Roots 50.548ms
[408.526s][info][gc,marking     ] GC(473) Concurrent Preclean
[408.526s][info][gc,marking     ] GC(473) Concurrent Preclean 0.115ms
[408.527s][info][gc,start       ] GC(473) Pause Remark
[408.530s][info][gc             ] GC(473) Pause Remark 1793M->1343M(2868M) 2.936ms
[408.530s][info][gc,cpu         ] GC(473) User=0.01s Sys=0.00s Real=0.00s
[408.530s][info][gc,marking     ] GC(473) Concurrent Mark 54.768ms
[408.530s][info][gc,marking     ] GC(473) Concurrent Rebuild Remembered Sets and Scrub Regions
[408.550s][info][gc,marking     ] GC(473) Concurrent Rebuild Remembered Sets and Scrub Regions 20.476ms
[408.550s][info][gc,start       ] GC(473) Pause Cleanup
[408.551s][info][gc             ] GC(473) Pause Cleanup 1410M->1410M(2868M) 0.343ms
[408.551s][info][gc,cpu         ] GC(473) User=0.01s Sys=0.00s Real=0.00s
[408.551s][info][gc,marking     ] GC(473) Concurrent Clear Claimed Marks
[408.551s][info][gc,marking     ] GC(473) Concurrent Clear Claimed Marks 0.249ms
[408.551s][info][gc,marking     ] GC(473) Concurrent Cleanup for Next Mark
[408.553s][info][gc,marking     ] GC(473) Concurrent Cleanup for Next Mark 1.793ms
[408.555s][info][gc             ] GC(473) Concurrent Mark Cycle 88.860ms
[409.481s][info][gc,start       ] GC(474) Pause Young (Prepare Mixed) (G1 Humongous Allocation)
[409.481s][info][gc,task        ] GC(474) Using 4 workers of 4 for evacuation
[409.487s][info][gc,phases      ] GC(474)   Pre Evacuate Collection Set: 0.12ms
[409.487s][info][gc,phases      ] GC(474)   Merge Heap Roots: 0.07ms
[409.487s][info][gc,phases      ] GC(474)   Evacuate Collection Set: 2.56ms
[409.487s][info][gc,phases      ] GC(474)   Post Evacuate Collection Set: 3.77ms
[409.487s][info][gc,phases      ] GC(474)   Other: 0.05ms
[409.487s][info][gc,heap        ] GC(474) Eden regions: 250->0(271)
[409.487s][info][gc,heap        ] GC(474) Survivor regions: 12->7(7)
[409.487s][info][gc,heap        ] GC(474) Old regions: 158->415
[409.487s][info][gc,heap        ] GC(474) Humongous regions: 1007->609
[409.487s][info][gc,metaspace   ] GC(474) Metaspace: 100500K(101632K)->100500K(101632K) NonClass: 78588K(79168K)->78588K(79168K) Class: 21912K(22464K)->21912K(22464K)
[409.487s][info][gc             ] GC(474) Pause Young (Prepare Mixed) (G1 Humongous Allocation) (Evacuation Failure: Allocation) 2852M->2060M(2868M) 6.675ms
[409.487s][info][gc,cpu         ] GC(474) User=0.02s Sys=0.00s Real=0.01s
[409.763s][info][gc,start       ] GC(475) Pause Young (Mixed) (G1 Humongous Allocation)
[409.763s][info][gc,task        ] GC(475) Using 4 workers of 4 for evacuation
[409.773s][info][gc,phases      ] GC(475)   Pre Evacuate Collection Set: 0.28ms
[409.773s][info][gc,phases      ] GC(475)   Merge Heap Roots: 0.14ms
[409.773s][info][gc,phases      ] GC(475)   Evacuate Collection Set: 5.07ms
[409.773s][info][gc,phases      ] GC(475)   Post Evacuate Collection Set: 4.72ms
[409.773s][info][gc,phases      ] GC(475)   Other: 0.06ms
[409.773s][info][gc,heap        ] GC(475) Eden regions: 172->0(204)
[409.773s][info][gc,heap        ] GC(475) Survivor regions: 7->13(28)
[409.773s][info][gc,heap        ] GC(475) Old regions: 415->488
[409.773s][info][gc,heap        ] GC(475) Humongous regions: 812->644
[409.773s][info][gc,metaspace   ] GC(475) Metaspace: 100500K(101632K)->100500K(101632K) NonClass: 78588K(79168K)->78588K(79168K) Class: 21912K(22464K)->21912K(22464K)
[409.773s][info][gc             ] GC(475) Pause Young (Mixed) (G1 Humongous Allocation) (Evacuation Failure: Allocation) 2809M->2289M(2868M) 10.375ms
[409.773s][info][gc,cpu         ] GC(475) User=0.03s Sys=0.00s Real=0.01s
[409.773s][info][gc,start       ] GC(476) Pause Young (Concurrent Start) (G1 Humongous Allocation)
[409.773s][info][gc,task        ] GC(476) Using 4 workers of 4 for evacuation
[409.782s][info][gc,phases      ] GC(476)   Pre Evacuate Collection Set: 0.60ms
[409.782s][info][gc,phases      ] GC(476)   Merge Heap Roots: 0.15ms
[409.782s][info][gc,phases      ] GC(476)   Evacuate Collection Set: 7.08ms
[409.782s][info][gc,phases      ] GC(476)   Post Evacuate Collection Set: 0.54ms
[409.782s][info][gc,phases      ] GC(476)   Other: 0.06ms
[409.782s][info][gc,heap        ] GC(476) Eden regions: 3->0(301)
[409.782s][info][gc,heap        ] GC(476) Survivor regions: 13->14(28)
[409.782s][info][gc,heap        ] GC(476) Old regions: 488->281
[409.782s][info][gc,heap        ] GC(476) Humongous regions: 648->646
[409.782s][info][gc,metaspace   ] GC(476) Metaspace: 100500K(101632K)->100500K(101632K) NonClass: 78588K(79168K)->78588K(79168K) Class: 21912K(22464K)->21912K(22464K)
[409.782s][info][gc             ] GC(476) Pause Young (Concurrent Start) (G1 Humongous Allocation) 2302M->1880M(2868M) 8.519ms
[409.782s][info][gc,cpu         ] GC(476) User=0.03s Sys=0.00s Real=0.01s
[409.782s][info][gc             ] GC(477) Concurrent Mark Cycle
[409.782s][info][gc,marking     ] GC(477) Concurrent Scan Root Regions
[409.794s][info][gc,marking     ] GC(477) Concurrent Scan Root Regions 11.914ms
[409.794s][info][gc,marking     ] GC(477) Concurrent Mark
[409.794s][info][gc,marking     ] GC(477) Concurrent Mark From Roots
[409.794s][info][gc,task        ] GC(477) Using 1 workers of 1 for marking
[409.831s][info][gc,marking     ] GC(477) Concurrent Mark From Roots 37.356ms
[409.831s][info][gc,marking     ] GC(477) Concurrent Preclean
[409.831s][info][gc,marking     ] GC(477) Concurrent Preclean 0.103ms
[409.831s][info][gc,start       ] GC(477) Pause Remark
[409.834s][info][gc             ] GC(477) Pause Remark 2208M->1670M(2868M) 2.624ms
[409.834s][info][gc,cpu         ] GC(477) User=0.00s Sys=0.00s Real=0.01s
[409.834s][info][gc,marking     ] GC(477) Concurrent Mark 40.221ms
[409.834s][info][gc,marking     ] GC(477) Concurrent Rebuild Remembered Sets and Scrub Regions
[409.856s][info][gc,marking     ] GC(477) Concurrent Rebuild Remembered Sets and Scrub Regions 21.601ms
[409.857s][info][gc,start       ] GC(477) Pause Cleanup
[409.857s][info][gc             ] GC(477) Pause Cleanup 1716M->1716M(2868M) 0.112ms
[409.857s][info][gc,cpu         ] GC(477) User=0.00s Sys=0.00s Real=0.00s
[409.857s][info][gc,marking     ] GC(477) Concurrent Clear Claimed Marks
[409.857s][info][gc,marking     ] GC(477) Concurrent Clear Claimed Marks 0.117ms
[409.857s][info][gc,marking     ] GC(477) Concurrent Cleanup for Next Mark
[409.858s][info][gc,marking     ] GC(477) Concurrent Cleanup for Next Mark 1.524ms
[409.858s][info][gc             ] GC(477) Concurrent Mark Cycle 76.688ms
[410.718s][info][gc,start       ] GC(478) Pause Young (Prepare Mixed) (G1 Humongous Allocation)
[410.718s][info][gc,task        ] GC(478) Using 4 workers of 4 for evacuation
[410.723s][info][gc,phases      ] GC(478)   Pre Evacuate Collection Set: 0.14ms
[410.723s][info][gc,phases      ] GC(478)   Merge Heap Roots: 0.07ms
[410.723s][info][gc,phases      ] GC(478)   Evacuate Collection Set: 2.68ms
[410.723s][info][gc,phases      ] GC(478)   Post Evacuate Collection Set: 2.45ms
[410.723s][info][gc,phases      ] GC(478)   Other: 0.05ms
[410.723s][info][gc,heap        ] GC(478) Eden regions: 208->0(298)
[410.723s][info][gc,heap        ] GC(478) Survivor regions: 14->17(20)
[410.723s][info][gc,heap        ] GC(478) Old regions: 232->414
[410.723s][info][gc,heap        ] GC(478) Humongous regions: 960->550
[410.723s][info][gc,metaspace   ] GC(478) Metaspace: 100510K(101632K)->100510K(101632K) NonClass: 78598K(79168K)->78598K(79168K) Class: 21912K(22464K)->21912K(22464K)
[410.723s][info][gc             ] GC(478) Pause Young (Prepare Mixed) (G1 Humongous Allocation) (Evacuation Failure: Allocation) 2826M->1961M(2868M) 5.491ms
[410.723s][info][gc,cpu         ] GC(478) User=0.02s Sys=0.00s Real=0.01s
[410.986s][info][gc,start       ] GC(479) Pause Young (Mixed) (G1 Humongous Allocation)
[410.986s][info][gc,task        ] GC(479) Using 4 workers of 4 for evacuation
[410.991s][info][gc,phases      ] GC(479)   Pre Evacuate Collection Set: 0.18ms
[410.991s][info][gc,phases      ] GC(479)   Merge Heap Roots: 0.07ms
[410.991s][info][gc,phases      ] GC(479)   Evacuate Collection Set: 2.33ms
[410.991s][info][gc,phases      ] GC(479)   Post Evacuate Collection Set: 2.88ms
[410.991s][info][gc,phases      ] GC(479)   Other: 0.05ms
[410.991s][info][gc,heap        ] GC(479) Eden regions: 157->0(230)
[410.991s][info][gc,heap        ] GC(479) Survivor regions: 17->13(16)
[410.991s][info][gc,heap        ] GC(479) Old regions: 414->474
[410.991s][info][gc,heap        ] GC(479) Humongous regions: 830->612
[410.991s][info][gc,metaspace   ] GC(479) Metaspace: 100510K(101632K)->100510K(101632K) NonClass: 78598K(79168K)->78598K(79168K) Class: 21912K(22464K)->21912K(22464K)
[410.991s][info][gc             ] GC(479) Pause Young (Mixed) (G1 Humongous Allocation) (Evacuation Failure: Allocation) 2834M->2197M(2868M) 5.599ms
[410.991s][info][gc,cpu         ] GC(479) User=0.02s Sys=0.00s Real=0.00s
[410.993s][info][gc,start       ] GC(480) Pause Young (Concurrent Start) (G1 Humongous Allocation)
[410.993s][info][gc,task        ] GC(480) Using 4 workers of 4 for evacuation
[410.997s][info][gc,phases      ] GC(480)   Pre Evacuate Collection Set: 0.19ms
[410.997s][info][gc,phases      ] GC(480)   Merge Heap Roots: 0.05ms
[410.997s][info][gc,phases      ] GC(480)   Evacuate Collection Set: 3.87ms
[410.997s][info][gc,phases      ] GC(480)   Post Evacuate Collection Set: 0.45ms
[410.997s][info][gc,phases      ] GC(480)   Other: 0.05ms
[410.997s][info][gc,heap        ] GC(480) Eden regions: 3->0(373)
[410.997s][info][gc,heap        ] GC(480) Survivor regions: 13->15(31)
[410.997s][info][gc,heap        ] GC(480) Old regions: 474->229
[410.997s][info][gc,heap        ] GC(480) Humongous regions: 615->615
[410.997s][info][gc,metaspace   ] GC(480) Metaspace: 100510K(101632K)->100510K(101632K) NonClass: 78598K(79168K)->78598K(79168K) Class: 21912K(22464K)->21912K(22464K)
[410.997s][info][gc             ] GC(480) Pause Young (Concurrent Start) (G1 Humongous Allocation) 2208M->1715M(2868M) 4.694ms
[410.998s][info][gc             ] GC(481) Concurrent Mark Cycle
[410.998s][info][gc,marking     ] GC(481) Concurrent Scan Root Regions
[410.998s][info][gc,cpu         ] GC(480) User=0.01s Sys=0.00s Real=0.00s
[411.002s][info][gc,marking     ] GC(481) Concurrent Scan Root Regions 4.060ms
[411.005s][info][gc,marking     ] GC(481) Concurrent Mark
[411.005s][info][gc,marking     ] GC(481) Concurrent Mark From Roots
[411.005s][info][gc,task        ] GC(481) Using 1 workers of 1 for marking
[411.044s][info][gc,marking     ] GC(481) Concurrent Mark From Roots 39.299ms
[411.044s][info][gc,marking     ] GC(481) Concurrent Preclean
[411.044s][info][gc,marking     ] GC(481) Concurrent Preclean 0.099ms
[411.045s][info][gc,start       ] GC(481) Pause Remark
[411.048s][info][gc             ] GC(481) Pause Remark 1786M->1328M(2868M) 3.336ms
[411.048s][info][gc,cpu         ] GC(481) User=0.01s Sys=0.00s Real=0.00s
[411.048s][info][gc,marking     ] GC(481) Concurrent Mark 42.881ms
[411.048s][info][gc,marking     ] GC(481) Concurrent Rebuild Remembered Sets and Scrub Regions
[411.068s][info][gc,marking     ] GC(481) Concurrent Rebuild Remembered Sets and Scrub Regions 19.925ms
[411.068s][info][gc,start       ] GC(481) Pause Cleanup
[411.068s][info][gc             ] GC(481) Pause Cleanup 1404M->1404M(2868M) 0.071ms
[411.068s][info][gc,cpu         ] GC(481) User=0.00s Sys=0.00s Real=0.00s
[411.068s][info][gc,marking     ] GC(481) Concurrent Clear Claimed Marks
[411.068s][info][gc,marking     ] GC(481) Concurrent Clear Claimed Marks 0.121ms
[411.068s][info][gc,marking     ] GC(481) Concurrent Cleanup for Next Mark
[411.069s][info][gc,marking     ] GC(481) Concurrent Cleanup for Next Mark 1.294ms
[411.069s][info][gc             ] GC(481) Concurrent Mark Cycle 71.957ms
[412.091s][info][gc,start       ] GC(482) Pause Young (Prepare Mixed) (G1 Evacuation Pause)
[412.091s][info][gc,task        ] GC(482) Using 4 workers of 4 for evacuation
[412.096s][info][gc,phases      ] GC(482)   Pre Evacuate Collection Set: 0.21ms
[412.096s][info][gc,phases      ] GC(482)   Merge Heap Roots: 0.10ms
[412.096s][info][gc,phases      ] GC(482)   Evacuate Collection Set: 2.18ms
[412.096s][info][gc,phases      ] GC(482)   Post Evacuate Collection Set: 3.32ms
[412.096s][info][gc,phases      ] GC(482)   Other: 0.06ms
[412.096s][info][gc,heap        ] GC(482) Eden regions: 302->0(327)
[412.096s][info][gc,heap        ] GC(482) Survivor regions: 15->0(0)
[412.096s][info][gc,heap        ] GC(482) Old regions: 170->391
[412.096s][info][gc,heap        ] GC(482) Humongous regions: 947->577
[412.096s][info][gc,metaspace   ] GC(482) Metaspace: 100511K(101632K)->100511K(101632K) NonClass: 78599K(79168K)->78599K(79168K) Class: 21912K(22464K)->21912K(22464K)
[412.097s][info][gc             ] GC(482) Pause Young (Prepare Mixed) (G1 Evacuation Pause) (Evacuation Failure: Allocation) 2865M->1935M(2868M) 5.963ms
[412.097s][info][gc,cpu         ] GC(482) User=0.02s Sys=0.00s Real=0.01s
[412.716s][info][gc,start       ] GC(483) Pause Young (Mixed) (G1 Humongous Allocation)
[412.716s][info][gc,task        ] GC(483) Using 4 workers of 4 for evacuation
[412.720s][info][gc,phases      ] GC(483)   Pre Evacuate Collection Set: 0.20ms
[412.720s][info][gc,phases      ] GC(483)   Merge Heap Roots: 0.08ms
[412.720s][info][gc,phases      ] GC(483)   Evacuate Collection Set: 2.67ms
[412.720s][info][gc,phases      ] GC(483)   Post Evacuate Collection Set: 0.67ms
[412.720s][info][gc,phases      ] GC(483)   Other: 0.06ms
[412.720s][info][gc,heap        ] GC(483) Eden regions: 94->0(404)
[412.720s][info][gc,heap        ] GC(483) Survivor regions: 0->8(26)
[412.720s][info][gc,heap        ] GC(483) Old regions: 391->181
[412.720s][info][gc,heap        ] GC(483) Humongous regions: 923->670
[412.720s][info][gc,metaspace   ] GC(483) Metaspace: 100511K(101632K)->100511K(101632K) NonClass: 78599K(79168K)->78599K(79168K) Class: 21912K(22464K)->21912K(22464K)
[412.720s][info][gc             ] GC(483) Pause Young (Mixed) (G1 Humongous Allocation) 2814M->1716M(2868M) 3.778ms
[412.720s][info][gc,cpu         ] GC(483) User=0.01s Sys=0.00s Real=0.00s
[412.721s][info][gc,start       ] GC(484) Pause Young (Concurrent Start) (G1 Humongous Allocation)
[412.721s][info][gc,task        ] GC(484) Using 4 workers of 4 for evacuation
[412.722s][info][gc,phases      ] GC(484)   Pre Evacuate Collection Set: 0.23ms
[412.722s][info][gc,phases      ] GC(484)   Merge Heap Roots: 0.05ms
[412.722s][info][gc,phases      ] GC(484)   Evacuate Collection Set: 0.70ms
[412.722s][info][gc,phases      ] GC(484)   Post Evacuate Collection Set: 0.32ms
[412.722s][info][gc,phases      ] GC(484)   Other: 0.04ms
[412.722s][info][gc,heap        ] GC(484) Eden regions: 2->0(427)
[412.722s][info][gc,heap        ] GC(484) Survivor regions: 8->4(52)
[412.722s][info][gc,heap        ] GC(484) Old regions: 181->181
[412.722s][info][gc,heap        ] GC(484) Humongous regions: 675->672
[412.722s][info][gc,metaspace   ] GC(484) Metaspace: 100511K(101632K)->100511K(101632K) NonClass: 78599K(79168K)->78599K(79168K) Class: 21912K(22464K)->21912K(22464K)
[412.722s][info][gc             ] GC(484) Pause Young (Concurrent Start) (G1 Humongous Allocation) 1730M->1711M(2868M) 1.407ms
[412.722s][info][gc,cpu         ] GC(484) User=0.01s Sys=0.00s Real=0.01s
[412.722s][info][gc             ] GC(485) Concurrent Mark Cycle
[412.722s][info][gc,marking     ] GC(485) Concurrent Scan Root Regions
[412.724s][info][gc,marking     ] GC(485) Concurrent Scan Root Regions 1.727ms
[412.724s][info][gc,marking     ] GC(485) Concurrent Mark
[412.724s][info][gc,marking     ] GC(485) Concurrent Mark From Roots
[412.724s][info][gc,task        ] GC(485) Using 1 workers of 1 for marking
[412.764s][info][gc,marking     ] GC(485) Concurrent Mark From Roots 39.933ms
[412.764s][info][gc,marking     ] GC(485) Concurrent Preclean
[412.764s][info][gc,marking     ] GC(485) Concurrent Preclean 0.107ms
[412.764s][info][gc,start       ] GC(485) Pause Remark
[412.769s][info][gc             ] GC(485) Pause Remark 1743M->982M(2868M) 4.622ms
[412.769s][info][gc,cpu         ] GC(485) User=0.02s Sys=0.00s Real=0.00s
[412.769s][info][gc,marking     ] GC(485) Concurrent Mark 44.868ms
[412.769s][info][gc,marking     ] GC(485) Concurrent Rebuild Remembered Sets and Scrub Regions
[412.787s][info][gc,marking     ] GC(485) Concurrent Rebuild Remembered Sets and Scrub Regions 17.737ms
[412.787s][info][gc,start       ] GC(485) Pause Cleanup
[412.787s][info][gc             ] GC(485) Pause Cleanup 992M->992M(2868M) 0.073ms
[412.787s][info][gc,cpu         ] GC(485) User=0.00s Sys=0.00s Real=0.00s
[412.787s][info][gc,marking     ] GC(485) Concurrent Clear Claimed Marks
[412.787s][info][gc,marking     ] GC(485) Concurrent Clear Claimed Marks 0.144ms
[412.787s][info][gc,marking     ] GC(485) Concurrent Cleanup for Next Mark
[412.789s][info][gc,marking     ] GC(485) Concurrent Cleanup for Next Mark 1.681ms
[412.789s][info][gc             ] GC(485) Concurrent Mark Cycle 66.406ms
[413.662s][info][gc,start       ] GC(486) Pause Young (Prepare Mixed) (G1 Humongous Allocation)
[413.662s][info][gc,task        ] GC(486) Using 4 workers of 4 for evacuation
[413.665s][info][gc,phases      ] GC(486)   Pre Evacuate Collection Set: 0.18ms
[413.665s][info][gc,phases      ] GC(486)   Merge Heap Roots: 0.09ms
[413.665s][info][gc,phases      ] GC(486)   Evacuate Collection Set: 1.23ms
[413.665s][info][gc,phases      ] GC(486)   Post Evacuate Collection Set: 1.64ms
[413.665s][info][gc,phases      ] GC(486)   Other: 0.08ms
[413.665s][info][gc,heap        ] GC(486) Eden regions: 337->0(573)
[413.665s][info][gc,heap        ] GC(486) Survivor regions: 4->2(2)
[413.665s][info][gc,heap        ] GC(486) Old regions: 70->199
[413.665s][info][gc,heap        ] GC(486) Humongous regions: 1021->498
[413.665s][info][gc,metaspace   ] GC(486) Metaspace: 100511K(101632K)->100511K(101632K) NonClass: 78599K(79168K)->78599K(79168K) Class: 21912K(22464K)->21912K(22464K)
[413.665s][info][gc             ] GC(486) Pause Young (Prepare Mixed) (G1 Humongous Allocation) (Evacuation Failure: Allocation) 2862M->1397M(2868M) 3.310ms
[413.665s][info][gc,cpu         ] GC(486) User=0.01s Sys=0.00s Real=0.00s
[414.690s][info][gc,start       ] GC(487) Pause Young (Mixed) (G1 Humongous Allocation)
[414.690s][info][gc,task        ] GC(487) Using 4 workers of 4 for evacuation
[414.696s][info][gc,phases      ] GC(487)   Pre Evacuate Collection Set: 0.28ms
[414.696s][info][gc,phases      ] GC(487)   Merge Heap Roots: 0.07ms
[414.696s][info][gc,phases      ] GC(487)   Evacuate Collection Set: 2.10ms
[414.696s][info][gc,phases      ] GC(487)   Post Evacuate Collection Set: 3.34ms
[414.696s][info][gc,phases      ] GC(487)   Other: 0.08ms
[414.696s][info][gc,heap        ] GC(487) Eden regions: 303->0(532)
[414.696s][info][gc,heap        ] GC(487) Survivor regions: 2->2(2)
[414.696s][info][gc,heap        ] GC(487) Old regions: 199->267
[414.696s][info][gc,heap        ] GC(487) Humongous regions: 928->500
[414.696s][info][gc,metaspace   ] GC(487) Metaspace: 100513K(101632K)->100513K(101632K) NonClass: 78601K(79168K)->78601K(79168K) Class: 21912K(22464K)->21912K(22464K)
[414.696s][info][gc             ] GC(487) Pause Young (Mixed) (G1 Humongous Allocation) (Evacuation Failure: Allocation) 2863M->1537M(2868M) 5.985ms
[414.696s][info][gc,cpu         ] GC(487) User=0.02s Sys=0.00s Real=0.01s
[414.698s][info][gc,start       ] GC(488) Pause Young (Concurrent Start) (G1 Humongous Allocation)
[414.698s][info][gc,task        ] GC(488) Using 4 workers of 4 for evacuation
[414.704s][info][gc,phases      ] GC(488)   Pre Evacuate Collection Set: 0.32ms
[414.704s][info][gc,phases      ] GC(488)   Merge Heap Roots: 0.08ms
[414.704s][info][gc,phases      ] GC(488)   Evacuate Collection Set: 5.03ms
[414.704s][info][gc,phases      ] GC(488)   Post Evacuate Collection Set: 0.66ms
[414.704s][info][gc,phases      ] GC(488)   Other: 0.05ms
[414.704s][info][gc,heap        ] GC(488) Eden regions: 4->0(493)
[414.704s][info][gc,heap        ] GC(488) Survivor regions: 2->4(67)
[414.704s][info][gc,heap        ] GC(488) Old regions: 267->114
[414.704s][info][gc,heap        ] GC(488) Humongous regions: 505->497
[414.704s][info][gc,metaspace   ] GC(488) Metaspace: 100513K(101632K)->100513K(101632K) NonClass: 78601K(79168K)->78601K(79168K) Class: 21912K(22464K)->21912K(22464K)
[414.704s][info][gc             ] GC(488) Pause Young (Concurrent Start) (G1 Humongous Allocation) 1555M->1229M(2868M) 6.225ms
[414.704s][info][gc,cpu         ] GC(488) User=0.02s Sys=0.00s Real=0.01s
[414.704s][info][gc             ] GC(489) Concurrent Mark Cycle
[414.704s][info][gc,marking     ] GC(489) Concurrent Scan Root Regions
[414.710s][info][gc,marking     ] GC(489) Concurrent Scan Root Regions 5.809ms
[414.710s][info][gc,marking     ] GC(489) Concurrent Mark
[414.710s][info][gc,marking     ] GC(489) Concurrent Mark From Roots
[414.710s][info][gc,task        ] GC(489) Using 1 workers of 1 for marking
[414.749s][info][gc,marking     ] GC(489) Concurrent Mark From Roots 39.066ms
[414.749s][info][gc,marking     ] GC(489) Concurrent Preclean
[414.749s][info][gc,marking     ] GC(489) Concurrent Preclean 0.101ms
[414.749s][info][gc,start       ] GC(489) Pause Remark
[414.753s][info][gc             ] GC(489) Pause Remark 1483M->1293M(2868M) 3.919ms
[414.753s][info][gc,cpu         ] GC(489) User=0.01s Sys=0.00s Real=0.01s
[414.753s][info][gc,marking     ] GC(489) Concurrent Mark 43.241ms
[414.753s][info][gc,marking     ] GC(489) Concurrent Rebuild Remembered Sets and Scrub Regions
[414.772s][info][gc,marking     ] GC(489) Concurrent Rebuild Remembered Sets and Scrub Regions 18.602ms
[414.772s][info][gc,start       ] GC(489) Pause Cleanup
[414.772s][info][gc             ] GC(489) Pause Cleanup 1408M->1408M(2868M) 0.091ms
[414.772s][info][gc,cpu         ] GC(489) User=0.00s Sys=0.00s Real=0.00s
[414.772s][info][gc,marking     ] GC(489) Concurrent Clear Claimed Marks
[414.772s][info][gc,marking     ] GC(489) Concurrent Clear Claimed Marks 0.141ms
[414.772s][info][gc,marking     ] GC(489) Concurrent Cleanup for Next Mark
[414.774s][info][gc,marking     ] GC(489) Concurrent Cleanup for Next Mark 1.692ms
[414.774s][info][gc             ] GC(489) Concurrent Mark Cycle 69.824ms
[415.862s][info][gc,start       ] GC(490) Pause Young (Prepare Mixed) (G1 Humongous Allocation)
[415.862s][info][gc,task        ] GC(490) Using 4 workers of 4 for evacuation
[415.870s][info][gc,phases      ] GC(490)   Pre Evacuate Collection Set: 0.31ms
[415.870s][info][gc,phases      ] GC(490)   Merge Heap Roots: 0.14ms
[415.870s][info][gc,phases      ] GC(490)   Evacuate Collection Set: 3.10ms
[415.870s][info][gc,phases      ] GC(490)   Post Evacuate Collection Set: 4.08ms
[415.870s][info][gc,phases      ] GC(490)   Other: 0.07ms
[415.870s][info][gc,heap        ] GC(490) Eden regions: 286->0(320)
[415.870s][info][gc,heap        ] GC(490) Survivor regions: 4->4(4)
[415.870s][info][gc,heap        ] GC(490) Old regions: 114->361
[415.870s][info][gc,heap        ] GC(490) Humongous regions: 1026->585
[415.870s][info][gc,metaspace   ] GC(490) Metaspace: 100521K(101632K)->100521K(101632K) NonClass: 78609K(79168K)->78609K(79168K) Class: 21912K(22464K)->21912K(22464K)
[415.870s][info][gc             ] GC(490) Pause Young (Prepare Mixed) (G1 Humongous Allocation) (Evacuation Failure: Allocation) 2857M->1899M(2868M) 7.834ms
[415.870s][info][gc,cpu         ] GC(490) User=0.03s Sys=0.01s Real=0.00s
[416.408s][info][gc,start       ] GC(491) Pause Young (Mixed) (G1 Humongous Allocation)
[416.408s][info][gc,task        ] GC(491) Using 4 workers of 4 for evacuation
[416.413s][info][gc,phases      ] GC(491)   Pre Evacuate Collection Set: 0.29ms
[416.413s][info][gc,phases      ] GC(491)   Merge Heap Roots: 0.09ms
[416.413s][info][gc,phases      ] GC(491)   Evacuate Collection Set: 2.51ms
[416.413s][info][gc,phases      ] GC(491)   Post Evacuate Collection Set: 2.21ms
[416.413s][info][gc,phases      ] GC(491)   Other: 0.07ms
[416.413s][info][gc,heap        ] GC(491) Eden regions: 124->0(351)
[416.413s][info][gc,heap        ] GC(491) Survivor regions: 4->2(3)
[416.413s][info][gc,heap        ] GC(491) Old regions: 361->232
[416.413s][info][gc,heap        ] GC(491) Humongous regions: 942->680
[416.413s][info][gc,metaspace   ] GC(491) Metaspace: 100521K(101632K)->100521K(101632K) NonClass: 78609K(79168K)->78609K(79168K) Class: 21912K(22464K)->21912K(22464K)
[416.413s][info][gc             ] GC(491) Pause Young (Mixed) (G1 Humongous Allocation) (Evacuation Failure: Allocation) 2861M->1827M(2868M) 5.284ms
[416.413s][info][gc,cpu         ] GC(491) User=0.02s Sys=0.00s Real=0.01s
[416.414s][info][gc,start       ] GC(492) Pause Young (Concurrent Start) (G1 Humongous Allocation)
[416.414s][info][gc,task        ] GC(492) Using 4 workers of 4 for evacuation
[416.417s][info][gc,phases      ] GC(492)   Pre Evacuate Collection Set: 0.20ms
[416.417s][info][gc,phases      ] GC(492)   Merge Heap Roots: 0.05ms
[416.417s][info][gc,phases      ] GC(492)   Evacuate Collection Set: 1.94ms
[416.417s][info][gc,phases      ] GC(492)   Post Evacuate Collection Set: 0.40ms
[416.417s][info][gc,phases      ] GC(492)   Other: 0.04ms
[416.417s][info][gc,heap        ] GC(492) Eden regions: 2->0(434)
[416.417s][info][gc,heap        ] GC(492) Survivor regions: 2->2(45)
[416.417s][info][gc,heap        ] GC(492) Old regions: 232->131
[416.417s][info][gc,heap        ] GC(492) Humongous regions: 685->677
[416.417s][info][gc,metaspace   ] GC(492) Metaspace: 100521K(101632K)->100521K(101632K) NonClass: 78609K(79168K)->78609K(79168K) Class: 21912K(22464K)->21912K(22464K)
[416.417s][info][gc             ] GC(492) Pause Young (Concurrent Start) (G1 Humongous Allocation) 1841M->1619M(2868M) 2.729ms
[416.417s][info][gc             ] GC(493) Concurrent Mark Cycle
[416.417s][info][gc,marking     ] GC(493) Concurrent Scan Root Regions
[416.417s][info][gc,cpu         ] GC(492) User=0.01s Sys=0.00s Real=0.00s
[416.420s][info][gc,marking     ] GC(493) Concurrent Scan Root Regions 2.766ms
[416.420s][info][gc,marking     ] GC(493) Concurrent Mark
[416.420s][info][gc,marking     ] GC(493) Concurrent Mark From Roots
[416.420s][info][gc,task        ] GC(493) Using 1 workers of 1 for marking
[416.461s][info][gc,marking     ] GC(493) Concurrent Mark From Roots 40.692ms
[416.461s][info][gc,marking     ] GC(493) Concurrent Preclean
[416.461s][info][gc,marking     ] GC(493) Concurrent Preclean 0.099ms
[416.461s][info][gc,start       ] GC(493) Pause Remark
[416.464s][info][gc             ] GC(493) Pause Remark 1637M->1247M(2868M) 3.265ms
[416.464s][info][gc,cpu         ] GC(493) User=0.01s Sys=0.00s Real=0.01s
[416.464s][info][gc,marking     ] GC(493) Concurrent Mark 44.181ms
[416.464s][info][gc,marking     ] GC(493) Concurrent Rebuild Remembered Sets and Scrub Regions
[416.483s][info][gc,marking     ] GC(493) Concurrent Rebuild Remembered Sets and Scrub Regions 18.401ms
[416.483s][info][gc,start       ] GC(493) Pause Cleanup
[416.483s][info][gc             ] GC(493) Pause Cleanup 1250M->1250M(2868M) 0.060ms
[416.483s][info][gc,cpu         ] GC(493) User=0.00s Sys=0.00s Real=0.00s
[416.483s][info][gc,marking     ] GC(493) Concurrent Clear Claimed Marks
[416.483s][info][gc,marking     ] GC(493) Concurrent Clear Claimed Marks 0.115ms
[416.483s][info][gc,marking     ] GC(493) Concurrent Cleanup for Next Mark
[416.486s][info][gc,marking     ] GC(493) Concurrent Cleanup for Next Mark 3.044ms
[416.486s][info][gc             ] GC(493) Concurrent Mark Cycle 68.706ms
[417.311s][info][gc,start       ] GC(494) Pause Young (Prepare Mixed) (G1 Evacuation Pause)
[417.311s][info][gc,task        ] GC(494) Using 4 workers of 4 for evacuation
[417.316s][info][gc,phases      ] GC(494)   Pre Evacuate Collection Set: 0.18ms
[417.316s][info][gc,phases      ] GC(494)   Merge Heap Roots: 0.10ms
[417.316s][info][gc,phases      ] GC(494)   Evacuate Collection Set: 1.72ms
[417.316s][info][gc,phases      ] GC(494)   Post Evacuate Collection Set: 3.16ms
[417.316s][info][gc,phases      ] GC(494)   Other: 0.05ms
[417.316s][info][gc,heap        ] GC(494) Eden regions: 311->0(393)
[417.316s][info][gc,heap        ] GC(494) Survivor regions: 2->0(0)
[417.316s][info][gc,heap        ] GC(494) Old regions: 131->335
[417.316s][info][gc,heap        ] GC(494) Humongous regions: 990->573
[417.316s][info][gc,metaspace   ] GC(494) Metaspace: 100521K(101632K)->100521K(101632K) NonClass: 78609K(79168K)->78609K(79168K) Class: 21912K(22464K)->21912K(22464K)
[417.316s][info][gc             ] GC(494) Pause Young (Prepare Mixed) (G1 Evacuation Pause) (Evacuation Failure: Allocation) 2867M->1815M(2868M) 5.312ms
[417.316s][info][gc,cpu         ] GC(494) User=0.02s Sys=0.00s Real=0.01s
[418.431s][info][gc,start       ] GC(495) Pause Young (Mixed) (G1 Humongous Allocation)
[418.431s][info][gc,task        ] GC(495) Using 4 workers of 4 for evacuation
[418.441s][info][gc,phases      ] GC(495)   Pre Evacuate Collection Set: 0.32ms
[418.441s][info][gc,phases      ] GC(495)   Merge Heap Roots: 0.10ms
[418.441s][info][gc,phases      ] GC(495)   Evacuate Collection Set: 3.06ms
[418.441s][info][gc,phases      ] GC(495)   Post Evacuate Collection Set: 6.22ms
[418.441s][info][gc,phases      ] GC(495)   Other: 0.08ms
[418.441s][info][gc,heap        ] GC(495) Eden regions: 252->0(271)
[418.441s][info][gc,heap        ] GC(495) Survivor regions: 0->1(1)
[418.441s][info][gc,heap        ] GC(495) Old regions: 335->496
[418.441s][info][gc,heap        ] GC(495) Humongous regions: 846->593
[418.441s][info][gc,metaspace   ] GC(495) Metaspace: 100525K(101632K)->100525K(101632K) NonClass: 78613K(79168K)->78613K(79168K) Class: 21912K(22464K)->21912K(22464K)
[418.441s][info][gc             ] GC(495) Pause Young (Mixed) (G1 Humongous Allocation) (Evacuation Failure: Allocation) 2864M->2179M(2868M) 9.945ms
[418.441s][info][gc,cpu         ] GC(495) User=0.03s Sys=0.00s Real=0.01s
[418.442s][info][gc,start       ] GC(496) Pause Young (Concurrent Start) (G1 Humongous Allocation)
[418.442s][info][gc,task        ] GC(496) Using 4 workers of 4 for evacuation
[418.452s][info][gc,phases      ] GC(496)   Pre Evacuate Collection Set: 0.47ms
[418.452s][info][gc,phases      ] GC(496)   Merge Heap Roots: 0.14ms
[418.452s][info][gc,phases      ] GC(496)   Evacuate Collection Set: 8.93ms
[418.452s][info][gc,phases      ] GC(496)   Post Evacuate Collection Set: 0.83ms
[418.452s][info][gc,phases      ] GC(496)   Other: 0.10ms
[418.452s][info][gc,heap        ] GC(496) Eden regions: 3->0(396)
[418.452s][info][gc,heap        ] GC(496) Survivor regions: 1->2(34)
[418.452s][info][gc,heap        ] GC(496) Old regions: 496->274
[418.452s][info][gc,heap        ] GC(496) Humongous regions: 595->594
[418.452s][info][gc,metaspace   ] GC(496) Metaspace: 100525K(101632K)->100525K(101632K) NonClass: 78613K(79168K)->78613K(79168K) Class: 21912K(22464K)->21912K(22464K)
[418.452s][info][gc             ] GC(496) Pause Young (Concurrent Start) (G1 Humongous Allocation) 2187M->1737M(2868M) 10.604ms
[418.452s][info][gc             ] GC(497) Concurrent Mark Cycle
[418.452s][info][gc,marking     ] GC(497) Concurrent Scan Root Regions
[418.452s][info][gc,cpu         ] GC(496) User=0.04s Sys=0.00s Real=0.01s
[418.466s][info][gc,marking     ] GC(497) Concurrent Scan Root Regions 13.499ms
[418.466s][info][gc,marking     ] GC(497) Concurrent Mark
[418.466s][info][gc,marking     ] GC(497) Concurrent Mark From Roots
[418.466s][info][gc,task        ] GC(497) Using 1 workers of 1 for marking
[418.518s][info][gc,marking     ] GC(497) Concurrent Mark From Roots 52.218ms
[418.518s][info][gc,marking     ] GC(497) Concurrent Preclean
[418.518s][info][gc,marking     ] GC(497) Concurrent Preclean 0.118ms
[418.518s][info][gc,start       ] GC(497) Pause Remark
[418.522s][info][gc             ] GC(497) Pause Remark 2267M->1793M(2868M) 3.720ms
[418.522s][info][gc,cpu         ] GC(497) User=0.01s Sys=0.00s Real=0.01s
[418.522s][info][gc,marking     ] GC(497) Concurrent Mark 56.230ms
[418.522s][info][gc,marking     ] GC(497) Concurrent Rebuild Remembered Sets and Scrub Regions
[418.544s][info][gc,marking     ] GC(497) Concurrent Rebuild Remembered Sets and Scrub Regions 22.101ms
[418.544s][info][gc,start       ] GC(497) Pause Cleanup
[418.544s][info][gc             ] GC(497) Pause Cleanup 1819M->1819M(2868M) 0.109ms
[418.544s][info][gc,cpu         ] GC(497) User=0.00s Sys=0.00s Real=0.00s
[418.544s][info][gc,marking     ] GC(497) Concurrent Clear Claimed Marks
[418.545s][info][gc,marking     ] GC(497) Concurrent Clear Claimed Marks 0.129ms
[418.545s][info][gc,marking     ] GC(497) Concurrent Cleanup for Next Mark
[418.548s][info][gc,marking     ] GC(497) Concurrent Cleanup for Next Mark 3.849ms
[418.548s][info][gc             ] GC(497) Concurrent Mark Cycle 96.138ms
[419.512s][info][gc,start       ] GC(498) Pause Young (Prepare Mixed) (G1 Evacuation Pause)
[419.512s][info][gc,task        ] GC(498) Using 4 workers of 4 for evacuation
[419.517s][info][gc,phases      ] GC(498)   Pre Evacuate Collection Set: 0.21ms
[419.517s][info][gc,phases      ] GC(498)   Merge Heap Roots: 0.09ms
[419.517s][info][gc,phases      ] GC(498)   Evacuate Collection Set: 2.03ms
[419.517s][info][gc,phases      ] GC(498)   Post Evacuate Collection Set: 3.06ms
[419.517s][info][gc,phases      ] GC(498)   Other: 0.06ms
[419.517s][info][gc,heap        ] GC(498) Eden regions: 192->0(340)
[419.517s][info][gc,heap        ] GC(498) Survivor regions: 2->0(0)
[419.517s][info][gc,heap        ] GC(498) Old regions: 222->408
[419.517s][info][gc,heap        ] GC(498) Humongous regions: 1018->572
[419.517s][info][gc,metaspace   ] GC(498) Metaspace: 100527K(101632K)->100527K(101632K) NonClass: 78614K(79168K)->78614K(79168K) Class: 21912K(22464K)->21912K(22464K)
[419.517s][info][gc             ] GC(498) Pause Young (Prepare Mixed) (G1 Evacuation Pause) (Evacuation Failure: Allocation) 2865M->1958M(2868M) 5.556ms
[419.517s][info][gc,cpu         ] GC(498) User=0.02s Sys=0.00s Real=0.00s
[419.877s][info][gc,start       ] GC(499) Pause Young (Mixed) (G1 Humongous Allocation)
[419.877s][info][gc,task        ] GC(499) Using 4 workers of 4 for evacuation
[419.886s][info][gc,phases      ] GC(499)   Pre Evacuate Collection Set: 0.23ms
[419.886s][info][gc,phases      ] GC(499)   Merge Heap Roots: 0.09ms
[419.886s][info][gc,phases      ] GC(499)   Evacuate Collection Set: 3.59ms
[419.886s][info][gc,phases      ] GC(499)   Post Evacuate Collection Set: 5.56ms
[419.886s][info][gc,phases      ] GC(499)   Other: 0.06ms
[419.886s][info][gc,heap        ] GC(499) Eden regions: 185->0(127)
[419.886s][info][gc,heap        ] GC(499) Survivor regions: 0->13(18)
[419.886s][info][gc,heap        ] GC(499) Old regions: 408->562
[419.886s][info][gc,heap        ] GC(499) Humongous regions: 823->659
[419.886s][info][gc,metaspace   ] GC(499) Metaspace: 100527K(101632K)->100527K(101632K) NonClass: 78615K(79168K)->78615K(79168K) Class: 21912K(22464K)->21912K(22464K)
[419.886s][info][gc             ] GC(499) Pause Young (Mixed) (G1 Humongous Allocation) (Evacuation Failure: Allocation) 2829M->2466M(2868M) 9.634ms
[419.886s][info][gc,cpu         ] GC(499) User=0.03s Sys=0.00s Real=0.01s
[419.888s][info][gc,start       ] GC(500) Pause Young (Concurrent Start) (G1 Humongous Allocation)
[419.888s][info][gc,task        ] GC(500) Using 4 workers of 4 for evacuation
[419.897s][info][gc,phases      ] GC(500)   Pre Evacuate Collection Set: 0.46ms
[419.897s][info][gc,phases      ] GC(500)   Merge Heap Roots: 0.10ms
[419.897s][info][gc,phases      ] GC(500)   Evacuate Collection Set: 7.93ms
[419.897s][info][gc,phases      ] GC(500)   Post Evacuate Collection Set: 0.71ms
[419.897s][info][gc,phases      ] GC(500)   Other: 0.06ms
[419.897s][info][gc,heap        ] GC(500) Eden regions: 3->0(416)
[419.897s][info][gc,heap        ] GC(500) Survivor regions: 13->1(18)
[419.897s][info][gc,heap        ] GC(500) Old regions: 562->242
[419.897s][info][gc,heap        ] GC(500) Humongous regions: 665->665
[419.897s][info][gc,metaspace   ] GC(500) Metaspace: 100527K(101632K)->100527K(101632K) NonClass: 78615K(79168K)->78615K(79168K) Class: 21912K(22464K)->21912K(22464K)
[419.897s][info][gc             ] GC(500) Pause Young (Concurrent Start) (G1 Humongous Allocation) 2482M->1814M(2868M) 9.347ms
[419.897s][info][gc             ] GC(501) Concurrent Mark Cycle
[419.897s][info][gc,marking     ] GC(501) Concurrent Scan Root Regions
[419.897s][info][gc,cpu         ] GC(500) User=0.04s Sys=0.00s Real=0.01s
[419.906s][info][gc,marking     ] GC(501) Concurrent Scan Root Regions 9.341ms
[419.906s][info][gc,marking     ] GC(501) Concurrent Mark
[419.906s][info][gc,marking     ] GC(501) Concurrent Mark From Roots
[419.906s][info][gc,task        ] GC(501) Using 1 workers of 1 for marking
[419.957s][info][gc,marking     ] GC(501) Concurrent Mark From Roots 50.265ms
[419.957s][info][gc,marking     ] GC(501) Concurrent Preclean
[419.957s][info][gc,marking     ] GC(501) Concurrent Preclean 0.114ms
[419.957s][info][gc,start       ] GC(501) Pause Remark
[419.960s][info][gc             ] GC(501) Pause Remark 2046M->1628M(2868M) 3.296ms
[419.960s][info][gc,cpu         ] GC(501) User=0.01s Sys=0.00s Real=0.00s
[419.960s][info][gc,marking     ] GC(501) Concurrent Mark 53.811ms
[419.960s][info][gc,marking     ] GC(501) Concurrent Rebuild Remembered Sets and Scrub Regions
[419.988s][info][gc,marking     ] GC(501) Concurrent Rebuild Remembered Sets and Scrub Regions 27.620ms
[419.988s][info][gc,start       ] GC(501) Pause Cleanup
[419.988s][info][gc             ] GC(501) Pause Cleanup 1674M->1674M(2868M) 0.081ms
[419.988s][info][gc,cpu         ] GC(501) User=0.00s Sys=0.00s Real=0.00s
[419.988s][info][gc,marking     ] GC(501) Concurrent Clear Claimed Marks
[419.988s][info][gc,marking     ] GC(501) Concurrent Clear Claimed Marks 0.123ms
[419.988s][info][gc,marking     ] GC(501) Concurrent Cleanup for Next Mark
[419.990s][info][gc,marking     ] GC(501) Concurrent Cleanup for Next Mark 1.810ms
[419.990s][info][gc             ] GC(501) Concurrent Mark Cycle 93.230ms
[421.238s][info][gc,start       ] GC(502) Pause Young (Prepare Mixed) (G1 Humongous Allocation)
[421.238s][info][gc,task        ] GC(502) Using 4 workers of 4 for evacuation
[421.246s][info][gc,phases      ] GC(502)   Pre Evacuate Collection Set: 0.38ms
[421.247s][info][gc,phases      ] GC(502)   Merge Heap Roots: 0.14ms
[421.247s][info][gc,phases      ] GC(502)   Evacuate Collection Set: 3.30ms
[421.247s][info][gc,phases      ] GC(502)   Post Evacuate Collection Set: 4.15ms
[421.247s][info][gc,phases      ] GC(502)   Other: 0.13ms
[421.247s][info][gc,heap        ] GC(502) Eden regions: 249->0(311)
[421.247s][info][gc,heap        ] GC(502) Survivor regions: 1->0(0)
[421.247s][info][gc,heap        ] GC(502) Old regions: 233->468
[421.247s][info][gc,heap        ] GC(502) Humongous regions: 951->582
[421.247s][info][gc,metaspace   ] GC(502) Metaspace: 100534K(101632K)->100534K(101632K) NonClass: 78622K(79168K)->78622K(79168K) Class: 21912K(22464K)->21912K(22464K)
[421.247s][info][gc             ] GC(502) Pause Young (Prepare Mixed) (G1 Humongous Allocation) (Evacuation Failure: Allocation) 2866M->2099M(2868M) 8.251ms
[421.247s][info][gc,cpu         ] GC(502) User=0.03s Sys=0.00s Real=0.01s
[421.421s][info][gc,start       ] GC(503) Pause Young (Mixed) (G1 Humongous Allocation)
[421.421s][info][gc,task        ] GC(503) Using 4 workers of 4 for evacuation
[421.430s][info][gc,phases      ] GC(503)   Pre Evacuate Collection Set: 0.36ms
[421.430s][info][gc,phases      ] GC(503)   Merge Heap Roots: 0.17ms
[421.430s][info][gc,phases      ] GC(503)   Evacuate Collection Set: 3.41ms
[421.430s][info][gc,phases      ] GC(503)   Post Evacuate Collection Set: 5.13ms
[421.430s][info][gc,phases      ] GC(503)   Other: 0.06ms
[421.430s][info][gc,heap        ] GC(503) Eden regions: 123->0(85)
[421.430s][info][gc,heap        ] GC(503) Survivor regions: 0->0(1)
[421.430s][info][gc,heap        ] GC(503) Old regions: 468->588
[421.430s][info][gc,heap        ] GC(503) Humongous regions: 842->688
[421.430s][info][gc,metaspace   ] GC(503) Metaspace: 100534K(101632K)->100534K(101632K) NonClass: 78622K(79168K)->78622K(79168K) Class: 21912K(22464K)->21912K(22464K)
[421.430s][info][gc             ] GC(503) Pause Young (Mixed) (G1 Humongous Allocation) (Evacuation Failure: Allocation) 2864M->2551M(2868M) 9.248ms
[421.430s][info][gc,cpu         ] GC(503) User=0.03s Sys=0.00s Real=0.01s
[421.431s][info][gc,start       ] GC(504) Pause Young (Concurrent Start) (G1 Humongous Allocation)
[421.431s][info][gc,task        ] GC(504) Using 4 workers of 4 for evacuation
[421.439s][info][gc,phases      ] GC(504)   Pre Evacuate Collection Set: 0.24ms
[421.439s][info][gc,phases      ] GC(504)   Merge Heap Roots: 0.08ms
[421.439s][info][gc,phases      ] GC(504)   Evacuate Collection Set: 7.88ms
[421.439s][info][gc,phases      ] GC(504)   Post Evacuate Collection Set: 0.45ms
[421.439s][info][gc,phases      ] GC(504)   Other: 0.05ms
[421.439s][info][gc,heap        ] GC(504) Eden regions: 3->0(208)
[421.439s][info][gc,heap        ] GC(504) Survivor regions: 0->1(11)
[421.439s][info][gc,heap        ] GC(504) Old regions: 588->464
[421.439s][info][gc,heap        ] GC(504) Humongous regions: 691->688
[421.439s][info][gc,metaspace   ] GC(504) Metaspace: 100534K(101632K)->100534K(101632K) NonClass: 78622K(79168K)->78622K(79168K) Class: 21912K(22464K)->21912K(22464K)
[421.439s][info][gc             ] GC(504) Pause Young (Concurrent Start) (G1 Humongous Allocation) 2562M->2302M(2868M) 8.764ms
[421.439s][info][gc,cpu         ] GC(504) User=0.04s Sys=0.00s Real=0.01s
[421.439s][info][gc             ] GC(505) Concurrent Mark Cycle
[421.439s][info][gc,marking     ] GC(505) Concurrent Scan Root Regions
[421.454s][info][gc,marking     ] GC(505) Concurrent Scan Root Regions 14.230ms
[421.454s][info][gc,marking     ] GC(505) Concurrent Mark
[421.454s][info][gc,marking     ] GC(505) Concurrent Mark From Roots
[421.454s][info][gc,task        ] GC(505) Using 1 workers of 1 for marking
[421.496s][info][gc,marking     ] GC(505) Concurrent Mark From Roots 42.181ms
[421.496s][info][gc,marking     ] GC(505) Concurrent Preclean
[421.496s][info][gc,marking     ] GC(505) Concurrent Preclean 0.121ms
[421.496s][info][gc,start       ] GC(505) Pause Remark
[421.499s][info][gc             ] GC(505) Pause Remark 2468M->1808M(2868M) 3.159ms
[421.499s][info][gc,cpu         ] GC(505) User=0.01s Sys=0.00s Real=0.00s
[421.499s][info][gc,marking     ] GC(505) Concurrent Mark 45.615ms
[421.499s][info][gc,marking     ] GC(505) Concurrent Rebuild Remembered Sets and Scrub Regions
[421.530s][info][gc,marking     ] GC(505) Concurrent Rebuild Remembered Sets and Scrub Regions 30.873ms
[421.530s][info][gc,start       ] GC(505) Pause Cleanup
[421.530s][info][gc             ] GC(505) Pause Cleanup 1841M->1841M(2868M) 0.104ms
[421.530s][info][gc,cpu         ] GC(505) User=0.00s Sys=0.00s Real=0.00s
[421.530s][info][gc,marking     ] GC(505) Concurrent Clear Claimed Marks
[421.530s][info][gc,marking     ] GC(505) Concurrent Clear Claimed Marks 0.120ms
[421.530s][info][gc,marking     ] GC(505) Concurrent Cleanup for Next Mark
[421.532s][info][gc,marking     ] GC(505) Concurrent Cleanup for Next Mark 1.671ms
[421.532s][info][gc             ] GC(505) Concurrent Mark Cycle 92.797ms
[422.559s][info][gc,start       ] GC(506) Pause Young (Prepare Mixed) (G1 Evacuation Pause)
[422.559s][info][gc,task        ] GC(506) Using 4 workers of 4 for evacuation
[422.570s][info][gc,phases      ] GC(506)   Pre Evacuate Collection Set: 0.20ms
[422.570s][info][gc,phases      ] GC(506)   Merge Heap Roots: 0.10ms
[422.570s][info][gc,phases      ] GC(506)   Evacuate Collection Set: 4.06ms
[422.570s][info][gc,phases      ] GC(506)   Post Evacuate Collection Set: 6.13ms
[422.570s][info][gc,phases      ] GC(506)   Other: 0.11ms
[422.570s][info][gc,heap        ] GC(506) Eden regions: 205->0(304)
[422.570s][info][gc,heap        ] GC(506) Survivor regions: 1->0(0)
[422.570s][info][gc,heap        ] GC(506) Old regions: 369->560
[422.570s][info][gc,heap        ] GC(506) Humongous regions: 859->497
[422.570s][info][gc,metaspace   ] GC(506) Metaspace: 100534K(101632K)->100534K(101632K) NonClass: 78622K(79168K)->78622K(79168K) Class: 21912K(22464K)->21912K(22464K)
[422.570s][info][gc             ] GC(506) Pause Young (Prepare Mixed) (G1 Evacuation Pause) (Evacuation Failure: Allocation) 2864M->2111M(2868M) 10.735ms
[422.570s][info][gc,cpu         ] GC(506) User=0.04s Sys=0.00s Real=0.01s
[422.790s][info][gc,start       ] GC(507) Pause Young (Mixed) (G1 Humongous Allocation)
[422.790s][info][gc,task        ] GC(507) Using 4 workers of 4 for evacuation
[422.800s][info][gc,phases      ] GC(507)   Pre Evacuate Collection Set: 0.18ms
[422.800s][info][gc,phases      ] GC(507)   Merge Heap Roots: 0.10ms
[422.800s][info][gc,phases      ] GC(507)   Evacuate Collection Set: 4.93ms
[422.800s][info][gc,phases      ] GC(507)   Post Evacuate Collection Set: 5.54ms
[422.800s][info][gc,phases      ] GC(507)   Other: 0.06ms
[422.800s][info][gc,heap        ] GC(507) Eden regions: 149->0(71)
[422.800s][info][gc,heap        ] GC(507) Survivor regions: 0->5(16)
[422.800s][info][gc,heap        ] GC(507) Old regions: 560->717
[422.800s][info][gc,heap        ] GC(507) Humongous regions: 709->576
[422.800s][info][gc,metaspace   ] GC(507) Metaspace: 100534K(101632K)->100534K(101632K) NonClass: 78622K(79168K)->78622K(79168K) Class: 21912K(22464K)->21912K(22464K)
[422.800s][info][gc             ] GC(507) Pause Young (Mixed) (G1 Humongous Allocation) (Evacuation Failure: Allocation) 2833M->2593M(2868M) 10.933ms
[422.801s][info][gc,cpu         ] GC(507) User=0.04s Sys=0.00s Real=0.01s
[422.802s][info][gc,start       ] GC(508) Pause Young (Concurrent Start) (G1 Humongous Allocation)
[422.802s][info][gc,task        ] GC(508) Using 4 workers of 4 for evacuation
[422.811s][info][gc,phases      ] GC(508)   Pre Evacuate Collection Set: 0.21ms
[422.811s][info][gc,phases      ] GC(508)   Merge Heap Roots: 0.10ms
[422.811s][info][gc,phases      ] GC(508)   Evacuate Collection Set: 8.32ms
[422.811s][info][gc,phases      ] GC(508)   Post Evacuate Collection Set: 0.69ms
[422.811s][info][gc,phases      ] GC(508)   Other: 0.06ms
[422.811s][info][gc,heap        ] GC(508) Eden regions: 4->0(181)
[422.811s][info][gc,heap        ] GC(508) Survivor regions: 5->6(10)
[422.811s][info][gc,heap        ] GC(508) Old regions: 717->595
[422.811s][info][gc,heap        ] GC(508) Humongous regions: 582->579
[422.811s][info][gc,metaspace   ] GC(508) Metaspace: 100534K(101632K)->100534K(101632K) NonClass: 78622K(79168K)->78622K(79168K) Class: 21912K(22464K)->21912K(22464K)
[422.811s][info][gc             ] GC(508) Pause Young (Concurrent Start) (G1 Humongous Allocation) 2612M->2356M(2868M) 9.478ms
[422.811s][info][gc             ] GC(509) Concurrent Mark Cycle
[422.811s][info][gc,marking     ] GC(509) Concurrent Scan Root Regions
[422.811s][info][gc,cpu         ] GC(508) User=0.03s Sys=0.00s Real=0.00s
[422.832s][info][gc,marking     ] GC(509) Concurrent Scan Root Regions 20.717ms
[422.832s][info][gc,marking     ] GC(509) Concurrent Mark
[422.832s][info][gc,marking     ] GC(509) Concurrent Mark From Roots
[422.832s][info][gc,task        ] GC(509) Using 1 workers of 1 for marking
[422.878s][info][gc,marking     ] GC(509) Concurrent Mark From Roots 46.454ms
[422.878s][info][gc,marking     ] GC(509) Concurrent Preclean
[422.879s][info][gc,marking     ] GC(509) Concurrent Preclean 0.117ms
[422.880s][info][gc,start       ] GC(509) Pause Remark
[422.883s][info][gc             ] GC(509) Pause Remark 2636M->2368M(2868M) 3.324ms
[422.883s][info][gc,cpu         ] GC(509) User=0.01s Sys=0.00s Real=0.01s
[422.883s][info][gc,marking     ] GC(509) Concurrent Mark 51.076ms
[422.883s][info][gc,marking     ] GC(509) Concurrent Rebuild Remembered Sets and Scrub Regions
[422.921s][info][gc,marking     ] GC(509) Concurrent Rebuild Remembered Sets and Scrub Regions 38.461ms
[422.922s][info][gc,start       ] GC(509) Pause Cleanup
[422.922s][info][gc             ] GC(509) Pause Cleanup 2441M->2441M(2868M) 0.153ms
[422.922s][info][gc,cpu         ] GC(509) User=0.00s Sys=0.00s Real=0.01s
[422.922s][info][gc,marking     ] GC(509) Concurrent Clear Claimed Marks
[422.922s][info][gc,marking     ] GC(509) Concurrent Clear Claimed Marks 0.119ms
[422.922s][info][gc,marking     ] GC(509) Concurrent Cleanup for Next Mark
[422.923s][info][gc,marking     ] GC(509) Concurrent Cleanup for Next Mark 1.342ms
[422.923s][info][gc             ] GC(509) Concurrent Mark Cycle 112.028ms
[422.983s][info][gc,start       ] GC(510) Pause Young (Prepare Mixed) (G1 Humongous Allocation)
[422.983s][info][gc,task        ] GC(510) Using 4 workers of 4 for evacuation
[422.992s][info][gc,phases      ] GC(510)   Pre Evacuate Collection Set: 0.28ms
[422.992s][info][gc,phases      ] GC(510)   Merge Heap Roots: 0.21ms
[422.992s][info][gc,phases      ] GC(510)   Evacuate Collection Set: 4.60ms
[422.992s][info][gc,phases      ] GC(510)   Post Evacuate Collection Set: 4.12ms
[422.992s][info][gc,phases      ] GC(510)   Other: 0.06ms
[422.992s][info][gc,heap        ] GC(510) Eden regions: 74->0(173)
[422.992s][info][gc,heap        ] GC(510) Survivor regions: 6->8(24)
[422.992s][info][gc,heap        ] GC(510) Old regions: 591->676
[422.992s][info][gc,heap        ] GC(510) Humongous regions: 736->504
[422.992s][info][gc,metaspace   ] GC(510) Metaspace: 100534K(101632K)->100534K(101632K) NonClass: 78622K(79168K)->78622K(79168K) Class: 21912K(22464K)->21912K(22464K)
[422.992s][info][gc             ] GC(510) Pause Young (Prepare Mixed) (G1 Humongous Allocation) (Evacuation Failure: Allocation) 2809M->2373M(2868M) 9.368ms
[422.992s][info][gc,cpu         ] GC(510) User=0.03s Sys=0.00s Real=0.01s
[423.815s][info][gc,start       ] GC(511) Pause Young (Mixed) (G1 Humongous Allocation)
[423.815s][info][gc,task        ] GC(511) Using 4 workers of 4 for evacuation
[423.824s][info][gc,phases      ] GC(511)   Pre Evacuate Collection Set: 0.22ms
[423.824s][info][gc,phases      ] GC(511)   Merge Heap Roots: 0.11ms
[423.824s][info][gc,phases      ] GC(511)   Evacuate Collection Set: 4.00ms
[423.824s][info][gc,phases      ] GC(511)   Post Evacuate Collection Set: 4.12ms
[423.824s][info][gc,phases      ] GC(511)   Other: 0.05ms
[423.824s][info][gc,heap        ] GC(511) Eden regions: 76->0(71)
[423.824s][info][gc,heap        ] GC(511) Survivor regions: 8->8(14)
[423.824s][info][gc,heap        ] GC(511) Old regions: 676->760
[423.824s][info][gc,heap        ] GC(511) Humongous regions: 660->545
[423.824s][info][gc,metaspace   ] GC(511) Metaspace: 100534K(101632K)->100534K(101632K) NonClass: 78622K(79168K)->78622K(79168K) Class: 21912K(22464K)->21912K(22464K)
[423.824s][info][gc             ] GC(511) Pause Young (Mixed) (G1 Humongous Allocation) (Evacuation Failure: Allocation) 2836M->2623M(2868M) 8.605ms
[423.824s][info][gc,cpu         ] GC(511) User=0.03s Sys=0.00s Real=0.01s
[423.825s][info][gc,start       ] GC(512) Pause Young (Concurrent Start) (G1 Humongous Allocation)
[423.825s][info][gc,task        ] GC(512) Using 4 workers of 4 for evacuation
[423.834s][info][gc,phases      ] GC(512)   Pre Evacuate Collection Set: 0.24ms
[423.834s][info][gc,phases      ] GC(512)   Merge Heap Roots: 0.09ms
[423.834s][info][gc,phases      ] GC(512)   Evacuate Collection Set: 7.94ms
[423.834s][info][gc,phases      ] GC(512)   Post Evacuate Collection Set: 0.57ms
[423.834s][info][gc,phases      ] GC(512)   Other: 0.05ms
[423.834s][info][gc,heap        ] GC(512) Eden regions: 5->0(250)
[423.834s][info][gc,heap        ] GC(512) Survivor regions: 8->3(10)
[423.834s][info][gc,heap        ] GC(512) Old regions: 760->571
[423.834s][info][gc,heap        ] GC(512) Humongous regions: 550->517
[423.834s][info][gc,metaspace   ] GC(512) Metaspace: 100534K(101632K)->100534K(101632K) NonClass: 78622K(79168K)->78622K(79168K) Class: 21912K(22464K)->21912K(22464K)
[423.834s][info][gc             ] GC(512) Pause Young (Concurrent Start) (G1 Humongous Allocation) 2643M->2178M(2868M) 8.993ms
[423.834s][info][gc,cpu         ] GC(512) User=0.03s Sys=0.01s Real=0.01s
[423.834s][info][gc             ] GC(513) Concurrent Mark Cycle
[423.834s][info][gc,marking     ] GC(513) Concurrent Scan Root Regions
[423.846s][info][gc,marking     ] GC(513) Concurrent Scan Root Regions 11.664ms
[423.846s][info][gc,marking     ] GC(513) Concurrent Mark
[423.846s][info][gc,marking     ] GC(513) Concurrent Mark From Roots
[423.846s][info][gc,task        ] GC(513) Using 1 workers of 1 for marking
[423.895s][info][gc,marking     ] GC(513) Concurrent Mark From Roots 48.994ms
[423.895s][info][gc,marking     ] GC(513) Concurrent Preclean
[423.895s][info][gc,marking     ] GC(513) Concurrent Preclean 0.111ms
[423.895s][info][gc,start       ] GC(513) Pause Remark
[423.898s][info][gc             ] GC(513) Pause Remark 2277M->2065M(2868M) 2.467ms
[423.898s][info][gc,cpu         ] GC(513) User=0.01s Sys=0.00s Real=0.00s
[423.898s][info][gc,marking     ] GC(513) Concurrent Mark 51.707ms
[423.898s][info][gc,marking     ] GC(513) Concurrent Rebuild Remembered Sets and Scrub Regions
[423.932s][info][gc,marking     ] GC(513) Concurrent Rebuild Remembered Sets and Scrub Regions 34.477ms
[423.932s][info][gc,start       ] GC(513) Pause Cleanup
[423.932s][info][gc             ] GC(513) Pause Cleanup 2095M->2095M(2868M) 0.106ms
[423.932s][info][gc,cpu         ] GC(513) User=0.00s Sys=0.00s Real=0.00s
[423.933s][info][gc,marking     ] GC(513) Concurrent Clear Claimed Marks
[423.933s][info][gc,marking     ] GC(513) Concurrent Clear Claimed Marks 0.131ms
[423.933s][info][gc,marking     ] GC(513) Concurrent Cleanup for Next Mark
[423.934s][info][gc,marking     ] GC(513) Concurrent Cleanup for Next Mark 1.245ms
[423.934s][info][gc             ] GC(513) Concurrent Mark Cycle 99.549ms
[424.130s][info][gc,start       ] GC(514) Pause Young (Prepare Mixed) (G1 Humongous Allocation)
[424.130s][info][gc,task        ] GC(514) Using 4 workers of 4 for evacuation
[424.140s][info][gc,phases      ] GC(514)   Pre Evacuate Collection Set: 0.20ms
[424.140s][info][gc,phases      ] GC(514)   Merge Heap Roots: 0.13ms
[424.140s][info][gc,phases      ] GC(514)   Evacuate Collection Set: 5.10ms
[424.140s][info][gc,phases      ] GC(514)   Post Evacuate Collection Set: 5.26ms
[424.140s][info][gc,phases      ] GC(514)   Other: 0.06ms
[424.140s][info][gc,heap        ] GC(514) Eden regions: 196->0(76)
[424.140s][info][gc,heap        ] GC(514) Survivor regions: 3->4(24)
[424.140s][info][gc,heap        ] GC(514) Old regions: 550->763
[424.140s][info][gc,heap        ] GC(514) Humongous regions: 661->518
[424.140s][info][gc,metaspace   ] GC(514) Metaspace: 100535K(101632K)->100535K(101632K) NonClass: 78623K(79168K)->78623K(79168K) Class: 21912K(22464K)->21912K(22464K)
[424.140s][info][gc             ] GC(514) Pause Young (Prepare Mixed) (G1 Humongous Allocation) (Evacuation Failure: Allocation) 2816M->2569M(2868M) 10.838ms
[424.141s][info][gc,cpu         ] GC(514) User=0.04s Sys=0.00s Real=0.01s
[424.200s][info][gc,start       ] GC(515) Pause Young (Mixed) (G1 Evacuation Pause)
[424.201s][info][gc,task        ] GC(515) Using 4 workers of 4 for evacuation
[424.209s][info][gc,phases      ] GC(515)   Pre Evacuate Collection Set: 0.21ms
[424.209s][info][gc,phases      ] GC(515)   Merge Heap Roots: 0.16ms
[424.209s][info][gc,phases      ] GC(515)   Evacuate Collection Set: 2.87ms
[424.209s][info][gc,phases      ] GC(515)   Post Evacuate Collection Set: 4.82ms
[424.209s][info][gc,phases      ] GC(515)   Other: 0.05ms
[424.209s][info][gc,heap        ] GC(515) Eden regions: 32->0(71)
[424.209s][info][gc,heap        ] GC(515) Survivor regions: 4->0(0)
[424.209s][info][gc,heap        ] GC(515) Old regions: 763->799
[424.209s][info][gc,heap        ] GC(515) Humongous regions: 635->527
[424.209s][info][gc,metaspace   ] GC(515) Metaspace: 100535K(101632K)->100535K(101632K) NonClass: 78623K(79168K)->78623K(79168K) Class: 21912K(22464K)->21912K(22464K)
[424.209s][info][gc             ] GC(515) Pause Young (Mixed) (G1 Evacuation Pause) (Evacuation Failure: Allocation) 2867M->2651M(2868M) 8.208ms
[424.209s][info][gc,cpu         ] GC(515) User=0.03s Sys=0.00s Real=0.01s
[424.239s][info][gc,start       ] GC(516) Pause Young (Concurrent Start) (G1 Humongous Allocation)
[424.239s][info][gc,task        ] GC(516) Using 4 workers of 4 for evacuation
[424.249s][info][gc,phases      ] GC(516)   Pre Evacuate Collection Set: 0.25ms
[424.249s][info][gc,phases      ] GC(516)   Merge Heap Roots: 0.11ms
[424.249s][info][gc,phases      ] GC(516)   Evacuate Collection Set: 8.22ms
[424.249s][info][gc,phases      ] GC(516)   Post Evacuate Collection Set: 1.41ms
[424.249s][info][gc,phases      ] GC(516)   Other: 0.06ms
[424.249s][info][gc,heap        ] GC(516) Eden regions: 20->0(79)
[424.249s][info][gc,heap        ] GC(516) Survivor regions: 0->9(9)
[424.249s][info][gc,heap        ] GC(516) Old regions: 799->746
[424.249s][info][gc,heap        ] GC(516) Humongous regions: 527->527
[424.249s][info][gc,metaspace   ] GC(516) Metaspace: 100535K(101632K)->100535K(101632K) NonClass: 78623K(79168K)->78623K(79168K) Class: 21912K(22464K)->21912K(22464K)
[424.249s][info][gc             ] GC(516) Pause Young (Concurrent Start) (G1 Humongous Allocation) (Evacuation Failure: Allocation) 2690M->2563M(2868M) 10.153ms
[424.249s][info][gc             ] GC(517) Concurrent Mark Cycle
[424.249s][info][gc,marking     ] GC(517) Concurrent Scan Root Regions
[424.249s][info][gc,cpu         ] GC(516) User=0.04s Sys=0.00s Real=0.01s
[424.261s][info][gc,marking     ] GC(517) Concurrent Scan Root Regions 12.285ms
[424.261s][info][gc,marking     ] GC(517) Concurrent Mark
[424.261s][info][gc,marking     ] GC(517) Concurrent Mark From Roots
[424.261s][info][gc,task        ] GC(517) Using 1 workers of 1 for marking
[424.282s][info][gc,start       ] GC(518) Pause Young (Normal) (G1 Humongous Allocation)
[424.282s][info][gc,task        ] GC(518) Using 4 workers of 4 for evacuation
[424.289s][info][gc,phases      ] GC(518)   Pre Evacuate Collection Set: 0.33ms
[424.289s][info][gc,phases      ] GC(518)   Merge Heap Roots: 0.09ms
[424.289s][info][gc,phases      ] GC(518)   Evacuate Collection Set: 3.44ms
[424.289s][info][gc,phases      ] GC(518)   Post Evacuate Collection Set: 3.77ms
[424.289s][info][gc,phases      ] GC(518)   Other: 0.06ms
[424.289s][info][gc,heap        ] GC(518) Eden regions: 21->0(69)
[424.289s][info][gc,heap        ] GC(518) Survivor regions: 9->2(10)
[424.289s][info][gc,heap        ] GC(518) Old regions: 746->779
[424.289s][info][gc,heap        ] GC(518) Humongous regions: 648->577
[424.289s][info][gc,metaspace   ] GC(518) Metaspace: 100535K(101632K)->100535K(101632K) NonClass: 78623K(79168K)->78623K(79168K) Class: 21912K(22464K)->21912K(22464K)
[424.289s][info][gc             ] GC(518) Pause Young (Normal) (G1 Humongous Allocation) (Evacuation Failure: Allocation) 2846M->2714M(2868M) 7.791ms
[424.289s][info][gc,cpu         ] GC(518) User=0.02s Sys=0.00s Real=0.00s
[424.323s][info][gc,marking     ] GC(517) Concurrent Mark From Roots 62.017ms
[424.323s][info][gc,marking     ] GC(517) Concurrent Preclean
[424.323s][info][gc,marking     ] GC(517) Concurrent Preclean 0.148ms
[424.323s][info][gc,start       ] GC(517) Pause Remark
[424.326s][info][gc             ] GC(517) Pause Remark 2831M->2539M(2868M) 2.691ms
[424.326s][info][gc,cpu         ] GC(517) User=0.01s Sys=0.00s Real=0.00s
[424.326s][info][gc,marking     ] GC(517) Concurrent Mark 64.996ms
[424.326s][info][gc,marking     ] GC(517) Concurrent Rebuild Remembered Sets and Scrub Regions
[424.366s][info][gc,marking     ] GC(517) Concurrent Rebuild Remembered Sets and Scrub Regions 39.463ms
[424.366s][info][gc,start       ] GC(517) Pause Cleanup
[424.366s][info][gc             ] GC(517) Pause Cleanup 2656M->2656M(2868M) 0.127ms
[424.366s][info][gc,cpu         ] GC(517) User=0.00s Sys=0.00s Real=0.00s
[424.366s][info][gc,marking     ] GC(517) Concurrent Clear Claimed Marks
[424.366s][info][gc,marking     ] GC(517) Concurrent Clear Claimed Marks 0.136ms
[424.366s][info][gc,marking     ] GC(517) Concurrent Cleanup for Next Mark
[424.367s][info][gc,marking     ] GC(517) Concurrent Cleanup for Next Mark 1.328ms
[424.367s][info][gc             ] GC(517) Concurrent Mark Cycle 118.491ms
[424.536s][info][gc,start       ] GC(519) Pause Young (Prepare Mixed) (G1 Humongous Allocation)
[424.536s][info][gc,task        ] GC(519) Using 4 workers of 4 for evacuation
[424.545s][info][gc,phases      ] GC(519)   Pre Evacuate Collection Set: 0.62ms
[424.545s][info][gc,phases      ] GC(519)   Merge Heap Roots: 0.22ms
[424.545s][info][gc,phases      ] GC(519)   Evacuate Collection Set: 4.79ms
[424.545s][info][gc,phases      ] GC(519)   Post Evacuate Collection Set: 3.53ms
[424.545s][info][gc,phases      ] GC(519)   Other: 0.09ms
[424.545s][info][gc,heap        ] GC(519) Eden regions: 26->0(125)
[424.545s][info][gc,heap        ] GC(519) Survivor regions: 2->9(9)
[424.545s][info][gc,heap        ] GC(519) Old regions: 753->759
[424.545s][info][gc,heap        ] GC(519) Humongous regions: 611->464
[424.545s][info][gc,metaspace   ] GC(519) Metaspace: 100552K(101696K)->100552K(101696K) NonClass: 78639K(79232K)->78639K(79232K) Class: 21912K(22464K)->21912K(22464K)
[424.545s][info][gc             ] GC(519) Pause Young (Prepare Mixed) (G1 Humongous Allocation) (Evacuation Failure: Allocation) 2782M->2463M(2868M) 9.351ms
[424.545s][info][gc,cpu         ] GC(519) User=0.03s Sys=0.01s Real=0.01s
[425.263s][info][gc,start       ] GC(520) Pause Young (Mixed) (G1 Humongous Allocation)
[425.263s][info][gc,task        ] GC(520) Using 4 workers of 4 for evacuation
[425.271s][info][gc,phases      ] GC(520)   Pre Evacuate Collection Set: 0.19ms
[425.271s][info][gc,phases      ] GC(520)   Merge Heap Roots: 0.11ms
[425.271s][info][gc,phases      ] GC(520)   Evacuate Collection Set: 2.80ms
[425.271s][info][gc,phases      ] GC(520)   Post Evacuate Collection Set: 4.64ms
[425.271s][info][gc,phases      ] GC(520)   Other: 0.05ms
[425.271s][info][gc,heap        ] GC(520) Eden regions: 112->0(68)
[425.271s][info][gc,heap        ] GC(520) Survivor regions: 9->3(5)
[425.271s][info][gc,heap        ] GC(520) Old regions: 759->871
[425.271s][info][gc,heap        ] GC(520) Humongous regions: 549->489
[425.271s][info][gc,metaspace   ] GC(520) Metaspace: 100552K(101696K)->100552K(101696K) NonClass: 78639K(79232K)->78639K(79232K) Class: 21912K(22464K)->21912K(22464K)
[425.271s][info][gc             ] GC(520) Pause Young (Mixed) (G1 Humongous Allocation) (Evacuation Failure: Allocation) 2857M->2725M(2868M) 7.898ms
[425.271s][info][gc,cpu         ] GC(520) User=0.02s Sys=0.00s Real=0.00s
[425.272s][info][gc,start       ] GC(521) Pause Young (Concurrent Start) (G1 Humongous Allocation)
[425.272s][info][gc,task        ] GC(521) Using 4 workers of 4 for evacuation
[425.281s][info][gc,phases      ] GC(521)   Pre Evacuate Collection Set: 0.22ms
[425.281s][info][gc,phases      ] GC(521)   Merge Heap Roots: 0.07ms
[425.281s][info][gc,phases      ] GC(521)   Evacuate Collection Set: 5.69ms
[425.281s][info][gc,phases      ] GC(521)   Post Evacuate Collection Set: 3.14ms
[425.281s][info][gc,phases      ] GC(521)   Other: 0.06ms
[425.281s][info][gc,heap        ] GC(521) Eden regions: 3->0(71)
[425.281s][info][gc,heap        ] GC(521) Survivor regions: 3->3(9)
[425.281s][info][gc,heap        ] GC(521) Old regions: 871->797
[425.281s][info][gc,heap        ] GC(521) Humongous regions: 492->490
[425.281s][info][gc,metaspace   ] GC(521) Metaspace: 100552K(101696K)->100552K(101696K) NonClass: 78639K(79232K)->78639K(79232K) Class: 21912K(22464K)->21912K(22464K)
[425.281s][info][gc             ] GC(521) Pause Young (Concurrent Start) (G1 Humongous Allocation) (Evacuation Failure: Allocation) 2736M->2578M(2868M) 9.255ms
[425.281s][info][gc             ] GC(522) Concurrent Mark Cycle
[425.281s][info][gc,marking     ] GC(522) Concurrent Scan Root Regions
[425.281s][info][gc,cpu         ] GC(521) User=0.04s Sys=0.00s Real=0.00s
[425.287s][info][gc,marking     ] GC(522) Concurrent Scan Root Regions 6.487ms
[425.287s][info][gc,marking     ] GC(522) Concurrent Mark
[425.287s][info][gc,marking     ] GC(522) Concurrent Mark From Roots
[425.287s][info][gc,task        ] GC(522) Using 1 workers of 1 for marking
[425.337s][info][gc,marking     ] GC(522) Concurrent Mark From Roots 49.824ms
[425.337s][info][gc,marking     ] GC(522) Concurrent Preclean
[425.337s][info][gc,marking     ] GC(522) Concurrent Preclean 0.150ms
[425.337s][info][gc,start       ] GC(522) Pause Remark
[425.340s][info][gc             ] GC(522) Pause Remark 2702M->2508M(2868M) 2.741ms
[425.340s][info][gc,cpu         ] GC(522) User=0.01s Sys=0.00s Real=0.00s
[425.340s][info][gc,marking     ] GC(522) Concurrent Mark 52.867ms
[425.340s][info][gc,marking     ] GC(522) Concurrent Rebuild Remembered Sets and Scrub Regions
[425.375s][info][gc,marking     ] GC(522) Concurrent Rebuild Remembered Sets and Scrub Regions 34.824ms
[425.376s][info][gc,start       ] GC(522) Pause Cleanup
[425.376s][info][gc             ] GC(522) Pause Cleanup 2564M->2564M(2868M) 0.128ms
[425.376s][info][gc,cpu         ] GC(522) User=0.00s Sys=0.00s Real=0.00s
[425.376s][info][gc,marking     ] GC(522) Concurrent Clear Claimed Marks
[425.376s][info][gc,marking     ] GC(522) Concurrent Clear Claimed Marks 0.129ms
[425.376s][info][gc,marking     ] GC(522) Concurrent Cleanup for Next Mark
[425.377s][info][gc,marking     ] GC(522) Concurrent Cleanup for Next Mark 1.319ms
[425.377s][info][gc             ] GC(522) Concurrent Mark Cycle 96.364ms
[425.385s][info][gc,start       ] GC(523) Pause Young (Prepare Mixed) (G1 Evacuation Pause)
[425.385s][info][gc,task        ] GC(523) Using 4 workers of 4 for evacuation
[425.392s][info][gc,phases      ] GC(523)   Pre Evacuate Collection Set: 0.42ms
[425.392s][info][gc,phases      ] GC(523)   Merge Heap Roots: 0.16ms
[425.392s][info][gc,phases      ] GC(523)   Evacuate Collection Set: 4.83ms
[425.392s][info][gc,phases      ] GC(523)   Post Evacuate Collection Set: 0.65ms
[425.392s][info][gc,phases      ] GC(523)   Other: 0.07ms
[425.392s][info][gc,heap        ] GC(523) Eden regions: 71->0(245)
[425.392s][info][gc,heap        ] GC(523) Survivor regions: 3->10(10)
[425.392s][info][gc,heap        ] GC(523) Old regions: 780->548
[425.392s][info][gc,heap        ] GC(523) Humongous regions: 438->417
[425.392s][info][gc,metaspace   ] GC(523) Metaspace: 100552K(101696K)->100552K(101696K) NonClass: 78639K(79232K)->78639K(79232K) Class: 21912K(22464K)->21912K(22464K)
[425.392s][info][gc             ] GC(523) Pause Young (Prepare Mixed) (G1 Evacuation Pause) 2582M->1948M(2868M) 6.209ms
[425.392s][info][gc,cpu         ] GC(523) User=0.03s Sys=0.00s Real=0.01s
[425.575s][info][gc,start       ] GC(524) Pause Young (Mixed) (G1 Humongous Allocation)
[425.575s][info][gc,task        ] GC(524) Using 4 workers of 4 for evacuation
[425.582s][info][gc,phases      ] GC(524)   Pre Evacuate Collection Set: 0.23ms
[425.582s][info][gc,phases      ] GC(524)   Merge Heap Roots: 0.08ms
[425.582s][info][gc,phases      ] GC(524)   Evacuate Collection Set: 3.89ms
[425.582s][info][gc,phases      ] GC(524)   Post Evacuate Collection Set: 2.71ms
[425.582s][info][gc,phases      ] GC(524)   Other: 0.07ms
[425.582s][info][gc,heap        ] GC(524) Eden regions: 120->0(136)
[425.582s][info][gc,heap        ] GC(524) Survivor regions: 10->18(32)
[425.582s][info][gc,heap        ] GC(524) Old regions: 548->667
[425.582s][info][gc,heap        ] GC(524) Humongous regions: 720->510
[425.582s][info][gc,metaspace   ] GC(524) Metaspace: 100552K(101696K)->100552K(101696K) NonClass: 78639K(79232K)->78639K(79232K) Class: 21912K(22464K)->21912K(22464K)
[425.582s][info][gc             ] GC(524) Pause Young (Mixed) (G1 Humongous Allocation) (Evacuation Failure: Allocation) 2794M->2389M(2868M) 7.075ms
[425.582s][info][gc,cpu         ] GC(524) User=0.02s Sys=0.00s Real=0.01s
[425.601s][info][gc,start       ] GC(525) Pause Young (Concurrent Start) (G1 Humongous Allocation)
[425.601s][info][gc,task        ] GC(525) Using 4 workers of 4 for evacuation
[425.608s][info][gc,phases      ] GC(525)   Pre Evacuate Collection Set: 0.30ms
[425.608s][info][gc,phases      ] GC(525)   Merge Heap Roots: 0.07ms
[425.608s][info][gc,phases      ] GC(525)   Evacuate Collection Set: 6.21ms
[425.608s][info][gc,phases      ] GC(525)   Post Evacuate Collection Set: 0.56ms
[425.608s][info][gc,phases      ] GC(525)   Other: 0.06ms
[425.608s][info][gc,heap        ] GC(525) Eden regions: 13->0(196)
[425.608s][info][gc,heap        ] GC(525) Survivor regions: 18->7(20)
[425.608s][info][gc,heap        ] GC(525) Old regions: 667->540
[425.608s][info][gc,heap        ] GC(525) Humongous regions: 513->507
[425.608s][info][gc,metaspace   ] GC(525) Metaspace: 100552K(101696K)->100552K(101696K) NonClass: 78639K(79232K)->78639K(79232K) Class: 21912K(22464K)->21912K(22464K)
[425.608s][info][gc             ] GC(525) Pause Young (Concurrent Start) (G1 Humongous Allocation) 2420M->2107M(2868M) 7.287ms
[425.608s][info][gc,cpu         ] GC(525) User=0.03s Sys=0.00s Real=0.01s
[425.608s][info][gc             ] GC(526) Concurrent Mark Cycle
[425.608s][info][gc,marking     ] GC(526) Concurrent Scan Root Regions
[425.614s][info][gc,marking     ] GC(526) Concurrent Scan Root Regions 6.380ms
[425.614s][info][gc,marking     ] GC(526) Concurrent Mark
[425.614s][info][gc,marking     ] GC(526) Concurrent Mark From Roots
[425.614s][info][gc,task        ] GC(526) Using 1 workers of 1 for marking
[425.665s][info][gc,marking     ] GC(526) Concurrent Mark From Roots 51.019ms
[425.665s][info][gc,marking     ] GC(526) Concurrent Preclean
[425.665s][info][gc,marking     ] GC(526) Concurrent Preclean 0.113ms
[425.666s][info][gc,start       ] GC(526) Pause Remark
[425.668s][info][gc             ] GC(526) Pause Remark 2458M->2114M(2868M) 2.781ms
[425.668s][info][gc,cpu         ] GC(526) User=0.01s Sys=0.00s Real=0.00s
[425.668s][info][gc,marking     ] GC(526) Concurrent Mark 54.065ms
[425.668s][info][gc,marking     ] GC(526) Concurrent Rebuild Remembered Sets and Scrub Regions
[425.699s][info][gc,marking     ] GC(526) Concurrent Rebuild Remembered Sets and Scrub Regions 30.661ms
[425.699s][info][gc,start       ] GC(526) Pause Cleanup
[425.699s][info][gc             ] GC(526) Pause Cleanup 2228M->2228M(2868M) 0.094ms
[425.699s][info][gc,cpu         ] GC(526) User=0.00s Sys=0.00s Real=0.00s
[425.699s][info][gc,marking     ] GC(526) Concurrent Clear Claimed Marks
[425.699s][info][gc,marking     ] GC(526) Concurrent Clear Claimed Marks 0.116ms
[425.699s][info][gc,marking     ] GC(526) Concurrent Cleanup for Next Mark
[425.701s][info][gc,marking     ] GC(526) Concurrent Cleanup for Next Mark 1.258ms
[425.701s][info][gc             ] GC(526) Concurrent Mark Cycle 92.740ms
[426.599s][info][gc,start       ] GC(527) Pause Young (Prepare Mixed) (G1 Humongous Allocation)
[426.599s][info][gc,task        ] GC(527) Using 4 workers of 4 for evacuation
[426.607s][info][gc,phases      ] GC(527)   Pre Evacuate Collection Set: 0.16ms
[426.607s][info][gc,phases      ] GC(527)   Merge Heap Roots: 0.11ms
[426.607s][info][gc,phases      ] GC(527)   Evacuate Collection Set: 4.74ms
[426.607s][info][gc,phases      ] GC(527)   Post Evacuate Collection Set: 2.39ms
[426.607s][info][gc,phases      ] GC(527)   Other: 0.09ms
[426.607s][info][gc,heap        ] GC(527) Eden regions: 156->0(148)
[426.607s][info][gc,heap        ] GC(527) Survivor regions: 7->26(26)
[426.607s][info][gc,heap        ] GC(527) Old regions: 473->622
[426.607s][info][gc,heap        ] GC(527) Humongous regions: 745->504
[426.607s][info][gc,metaspace   ] GC(527) Metaspace: 100552K(101696K)->100552K(101696K) NonClass: 78639K(79232K)->78639K(79232K) Class: 21912K(22464K)->21912K(22464K)
[426.607s][info][gc             ] GC(527) Pause Young (Prepare Mixed) (G1 Humongous Allocation) (Evacuation Failure: Allocation) 2760M->2303M(2868M) 7.604ms
[426.607s][info][gc,cpu         ] GC(527) User=0.03s Sys=0.00s Real=0.01s
[426.787s][info][gc,start       ] GC(528) Pause Young (Mixed) (G1 Humongous Allocation)
[426.787s][info][gc,task        ] GC(528) Using 4 workers of 4 for evacuation
[426.797s][info][gc,phases      ] GC(528)   Pre Evacuate Collection Set: 0.22ms
[426.797s][info][gc,phases      ] GC(528)   Merge Heap Roots: 0.08ms
[426.797s][info][gc,phases      ] GC(528)   Evacuate Collection Set: 4.59ms
[426.797s][info][gc,phases      ] GC(528)   Post Evacuate Collection Set: 5.60ms
[426.797s][info][gc,phases      ] GC(528)   Other: 0.07ms
[426.797s][info][gc,heap        ] GC(528) Eden regions: 131->0(80)
[426.797s][info][gc,heap        ] GC(528) Survivor regions: 26->15(22)
[426.797s][info][gc,heap        ] GC(528) Old regions: 622->770
[426.797s][info][gc,heap        ] GC(528) Humongous regions: 622->496
[426.797s][info][gc,metaspace   ] GC(528) Metaspace: 100552K(101696K)->100552K(101696K) NonClass: 78639K(79232K)->78639K(79232K) Class: 21912K(22464K)->21912K(22464K)
[426.797s][info][gc             ] GC(528) Pause Young (Mixed) (G1 Humongous Allocation) (Evacuation Failure: Allocation) 2801M->2561M(2868M) 10.658ms
[426.797s][info][gc,cpu         ] GC(528) User=0.04s Sys=0.01s Real=0.01s
[426.799s][info][gc,start       ] GC(529) Pause Young (Concurrent Start) (G1 Humongous Allocation)
[426.799s][info][gc,task        ] GC(529) Using 4 workers of 4 for evacuation
[426.807s][info][gc,phases      ] GC(529)   Pre Evacuate Collection Set: 0.38ms
[426.807s][info][gc,phases      ] GC(529)   Merge Heap Roots: 0.08ms
[426.807s][info][gc,phases      ] GC(529)   Evacuate Collection Set: 7.05ms
[426.807s][info][gc,phases      ] GC(529)   Post Evacuate Collection Set: 0.73ms
[426.807s][info][gc,phases      ] GC(529)   Other: 0.06ms
[426.807s][info][gc,heap        ] GC(529) Eden regions: 2->0(253)
[426.807s][info][gc,heap        ] GC(529) Survivor regions: 15->2(12)
[426.807s][info][gc,heap        ] GC(529) Old regions: 770->512
[426.807s][info][gc,heap        ] GC(529) Humongous regions: 499->496
[426.807s][info][gc,metaspace   ] GC(529) Metaspace: 100552K(101696K)->100552K(101696K) NonClass: 78639K(79232K)->78639K(79232K) Class: 21912K(22464K)->21912K(22464K)
[426.807s][info][gc             ] GC(529) Pause Young (Concurrent Start) (G1 Humongous Allocation) 2571M->2019M(2868M) 8.406ms
[426.807s][info][gc             ] GC(530) Concurrent Mark Cycle
[426.807s][info][gc,marking     ] GC(530) Concurrent Scan Root Regions
[426.807s][info][gc,cpu         ] GC(529) User=0.03s Sys=0.00s Real=0.01s
[426.818s][info][gc,marking     ] GC(530) Concurrent Scan Root Regions 11.064ms
[426.818s][info][gc,marking     ] GC(530) Concurrent Mark
[426.818s][info][gc,marking     ] GC(530) Concurrent Mark From Roots
[426.818s][info][gc,task        ] GC(530) Using 1 workers of 1 for marking
[426.868s][info][gc,marking     ] GC(530) Concurrent Mark From Roots 50.084ms
[426.868s][info][gc,marking     ] GC(530) Concurrent Preclean
[426.868s][info][gc,marking     ] GC(530) Concurrent Preclean 0.115ms
[426.868s][info][gc,start       ] GC(530) Pause Remark
[426.871s][info][gc             ] GC(530) Pause Remark 2494M->2234M(2868M) 2.686ms
[426.871s][info][gc,cpu         ] GC(530) User=0.01s Sys=0.00s Real=0.00s
[426.871s][info][gc,marking     ] GC(530) Concurrent Mark 53.037ms
[426.871s][info][gc,marking     ] GC(530) Concurrent Rebuild Remembered Sets and Scrub Regions
[426.903s][info][gc,marking     ] GC(530) Concurrent Rebuild Remembered Sets and Scrub Regions 31.744ms
[426.903s][info][gc,start       ] GC(530) Pause Cleanup
[426.903s][info][gc             ] GC(530) Pause Cleanup 2266M->2266M(2868M) 0.103ms
[426.903s][info][gc,cpu         ] GC(530) User=0.00s Sys=0.00s Real=0.00s
[426.903s][info][gc,marking     ] GC(530) Concurrent Clear Claimed Marks
[426.903s][info][gc,marking     ] GC(530) Concurrent Clear Claimed Marks 0.116ms
[426.903s][info][gc,marking     ] GC(530) Concurrent Cleanup for Next Mark
[426.905s][info][gc,marking     ] GC(530) Concurrent Cleanup for Next Mark 1.386ms
[426.905s][info][gc             ] GC(530) Concurrent Mark Cycle 97.687ms
[427.009s][info][gc,start       ] GC(531) Pause Young (Prepare Mixed) (G1 Humongous Allocation)
[427.009s][info][gc,task        ] GC(531) Using 4 workers of 4 for evacuation
[427.014s][info][gc,phases      ] GC(531)   Pre Evacuate Collection Set: 0.39ms
[427.014s][info][gc,phases      ] GC(531)   Merge Heap Roots: 0.13ms
[427.014s][info][gc,phases      ] GC(531)   Evacuate Collection Set: 3.58ms
[427.014s][info][gc,phases      ] GC(531)   Post Evacuate Collection Set: 0.69ms
[427.014s][info][gc,phases      ] GC(531)   Other: 0.07ms
[427.014s][info][gc,heap        ] GC(531) Eden regions: 93->0(233)
[427.014s][info][gc,heap        ] GC(531) Survivor regions: 2->32(32)
[427.014s][info][gc,heap        ] GC(531) Old regions: 467->476
[427.014s][info][gc,heap        ] GC(531) Humongous regions: 783->509
[427.014s][info][gc,metaspace   ] GC(531) Metaspace: 100552K(101696K)->100552K(101696K) NonClass: 78639K(79232K)->78639K(79232K) Class: 21912K(22464K)->21912K(22464K)
[427.014s][info][gc             ] GC(531) Pause Young (Prepare Mixed) (G1 Humongous Allocation) 2689M->2032M(2868M) 4.968ms
[427.014s][info][gc,cpu         ] GC(531) User=0.02s Sys=0.00s Real=0.01s
[428.066s][info][gc,start       ] GC(532) Pause Young (Mixed) (G1 Humongous Allocation)
[428.066s][info][gc,task        ] GC(532) Using 4 workers of 4 for evacuation
[428.075s][info][gc,phases      ] GC(532)   Pre Evacuate Collection Set: 0.17ms
[428.075s][info][gc,phases      ] GC(532)   Merge Heap Roots: 0.09ms
[428.075s][info][gc,phases      ] GC(532)   Evacuate Collection Set: 6.12ms
[428.075s][info][gc,phases      ] GC(532)   Post Evacuate Collection Set: 2.28ms
[428.075s][info][gc,phases      ] GC(532)   Other: 0.05ms
[428.075s][info][gc,heap        ] GC(532) Eden regions: 140->0(156)
[428.075s][info][gc,heap        ] GC(532) Survivor regions: 32->33(34)
[428.075s][info][gc,heap        ] GC(532) Old regions: 476->603
[428.075s][info][gc,heap        ] GC(532) Humongous regions: 713->524
[428.075s][info][gc,metaspace   ] GC(532) Metaspace: 100552K(101696K)->100552K(101696K) NonClass: 78640K(79232K)->78640K(79232K) Class: 21912K(22464K)->21912K(22464K)
[428.075s][info][gc             ] GC(532) Pause Young (Mixed) (G1 Humongous Allocation) (Evacuation Failure: Allocation) 2719M->2319M(2868M) 8.811ms
[428.075s][info][gc,cpu         ] GC(532) User=0.03s Sys=0.00s Real=0.01s
[428.076s][info][gc,start       ] GC(533) Pause Young (Concurrent Start) (G1 Humongous Allocation)
[428.076s][info][gc,task        ] GC(533) Using 4 workers of 4 for evacuation
[428.080s][info][gc,phases      ] GC(533)   Pre Evacuate Collection Set: 0.19ms
[428.080s][info][gc,phases      ] GC(533)   Merge Heap Roots: 0.05ms
[428.080s][info][gc,phases      ] GC(533)   Evacuate Collection Set: 3.81ms
[428.080s][info][gc,phases      ] GC(533)   Post Evacuate Collection Set: 0.57ms
[428.080s][info][gc,phases      ] GC(533)   Other: 0.05ms
[428.080s][info][gc,heap        ] GC(533) Eden regions: 3->0(256)
[428.080s][info][gc,heap        ] GC(533) Survivor regions: 33->2(24)
[428.080s][info][gc,heap        ] GC(533) Old regions: 603->462
[428.080s][info][gc,heap        ] GC(533) Humongous regions: 527->525
[428.080s][info][gc,metaspace   ] GC(533) Metaspace: 100552K(101696K)->100552K(101696K) NonClass: 78640K(79232K)->78640K(79232K) Class: 21912K(22464K)->21912K(22464K)
[428.080s][info][gc             ] GC(533) Pause Young (Concurrent Start) (G1 Humongous Allocation) 2330M->1977M(2868M) 4.739ms
[428.080s][info][gc,cpu         ] GC(533) User=0.02s Sys=0.00s Real=0.00s
[428.080s][info][gc             ] GC(534) Concurrent Mark Cycle
[428.080s][info][gc,marking     ] GC(534) Concurrent Scan Root Regions
[428.085s][info][gc,marking     ] GC(534) Concurrent Scan Root Regions 4.707ms
[428.085s][info][gc,marking     ] GC(534) Concurrent Mark
[428.085s][info][gc,marking     ] GC(534) Concurrent Mark From Roots
[428.085s][info][gc,task        ] GC(534) Using 1 workers of 1 for marking
[428.130s][info][gc,marking     ] GC(534) Concurrent Mark From Roots 44.626ms
[428.130s][info][gc,marking     ] GC(534) Concurrent Preclean
[428.130s][info][gc,marking     ] GC(534) Concurrent Preclean 0.106ms
[428.130s][info][gc,start       ] GC(534) Pause Remark
[428.133s][info][gc             ] GC(534) Pause Remark 2067M->1673M(2868M) 2.816ms
[428.133s][info][gc,cpu         ] GC(534) User=0.00s Sys=0.00s Real=0.01s
[428.133s][info][gc,marking     ] GC(534) Concurrent Mark 47.720ms
[428.133s][info][gc,marking     ] GC(534) Concurrent Rebuild Remembered Sets and Scrub Regions
[428.160s][info][gc,marking     ] GC(534) Concurrent Rebuild Remembered Sets and Scrub Regions 27.087ms
[428.160s][info][gc,start       ] GC(534) Pause Cleanup
[428.160s][info][gc             ] GC(534) Pause Cleanup 1718M->1718M(2868M) 0.080ms
[428.160s][info][gc,cpu         ] GC(534) User=0.00s Sys=0.00s Real=0.00s
[428.160s][info][gc,marking     ] GC(534) Concurrent Clear Claimed Marks
[428.160s][info][gc,marking     ] GC(534) Concurrent Clear Claimed Marks 0.126ms
[428.160s][info][gc,marking     ] GC(534) Concurrent Cleanup for Next Mark
[428.162s][info][gc,marking     ] GC(534) Concurrent Cleanup for Next Mark 1.543ms
[428.162s][info][gc             ] GC(534) Concurrent Mark Cycle 81.430ms
[428.381s][info][gc,start       ] GC(535) Pause Young (Prepare Mixed) (G1 Humongous Allocation)
[428.381s][info][gc,task        ] GC(535) Using 4 workers of 4 for evacuation
[428.391s][info][gc,phases      ] GC(535)   Pre Evacuate Collection Set: 0.21ms
[428.391s][info][gc,phases      ] GC(535)   Merge Heap Roots: 0.12ms
[428.391s][info][gc,phases      ] GC(535)   Evacuate Collection Set: 7.31ms
[428.391s][info][gc,phases      ] GC(535)   Post Evacuate Collection Set: 1.81ms
[428.391s][info][gc,phases      ] GC(535)   Other: 0.10ms
[428.391s][info][gc,heap        ] GC(535) Eden regions: 194->0(169)
[428.391s][info][gc,heap        ] GC(535) Survivor regions: 2->33(33)
[428.391s][info][gc,heap        ] GC(535) Old regions: 385->580
[428.391s][info][gc,heap        ] GC(535) Humongous regions: 771->510
[428.391s][info][gc,metaspace   ] GC(535) Metaspace: 100552K(101696K)->100552K(101696K) NonClass: 78640K(79232K)->78640K(79232K) Class: 21912K(22464K)->21912K(22464K)
[428.391s][info][gc             ] GC(535) Pause Young (Prepare Mixed) (G1 Humongous Allocation) (Evacuation Failure: Allocation) 2703M->2245M(2868M) 9.681ms
[428.391s][info][gc,cpu         ] GC(535) User=0.03s Sys=0.00s Real=0.01s
[429.005s][info][gc,start       ] GC(536) Pause Young (Mixed) (G1 Humongous Allocation)
[429.005s][info][gc,task        ] GC(536) Using 4 workers of 4 for evacuation
[429.012s][info][gc,phases      ] GC(536)   Pre Evacuate Collection Set: 0.20ms
[429.012s][info][gc,phases      ] GC(536)   Merge Heap Roots: 0.09ms
[429.012s][info][gc,phases      ] GC(536)   Evacuate Collection Set: 2.61ms
[429.012s][info][gc,phases      ] GC(536)   Post Evacuate Collection Set: 3.58ms
[429.012s][info][gc,phases      ] GC(536)   Other: 0.05ms
[429.012s][info][gc,heap        ] GC(536) Eden regions: 56->0(132)
[429.012s][info][gc,heap        ] GC(536) Survivor regions: 33->4(20)
[429.012s][info][gc,heap        ] GC(536) Old regions: 580->657
[429.012s][info][gc,heap        ] GC(536) Humongous regions: 745->539
[429.012s][info][gc,metaspace   ] GC(536) Metaspace: 100555K(101696K)->100555K(101696K) NonClass: 78642K(79232K)->78642K(79232K) Class: 21912K(22464K)->21912K(22464K)
[429.012s][info][gc             ] GC(536) Pause Young (Mixed) (G1 Humongous Allocation) (Evacuation Failure: Allocation) 2826M->2399M(2868M) 6.613ms
[429.012s][info][gc,cpu         ] GC(536) User=0.02s Sys=0.01s Real=0.01s
[429.013s][info][gc,start       ] GC(537) Pause Young (Concurrent Start) (G1 Humongous Allocation)
[429.013s][info][gc,task        ] GC(537) Using 4 workers of 4 for evacuation
[429.017s][info][gc,phases      ] GC(537)   Pre Evacuate Collection Set: 0.20ms
[429.017s][info][gc,phases      ] GC(537)   Merge Heap Roots: 0.07ms
[429.017s][info][gc,phases      ] GC(537)   Evacuate Collection Set: 3.37ms
[429.017s][info][gc,phases      ] GC(537)   Post Evacuate Collection Set: 0.70ms
[429.017s][info][gc,phases      ] GC(537)   Other: 0.05ms
[429.017s][info][gc,heap        ] GC(537) Eden regions: 2->0(293)
[429.017s][info][gc,heap        ] GC(537) Survivor regions: 4->6(17)
[429.017s][info][gc,heap        ] GC(537) Old regions: 657->391
[429.017s][info][gc,heap        ] GC(537) Humongous regions: 542->540
[429.017s][info][gc,metaspace   ] GC(537) Metaspace: 100555K(101696K)->100555K(101696K) NonClass: 78642K(79232K)->78642K(79232K) Class: 21912K(22464K)->21912K(22464K)
[429.017s][info][gc             ] GC(537) Pause Young (Concurrent Start) (G1 Humongous Allocation) 2408M->1871M(2868M) 4.453ms
[429.017s][info][gc,cpu         ] GC(537) User=0.02s Sys=0.00s Real=0.00s
[429.017s][info][gc             ] GC(538) Concurrent Mark Cycle
[429.017s][info][gc,marking     ] GC(538) Concurrent Scan Root Regions
[429.021s][info][gc,marking     ] GC(538) Concurrent Scan Root Regions 4.019ms
[429.021s][info][gc,marking     ] GC(538) Concurrent Mark
[429.021s][info][gc,marking     ] GC(538) Concurrent Mark From Roots
[429.021s][info][gc,task        ] GC(538) Using 1 workers of 1 for marking
[429.063s][info][gc,marking     ] GC(538) Concurrent Mark From Roots 42.259ms
[429.063s][info][gc,marking     ] GC(538) Concurrent Preclean
[429.064s][info][gc,marking     ] GC(538) Concurrent Preclean 0.113ms
[429.064s][info][gc,start       ] GC(538) Pause Remark
[429.067s][info][gc             ] GC(538) Pause Remark 1901M->1585M(2868M) 3.483ms
[429.067s][info][gc,cpu         ] GC(538) User=0.00s Sys=0.00s Real=0.00s
[429.067s][info][gc,marking     ] GC(538) Concurrent Mark 45.988ms
[429.067s][info][gc,marking     ] GC(538) Concurrent Rebuild Remembered Sets and Scrub Regions
[429.092s][info][gc,marking     ] GC(538) Concurrent Rebuild Remembered Sets and Scrub Regions 24.378ms
[429.092s][info][gc,start       ] GC(538) Pause Cleanup
[429.092s][info][gc             ] GC(538) Pause Cleanup 1590M->1590M(2868M) 0.064ms
[429.092s][info][gc,cpu         ] GC(538) User=0.00s Sys=0.00s Real=0.00s
[429.092s][info][gc,marking     ] GC(538) Concurrent Clear Claimed Marks
[429.092s][info][gc,marking     ] GC(538) Concurrent Clear Claimed Marks 0.120ms
[429.092s][info][gc,marking     ] GC(538) Concurrent Cleanup for Next Mark
[429.093s][info][gc,marking     ] GC(538) Concurrent Cleanup for Next Mark 1.221ms
[429.093s][info][gc             ] GC(538) Concurrent Mark Cycle 75.937ms
[429.609s][info][gc,start       ] GC(539) Pause Young (Prepare Mixed) (G1 Humongous Allocation)
[429.609s][info][gc,task        ] GC(539) Using 4 workers of 4 for evacuation
[429.615s][info][gc,phases      ] GC(539)   Pre Evacuate Collection Set: 0.20ms
[429.615s][info][gc,phases      ] GC(539)   Merge Heap Roots: 0.10ms
[429.615s][info][gc,phases      ] GC(539)   Evacuate Collection Set: 5.32ms
[429.615s][info][gc,phases      ] GC(539)   Post Evacuate Collection Set: 1.05ms
[429.615s][info][gc,phases      ] GC(539)   Other: 0.07ms
[429.615s][info][gc,heap        ] GC(539) Eden regions: 240->0(241)
[429.615s][info][gc,heap        ] GC(539) Survivor regions: 6->38(38)
[429.615s][info][gc,heap        ] GC(539) Old regions: 363->439
[429.615s][info][gc,heap        ] GC(539) Humongous regions: 763->553
[429.615s][info][gc,metaspace   ] GC(539) Metaspace: 100555K(101696K)->100555K(101696K) NonClass: 78642K(79232K)->78642K(79232K) Class: 21912K(22464K)->21912K(22464K)
[429.615s][info][gc             ] GC(539) Pause Young (Prepare Mixed) (G1 Humongous Allocation) (Evacuation Failure: Allocation) 2740M->2059M(2868M) 6.850ms
[429.615s][info][gc,cpu         ] GC(539) User=0.02s Sys=0.00s Real=0.01s
[429.843s][info][gc,start       ] GC(540) Pause Young (Mixed) (G1 Humongous Allocation)
[429.843s][info][gc,task        ] GC(540) Using 4 workers of 4 for evacuation
[429.849s][info][gc,phases      ] GC(540)   Pre Evacuate Collection Set: 0.15ms
[429.849s][info][gc,phases      ] GC(540)   Merge Heap Roots: 0.06ms
[429.849s][info][gc,phases      ] GC(540)   Evacuate Collection Set: 4.51ms
[429.849s][info][gc,phases      ] GC(540)   Post Evacuate Collection Set: 1.70ms
[429.849s][info][gc,phases      ] GC(540)   Other: 0.05ms
[429.849s][info][gc,heap        ] GC(540) Eden regions: 84->0(239)
[429.849s][info][gc,heap        ] GC(540) Survivor regions: 38->16(35)
[429.849s][info][gc,heap        ] GC(540) Old regions: 439->461
[429.849s][info][gc,heap        ] GC(540) Humongous regions: 812->560
[429.849s][info][gc,metaspace   ] GC(540) Metaspace: 100555K(101696K)->100555K(101696K) NonClass: 78642K(79232K)->78642K(79232K) Class: 21912K(22464K)->21912K(22464K)
[429.849s][info][gc             ] GC(540) Pause Young (Mixed) (G1 Humongous Allocation) (Evacuation Failure: Allocation) 2744M->2073M(2868M) 6.567ms
[429.849s][info][gc,cpu         ] GC(540) User=0.02s Sys=0.00s Real=0.00s
[429.851s][info][gc,start       ] GC(541) Pause Young (Concurrent Start) (G1 Humongous Allocation)
[429.851s][info][gc,task        ] GC(541) Using 4 workers of 4 for evacuation
[429.854s][info][gc,phases      ] GC(541)   Pre Evacuate Collection Set: 0.29ms
[429.854s][info][gc,phases      ] GC(541)   Merge Heap Roots: 0.05ms
[429.854s][info][gc,phases      ] GC(541)   Evacuate Collection Set: 2.21ms
[429.854s][info][gc,phases      ] GC(541)   Post Evacuate Collection Set: 0.49ms
[429.854s][info][gc,phases      ] GC(541)   Other: 0.05ms
[429.854s][info][gc,heap        ] GC(541) Eden regions: 3->0(318)
[429.854s][info][gc,heap        ] GC(541) Survivor regions: 16->17(32)
[429.854s][info][gc,heap        ] GC(541) Old regions: 461->356
[429.854s][info][gc,heap        ] GC(541) Humongous regions: 563->557
[429.854s][info][gc,metaspace   ] GC(541) Metaspace: 100555K(101696K)->100555K(101696K) NonClass: 78642K(79232K)->78642K(79232K) Class: 21912K(22464K)->21912K(22464K)
[429.854s][info][gc             ] GC(541) Pause Young (Concurrent Start) (G1 Humongous Allocation) 2084M->1859M(2868M) 3.195ms
[429.854s][info][gc             ] GC(542) Concurrent Mark Cycle
[429.854s][info][gc,marking     ] GC(542) Concurrent Scan Root Regions
[429.854s][info][gc,cpu         ] GC(541) User=0.01s Sys=0.00s Real=0.01s
[429.857s][info][gc,marking     ] GC(542) Concurrent Scan Root Regions 3.101ms
[429.857s][info][gc,marking     ] GC(542) Concurrent Mark
[429.857s][info][gc,marking     ] GC(542) Concurrent Mark From Roots
[429.857s][info][gc,task        ] GC(542) Using 1 workers of 1 for marking
[429.900s][info][gc,marking     ] GC(542) Concurrent Mark From Roots 42.267ms
[429.900s][info][gc,marking     ] GC(542) Concurrent Preclean
[429.900s][info][gc,marking     ] GC(542) Concurrent Preclean 0.106ms
[429.900s][info][gc,start       ] GC(542) Pause Remark
[429.903s][info][gc             ] GC(542) Pause Remark 1972M->1470M(2868M) 2.649ms
[429.903s][info][gc,cpu         ] GC(542) User=0.01s Sys=0.00s Real=0.01s
[429.903s][info][gc,marking     ] GC(542) Concurrent Mark 45.178ms
[429.903s][info][gc,marking     ] GC(542) Concurrent Rebuild Remembered Sets and Scrub Regions
[429.923s][info][gc,marking     ] GC(542) Concurrent Rebuild Remembered Sets and Scrub Regions 20.565ms
[429.923s][info][gc,start       ] GC(542) Pause Cleanup
[429.923s][info][gc             ] GC(542) Pause Cleanup 1473M->1473M(2868M) 0.072ms
[429.923s][info][gc,cpu         ] GC(542) User=0.00s Sys=0.00s Real=0.00s
[429.923s][info][gc,marking     ] GC(542) Concurrent Clear Claimed Marks
[429.923s][info][gc,marking     ] GC(542) Concurrent Clear Claimed Marks 0.121ms
[429.923s][info][gc,marking     ] GC(542) Concurrent Cleanup for Next Mark
[429.925s][info][gc,marking     ] GC(542) Concurrent Cleanup for Next Mark 1.287ms
[429.925s][info][gc             ] GC(542) Concurrent Mark Cycle 70.473ms
[431.032s][info][gc,start       ] GC(543) Pause Young (Prepare Mixed) (G1 Humongous Allocation)
[431.032s][info][gc,task        ] GC(543) Using 4 workers of 4 for evacuation
[431.041s][info][gc,phases      ] GC(543)   Pre Evacuate Collection Set: 0.21ms
[431.041s][info][gc,phases      ] GC(543)   Merge Heap Roots: 0.10ms
[431.041s][info][gc,phases      ] GC(543)   Evacuate Collection Set: 5.41ms
[431.041s][info][gc,phases      ] GC(543)   Post Evacuate Collection Set: 3.44ms
[431.041s][info][gc,phases      ] GC(543)   Other: 0.06ms
[431.041s][info][gc,heap        ] GC(543) Eden regions: 292->0(238)
[431.041s][info][gc,heap        ] GC(543) Survivor regions: 17->42(42)
[431.041s][info][gc,heap        ] GC(543) Old regions: 255->496
[431.041s][info][gc,heap        ] GC(543) Humongous regions: 825->534
[431.041s][info][gc,metaspace   ] GC(543) Metaspace: 100560K(101696K)->100560K(101696K) NonClass: 78648K(79232K)->78648K(79232K) Class: 21912K(22464K)->21912K(22464K)
[431.041s][info][gc             ] GC(543) Pause Young (Prepare Mixed) (G1 Humongous Allocation) (Evacuation Failure: Allocation) 2776M->2143M(2868M) 9.375ms
[431.041s][info][gc,cpu         ] GC(543) User=0.03s Sys=0.00s Real=0.00s
[431.228s][info][gc,start       ] GC(544) Pause Young (Mixed) (G1 Humongous Allocation)
[431.228s][info][gc,task        ] GC(544) Using 4 workers of 4 for evacuation
[431.234s][info][gc,phases      ] GC(544)   Pre Evacuate Collection Set: 0.19ms
[431.234s][info][gc,phases      ] GC(544)   Merge Heap Roots: 0.08ms
[431.234s][info][gc,phases      ] GC(544)   Evacuate Collection Set: 3.16ms
[431.234s][info][gc,phases      ] GC(544)   Post Evacuate Collection Set: 2.46ms
[431.234s][info][gc,phases      ] GC(544)   Other: 0.05ms
[431.234s][info][gc,heap        ] GC(544) Eden regions: 63->0(337)
[431.234s][info][gc,heap        ] GC(544) Survivor regions: 42->11(35)
[431.234s][info][gc,heap        ] GC(544) Old regions: 496->421
[431.234s][info][gc,heap        ] GC(544) Humongous regions: 796->487
[431.234s][info][gc,metaspace   ] GC(544) Metaspace: 100560K(101696K)->100560K(101696K) NonClass: 78648K(79232K)->78648K(79232K) Class: 21912K(22464K)->21912K(22464K)
[431.234s][info][gc             ] GC(544) Pause Young (Mixed) (G1 Humongous Allocation) (Evacuation Failure: Allocation) 2793M->1837M(2868M) 6.037ms
[431.234s][info][gc,cpu         ] GC(544) User=0.02s Sys=0.00s Real=0.01s
[431.236s][info][gc,start       ] GC(545) Pause Young (Concurrent Start) (G1 Humongous Allocation)
[431.236s][info][gc,task        ] GC(545) Using 4 workers of 4 for evacuation
[431.238s][info][gc,phases      ] GC(545)   Pre Evacuate Collection Set: 0.19ms
[431.238s][info][gc,phases      ] GC(545)   Merge Heap Roots: 0.05ms
[431.238s][info][gc,phases      ] GC(545)   Evacuate Collection Set: 1.91ms
[431.238s][info][gc,phases      ] GC(545)   Post Evacuate Collection Set: 0.47ms
[431.238s][info][gc,phases      ] GC(545)   Other: 0.05ms
[431.238s][info][gc,heap        ] GC(545) Eden regions: 2->0(455)
[431.238s][info][gc,heap        ] GC(545) Survivor regions: 11->11(44)
[431.238s][info][gc,heap        ] GC(545) Old regions: 421->234
[431.238s][info][gc,heap        ] GC(545) Humongous regions: 490->490
[431.238s][info][gc,metaspace   ] GC(545) Metaspace: 100560K(101696K)->100560K(101696K) NonClass: 78648K(79232K)->78648K(79232K) Class: 21912K(22464K)->21912K(22464K)
[431.238s][info][gc             ] GC(545) Pause Young (Concurrent Start) (G1 Humongous Allocation) 1846M->1469M(2868M) 2.749ms
[431.238s][info][gc             ] GC(546) Concurrent Mark Cycle
[431.238s][info][gc,marking     ] GC(546) Concurrent Scan Root Regions
[431.238s][info][gc,cpu         ] GC(545) User=0.01s Sys=0.00s Real=0.00s
[431.241s][info][gc,marking     ] GC(546) Concurrent Scan Root Regions 2.609ms
[431.241s][info][gc,marking     ] GC(546) Concurrent Mark
[431.241s][info][gc,marking     ] GC(546) Concurrent Mark From Roots
[431.241s][info][gc,task        ] GC(546) Using 1 workers of 1 for marking
[431.282s][info][gc,marking     ] GC(546) Concurrent Mark From Roots 40.945ms
[431.282s][info][gc,marking     ] GC(546) Concurrent Preclean
[431.282s][info][gc,marking     ] GC(546) Concurrent Preclean 0.103ms
[431.282s][info][gc,start       ] GC(546) Pause Remark
[431.285s][info][gc             ] GC(546) Pause Remark 1587M->1277M(2868M) 2.501ms
[431.285s][info][gc,cpu         ] GC(546) User=0.01s Sys=0.00s Real=0.00s
[431.285s][info][gc,marking     ] GC(546) Concurrent Mark 43.678ms
[431.285s][info][gc,marking     ] GC(546) Concurrent Rebuild Remembered Sets and Scrub Regions
[431.303s][info][gc,marking     ] GC(546) Concurrent Rebuild Remembered Sets and Scrub Regions 18.387ms
[431.303s][info][gc,start       ] GC(546) Pause Cleanup
[431.303s][info][gc             ] GC(546) Pause Cleanup 1280M->1280M(2868M) 0.074ms
[431.303s][info][gc,cpu         ] GC(546) User=0.00s Sys=0.00s Real=0.00s
[431.303s][info][gc,marking     ] GC(546) Concurrent Clear Claimed Marks
[431.303s][info][gc,marking     ] GC(546) Concurrent Clear Claimed Marks 0.120ms
[431.303s][info][gc,marking     ] GC(546) Concurrent Cleanup for Next Mark
[431.305s][info][gc,marking     ] GC(546) Concurrent Cleanup for Next Mark 1.266ms
[431.305s][info][gc             ] GC(546) Concurrent Mark Cycle 66.309ms
[432.407s][info][gc,start       ] GC(547) Pause Young (Prepare Mixed) (G1 Humongous Allocation)
[432.407s][info][gc,task        ] GC(547) Using 4 workers of 4 for evacuation
[432.415s][info][gc,phases      ] GC(547)   Pre Evacuate Collection Set: 0.17ms
[432.415s][info][gc,phases      ] GC(547)   Merge Heap Roots: 0.06ms
[432.415s][info][gc,phases      ] GC(547)   Evacuate Collection Set: 2.72ms
[432.415s][info][gc,phases      ] GC(547)   Post Evacuate Collection Set: 4.38ms
[432.415s][info][gc,phases      ] GC(547)   Other: 0.07ms
[432.415s][info][gc,heap        ] GC(547) Eden regions: 323->0(325)
[432.415s][info][gc,heap        ] GC(547) Survivor regions: 11->15(15)
[432.415s][info][gc,heap        ] GC(547) Old regions: 164->424
[432.415s][info][gc,heap        ] GC(547) Humongous regions: 921->529
[432.415s][info][gc,metaspace   ] GC(547) Metaspace: 100562K(101696K)->100562K(101696K) NonClass: 78650K(79232K)->78650K(79232K) Class: 21912K(22464K)->21912K(22464K)
[432.415s][info][gc             ] GC(547) Pause Young (Prepare Mixed) (G1 Humongous Allocation) (Evacuation Failure: Allocation) 2837M->1935M(2868M) 7.517ms
[432.415s][info][gc,cpu         ] GC(547) User=0.02s Sys=0.00s Real=0.01s
[433.436s][info][gc,start       ] GC(548) Pause Young (Mixed) (G1 Humongous Allocation)
[433.436s][info][gc,task        ] GC(548) Using 4 workers of 4 for evacuation
[433.440s][info][gc,phases      ] GC(548)   Pre Evacuate Collection Set: 0.21ms
[433.440s][info][gc,phases      ] GC(548)   Merge Heap Roots: 0.08ms
[433.440s][info][gc,phases      ] GC(548)   Evacuate Collection Set: 1.66ms
[433.440s][info][gc,phases      ] GC(548)   Post Evacuate Collection Set: 1.99ms
[433.440s][info][gc,phases      ] GC(548)   Other: 0.06ms
[433.440s][info][gc,heap        ] GC(548) Eden regions: 140->0(378)
[433.440s][info][gc,heap        ] GC(548) Survivor regions: 15->4(5)
[433.440s][info][gc,heap        ] GC(548) Old regions: 424->312
[433.440s][info][gc,heap        ] GC(548) Humongous regions: 850->583
[433.440s][info][gc,metaspace   ] GC(548) Metaspace: 100562K(101696K)->100562K(101696K) NonClass: 78650K(79232K)->78650K(79232K) Class: 21912K(22464K)->21912K(22464K)
[433.440s][info][gc             ] GC(548) Pause Young (Mixed) (G1 Humongous Allocation) (Evacuation Failure: Allocation) 2857M->1797M(2868M) 4.087ms
[433.440s][info][gc,cpu         ] GC(548) User=0.01s Sys=0.00s Real=0.00s
[433.441s][info][gc,start       ] GC(549) Pause Young (Concurrent Start) (G1 Humongous Allocation)
[433.441s][info][gc,task        ] GC(549) Using 4 workers of 4 for evacuation
[433.444s][info][gc,phases      ] GC(549)   Pre Evacuate Collection Set: 0.16ms
[433.444s][info][gc,phases      ] GC(549)   Merge Heap Roots: 0.05ms
[433.444s][info][gc,phases      ] GC(549)   Evacuate Collection Set: 2.91ms
[433.444s][info][gc,phases      ] GC(549)   Post Evacuate Collection Set: 0.46ms
[433.444s][info][gc,phases      ] GC(549)   Other: 0.04ms
[433.444s][info][gc,heap        ] GC(549) Eden regions: 2->0(469)
[433.444s][info][gc,heap        ] GC(549) Survivor regions: 4->5(48)
[433.444s][info][gc,heap        ] GC(549) Old regions: 312->188
[433.444s][info][gc,heap        ] GC(549) Humongous regions: 585->584
[433.444s][info][gc,metaspace   ] GC(549) Metaspace: 100562K(101696K)->100562K(101696K) NonClass: 78650K(79232K)->78650K(79232K) Class: 21912K(22464K)->21912K(22464K)
[433.444s][info][gc             ] GC(549) Pause Young (Concurrent Start) (G1 Humongous Allocation) 1804M->1553M(2868M) 3.689ms
[433.444s][info][gc             ] GC(550) Concurrent Mark Cycle
[433.444s][info][gc,marking     ] GC(550) Concurrent Scan Root Regions
[433.444s][info][gc,cpu         ] GC(549) User=0.02s Sys=0.00s Real=0.01s
[433.448s][info][gc,marking     ] GC(550) Concurrent Scan Root Regions 3.499ms
[433.448s][info][gc,marking     ] GC(550) Concurrent Mark
[433.448s][info][gc,marking     ] GC(550) Concurrent Mark From Roots
[433.448s][info][gc,task        ] GC(550) Using 1 workers of 1 for marking
[433.486s][info][gc,marking     ] GC(550) Concurrent Mark From Roots 37.817ms
[433.486s][info][gc,marking     ] GC(550) Concurrent Preclean
[433.486s][info][gc,marking     ] GC(550) Concurrent Preclean 0.104ms
[433.486s][info][gc,start       ] GC(550) Pause Remark
[433.490s][info][gc             ] GC(550) Pause Remark 1629M->1165M(2868M) 4.061ms
[433.490s][info][gc,cpu         ] GC(550) User=0.01s Sys=0.00s Real=0.00s
[433.490s][info][gc,marking     ] GC(550) Concurrent Mark 42.145ms
[433.490s][info][gc,marking     ] GC(550) Concurrent Rebuild Remembered Sets and Scrub Regions
[433.508s][info][gc,marking     ] GC(550) Concurrent Rebuild Remembered Sets and Scrub Regions 18.197ms
[433.508s][info][gc,start       ] GC(550) Pause Cleanup
[433.508s][info][gc             ] GC(550) Pause Cleanup 1195M->1195M(2868M) 0.071ms
[433.508s][info][gc,cpu         ] GC(550) User=0.00s Sys=0.00s Real=0.00s
[433.508s][info][gc,marking     ] GC(550) Concurrent Clear Claimed Marks
[433.508s][info][gc,marking     ] GC(550) Concurrent Clear Claimed Marks 0.124ms
[433.508s][info][gc,marking     ] GC(550) Concurrent Cleanup for Next Mark
[433.510s][info][gc,marking     ] GC(550) Concurrent Cleanup for Next Mark 1.402ms
[433.510s][info][gc             ] GC(550) Concurrent Mark Cycle 65.646ms
[434.410s][info][gc,start       ] GC(551) Pause Young (Prepare Mixed) (G1 Evacuation Pause)
[434.410s][info][gc,task        ] GC(551) Using 4 workers of 4 for evacuation
[434.415s][info][gc,phases      ] GC(551)   Pre Evacuate Collection Set: 0.14ms
[434.415s][info][gc,phases      ] GC(551)   Merge Heap Roots: 0.08ms
[434.415s][info][gc,phases      ] GC(551)   Evacuate Collection Set: 2.01ms
[434.415s][info][gc,phases      ] GC(551)   Post Evacuate Collection Set: 2.98ms
[434.415s][info][gc,phases      ] GC(551)   Other: 0.05ms
[434.415s][info][gc,heap        ] GC(551) Eden regions: 280->0(348)
[434.415s][info][gc,heap        ] GC(551) Survivor regions: 5->0(0)
[434.415s][info][gc,heap        ] GC(551) Old regions: 121->397
[434.415s][info][gc,heap        ] GC(551) Humongous regions: 1028->582
[434.415s][info][gc,metaspace   ] GC(551) Metaspace: 100583K(101696K)->100583K(101696K) NonClass: 78671K(79232K)->78671K(79232K) Class: 21912K(22464K)->21912K(22464K)
[434.415s][info][gc             ] GC(551) Pause Young (Prepare Mixed) (G1 Evacuation Pause) (Evacuation Failure: Allocation) 2867M->1957M(2868M) 5.357ms
[434.415s][info][gc,cpu         ] GC(551) User=0.02s Sys=0.00s Real=0.01s
[435.047s][info][gc,start       ] GC(552) Pause Young (Mixed) (G1 Humongous Allocation)
[435.047s][info][gc,task        ] GC(552) Using 4 workers of 4 for evacuation
[435.058s][info][gc,phases      ] GC(552)   Pre Evacuate Collection Set: 0.29ms
[435.058s][info][gc,phases      ] GC(552)   Merge Heap Roots: 0.16ms
[435.058s][info][gc,phases      ] GC(552)   Evacuate Collection Set: 4.25ms
[435.058s][info][gc,phases      ] GC(552)   Post Evacuate Collection Set: 6.74ms
[435.058s][info][gc,phases      ] GC(552)   Other: 0.07ms
[435.058s][info][gc,heap        ] GC(552) Eden regions: 254->0(110)
[435.058s][info][gc,heap        ] GC(552) Survivor regions: 0->6(14)
[435.058s][info][gc,heap        ] GC(552) Old regions: 397->599
[435.058s][info][gc,heap        ] GC(552) Humongous regions: 769->646
[435.058s][info][gc,metaspace   ] GC(552) Metaspace: 100583K(101696K)->100583K(101696K) NonClass: 78671K(79232K)->78671K(79232K) Class: 21912K(22464K)->21912K(22464K)
[435.058s][info][gc             ] GC(552) Pause Young (Mixed) (G1 Humongous Allocation) (Evacuation Failure: Allocation) 2838M->2501M(2868M) 11.607ms
[435.058s][info][gc,cpu         ] GC(552) User=0.04s Sys=0.00s Real=0.01s
[435.059s][info][gc,start       ] GC(553) Pause Young (Concurrent Start) (G1 Humongous Allocation)
[435.059s][info][gc,task        ] GC(553) Using 4 workers of 4 for evacuation
[435.068s][info][gc,phases      ] GC(553)   Pre Evacuate Collection Set: 0.29ms
[435.068s][info][gc,phases      ] GC(553)   Merge Heap Roots: 0.14ms
[435.068s][info][gc,phases      ] GC(553)   Evacuate Collection Set: 7.88ms
[435.068s][info][gc,phases      ] GC(553)   Post Evacuate Collection Set: 0.75ms
[435.068s][info][gc,phases      ] GC(553)   Other: 0.11ms
[435.068s][info][gc,heap        ] GC(553) Eden regions: 1->0(344)
[435.068s][info][gc,heap        ] GC(553) Survivor regions: 6->7(15)
[435.068s][info][gc,heap        ] GC(553) Old regions: 599->366
[435.068s][info][gc,heap        ] GC(553) Humongous regions: 648->644
[435.068s][info][gc,metaspace   ] GC(553) Metaspace: 100583K(101696K)->100583K(101696K) NonClass: 78671K(79232K)->78671K(79232K) Class: 21912K(22464K)->21912K(22464K)
[435.068s][info][gc             ] GC(553) Pause Young (Concurrent Start) (G1 Humongous Allocation) 2507M->2033M(2868M) 9.266ms
[435.068s][info][gc,cpu         ] GC(553) User=0.03s Sys=0.00s Real=0.01s
[435.068s][info][gc             ] GC(554) Concurrent Mark Cycle
[435.068s][info][gc,marking     ] GC(554) Concurrent Scan Root Regions
[435.088s][info][gc,marking     ] GC(554) Concurrent Scan Root Regions 19.860ms
[435.088s][info][gc,marking     ] GC(554) Concurrent Mark
[435.088s][info][gc,marking     ] GC(554) Concurrent Mark From Roots
[435.088s][info][gc,task        ] GC(554) Using 1 workers of 1 for marking
[435.128s][info][gc,marking     ] GC(554) Concurrent Mark From Roots 40.538ms
[435.128s][info][gc,marking     ] GC(554) Concurrent Preclean
[435.129s][info][gc,marking     ] GC(554) Concurrent Preclean 0.124ms
[435.129s][info][gc,start       ] GC(554) Pause Remark
[435.132s][info][gc             ] GC(554) Pause Remark 2641M->2187M(2868M) 3.428ms
[435.132s][info][gc,cpu         ] GC(554) User=0.01s Sys=0.00s Real=0.01s
[435.132s][info][gc,marking     ] GC(554) Concurrent Mark 44.234ms
[435.132s][info][gc,marking     ] GC(554) Concurrent Rebuild Remembered Sets and Scrub Regions
[435.158s][info][gc,marking     ] GC(554) Concurrent Rebuild Remembered Sets and Scrub Regions 26.047ms
[435.158s][info][gc,start       ] GC(554) Pause Cleanup
[435.158s][info][gc             ] GC(554) Pause Cleanup 2206M->2206M(2868M) 0.126ms
[435.158s][info][gc,cpu         ] GC(554) User=0.00s Sys=0.00s Real=0.00s
[435.158s][info][gc,marking     ] GC(554) Concurrent Clear Claimed Marks
[435.158s][info][gc,marking     ] GC(554) Concurrent Clear Claimed Marks 0.128ms
[435.158s][info][gc,marking     ] GC(554) Concurrent Cleanup for Next Mark
[435.160s][info][gc,marking     ] GC(554) Concurrent Cleanup for Next Mark 1.433ms
[435.160s][info][gc             ] GC(554) Concurrent Mark Cycle 92.057ms
[435.853s][info][gc,start       ] GC(555) Pause Young (Prepare Mixed) (G1 Humongous Allocation)
[435.853s][info][gc,task        ] GC(555) Using 4 workers of 4 for evacuation
[435.860s][info][gc,phases      ] GC(555)   Pre Evacuate Collection Set: 0.22ms
[435.860s][info][gc,phases      ] GC(555)   Merge Heap Roots: 0.09ms
[435.860s][info][gc,phases      ] GC(555)   Evacuate Collection Set: 3.61ms
[435.860s][info][gc,phases      ] GC(555)   Post Evacuate Collection Set: 2.88ms
[435.860s][info][gc,phases      ] GC(555)   Other: 0.05ms
[435.860s][info][gc,heap        ] GC(555) Eden regions: 112->0(308)
[435.860s][info][gc,heap        ] GC(555) Survivor regions: 7->7(21)
[435.860s][info][gc,heap        ] GC(555) Old regions: 339->462
[435.860s][info][gc,heap        ] GC(555) Humongous regions: 955->584
[435.860s][info][gc,metaspace   ] GC(555) Metaspace: 100584K(101696K)->100584K(101696K) NonClass: 78672K(79232K)->78672K(79232K) Class: 21912K(22464K)->21912K(22464K)
[435.860s][info][gc             ] GC(555) Pause Young (Prepare Mixed) (G1 Humongous Allocation) (Evacuation Failure: Allocation) 2825M->2105M(2868M) 6.944ms
[435.860s][info][gc,cpu         ] GC(555) User=0.02s Sys=0.00s Real=0.00s
[436.394s][info][gc,start       ] GC(556) Pause Young (Mixed) (G1 Humongous Allocation)
[436.394s][info][gc,task        ] GC(556) Using 4 workers of 4 for evacuation
[436.406s][info][gc,phases      ] GC(556)   Pre Evacuate Collection Set: 0.31ms
[436.406s][info][gc,phases      ] GC(556)   Merge Heap Roots: 0.12ms
[436.406s][info][gc,phases      ] GC(556)   Evacuate Collection Set: 3.95ms
[436.406s][info][gc,phases      ] GC(556)   Post Evacuate Collection Set: 6.93ms
[436.406s][info][gc,phases      ] GC(556)   Other: 0.06ms
[436.406s][info][gc,heap        ] GC(556) Eden regions: 242->0(103)
[436.406s][info][gc,heap        ] GC(556) Survivor regions: 7->2(5)
[436.406s][info][gc,heap        ] GC(556) Old regions: 462->668
[436.406s][info][gc,heap        ] GC(556) Humongous regions: 718->588
[436.406s][info][gc,metaspace   ] GC(556) Metaspace: 100584K(101696K)->100584K(101696K) NonClass: 78672K(79232K)->78672K(79232K) Class: 21912K(22464K)->21912K(22464K)
[436.406s][info][gc             ] GC(556) Pause Young (Mixed) (G1 Humongous Allocation) (Evacuation Failure: Allocation) 2856M->2515M(2868M) 11.454ms
[436.406s][info][gc,cpu         ] GC(556) User=0.04s Sys=0.00s Real=0.01s
[436.407s][info][gc,start       ] GC(557) Pause Young (Concurrent Start) (G1 Humongous Allocation)
[436.407s][info][gc,task        ] GC(557) Using 4 workers of 4 for evacuation
[436.415s][info][gc,phases      ] GC(557)   Pre Evacuate Collection Set: 0.34ms
[436.415s][info][gc,phases      ] GC(557)   Merge Heap Roots: 0.13ms
[436.415s][info][gc,phases      ] GC(557)   Evacuate Collection Set: 7.54ms
[436.415s][info][gc,phases      ] GC(557)   Post Evacuate Collection Set: 0.57ms
[436.415s][info][gc,phases      ] GC(557)   Other: 0.07ms
[436.415s][info][gc,heap        ] GC(557) Eden regions: 2->0(246)
[436.415s][info][gc,heap        ] GC(557) Survivor regions: 2->3(14)
[436.415s][info][gc,heap        ] GC(557) Old regions: 668->520
[436.415s][info][gc,heap        ] GC(557) Humongous regions: 590->589
[436.415s][info][gc,metaspace   ] GC(557) Metaspace: 100584K(101696K)->100584K(101696K) NonClass: 78672K(79232K)->78672K(79232K) Class: 21912K(22464K)->21912K(22464K)
[436.415s][info][gc             ] GC(557) Pause Young (Concurrent Start) (G1 Humongous Allocation) 2523M->2222M(2868M) 8.716ms
[436.415s][info][gc             ] GC(558) Concurrent Mark Cycle
[436.415s][info][gc,marking     ] GC(558) Concurrent Scan Root Regions
[436.415s][info][gc,cpu         ] GC(557) User=0.03s Sys=0.00s Real=0.01s
[436.436s][info][gc,marking     ] GC(558) Concurrent Scan Root Regions 20.246ms
[436.436s][info][gc,marking     ] GC(558) Concurrent Mark
[436.436s][info][gc,marking     ] GC(558) Concurrent Mark From Roots
[436.436s][info][gc,task        ] GC(558) Using 1 workers of 1 for marking
[436.437s][info][gc,start       ] GC(559) Pause Young (Normal) (G1 Humongous Allocation)
[436.437s][info][gc,task        ] GC(559) Using 4 workers of 4 for evacuation
[436.443s][info][gc,phases      ] GC(559)   Pre Evacuate Collection Set: 0.18ms
[436.443s][info][gc,phases      ] GC(559)   Merge Heap Roots: 0.07ms
[436.443s][info][gc,phases      ] GC(559)   Evacuate Collection Set: 3.28ms
[436.443s][info][gc,phases      ] GC(559)   Post Evacuate Collection Set: 2.74ms
[436.443s][info][gc,phases      ] GC(559)   Other: 0.05ms
[436.443s][info][gc,heap        ] GC(559) Eden regions: 25->0(122)
[436.443s][info][gc,heap        ] GC(559) Survivor regions: 3->2(20)
[436.443s][info][gc,heap        ] GC(559) Old regions: 520->563
[436.443s][info][gc,heap        ] GC(559) Humongous regions: 866->674
[436.443s][info][gc,metaspace   ] GC(559) Metaspace: 100584K(101696K)->100584K(101696K) NonClass: 78672K(79232K)->78672K(79232K) Class: 21912K(22464K)->21912K(22464K)
[436.443s][info][gc             ] GC(559) Pause Young (Normal) (G1 Humongous Allocation) (Evacuation Failure: Allocation) 2826M->2476M(2868M) 6.407ms
[436.443s][info][gc,cpu         ] GC(559) User=0.02s Sys=0.00s Real=0.01s
[436.486s][info][gc,marking     ] GC(558) Concurrent Mark From Roots 50.063ms
[436.486s][info][gc,marking     ] GC(558) Concurrent Preclean
[436.486s][info][gc,marking     ] GC(558) Concurrent Preclean 0.113ms
[436.486s][info][gc,start       ] GC(558) Pause Remark
[436.489s][info][gc             ] GC(558) Pause Remark 2560M->2200M(2868M) 2.931ms
[436.489s][info][gc,cpu         ] GC(558) User=0.01s Sys=0.01s Real=0.00s
[436.489s][info][gc,marking     ] GC(558) Concurrent Mark 53.266ms
[436.489s][info][gc,marking     ] GC(558) Concurrent Rebuild Remembered Sets and Scrub Regions
[436.523s][info][gc,marking     ] GC(558) Concurrent Rebuild Remembered Sets and Scrub Regions 34.193ms
[436.523s][info][gc,start       ] GC(558) Pause Cleanup
[436.523s][info][gc             ] GC(558) Pause Cleanup 2424M->2424M(2868M) 0.133ms
[436.523s][info][gc,cpu         ] GC(558) User=0.00s Sys=0.00s Real=0.00s
[436.523s][info][gc,marking     ] GC(558) Concurrent Clear Claimed Marks
[436.523s][info][gc,marking     ] GC(558) Concurrent Clear Claimed Marks 0.146ms
[436.524s][info][gc,marking     ] GC(558) Concurrent Cleanup for Next Mark
[436.525s][info][gc,marking     ] GC(558) Concurrent Cleanup for Next Mark 1.354ms
[436.525s][info][gc             ] GC(558) Concurrent Mark Cycle 109.561ms
[437.347s][info][gc,start       ] GC(560) Pause Young (Prepare Mixed) (G1 Evacuation Pause)
[437.347s][info][gc,task        ] GC(560) Using 4 workers of 4 for evacuation
[437.354s][info][gc,phases      ] GC(560)   Pre Evacuate Collection Set: 0.19ms
[437.354s][info][gc,phases      ] GC(560)   Merge Heap Roots: 0.09ms
[437.354s][info][gc,phases      ] GC(560)   Evacuate Collection Set: 2.38ms
[437.354s][info][gc,phases      ] GC(560)   Post Evacuate Collection Set: 4.07ms
[437.354s][info][gc,phases      ] GC(560)   Other: 0.05ms
[437.354s][info][gc,heap        ] GC(560) Eden regions: 94->0(235)
[437.354s][info][gc,heap        ] GC(560) Survivor regions: 2->0(0)
[437.354s][info][gc,heap        ] GC(560) Old regions: 563->634
[437.354s][info][gc,heap        ] GC(560) Humongous regions: 775->492
[437.354s][info][gc,metaspace   ] GC(560) Metaspace: 100592K(101696K)->100592K(101696K) NonClass: 78680K(79232K)->78680K(79232K) Class: 21912K(22464K)->21912K(22464K)
[437.354s][info][gc             ] GC(560) Pause Young (Prepare Mixed) (G1 Evacuation Pause) (Evacuation Failure: Allocation) 2866M->2250M(2868M) 6.880ms
[437.354s][info][gc,cpu         ] GC(560) User=0.02s Sys=0.00s Real=0.01s
[437.591s][info][gc,start       ] GC(561) Pause Young (Mixed) (G1 Humongous Allocation)
[437.591s][info][gc,task        ] GC(561) Using 4 workers of 4 for evacuation
[437.602s][info][gc,phases      ] GC(561)   Pre Evacuate Collection Set: 0.28ms
[437.602s][info][gc,phases      ] GC(561)   Merge Heap Roots: 0.15ms
[437.602s][info][gc,phases      ] GC(561)   Evacuate Collection Set: 3.83ms
[437.602s][info][gc,phases      ] GC(561)   Post Evacuate Collection Set: 6.73ms
[437.602s][info][gc,phases      ] GC(561)   Other: 0.06ms
[437.602s][info][gc,heap        ] GC(561) Eden regions: 174->0(71)
[437.602s][info][gc,heap        ] GC(561) Survivor regions: 0->5(9)
[437.602s][info][gc,heap        ] GC(561) Old regions: 634->794
[437.602s][info][gc,heap        ] GC(561) Humongous regions: 617->498
[437.602s][info][gc,metaspace   ] GC(561) Metaspace: 100592K(101696K)->100592K(101696K) NonClass: 78680K(79232K)->78680K(79232K) Class: 21912K(22464K)->21912K(22464K)
[437.602s][info][gc             ] GC(561) Pause Young (Mixed) (G1 Humongous Allocation) (Evacuation Failure: Allocation) 2848M->2592M(2868M) 11.142ms
[437.602s][info][gc,cpu         ] GC(561) User=0.04s Sys=0.00s Real=0.02s
[437.603s][info][gc,start       ] GC(562) Pause Young (Concurrent Start) (G1 Humongous Allocation)
[437.603s][info][gc,task        ] GC(562) Using 4 workers of 4 for evacuation
[437.612s][info][gc,phases      ] GC(562)   Pre Evacuate Collection Set: 0.30ms
[437.612s][info][gc,phases      ] GC(562)   Merge Heap Roots: 0.10ms
[437.612s][info][gc,phases      ] GC(562)   Evacuate Collection Set: 8.72ms
[437.612s][info][gc,phases      ] GC(562)   Post Evacuate Collection Set: 0.53ms
[437.612s][info][gc,phases      ] GC(562)   Other: 0.06ms
[437.612s][info][gc,heap        ] GC(562) Eden regions: 2->0(269)
[437.612s][info][gc,heap        ] GC(562) Survivor regions: 5->6(10)
[437.612s][info][gc,heap        ] GC(562) Old regions: 794->585
[437.612s][info][gc,heap        ] GC(562) Humongous regions: 501->501
[437.612s][info][gc,metaspace   ] GC(562) Metaspace: 100592K(101696K)->100592K(101696K) NonClass: 78680K(79232K)->78680K(79232K) Class: 21912K(22464K)->21912K(22464K)
[437.612s][info][gc             ] GC(562) Pause Young (Concurrent Start) (G1 Humongous Allocation) 2602M->2181M(2868M) 9.865ms
[437.612s][info][gc             ] GC(563) Concurrent Mark Cycle
[437.612s][info][gc,marking     ] GC(563) Concurrent Scan Root Regions
[437.612s][info][gc,cpu         ] GC(562) User=0.04s Sys=0.00s Real=0.01s
[437.630s][info][gc,marking     ] GC(563) Concurrent Scan Root Regions 18.033ms
[437.631s][info][gc,marking     ] GC(563) Concurrent Mark
[437.631s][info][gc,marking     ] GC(563) Concurrent Mark From Roots
[437.631s][info][gc,task        ] GC(563) Using 1 workers of 1 for marking
[437.679s][info][gc,marking     ] GC(563) Concurrent Mark From Roots 48.205ms
[437.679s][info][gc,marking     ] GC(563) Concurrent Preclean
[437.679s][info][gc,marking     ] GC(563) Concurrent Preclean 0.144ms
[437.679s][info][gc,start       ] GC(563) Pause Remark
[437.683s][info][gc             ] GC(563) Pause Remark 2725M->2505M(2868M) 3.820ms
[437.683s][info][gc,cpu         ] GC(563) User=0.01s Sys=0.00s Real=0.01s
[437.683s][info][gc,marking     ] GC(563) Concurrent Mark 52.366ms
[437.683s][info][gc,marking     ] GC(563) Concurrent Rebuild Remembered Sets and Scrub Regions
[437.718s][info][gc,marking     ] GC(563) Concurrent Rebuild Remembered Sets and Scrub Regions 34.934ms
[437.719s][info][gc,start       ] GC(563) Pause Cleanup
[437.719s][info][gc             ] GC(563) Pause Cleanup 2602M->2602M(2868M) 0.159ms
[437.719s][info][gc,cpu         ] GC(563) User=0.00s Sys=0.00s Real=0.00s
[437.719s][info][gc,marking     ] GC(563) Concurrent Clear Claimed Marks
[437.719s][info][gc,marking     ] GC(563) Concurrent Clear Claimed Marks 0.146ms
[437.719s][info][gc,marking     ] GC(563) Concurrent Cleanup for Next Mark
[437.721s][info][gc,marking     ] GC(563) Concurrent Cleanup for Next Mark 1.632ms
[437.721s][info][gc             ] GC(563) Concurrent Mark Cycle 108.276ms
[438.048s][info][gc,start       ] GC(564) Pause Young (Prepare Mixed) (G1 Humongous Allocation)
[438.048s][info][gc,task        ] GC(564) Using 4 workers of 4 for evacuation
[438.055s][info][gc,phases      ] GC(564)   Pre Evacuate Collection Set: 0.23ms
[438.055s][info][gc,phases      ] GC(564)   Merge Heap Roots: 0.11ms
[438.055s][info][gc,phases      ] GC(564)   Evacuate Collection Set: 4.06ms
[438.055s][info][gc,phases      ] GC(564)   Post Evacuate Collection Set: 2.54ms
[438.055s][info][gc,phases      ] GC(564)   Other: 0.05ms
[438.055s][info][gc,heap        ] GC(564) Eden regions: 71->0(258)
[438.055s][info][gc,heap        ] GC(564) Survivor regions: 6->10(35)
[438.055s][info][gc,heap        ] GC(564) Old regions: 570->624
[438.055s][info][gc,heap        ] GC(564) Humongous regions: 749->469
[438.055s][info][gc,metaspace   ] GC(564) Metaspace: 100593K(101696K)->100593K(101696K) NonClass: 78681K(79232K)->78681K(79232K) Class: 21912K(22464K)->21912K(22464K)
[438.055s][info][gc             ] GC(564) Pause Young (Prepare Mixed) (G1 Humongous Allocation) (Evacuation Failure: Allocation) 2787M->2204M(2868M) 7.091ms
[438.055s][info][gc,cpu         ] GC(564) User=0.02s Sys=0.00s Real=0.01s
[438.544s][info][gc,start       ] GC(565) Pause Young (Mixed) (G1 Evacuation Pause)
[438.544s][info][gc,task        ] GC(565) Using 4 workers of 4 for evacuation
[438.552s][info][gc,phases      ] GC(565)   Pre Evacuate Collection Set: 0.22ms
[438.552s][info][gc,phases      ] GC(565)   Merge Heap Roots: 0.14ms
[438.552s][info][gc,phases      ] GC(565)   Evacuate Collection Set: 2.45ms
[438.552s][info][gc,phases      ] GC(565)   Post Evacuate Collection Set: 5.25ms
[438.552s][info][gc,phases      ] GC(565)   Other: 0.06ms
[438.552s][info][gc,heap        ] GC(565) Eden regions: 181->0(96)
[438.552s][info][gc,heap        ] GC(565) Survivor regions: 10->0(0)
[438.552s][info][gc,heap        ] GC(565) Old regions: 624->788
[438.552s][info][gc,heap        ] GC(565) Humongous regions: 619->477
[438.552s][info][gc,metaspace   ] GC(565) Metaspace: 100593K(101696K)->100593K(101696K) NonClass: 78681K(79232K)->78681K(79232K) Class: 21912K(22464K)->21912K(22464K)
[438.552s][info][gc             ] GC(565) Pause Young (Mixed) (G1 Evacuation Pause) (Evacuation Failure: Allocation) 2866M->2528M(2868M) 8.230ms
[438.552s][info][gc,cpu         ] GC(565) User=0.03s Sys=0.00s Real=0.01s
[438.553s][info][gc,start       ] GC(566) Pause Young (Concurrent Start) (G1 Humongous Allocation)
[438.553s][info][gc,task        ] GC(566) Using 4 workers of 4 for evacuation
[438.561s][info][gc,phases      ] GC(566)   Pre Evacuate Collection Set: 0.24ms
[438.561s][info][gc,phases      ] GC(566)   Merge Heap Roots: 0.08ms
[438.561s][info][gc,phases      ] GC(566)   Evacuate Collection Set: 7.18ms
[438.561s][info][gc,phases      ] GC(566)   Post Evacuate Collection Set: 0.53ms
[438.561s][info][gc,phases      ] GC(566)   Other: 0.06ms
[438.561s][info][gc,heap        ] GC(566) Eden regions: 4->0(266)
[438.561s][info][gc,heap        ] GC(566) Survivor regions: 0->2(12)
[438.561s][info][gc,heap        ] GC(566) Old regions: 788->523
[438.561s][info][gc,heap        ] GC(566) Humongous regions: 477->477
[438.561s][info][gc,metaspace   ] GC(566) Metaspace: 100593K(101696K)->100593K(101696K) NonClass: 78681K(79232K)->78681K(79232K) Class: 21912K(22464K)->21912K(22464K)
[438.561s][info][gc             ] GC(566) Pause Young (Concurrent Start) (G1 Humongous Allocation) 2536M->2003M(2868M) 8.166ms
[438.561s][info][gc,cpu         ] GC(566) User=0.03s Sys=0.00s Real=0.00s
[438.561s][info][gc             ] GC(567) Concurrent Mark Cycle
[438.561s][info][gc,marking     ] GC(567) Concurrent Scan Root Regions
[438.576s][info][gc,marking     ] GC(567) Concurrent Scan Root Regions 14.802ms
[438.576s][info][gc,marking     ] GC(567) Concurrent Mark
[438.576s][info][gc,marking     ] GC(567) Concurrent Mark From Roots
[438.576s][info][gc,task        ] GC(567) Using 1 workers of 1 for marking
[438.622s][info][gc,marking     ] GC(567) Concurrent Mark From Roots 46.145ms
[438.622s][info][gc,marking     ] GC(567) Concurrent Preclean
[438.622s][info][gc,marking     ] GC(567) Concurrent Preclean 0.106ms
[438.622s][info][gc,start       ] GC(567) Pause Remark
[438.625s][info][gc             ] GC(567) Pause Remark 2635M->2149M(2868M) 3.045ms
[438.625s][info][gc,cpu         ] GC(567) User=0.00s Sys=0.00s Real=0.00s
[438.625s][info][gc,marking     ] GC(567) Concurrent Mark 49.456ms
[438.625s][info][gc,marking     ] GC(567) Concurrent Rebuild Remembered Sets and Scrub Regions
[438.654s][info][gc,marking     ] GC(567) Concurrent Rebuild Remembered Sets and Scrub Regions 28.529ms
[438.654s][info][gc,start       ] GC(567) Pause Cleanup
[438.654s][info][gc             ] GC(567) Pause Cleanup 2149M->2149M(2868M) 0.101ms
[438.654s][info][gc,cpu         ] GC(567) User=0.00s Sys=0.00s Real=0.00s
[438.654s][info][gc,marking     ] GC(567) Concurrent Clear Claimed Marks
[438.654s][info][gc,marking     ] GC(567) Concurrent Clear Claimed Marks 0.116ms
[438.654s][info][gc,marking     ] GC(567) Concurrent Cleanup for Next Mark
[438.655s][info][gc,marking     ] GC(567) Concurrent Cleanup for Next Mark 1.289ms
[438.655s][info][gc             ] GC(567) Concurrent Mark Cycle 94.477ms
