[0.003s][info][gc,init] CardTable entry size: 512
[0.003s][info][gc     ] Using G1
[0.007s][info][gc,init] Version: 25.0.4.1+1-LTS (release)
[0.007s][info][gc,init] CPUs: 12 total, 4 available
[0.007s][info][gc,init] Memory: 4096M
[0.007s][info][gc,init] Large Page Support: Disabled
[0.007s][info][gc,init] NUMA Support: Disabled
[0.007s][info][gc,init] Compressed Oops: Enabled (Zero based)
[0.007s][info][gc,init] Heap Region Size: 2M
[0.007s][info][gc,init] Heap Min Capacity: 8M
[0.007s][info][gc,init] Heap Initial Capacity: 2868M
[0.007s][info][gc,init] Heap Max Capacity: 2868M
[0.007s][info][gc,init] Pre-touch: Disabled
[0.007s][info][gc,init] Parallel Workers: 4
[0.007s][info][gc,init] Concurrent Workers: 1
[0.007s][info][gc,init] Concurrent Refinement Workers: 4
[0.007s][info][gc,init] Periodic GC: Disabled
[0.011s][info][gc,metaspace] CDS archive(s) mapped at: [0x000003e000000000-0x000003e000e70000-0x000003e000e70000), size 15138816, SharedBaseAddress: 0x000003e000000000, ArchiveRelocationMode: 1.
[0.011s][info][gc,metaspace] Compressed class space mapped at: 0x000003e001000000-0x000003e041000000, reserved size: 1073741824
[0.011s][info][gc,metaspace] UseCompressedClassPointers 1, UseCompactObjectHeaders 1
[0.011s][info][gc,metaspace] Narrow klass pointer bits 22, Max shift 10
[0.011s][info][gc,metaspace] Narrow klass base: 0x000003e000000000, Narrow klass shift: 10
[0.011s][info][gc,metaspace] Encoding Range: [0x000003e000000000 - 0x000003e100000000), (4294967296 bytes)
[0.011s][info][gc,metaspace] Klass Range:    [0x000003e000010000 - 0x000003e041000000), (1090453504 bytes)
[0.011s][info][gc,metaspace] Klass ID Range:  [64 - 1064960) (1064896)
[0.011s][info][gc,metaspace] Protection zone: [0x000003e000000000 - 0x000003e000010000), (65536 bytes)
[0.724s][info][gc,start    ] GC(0) Pause Young (Normal) (G1 Evacuation Pause)
[0.724s][info][gc,task     ] GC(0) Using 4 workers of 4 for evacuation
[0.730s][info][gc,phases   ] GC(0)   Pre Evacuate Collection Set: 0.19ms
[0.730s][info][gc,phases   ] GC(0)   Merge Heap Roots: 0.04ms
[0.730s][info][gc,phases   ] GC(0)   Evacuate Collection Set: 4.18ms
[0.730s][info][gc,phases   ] GC(0)   Post Evacuate Collection Set: 0.88ms
[0.730s][info][gc,phases   ] GC(0)   Other: 0.59ms
[0.730s][info][gc,heap     ] GC(0) Eden regions: 71->0(200)
[0.730s][info][gc,heap     ] GC(0) Survivor regions: 0->5(9)
[0.730s][info][gc,heap     ] GC(0) Old regions: 1->1
[0.730s][info][gc,heap     ] GC(0) Humongous regions: 2->2
[0.730s][info][gc,metaspace] GC(0) Metaspace: 17059K(17344K)->17059K(17344K) NonClass: 13463K(13632K)->13463K(13632K) Class: 3596K(3712K)->3596K(3712K)
[0.730s][info][gc          ] GC(0) Pause Young (Normal) (G1 Evacuation Pause) 147M->13M(2868M) 6.020ms
[0.730s][info][gc,cpu      ] GC(0) User=0.02s Sys=0.00s Real=0.01s
[1.240s][info][gc,start    ] GC(1) Pause Young (Concurrent Start) (Metadata GC Threshold)
[1.240s][info][gc,task     ] GC(1) Using 4 workers of 4 for evacuation
[1.245s][info][gc,phases   ] GC(1)   Pre Evacuate Collection Set: 0.14ms
[1.245s][info][gc,phases   ] GC(1)   Merge Heap Roots: 0.04ms
[1.245s][info][gc,phases   ] GC(1)   Evacuate Collection Set: 3.97ms
[1.245s][info][gc,phases   ] GC(1)   Post Evacuate Collection Set: 0.77ms
[1.245s][info][gc,phases   ] GC(1)   Other: 0.04ms
[1.245s][info][gc,heap     ] GC(1) Eden regions: 129->0(542)
[1.245s][info][gc,heap     ] GC(1) Survivor regions: 5->6(26)
[1.245s][info][gc,heap     ] GC(1) Old regions: 1->1
[1.245s][info][gc,heap     ] GC(1) Humongous regions: 2->2
[1.245s][info][gc,metaspace] GC(1) Metaspace: 21195K(21504K)->21195K(21504K) NonClass: 16557K(16704K)->16557K(16704K) Class: 4637K(4800K)->4637K(4800K)
[1.245s][info][gc          ] GC(1) Pause Young (Concurrent Start) (Metadata GC Threshold) 270M->16M(2868M) 5.054ms
[1.245s][info][gc,cpu      ] GC(1) User=0.02s Sys=0.00s Real=0.00s
[1.245s][info][gc          ] GC(2) Concurrent Mark Cycle
[1.245s][info][gc,marking  ] GC(2) Concurrent Scan Root Regions
[1.249s][info][gc,marking  ] GC(2) Concurrent Scan Root Regions 3.562ms
[1.249s][info][gc,marking  ] GC(2) Concurrent Mark
[1.249s][info][gc,marking  ] GC(2) Concurrent Mark From Roots
[1.249s][info][gc,task     ] GC(2) Using 1 workers of 1 for marking
[1.250s][info][gc,marking  ] GC(2) Concurrent Mark From Roots 1.003ms
[1.250s][info][gc,marking  ] GC(2) Concurrent Preclean
[1.250s][info][gc,marking  ] GC(2) Concurrent Preclean 0.004ms
[1.250s][info][gc,start    ] GC(2) Pause Remark
[1.252s][info][gc          ] GC(2) Pause Remark 18M->18M(60M) 2.025ms
[1.252s][info][gc,cpu      ] GC(2) User=0.00s Sys=0.00s Real=0.00s
[1.252s][info][gc,marking  ] GC(2) Concurrent Mark 3.334ms
[1.252s][info][gc,marking  ] GC(2) Concurrent Rebuild Remembered Sets and Scrub Regions
[1.252s][info][gc,marking  ] GC(2) Concurrent Rebuild Remembered Sets and Scrub Regions 0.436ms
[1.253s][info][gc,start    ] GC(2) Pause Cleanup
[1.253s][info][gc          ] GC(2) Pause Cleanup 18M->18M(60M) 0.017ms
[1.253s][info][gc,cpu      ] GC(2) User=0.00s Sys=0.00s Real=0.00s
[1.253s][info][gc,marking  ] GC(2) Concurrent Clear Claimed Marks
[1.253s][info][gc,marking  ] GC(2) Concurrent Clear Claimed Marks 0.031ms
[1.253s][info][gc,marking  ] GC(2) Concurrent Cleanup for Next Mark
[1.253s][info][gc,marking  ] GC(2) Concurrent Cleanup for Next Mark 0.243ms
[1.253s][info][gc          ] GC(2) Concurrent Mark Cycle 8.237ms
[1.399s][info][gc,start    ] GC(3) Pause Young (Prepare Mixed) (G1 Evacuation Pause)
[1.399s][info][gc,task     ] GC(3) Using 3 workers of 4 for evacuation
[1.405s][info][gc,phases   ] GC(3)   Pre Evacuate Collection Set: 0.09ms
[1.405s][info][gc,phases   ] GC(3)   Merge Heap Roots: 0.06ms
[1.405s][info][gc,phases   ] GC(3)   Evacuate Collection Set: 4.75ms
[1.405s][info][gc,phases   ] GC(3)   Post Evacuate Collection Set: 0.69ms
[1.405s][info][gc,phases   ] GC(3)   Other: 0.03ms
[1.405s][info][gc,heap     ] GC(3) Eden regions: 21->0(15)
[1.405s][info][gc,heap     ] GC(3) Survivor regions: 6->7(69)
[1.405s][info][gc,heap     ] GC(3) Old regions: 1->1
[1.405s][info][gc,heap     ] GC(3) Humongous regions: 2->2
[1.405s][info][gc,metaspace] GC(3) Metaspace: 22332K(22656K)->22332K(22656K) NonClass: 17533K(17728K)->17533K(17728K) Class: 4798K(4928K)->4798K(4928K)
[1.405s][info][gc          ] GC(3) Pause Young (Prepare Mixed) (G1 Evacuation Pause) 58M->18M(74M) 5.707ms
[1.405s][info][gc,cpu      ] GC(3) User=0.02s Sys=0.00s Real=0.00s
[1.443s][info][gc,start    ] GC(4) Pause Young (Mixed) (G1 Evacuation Pause)
[1.443s][info][gc,task     ] GC(4) Using 2 workers of 4 for evacuation
[1.452s][info][gc,phases   ] GC(4)   Pre Evacuate Collection Set: 0.11ms
[1.452s][info][gc,phases   ] GC(4)   Merge Heap Roots: 0.04ms
[1.452s][info][gc,phases   ] GC(4)   Evacuate Collection Set: 7.96ms
[1.452s][info][gc,phases   ] GC(4)   Post Evacuate Collection Set: 0.66ms
[1.452s][info][gc,phases   ] GC(4)   Other: 0.03ms
[1.452s][info][gc,heap     ] GC(4) Eden regions: 15->0(18)
[1.452s][info][gc,heap     ] GC(4) Survivor regions: 7->2(3)
[1.452s][info][gc,heap     ] GC(4) Old regions: 1->6
[1.452s][info][gc,heap     ] GC(4) Humongous regions: 2->2
[1.452s][info][gc,metaspace] GC(4) Metaspace: 22419K(22720K)->22419K(22720K) NonClass: 17590K(17728K)->17590K(17728K) Class: 4829K(4992K)->4829K(4992K)
[1.452s][info][gc          ] GC(4) Pause Young (Mixed) (G1 Evacuation Pause) 48M->20M(74M) 8.886ms
[1.452s][info][gc,cpu      ] GC(4) User=0.03s Sys=0.00s Real=0.01s
[1.565s][info][gc,start    ] GC(5) Pause Young (Normal) (G1 Evacuation Pause)
[1.565s][info][gc,task     ] GC(5) Using 2 workers of 4 for evacuation
[1.567s][info][gc,phases   ] GC(5)   Pre Evacuate Collection Set: 0.13ms
[1.567s][info][gc,phases   ] GC(5)   Merge Heap Roots: 0.07ms
[1.567s][info][gc,phases   ] GC(5)   Evacuate Collection Set: 1.89ms
[1.567s][info][gc,phases   ] GC(5)   Post Evacuate Collection Set: 0.26ms
[1.567s][info][gc,phases   ] GC(5)   Other: 0.03ms
[1.567s][info][gc,heap     ] GC(5) Eden regions: 18->0(18)
[1.567s][info][gc,heap     ] GC(5) Survivor regions: 2->1(3)
[1.567s][info][gc,heap     ] GC(5) Old regions: 6->8
[1.567s][info][gc,heap     ] GC(5) Humongous regions: 2->2
[1.567s][info][gc,metaspace] GC(5) Metaspace: 24323K(24704K)->24323K(24704K) NonClass: 19069K(19264K)->19069K(19264K) Class: 5254K(5440K)->5254K(5440K)
[1.567s][info][gc          ] GC(5) Pause Young (Normal) (G1 Evacuation Pause) 56M->20M(74M) 2.463ms
[1.567s][info][gc,cpu      ] GC(5) User=0.00s Sys=0.00s Real=0.01s
[1.659s][info][gc,start    ] GC(6) Pause Young (Normal) (G1 Evacuation Pause)
[1.660s][info][gc,task     ] GC(6) Using 2 workers of 4 for evacuation
[1.661s][info][gc,phases   ] GC(6)   Pre Evacuate Collection Set: 0.12ms
[1.661s][info][gc,phases   ] GC(6)   Merge Heap Roots: 0.06ms
[1.661s][info][gc,phases   ] GC(6)   Evacuate Collection Set: 1.21ms
[1.661s][info][gc,phases   ] GC(6)   Post Evacuate Collection Set: 0.22ms
[1.661s][info][gc,phases   ] GC(6)   Other: 0.03ms
[1.661s][info][gc,heap     ] GC(6) Eden regions: 18->0(19)
[1.661s][info][gc,heap     ] GC(6) Survivor regions: 1->1(3)
[1.661s][info][gc,heap     ] GC(6) Old regions: 8->8
[1.661s][info][gc,heap     ] GC(6) Humongous regions: 2->2
[1.661s][info][gc,metaspace] GC(6) Metaspace: 25989K(26368K)->25989K(26368K) NonClass: 20364K(20544K)->20364K(20544K) Class: 5624K(5824K)->5624K(5824K)
[1.661s][info][gc          ] GC(6) Pause Young (Normal) (G1 Evacuation Pause) 56M->20M(74M) 1.734ms
[1.661s][info][gc,cpu      ] GC(6) User=0.01s Sys=0.00s Real=0.00s
[1.791s][info][gc,start    ] GC(7) Pause Young (Normal) (G1 Evacuation Pause)
[1.792s][info][gc,task     ] GC(7) Using 2 workers of 4 for evacuation
[1.794s][info][gc,phases   ] GC(7)   Pre Evacuate Collection Set: 0.09ms
[1.795s][info][gc,phases   ] GC(7)   Merge Heap Roots: 0.04ms
[1.795s][info][gc,phases   ] GC(7)   Evacuate Collection Set: 1.90ms
[1.795s][info][gc,phases   ] GC(7)   Post Evacuate Collection Set: 0.91ms
[1.795s][info][gc,phases   ] GC(7)   Other: 0.04ms
[1.795s][info][gc,heap     ] GC(7) Eden regions: 19->0(439)
[1.795s][info][gc,heap     ] GC(7) Survivor regions: 1->2(3)
[1.795s][info][gc,heap     ] GC(7) Old regions: 8->8
[1.795s][info][gc,heap     ] GC(7) Humongous regions: 2->2
[1.795s][info][gc,metaspace] GC(7) Metaspace: 28973K(29376K)->28973K(29376K) NonClass: 22632K(22848K)->22632K(22848K) Class: 6340K(6528K)->6340K(6528K)
[1.795s][info][gc          ] GC(7) Pause Young (Normal) (G1 Evacuation Pause) 58M->21M(1472M) 3.076ms
[1.795s][info][gc,cpu      ] GC(7) User=0.02s Sys=0.00s Real=0.00s
[2.003s][info][gc,start    ] GC(8) Pause Young (Concurrent Start) (Metadata GC Threshold)
[2.003s][info][gc,task     ] GC(8) Using 4 workers of 4 for evacuation
[2.006s][info][gc,phases   ] GC(8)   Pre Evacuate Collection Set: 0.14ms
[2.006s][info][gc,phases   ] GC(8)   Merge Heap Roots: 0.04ms
[2.006s][info][gc,phases   ] GC(8)   Evacuate Collection Set: 2.13ms
[2.006s][info][gc,phases   ] GC(8)   Post Evacuate Collection Set: 0.44ms
[2.006s][info][gc,phases   ] GC(8)   Other: 0.04ms
[2.006s][info][gc,heap     ] GC(8) Eden regions: 37->0(438)
[2.006s][info][gc,heap     ] GC(8) Survivor regions: 2->3(56)
[2.006s][info][gc,heap     ] GC(8) Old regions: 8->8
[2.006s][info][gc,heap     ] GC(8) Humongous regions: 2->2
[2.006s][info][gc,metaspace] GC(8) Metaspace: 35672K(36096K)->35672K(36096K) NonClass: 27839K(28096K)->27839K(28096K) Class: 7832K(8000K)->7832K(8000K)
[2.006s][info][gc          ] GC(8) Pause Young (Concurrent Start) (Metadata GC Threshold) 95M->23M(1472M) 2.873ms
[2.006s][info][gc,cpu      ] GC(8) User=0.01s Sys=0.00s Real=0.01s
[2.006s][info][gc          ] GC(9) Concurrent Mark Cycle
[2.006s][info][gc,marking  ] GC(9) Concurrent Scan Root Regions
[2.009s][info][gc,marking  ] GC(9) Concurrent Scan Root Regions 3.056ms
[2.009s][info][gc,marking  ] GC(9) Concurrent Mark
[2.009s][info][gc,marking  ] GC(9) Concurrent Mark From Roots
[2.009s][info][gc,task     ] GC(9) Using 1 workers of 1 for marking
[2.028s][info][gc,marking  ] GC(9) Concurrent Mark From Roots 19.323ms
[2.028s][info][gc,marking  ] GC(9) Concurrent Preclean
[2.028s][info][gc,marking  ] GC(9) Concurrent Preclean 0.082ms
[2.029s][info][gc,start    ] GC(9) Pause Remark
[2.036s][info][gc          ] GC(9) Pause Remark 31M->31M(88M) 7.288ms
[2.036s][info][gc,cpu      ] GC(9) User=0.02s Sys=0.00s Real=0.01s
[2.037s][info][gc,marking  ] GC(9) Concurrent Mark 28.151ms
[2.037s][info][gc,marking  ] GC(9) Concurrent Rebuild Remembered Sets and Scrub Regions
[2.042s][info][gc,marking  ] GC(9) Concurrent Rebuild Remembered Sets and Scrub Regions 4.317ms
[2.042s][info][gc,start    ] GC(9) Pause Cleanup
[2.042s][info][gc          ] GC(9) Pause Cleanup 33M->33M(88M) 0.052ms
[2.042s][info][gc,cpu      ] GC(9) User=0.00s Sys=0.00s Real=0.00s
[2.043s][info][gc,marking  ] GC(9) Concurrent Clear Claimed Marks
[2.043s][info][gc,marking  ] GC(9) Concurrent Clear Claimed Marks 0.045ms
[2.043s][info][gc,marking  ] GC(9) Concurrent Cleanup for Next Mark
[2.043s][info][gc,marking  ] GC(9) Concurrent Cleanup for Next Mark 0.145ms
[2.043s][info][gc          ] GC(9) Concurrent Mark Cycle 36.812ms
[2.182s][info][gc,start    ] GC(10) Pause Young (Prepare Mixed) (G1 Evacuation Pause)
[2.182s][info][gc,task     ] GC(10) Using 4 workers of 4 for evacuation
[2.185s][info][gc,phases   ] GC(10)   Pre Evacuate Collection Set: 0.07ms
[2.185s][info][gc,phases   ] GC(10)   Merge Heap Roots: 0.03ms
[2.185s][info][gc,phases   ] GC(10)   Evacuate Collection Set: 2.10ms
[2.185s][info][gc,phases   ] GC(10)   Post Evacuate Collection Set: 0.24ms
[2.185s][info][gc,phases   ] GC(10)   Other: 0.03ms
[2.185s][info][gc,heap     ] GC(10) Eden regions: 31->0(24)
[2.185s][info][gc,heap     ] GC(10) Survivor regions: 3->4(56)
[2.185s][info][gc,heap     ] GC(10) Old regions: 8->8
[2.185s][info][gc,heap     ] GC(10) Humongous regions: 2->2
[2.185s][info][gc,metaspace] GC(10) Metaspace: 39976K(40384K)->39976K(40384K) NonClass: 31201K(31424K)->31201K(31424K) Class: 8774K(8960K)->8774K(8960K)
[2.185s][info][gc          ] GC(10) Pause Young (Prepare Mixed) (G1 Evacuation Pause) 85M->25M(96M) 2.550ms
[2.185s][info][gc,cpu      ] GC(10) User=0.01s Sys=0.00s Real=0.00s
[2.273s][info][gc,start    ] GC(11) Pause Young (Mixed) (G1 Evacuation Pause)
[2.273s][info][gc,task     ] GC(11) Using 4 workers of 4 for evacuation
[2.276s][info][gc,phases   ] GC(11)   Pre Evacuate Collection Set: 0.06ms
[2.276s][info][gc,phases   ] GC(11)   Merge Heap Roots: 0.04ms
[2.276s][info][gc,phases   ] GC(11)   Evacuate Collection Set: 2.44ms
[2.276s][info][gc,phases   ] GC(11)   Post Evacuate Collection Set: 0.28ms
[2.276s][info][gc,phases   ] GC(11)   Other: 0.04ms
[2.276s][info][gc,heap     ] GC(11) Eden regions: 24->0(24)
[2.276s][info][gc,heap     ] GC(11) Survivor regions: 4->4(4)
[2.276s][info][gc,heap     ] GC(11) Old regions: 8->9
[2.276s][info][gc,heap     ] GC(11) Humongous regions: 2->2
[2.276s][info][gc,metaspace] GC(11) Metaspace: 42078K(42560K)->42078K(42560K) NonClass: 32630K(32896K)->32630K(32896K) Class: 9448K(9664K)->9448K(9664K)
[2.276s][info][gc          ] GC(11) Pause Young (Mixed) (G1 Evacuation Pause) 73M->27M(96M) 2.935ms
[2.276s][info][gc,cpu      ] GC(11) User=0.01s Sys=0.00s Real=0.01s
[2.398s][info][gc,start    ] GC(12) Pause Young (Normal) (G1 Evacuation Pause)
[2.398s][info][gc,task     ] GC(12) Using 3 workers of 4 for evacuation
[2.401s][info][gc,phases   ] GC(12)   Pre Evacuate Collection Set: 0.08ms
[2.401s][info][gc,phases   ] GC(12)   Merge Heap Roots: 0.04ms
[2.401s][info][gc,phases   ] GC(12)   Evacuate Collection Set: 2.59ms
[2.401s][info][gc,phases   ] GC(12)   Post Evacuate Collection Set: 0.31ms
[2.401s][info][gc,phases   ] GC(12)   Other: 0.04ms
[2.401s][info][gc,heap     ] GC(12) Eden regions: 24->0(25)
[2.401s][info][gc,heap     ] GC(12) Survivor regions: 4->3(4)
[2.401s][info][gc,heap     ] GC(12) Old regions: 9->11
[2.401s][info][gc,heap     ] GC(12) Humongous regions: 2->2
[2.401s][info][gc,metaspace] GC(12) Metaspace: 43908K(44288K)->43908K(44288K) NonClass: 34083K(34304K)->34083K(34304K) Class: 9825K(9984K)->9825K(9984K)
[2.401s][info][gc          ] GC(12) Pause Young (Normal) (G1 Evacuation Pause) 75M->29M(96M) 3.157ms
[2.401s][info][gc,cpu      ] GC(12) User=0.00s Sys=0.00s Real=0.00s
[2.526s][info][gc,start    ] GC(13) Pause Young (Normal) (G1 Evacuation Pause)
[2.526s][info][gc,task     ] GC(13) Using 2 workers of 4 for evacuation
[2.530s][info][gc,phases   ] GC(13)   Pre Evacuate Collection Set: 0.06ms
[2.530s][info][gc,phases   ] GC(13)   Merge Heap Roots: 0.05ms
[2.530s][info][gc,phases   ] GC(13)   Evacuate Collection Set: 3.66ms
[2.530s][info][gc,phases   ] GC(13)   Post Evacuate Collection Set: 0.26ms
[2.530s][info][gc,phases   ] GC(13)   Other: 0.04ms
[2.530s][info][gc,heap     ] GC(13) Eden regions: 25->0(25)
[2.530s][info][gc,heap     ] GC(13) Survivor regions: 3->3(4)
[2.530s][info][gc,heap     ] GC(13) Old regions: 11->13
[2.530s][info][gc,heap     ] GC(13) Humongous regions: 2->2
[2.530s][info][gc,metaspace] GC(13) Metaspace: 45017K(45440K)->45017K(45440K) NonClass: 34985K(35200K)->34985K(35200K) Class: 10031K(10240K)->10031K(10240K)
[2.530s][info][gc          ] GC(13) Pause Young (Normal) (G1 Evacuation Pause) 79M->32M(96M) 4.164ms
[2.530s][info][gc,cpu      ] GC(13) User=0.01s Sys=0.00s Real=0.00s
[2.679s][info][gc,start    ] GC(14) Pause Young (Normal) (G1 Evacuation Pause)
[2.679s][info][gc,task     ] GC(14) Using 2 workers of 4 for evacuation
[2.683s][info][gc,phases   ] GC(14)   Pre Evacuate Collection Set: 0.08ms
[2.683s][info][gc,phases   ] GC(14)   Merge Heap Roots: 0.06ms
[2.683s][info][gc,phases   ] GC(14)   Evacuate Collection Set: 3.46ms
[2.683s][info][gc,phases   ] GC(14)   Post Evacuate Collection Set: 0.73ms
[2.683s][info][gc,phases   ] GC(14)   Other: 0.04ms
[2.683s][info][gc,heap     ] GC(14) Eden regions: 25->0(441)
[2.683s][info][gc,heap     ] GC(14) Survivor regions: 3->3(4)
[2.683s][info][gc,heap     ] GC(14) Old regions: 13->14
[2.683s][info][gc,heap     ] GC(14) Humongous regions: 2->2
[2.683s][info][gc,metaspace] GC(14) Metaspace: 46998K(47360K)->46998K(47360K) NonClass: 36522K(36736K)->36522K(36736K) Class: 10475K(10624K)->10475K(10624K)
[2.683s][info][gc          ] GC(14) Pause Young (Normal) (G1 Evacuation Pause) 82M->34M(1482M) 4.444ms
[2.683s][info][gc,cpu      ] GC(14) User=0.01s Sys=0.00s Real=0.00s
[3.506s][info][gc,start    ] GC(15) Pause Young (Concurrent Start) (Metadata GC Threshold)
[3.506s][info][gc,task     ] GC(15) Using 4 workers of 4 for evacuation
[3.511s][info][gc,phases   ] GC(15)   Pre Evacuate Collection Set: 0.13ms
[3.511s][info][gc,phases   ] GC(15)   Merge Heap Roots: 0.04ms
[3.511s][info][gc,phases   ] GC(15)   Evacuate Collection Set: 4.32ms
[3.511s][info][gc,phases   ] GC(15)   Post Evacuate Collection Set: 0.46ms
[3.511s][info][gc,phases   ] GC(15)   Other: 0.04ms
[3.511s][info][gc,heap     ] GC(15) Eden regions: 142->0(438)
[3.511s][info][gc,heap     ] GC(15) Survivor regions: 3->6(56)
[3.511s][info][gc,heap     ] GC(15) Old regions: 14->14
[3.511s][info][gc,heap     ] GC(15) Humongous regions: 2->2
[3.511s][info][gc,metaspace] GC(15) Metaspace: 60821K(61376K)->60821K(61376K) NonClass: 47083K(47360K)->47083K(47360K) Class: 13738K(14016K)->13738K(14016K)
[3.511s][info][gc          ] GC(15) Pause Young (Concurrent Start) (Metadata GC Threshold) 317M->40M(1482M) 5.080ms
[3.511s][info][gc,cpu      ] GC(15) User=0.02s Sys=0.00s Real=0.00s
[3.511s][info][gc          ] GC(16) Concurrent Mark Cycle
[3.511s][info][gc,marking  ] GC(16) Concurrent Scan Root Regions
[3.517s][info][gc,marking  ] GC(16) Concurrent Scan Root Regions 5.412ms
[3.517s][info][gc,marking  ] GC(16) Concurrent Mark
[3.517s][info][gc,marking  ] GC(16) Concurrent Mark From Roots
[3.517s][info][gc,task     ] GC(16) Using 1 workers of 1 for marking
[3.536s][info][gc,marking  ] GC(16) Concurrent Mark From Roots 19.164ms
[3.536s][info][gc,marking  ] GC(16) Concurrent Preclean
[3.536s][info][gc,marking  ] GC(16) Concurrent Preclean 0.124ms
[3.538s][info][gc,start    ] GC(16) Pause Remark
[3.541s][info][gc          ] GC(16) Pause Remark 53M->53M(148M) 2.969ms
[3.541s][info][gc,cpu      ] GC(16) User=0.01s Sys=0.00s Real=0.00s
[3.541s][info][gc,marking  ] GC(16) Concurrent Mark 24.563ms
[3.541s][info][gc,marking  ] GC(16) Concurrent Rebuild Remembered Sets and Scrub Regions
[3.549s][info][gc,marking  ] GC(16) Concurrent Rebuild Remembered Sets and Scrub Regions 7.933ms
[3.550s][info][gc,start    ] GC(16) Pause Cleanup
[3.550s][info][gc          ] GC(16) Pause Cleanup 56M->56M(148M) 0.036ms
[3.550s][info][gc,cpu      ] GC(16) User=0.00s Sys=0.00s Real=0.00s
[3.550s][info][gc,marking  ] GC(16) Concurrent Clear Claimed Marks
[3.550s][info][gc,marking  ] GC(16) Concurrent Clear Claimed Marks 0.075ms
[3.550s][info][gc,marking  ] GC(16) Concurrent Cleanup for Next Mark
[3.551s][info][gc,marking  ] GC(16) Concurrent Cleanup for Next Mark 0.480ms
[3.551s][info][gc          ] GC(16) Concurrent Mark Cycle 39.664ms
[3.720s][info][gc,start    ] GC(17) Pause Young (Prepare Mixed) (G1 Evacuation Pause)
[3.720s][info][gc,task     ] GC(17) Using 4 workers of 4 for evacuation
[3.725s][info][gc,phases   ] GC(17)   Pre Evacuate Collection Set: 0.13ms
[3.725s][info][gc,phases   ] GC(17)   Merge Heap Roots: 0.08ms
[3.725s][info][gc,phases   ] GC(17)   Evacuate Collection Set: 4.26ms
[3.725s][info][gc,phases   ] GC(17)   Post Evacuate Collection Set: 0.45ms
[3.725s][info][gc,phases   ] GC(17)   Other: 0.04ms
[3.725s][info][gc,heap     ] GC(17) Eden regions: 38->0(42)
[3.725s][info][gc,heap     ] GC(17) Survivor regions: 6->2(6)
[3.725s][info][gc,heap     ] GC(17) Old regions: 14->20
[3.725s][info][gc,heap     ] GC(17) Humongous regions: 2->2
[3.725s][info][gc,metaspace] GC(17) Metaspace: 65458K(66112K)->65458K(66112K) NonClass: 50537K(50880K)->50537K(50880K) Class: 14921K(15232K)->14921K(15232K)
[3.725s][info][gc          ] GC(17) Pause Young (Prepare Mixed) (G1 Evacuation Pause) 116M->43M(148M) 5.069ms
[3.725s][info][gc,cpu      ] GC(17) User=0.02s Sys=0.00s Real=0.00s
[3.912s][info][gc,start    ] GC(18) Pause Young (Mixed) (G1 Evacuation Pause)
[3.912s][info][gc,task     ] GC(18) Using 4 workers of 4 for evacuation
[3.914s][info][gc,phases   ] GC(18)   Pre Evacuate Collection Set: 0.07ms
[3.914s][info][gc,phases   ] GC(18)   Merge Heap Roots: 0.04ms
[3.914s][info][gc,phases   ] GC(18)   Evacuate Collection Set: 1.93ms
[3.914s][info][gc,phases   ] GC(18)   Post Evacuate Collection Set: 0.69ms
[3.914s][info][gc,phases   ] GC(18)   Other: 0.04ms
[3.914s][info][gc,heap     ] GC(18) Eden regions: 42->0(41)
[3.914s][info][gc,heap     ] GC(18) Survivor regions: 2->3(6)
[3.914s][info][gc,heap     ] GC(18) Old regions: 20->19
[3.914s][info][gc,heap     ] GC(18) Humongous regions: 2->2
[3.914s][info][gc,metaspace] GC(18) Metaspace: 69854K(70592K)->69854K(70592K) NonClass: 54101K(54528K)->54101K(54528K) Class: 15753K(16064K)->15753K(16064K)
[3.914s][info][gc          ] GC(18) Pause Young (Mixed) (G1 Evacuation Pause) 127M->44M(148M) 2.866ms
[3.914s][info][gc,cpu      ] GC(18) User=0.01s Sys=0.00s Real=0.00s
[4.131s][info][gc,start    ] GC(19) Pause Young (Normal) (G1 Evacuation Pause)
[4.131s][info][gc,task     ] GC(19) Using 4 workers of 4 for evacuation
[4.134s][info][gc,phases   ] GC(19)   Pre Evacuate Collection Set: 0.10ms
[4.134s][info][gc,phases   ] GC(19)   Merge Heap Roots: 0.08ms
[4.134s][info][gc,phases   ] GC(19)   Evacuate Collection Set: 2.31ms
[4.134s][info][gc,phases   ] GC(19)   Post Evacuate Collection Set: 0.44ms
[4.134s][info][gc,phases   ] GC(19)   Other: 0.04ms
[4.134s][info][gc,heap     ] GC(19) Eden regions: 41->0(41)
[4.134s][info][gc,heap     ] GC(19) Survivor regions: 3->3(6)
[4.134s][info][gc,heap     ] GC(19) Old regions: 19->19
[4.134s][info][gc,heap     ] GC(19) Humongous regions: 2->2
[4.134s][info][gc,metaspace] GC(19) Metaspace: 74931K(75584K)->74931K(75584K) NonClass: 58272K(58624K)->58272K(58624K) Class: 16658K(16960K)->16658K(16960K)
[4.134s][info][gc          ] GC(19) Pause Young (Normal) (G1 Evacuation Pause) 126M->45M(148M) 3.054ms
[4.134s][info][gc,cpu      ] GC(19) User=0.01s Sys=0.00s Real=0.00s
[4.444s][info][gc,start    ] GC(20) Pause Young (Normal) (G1 Evacuation Pause)
[4.444s][info][gc,task     ] GC(20) Using 4 workers of 4 for evacuation
[4.449s][info][gc,phases   ] GC(20)   Pre Evacuate Collection Set: 0.13ms
[4.449s][info][gc,phases   ] GC(20)   Merge Heap Roots: 0.09ms
[4.449s][info][gc,phases   ] GC(20)   Evacuate Collection Set: 3.70ms
[4.449s][info][gc,phases   ] GC(20)   Post Evacuate Collection Set: 0.47ms
[4.449s][info][gc,phases   ] GC(20)   Other: 0.05ms
[4.449s][info][gc,heap     ] GC(20) Eden regions: 41->0(39)
[4.449s][info][gc,heap     ] GC(20) Survivor regions: 3->5(6)
[4.449s][info][gc,heap     ] GC(20) Old regions: 19->19
[4.449s][info][gc,heap     ] GC(20) Humongous regions: 2->2
[4.449s][info][gc,metaspace] GC(20) Metaspace: 79276K(80064K)->79276K(80064K) NonClass: 61553K(62016K)->61553K(62016K) Class: 17723K(18048K)->17723K(18048K)
[4.449s][info][gc          ] GC(20) Pause Young (Normal) (G1 Evacuation Pause) 127M->49M(148M) 4.557ms
[4.449s][info][gc,cpu      ] GC(20) User=0.02s Sys=0.00s Real=0.01s
[5.172s][info][gc,start    ] GC(21) Pause Young (Normal) (G1 Evacuation Pause)
[5.172s][info][gc,task     ] GC(21) Using 4 workers of 4 for evacuation
[5.178s][info][gc,phases   ] GC(21)   Pre Evacuate Collection Set: 0.11ms
[5.178s][info][gc,phases   ] GC(21)   Merge Heap Roots: 0.06ms
[5.178s][info][gc,phases   ] GC(21)   Evacuate Collection Set: 4.57ms
[5.178s][info][gc,phases   ] GC(21)   Post Evacuate Collection Set: 0.90ms
[5.178s][info][gc,phases   ] GC(21)   Other: 0.05ms
[5.178s][info][gc,heap     ] GC(21) Eden regions: 39->0(448)
[5.178s][info][gc,heap     ] GC(21) Survivor regions: 5->4(6)
[5.178s][info][gc,heap     ] GC(21) Old regions: 19->21
[5.178s][info][gc,heap     ] GC(21) Humongous regions: 2->2
[5.178s][info][gc,metaspace] GC(21) Metaspace: 84571K(85440K)->84571K(85440K) NonClass: 65568K(66048K)->65568K(66048K) Class: 19003K(19392K)->19003K(19392K)
[5.178s][info][gc          ] GC(21) Pause Young (Normal) (G1 Evacuation Pause) 127M->50M(1508M) 5.789ms
[5.178s][info][gc,cpu      ] GC(21) User=0.02s Sys=0.00s Real=0.01s
[255.795s][info][gc,start    ] GC(22) Pause Young (Concurrent Start) (G1 Humongous Allocation)
[255.795s][info][gc,task     ] GC(22) Using 4 workers of 4 for evacuation
[255.806s][info][gc,phases   ] GC(22)   Pre Evacuate Collection Set: 0.29ms
[255.806s][info][gc,phases   ] GC(22)   Merge Heap Roots: 0.12ms
[255.806s][info][gc,phases   ] GC(22)   Evacuate Collection Set: 8.14ms
[255.806s][info][gc,phases   ] GC(22)   Post Evacuate Collection Set: 1.42ms
[255.806s][info][gc,phases   ] GC(22)   Other: 0.12ms
[255.806s][info][gc,heap     ] GC(22) Eden regions: 218->0(443)
[255.806s][info][gc,heap     ] GC(22) Survivor regions: 4->9(57)
[255.806s][info][gc,heap     ] GC(22) Old regions: 21->21
[255.806s][info][gc,heap     ] GC(22) Humongous regions: 241->231
[255.806s][info][gc,metaspace] GC(22) Metaspace: 99093K(100224K)->99093K(100224K) NonClass: 77065K(77696K)->77065K(77696K) Class: 22027K(22528K)->22027K(22528K)
[255.806s][info][gc          ] GC(22) Pause Young (Concurrent Start) (G1 Humongous Allocation) 964M->518M(1508M) 10.288ms
[255.806s][info][gc          ] GC(23) Concurrent Undo Cycle
[255.806s][info][gc,marking  ] GC(23) Concurrent Clear Claimed Marks
[255.806s][info][gc,marking  ] GC(23) Concurrent Clear Claimed Marks 0.125ms
[255.806s][info][gc,marking  ] GC(23) Concurrent Cleanup for Next Mark
[255.806s][info][gc,cpu      ] GC(22) User=0.05s Sys=0.00s Real=0.01s
[255.806s][info][gc,marking  ] GC(23) Concurrent Cleanup for Next Mark 0.116ms
[255.806s][info][gc          ] GC(23) Concurrent Undo Cycle 0.287ms
[255.817s][info][gc,start    ] GC(24) Pause Young (Concurrent Start) (G1 Humongous Allocation)
[255.817s][info][gc,task     ] GC(24) Using 4 workers of 4 for evacuation
[255.824s][info][gc,phases   ] GC(24)   Pre Evacuate Collection Set: 0.29ms
[255.824s][info][gc,phases   ] GC(24)   Merge Heap Roots: 0.10ms
[255.824s][info][gc,phases   ] GC(24)   Evacuate Collection Set: 5.88ms
[255.824s][info][gc,phases   ] GC(24)   Post Evacuate Collection Set: 0.63ms
[255.824s][info][gc,phases   ] GC(24)   Other: 0.05ms
[255.824s][info][gc,heap     ] GC(24) Eden regions: 6->0(443)
[255.824s][info][gc,heap     ] GC(24) Survivor regions: 9->9(57)
[255.824s][info][gc,heap     ] GC(24) Old regions: 21->21
[255.824s][info][gc,heap     ] GC(24) Humongous regions: 242->238
[255.824s][info][gc,metaspace] GC(24) Metaspace: 99116K(100224K)->99116K(100224K) NonClass: 77087K(77696K)->77087K(77696K) Class: 22028K(22528K)->22028K(22528K)
[255.824s][info][gc          ] GC(24) Pause Young (Concurrent Start) (G1 Humongous Allocation) 552M->532M(1508M) 7.072ms
[255.824s][info][gc,cpu      ] GC(24) User=0.03s Sys=0.00s Real=0.00s
[255.824s][info][gc          ] GC(25) Concurrent Undo Cycle
[255.824s][info][gc,marking  ] GC(25) Concurrent Clear Claimed Marks
[255.824s][info][gc,marking  ] GC(25) Concurrent Clear Claimed Marks 0.120ms
[255.824s][info][gc,marking  ] GC(25) Concurrent Cleanup for Next Mark
[255.824s][info][gc,marking  ] GC(25) Concurrent Cleanup for Next Mark 0.090ms
[255.824s][info][gc          ] GC(25) Concurrent Undo Cycle 0.236ms
[255.824s][info][gc,start    ] GC(26) Pause Young (Concurrent Start) (G1 Humongous Allocation)
[255.824s][info][gc,task     ] GC(26) Using 4 workers of 4 for evacuation
[255.831s][info][gc,phases   ] GC(26)   Pre Evacuate Collection Set: 0.18ms
[255.831s][info][gc,phases   ] GC(26)   Merge Heap Roots: 0.05ms
[255.831s][info][gc,phases   ] GC(26)   Evacuate Collection Set: 5.05ms
[255.831s][info][gc,phases   ] GC(26)   Post Evacuate Collection Set: 0.87ms
[255.831s][info][gc,phases   ] GC(26)   Other: 0.12ms
[255.831s][info][gc,heap     ] GC(26) Eden regions: 1->0(443)
[255.831s][info][gc,heap     ] GC(26) Survivor regions: 9->9(57)
[255.831s][info][gc,heap     ] GC(26) Old regions: 21->21
[255.831s][info][gc,heap     ] GC(26) Humongous regions: 239->239
[255.831s][info][gc,metaspace] GC(26) Metaspace: 99116K(100224K)->99116K(100224K) NonClass: 77087K(77696K)->77087K(77696K) Class: 22028K(22528K)->22028K(22528K)
[255.831s][info][gc          ] GC(26) Pause Young (Concurrent Start) (G1 Humongous Allocation) 536M->533M(1508M) 6.338ms
[255.831s][info][gc,cpu      ] GC(26) User=0.02s Sys=0.00s Real=0.01s
[255.831s][info][gc          ] GC(27) Concurrent Mark Cycle
[255.831s][info][gc,marking  ] GC(27) Concurrent Scan Root Regions
[255.842s][info][gc,marking  ] GC(27) Concurrent Scan Root Regions 10.697ms
[255.842s][info][gc,marking  ] GC(27) Concurrent Mark
[255.842s][info][gc,marking  ] GC(27) Concurrent Mark From Roots
[255.842s][info][gc,task     ] GC(27) Using 1 workers of 1 for marking
[255.881s][info][gc,marking  ] GC(27) Concurrent Mark From Roots 39.108ms
[255.881s][info][gc,marking  ] GC(27) Concurrent Preclean
[255.881s][info][gc,marking  ] GC(27) Concurrent Preclean 0.236ms
[255.882s][info][gc,start    ] GC(27) Pause Remark
[255.889s][info][gc          ] GC(27) Pause Remark 693M->693M(1508M) 6.837ms
[255.889s][info][gc,cpu      ] GC(27) User=0.02s Sys=0.00s Real=0.01s
[255.889s][info][gc,marking  ] GC(27) Concurrent Mark 47.860ms
[255.889s][info][gc,marking  ] GC(27) Concurrent Rebuild Remembered Sets and Scrub Regions
[255.906s][info][gc,marking  ] GC(27) Concurrent Rebuild Remembered Sets and Scrub Regions 16.374ms
[255.907s][info][gc,start    ] GC(27) Pause Cleanup
[255.907s][info][gc          ] GC(27) Pause Cleanup 784M->784M(1508M) 0.082ms
[255.907s][info][gc,cpu      ] GC(27) User=0.00s Sys=0.00s Real=0.00s
[255.907s][info][gc,marking  ] GC(27) Concurrent Clear Claimed Marks
[255.907s][info][gc,marking  ] GC(27) Concurrent Clear Claimed Marks 0.153ms
[255.907s][info][gc,marking  ] GC(27) Concurrent Cleanup for Next Mark
[255.912s][info][gc,marking  ] GC(27) Concurrent Cleanup for Next Mark 4.936ms
[255.912s][info][gc          ] GC(27) Concurrent Mark Cycle 81.470ms
[256.085s][info][gc,start    ] GC(28) Pause Young (Prepare Mixed) (G1 Evacuation Pause)
[256.085s][info][gc,task     ] GC(28) Using 4 workers of 4 for evacuation
[256.092s][info][gc,phases   ] GC(28)   Pre Evacuate Collection Set: 0.20ms
[256.092s][info][gc,phases   ] GC(28)   Merge Heap Roots: 0.10ms
[256.092s][info][gc,phases   ] GC(28)   Evacuate Collection Set: 5.94ms
[256.092s][info][gc,phases   ] GC(28)   Post Evacuate Collection Set: 1.06ms
[256.092s][info][gc,phases   ] GC(28)   Other: 0.08ms
[256.092s][info][gc,heap     ] GC(28) Eden regions: 111->0(303)
[256.092s][info][gc,heap     ] GC(28) Survivor regions: 9->7(57)
[256.092s][info][gc,heap     ] GC(28) Old regions: 21->21
[256.092s][info][gc,heap     ] GC(28) Humongous regions: 623->400
[256.092s][info][gc,metaspace] GC(28) Metaspace: 99140K(100224K)->99140K(100224K) NonClass: 77112K(77696K)->77112K(77696K) Class: 22028K(22528K)->22028K(22528K)
[256.092s][info][gc          ] GC(28) Pause Young (Prepare Mixed) (G1 Evacuation Pause) 1523M->852M(1542M) 7.482ms
[256.092s][info][gc,cpu      ] GC(28) User=0.02s Sys=0.00s Real=0.01s
[256.276s][info][gc,start    ] GC(29) Pause Young (Mixed) (G1 Evacuation Pause)
[256.276s][info][gc,task     ] GC(29) Using 4 workers of 4 for evacuation
[256.291s][info][gc,phases   ] GC(29)   Pre Evacuate Collection Set: 0.19ms
[256.291s][info][gc,phases   ] GC(29)   Merge Heap Roots: 0.08ms
[256.291s][info][gc,phases   ] GC(29)   Evacuate Collection Set: 12.71ms
[256.291s][info][gc,phases   ] GC(29)   Post Evacuate Collection Set: 1.32ms
[256.291s][info][gc,phases   ] GC(29)   Other: 0.12ms
[256.291s][info][gc,heap     ] GC(29) Eden regions: 89->0(222)
[256.291s][info][gc,heap     ] GC(29) Survivor regions: 7->7(39)
[256.291s][info][gc,heap     ] GC(29) Old regions: 21->19
[256.291s][info][gc,heap     ] GC(29) Humongous regions: 744->576
[256.291s][info][gc,metaspace] GC(29) Metaspace: 99140K(100224K)->99140K(100224K) NonClass: 77112K(77696K)->77112K(77696K) Class: 22028K(22528K)->22028K(22528K)
[256.291s][info][gc          ] GC(29) Pause Young (Mixed) (G1 Evacuation Pause) 1718M->1203M(1736M) 14.638ms
[256.291s][info][gc,cpu      ] GC(29) User=0.04s Sys=0.00s Real=0.01s
[256.292s][info][gc,start    ] GC(30) Pause Young (Concurrent Start) (G1 Humongous Allocation)
[256.292s][info][gc,task     ] GC(30) Using 4 workers of 4 for evacuation
[256.303s][info][gc,phases   ] GC(30)   Pre Evacuate Collection Set: 0.29ms
[256.303s][info][gc,phases   ] GC(30)   Merge Heap Roots: 0.09ms
[256.303s][info][gc,phases   ] GC(30)   Evacuate Collection Set: 9.54ms
[256.303s][info][gc,phases   ] GC(30)   Post Evacuate Collection Set: 1.21ms
[256.303s][info][gc,phases   ] GC(30)   Other: 0.06ms
[256.303s][info][gc,heap     ] GC(30) Eden regions: 2->0(227)
[256.303s][info][gc,heap     ] GC(30) Survivor regions: 7->7(29)
[256.303s][info][gc,heap     ] GC(30) Old regions: 19->19
[256.303s][info][gc,heap     ] GC(30) Humongous regions: 576->571
[256.303s][info][gc,metaspace] GC(30) Metaspace: 99140K(100224K)->99140K(100224K) NonClass: 77112K(77696K)->77112K(77696K) Class: 22028K(22528K)->22028K(22528K)
[256.303s][info][gc          ] GC(30) Pause Young (Concurrent Start) (G1 Humongous Allocation) 1207M->1193M(1736M) 11.369ms
[256.303s][info][gc,cpu      ] GC(30) User=0.03s Sys=0.00s Real=0.01s
[256.303s][info][gc          ] GC(31) Concurrent Mark Cycle
[256.303s][info][gc,marking  ] GC(31) Concurrent Scan Root Regions
[256.316s][info][gc,marking  ] GC(31) Concurrent Scan Root Regions 12.635ms
[256.316s][info][gc,marking  ] GC(31) Concurrent Mark
[256.316s][info][gc,marking  ] GC(31) Concurrent Mark From Roots
[256.316s][info][gc,task     ] GC(31) Using 1 workers of 1 for marking
[256.352s][info][gc,marking  ] GC(31) Concurrent Mark From Roots 35.854ms
[256.352s][info][gc,marking  ] GC(31) Concurrent Preclean
[256.352s][info][gc,marking  ] GC(31) Concurrent Preclean 0.115ms
[256.352s][info][gc,start    ] GC(31) Pause Remark
[256.364s][info][gc          ] GC(31) Pause Remark 1378M->1378M(2190M) 11.671ms
[256.364s][info][gc,cpu      ] GC(31) User=0.03s Sys=0.00s Real=0.01s
[256.364s][info][gc,marking  ] GC(31) Concurrent Mark 47.801ms
[256.364s][info][gc,marking  ] GC(31) Concurrent Rebuild Remembered Sets and Scrub Regions
[256.381s][info][gc,marking  ] GC(31) Concurrent Rebuild Remembered Sets and Scrub Regions 16.645ms
[256.381s][info][gc,start    ] GC(31) Pause Cleanup
[256.381s][info][gc          ] GC(31) Pause Cleanup 1408M->1408M(2190M) 0.060ms
[256.381s][info][gc,cpu      ] GC(31) User=0.00s Sys=0.00s Real=0.00s
[256.381s][info][gc,marking  ] GC(31) Concurrent Clear Claimed Marks
[256.381s][info][gc,marking  ] GC(31) Concurrent Clear Claimed Marks 0.148ms
[256.381s][info][gc,marking  ] GC(31) Concurrent Cleanup for Next Mark
[256.385s][info][gc,marking  ] GC(31) Concurrent Cleanup for Next Mark 4.021ms
[256.385s][info][gc          ] GC(31) Concurrent Mark Cycle 81.556ms
[256.689s][info][gc,start    ] GC(32) Pause Young (Prepare Mixed) (G1 Evacuation Pause)
[256.689s][info][gc,task     ] GC(32) Using 4 workers of 4 for evacuation
[256.697s][info][gc,phases   ] GC(32)   Pre Evacuate Collection Set: 0.20ms
[256.697s][info][gc,phases   ] GC(32)   Merge Heap Roots: 0.12ms
[256.697s][info][gc,phases   ] GC(32)   Evacuate Collection Set: 6.78ms
[256.697s][info][gc,phases   ] GC(32)   Post Evacuate Collection Set: 0.94ms
[256.697s][info][gc,phases   ] GC(32)   Other: 0.05ms
[256.697s][info][gc,heap     ] GC(32) Eden regions: 123->0(605)
[256.697s][info][gc,heap     ] GC(32) Survivor regions: 7->7(27)
[256.697s][info][gc,heap     ] GC(32) Old regions: 19->19
[256.697s][info][gc,heap     ] GC(32) Humongous regions: 1108->569
[256.697s][info][gc,metaspace] GC(32) Metaspace: 99143K(100224K)->99143K(100224K) NonClass: 77115K(77696K)->77115K(77696K) Class: 22028K(22528K)->22028K(22528K)
[256.697s][info][gc          ] GC(32) Pause Young (Prepare Mixed) (G1 Evacuation Pause) 2513M->1189M(2528M) 8.176ms
[256.697s][info][gc,cpu      ] GC(32) User=0.02s Sys=0.00s Real=0.01s
[258.910s][info][gc,start    ] GC(33) Pause Young (Mixed) (G1 Evacuation Pause)
[258.910s][info][gc,task     ] GC(33) Using 4 workers of 4 for evacuation
[258.974s][info][gc,phases   ] GC(33)   Pre Evacuate Collection Set: 0.24ms
[258.974s][info][gc,phases   ] GC(33)   Merge Heap Roots: 0.09ms
[258.974s][info][gc,phases   ] GC(33)   Evacuate Collection Set: 62.19ms
[258.974s][info][gc,phases   ] GC(33)   Post Evacuate Collection Set: 0.84ms
[258.974s][info][gc,phases   ] GC(33)   Other: 0.07ms
[258.974s][info][gc,heap     ] GC(33) Eden regions: 306->0(492)
[258.974s][info][gc,heap     ] GC(33) Survivor regions: 7->77(77)
[258.974s][info][gc,heap     ] GC(33) Old regions: 19->97
[258.974s][info][gc,heap     ] GC(33) Humongous regions: 932->562
[258.974s][info][gc,metaspace] GC(33) Metaspace: 99413K(100480K)->99413K(100480K) NonClass: 77363K(77952K)->77363K(77952K) Class: 22050K(22528K)->22050K(22528K)
[258.974s][info][gc          ] GC(33) Pause Young (Mixed) (G1 Evacuation Pause) 2527M->1472M(2842M) 63.549ms
[258.974s][info][gc,cpu      ] GC(33) User=0.09s Sys=0.09s Real=0.06s
[259.157s][info][gc,start    ] GC(34) Pause Young (Concurrent Start) (G1 Humongous Allocation)
[259.157s][info][gc,task     ] GC(34) Using 4 workers of 4 for evacuation
[259.178s][info][gc,phases   ] GC(34)   Pre Evacuate Collection Set: 0.26ms
[259.178s][info][gc,phases   ] GC(34)   Merge Heap Roots: 0.08ms
[259.178s][info][gc,phases   ] GC(34)   Evacuate Collection Set: 19.65ms
[259.178s][info][gc,phases   ] GC(34)   Post Evacuate Collection Set: 0.83ms
[259.178s][info][gc,phases   ] GC(34)   Other: 0.05ms
[259.178s][info][gc,heap     ] GC(34) Eden regions: 282->0(296)
[259.178s][info][gc,heap     ] GC(34) Survivor regions: 77->72(72)
[259.178s][info][gc,heap     ] GC(34) Old regions: 97->243
[259.178s][info][gc,heap     ] GC(34) Humongous regions: 562->562
[259.178s][info][gc,metaspace] GC(34) Metaspace: 99456K(100480K)->99456K(100480K) NonClass: 77392K(77952K)->77392K(77952K) Class: 22064K(22528K)->22064K(22528K)
[259.178s][info][gc          ] GC(34) Pause Young (Concurrent Start) (G1 Humongous Allocation) 2036M->1753M(2842M) 20.986ms
[259.178s][info][gc          ] GC(35) Concurrent Mark Cycle
[259.178s][info][gc,marking  ] GC(35) Concurrent Scan Root Regions
[259.178s][info][gc,cpu      ] GC(34) User=0.08s Sys=0.00s Real=0.02s
[259.205s][info][gc,marking  ] GC(35) Concurrent Scan Root Regions 26.999ms
[259.205s][info][gc,marking  ] GC(35) Concurrent Mark
[259.205s][info][gc,marking  ] GC(35) Concurrent Mark From Roots
[259.205s][info][gc,task     ] GC(35) Using 1 workers of 1 for marking
[259.255s][info][gc,marking  ] GC(35) Concurrent Mark From Roots 50.662ms
[259.255s][info][gc,marking  ] GC(35) Concurrent Preclean
[259.256s][info][gc,marking  ] GC(35) Concurrent Preclean 0.070ms
[259.256s][info][gc,start    ] GC(35) Pause Remark
[259.271s][info][gc          ] GC(35) Pause Remark 2778M->2778M(2868M) 15.590ms
[259.271s][info][gc,cpu      ] GC(35) User=0.01s Sys=0.00s Real=0.02s
[259.271s][info][gc,marking  ] GC(35) Concurrent Mark 66.494ms
[259.271s][info][gc,marking  ] GC(35) Concurrent Rebuild Remembered Sets and Scrub Regions
[259.275s][info][gc,start    ] GC(36) Pause Young (Normal) (G1 Humongous Allocation)
[259.275s][info][gc,task     ] GC(36) Using 4 workers of 4 for evacuation
[259.283s][info][gc,phases   ] GC(36)   Pre Evacuate Collection Set: 0.24ms
[259.283s][info][gc,phases   ] GC(36)   Merge Heap Roots: 0.10ms
[259.283s][info][gc,phases   ] GC(36)   Evacuate Collection Set: 4.15ms
[259.283s][info][gc,phases   ] GC(36)   Post Evacuate Collection Set: 3.55ms
[259.283s][info][gc,phases   ] GC(36)   Other: 0.06ms
[259.283s][info][gc,heap     ] GC(36) Eden regions: 53->0(180)
[259.283s][info][gc,heap     ] GC(36) Survivor regions: 72->3(8)
[259.283s][info][gc,heap     ] GC(36) Old regions: 243->372
[259.283s][info][gc,heap     ] GC(36) Humongous regions: 1058->737
[259.283s][info][gc,metaspace] GC(36) Metaspace: 99502K(100608K)->99502K(100608K) NonClass: 77438K(78080K)->77438K(78080K) Class: 22064K(22528K)->22064K(22528K)
[259.283s][info][gc          ] GC(36) Pause Young (Normal) (G1 Humongous Allocation) (Evacuation Failure: Allocation) 2851M->2224M(2868M) 8.231ms
[259.283s][info][gc,cpu      ] GC(36) User=0.02s Sys=0.01s Real=0.01s
[259.313s][info][gc,marking  ] GC(35) Concurrent Rebuild Remembered Sets and Scrub Regions 41.902ms
[259.313s][info][gc,start    ] GC(35) Pause Cleanup
[259.313s][info][gc          ] GC(35) Pause Cleanup 2567M->2567M(2868M) 0.106ms
[259.313s][info][gc,cpu      ] GC(35) User=0.00s Sys=0.00s Real=0.00s
[259.313s][info][gc,marking  ] GC(35) Concurrent Clear Claimed Marks
[259.314s][info][gc,marking  ] GC(35) Concurrent Clear Claimed Marks 0.156ms
[259.314s][info][gc,marking  ] GC(35) Concurrent Cleanup for Next Mark
[259.319s][info][gc,marking  ] GC(35) Concurrent Cleanup for Next Mark 5.720ms
[259.319s][info][gc          ] GC(35) Concurrent Mark Cycle 141.646ms
[259.338s][info][gc,start    ] GC(37) Pause Young (Prepare Mixed) (G1 Humongous Allocation)
[259.338s][info][gc,task     ] GC(37) Using 4 workers of 4 for evacuation
[259.342s][info][gc,phases   ] GC(37)   Pre Evacuate Collection Set: 0.20ms
[259.342s][info][gc,phases   ] GC(37)   Merge Heap Roots: 0.15ms
[259.342s][info][gc,phases   ] GC(37)   Evacuate Collection Set: 2.66ms
[259.342s][info][gc,phases   ] GC(37)   Post Evacuate Collection Set: 1.23ms
[259.342s][info][gc,phases   ] GC(37)   Other: 0.04ms
[259.342s][info][gc,heap     ] GC(37) Eden regions: 28->0(104)
[259.342s][info][gc,heap     ] GC(37) Survivor regions: 3->8(20)
[259.342s][info][gc,heap     ] GC(37) Old regions: 372->409
[259.342s][info][gc,heap     ] GC(37) Humongous regions: 1011->840
[259.343s][info][gc,metaspace] GC(37) Metaspace: 99524K(100608K)->99524K(100608K) NonClass: 77459K(78080K)->77459K(78080K) Class: 22064K(22528K)->22064K(22528K)
[259.343s][info][gc          ] GC(37) Pause Young (Prepare Mixed) (G1 Humongous Allocation) (Evacuation Failure: Allocation) 2827M->2514M(2868M) 4.368ms
[259.343s][info][gc,cpu      ] GC(37) User=0.01s Sys=0.00s Real=0.00s
[259.408s][info][gc,start    ] GC(38) Pause Young (Mixed) (G1 Humongous Allocation)
[259.408s][info][gc,task     ] GC(38) Using 4 workers of 4 for evacuation
[259.412s][info][gc,phases   ] GC(38)   Pre Evacuate Collection Set: 0.17ms
[259.412s][info][gc,phases   ] GC(38)   Merge Heap Roots: 0.07ms
[259.412s][info][gc,phases   ] GC(38)   Evacuate Collection Set: 1.67ms
[259.412s][info][gc,phases   ] GC(38)   Post Evacuate Collection Set: 1.68ms
[259.412s][info][gc,phases   ] GC(38)   Other: 0.05ms
[259.412s][info][gc,heap     ] GC(38) Eden regions: 18->0(63)
[259.412s][info][gc,heap     ] GC(38) Survivor regions: 8->8(14)
[259.412s][info][gc,heap     ] GC(38) Old regions: 409->438
[259.412s][info][gc,heap     ] GC(38) Humongous regions: 985->882
[259.412s][info][gc,metaspace] GC(38) Metaspace: 99532K(100608K)->99532K(100608K) NonClass: 77467K(78080K)->77467K(78080K) Class: 22064K(22528K)->22064K(22528K)
[259.412s][info][gc          ] GC(38) Pause Young (Mixed) (G1 Humongous Allocation) (Evacuation Failure: Allocation) 2839M->2655M(2868M) 3.746ms
[259.412s][info][gc,cpu      ] GC(38) User=0.01s Sys=0.00s Real=0.00s
[259.412s][info][gc,start    ] GC(39) Pause Young (Concurrent Start) (G1 Humongous Allocation)
[259.412s][info][gc,task     ] GC(39) Using 4 workers of 4 for evacuation
[259.415s][info][gc,phases   ] GC(39)   Pre Evacuate Collection Set: 0.16ms
[259.415s][info][gc,phases   ] GC(39)   Merge Heap Roots: 0.04ms
[259.415s][info][gc,phases   ] GC(39)   Evacuate Collection Set: 2.14ms
[259.415s][info][gc,phases   ] GC(39)   Post Evacuate Collection Set: 0.40ms
[259.415s][info][gc,phases   ] GC(39)   Other: 0.05ms
[259.415s][info][gc,heap     ] GC(39) Eden regions: 1->0(122)
[259.415s][info][gc,heap     ] GC(39) Survivor regions: 8->5(9)
[259.415s][info][gc,heap     ] GC(39) Old regions: 438->348
[259.415s][info][gc,heap     ] GC(39) Humongous regions: 891->886
[259.415s][info][gc,metaspace] GC(39) Metaspace: 99532K(100608K)->99532K(100608K) NonClass: 77467K(78080K)->77467K(78080K) Class: 22064K(22528K)->22064K(22528K)
[259.415s][info][gc          ] GC(39) Pause Young (Concurrent Start) (G1 Humongous Allocation) 2675M->2477M(2868M) 2.884ms
[259.415s][info][gc,cpu      ] GC(39) User=0.01s Sys=0.00s Real=0.00s
[259.415s][info][gc          ] GC(40) Concurrent Mark Cycle
[259.415s][info][gc,marking  ] GC(40) Concurrent Scan Root Regions
[259.419s][info][gc,marking  ] GC(40) Concurrent Scan Root Regions 3.667ms
[259.419s][info][gc,marking  ] GC(40) Concurrent Mark
[259.419s][info][gc,marking  ] GC(40) Concurrent Mark From Roots
[259.419s][info][gc,task     ] GC(40) Using 1 workers of 1 for marking
[259.475s][info][gc,marking  ] GC(40) Concurrent Mark From Roots 56.256ms
[259.475s][info][gc,marking  ] GC(40) Concurrent Preclean
[259.475s][info][gc,marking  ] GC(40) Concurrent Preclean 0.078ms
[259.475s][info][gc,start    ] GC(40) Pause Remark
[259.487s][info][gc          ] GC(40) Pause Remark 2717M->2009M(2868M) 12.125ms
[259.487s][info][gc,cpu      ] GC(40) User=0.03s Sys=0.00s Real=0.02s
[259.487s][info][gc,marking  ] GC(40) Concurrent Mark 68.616ms
[259.487s][info][gc,marking  ] GC(40) Concurrent Rebuild Remembered Sets and Scrub Regions
[259.515s][info][gc,marking  ] GC(40) Concurrent Rebuild Remembered Sets and Scrub Regions 28.101ms
[259.516s][info][gc,start    ] GC(40) Pause Cleanup
[259.516s][info][gc          ] GC(40) Pause Cleanup 2009M->2009M(2868M) 0.094ms
[259.516s][info][gc,cpu      ] GC(40) User=0.00s Sys=0.00s Real=0.00s
[259.516s][info][gc,marking  ] GC(40) Concurrent Clear Claimed Marks
[259.516s][info][gc,marking  ] GC(40) Concurrent Clear Claimed Marks 0.133ms
[259.516s][info][gc,marking  ] GC(40) Concurrent Cleanup for Next Mark
[259.517s][info][gc,marking  ] GC(40) Concurrent Cleanup for Next Mark 1.181ms
[259.517s][info][gc          ] GC(40) Concurrent Mark Cycle 102.022ms
[261.385s][info][gc,start    ] GC(41) Pause Young (Prepare Mixed) (G1 Evacuation Pause)
[261.385s][info][gc,task     ] GC(41) Using 4 workers of 4 for evacuation
[261.393s][info][gc,phases   ] GC(41)   Pre Evacuate Collection Set: 0.12ms
[261.393s][info][gc,phases   ] GC(41)   Merge Heap Roots: 0.08ms
[261.393s][info][gc,phases   ] GC(41)   Evacuate Collection Set: 6.49ms
[261.393s][info][gc,phases   ] GC(41)   Post Evacuate Collection Set: 0.54ms
[261.393s][info][gc,phases   ] GC(41)   Other: 0.05ms
[261.393s][info][gc,heap     ] GC(41) Eden regions: 122->0(264)
[261.393s][info][gc,heap     ] GC(41) Survivor regions: 5->16(16)
[261.393s][info][gc,heap     ] GC(41) Old regions: 309->357
[261.393s][info][gc,heap     ] GC(41) Humongous regions: 927->607
[261.393s][info][gc,metaspace] GC(41) Metaspace: 99775K(100800K)->99775K(100800K) NonClass: 77723K(78272K)->77723K(78272K) Class: 22052K(22528K)->22052K(22528K)
[261.393s][info][gc          ] GC(41) Pause Young (Prepare Mixed) (G1 Evacuation Pause) 2725M->1959M(2868M) 7.444ms
[261.393s][info][gc,cpu      ] GC(41) User=0.03s Sys=0.01s Real=0.01s
[261.594s][info][gc,start    ] GC(42) Pause Young (Mixed) (G1 Evacuation Pause)
[261.594s][info][gc,task     ] GC(42) Using 4 workers of 4 for evacuation
[261.609s][info][gc,phases   ] GC(42)   Pre Evacuate Collection Set: 0.29ms
[261.609s][info][gc,phases   ] GC(42)   Merge Heap Roots: 0.16ms
[261.609s][info][gc,phases   ] GC(42)   Evacuate Collection Set: 13.56ms
[261.609s][info][gc,phases   ] GC(42)   Post Evacuate Collection Set: 0.50ms
[261.609s][info][gc,phases   ] GC(42)   Other: 0.07ms
[261.609s][info][gc,heap     ] GC(42) Eden regions: 264->0(173)
[261.609s][info][gc,heap     ] GC(42) Survivor regions: 16->35(35)
[261.609s][info][gc,heap     ] GC(42) Old regions: 357->457
[261.609s][info][gc,heap     ] GC(42) Humongous regions: 607->607
[261.609s][info][gc,metaspace] GC(42) Metaspace: 99778K(100800K)->99778K(100800K) NonClass: 77726K(78272K)->77726K(78272K) Class: 22052K(22528K)->22052K(22528K)
[261.609s][info][gc          ] GC(42) Pause Young (Mixed) (G1 Evacuation Pause) 2487M->2198M(2868M) 14.720ms
[261.609s][info][gc,cpu      ] GC(42) User=0.05s Sys=0.00s Real=0.02s
[261.727s][info][gc,start    ] GC(43) Pause Young (Concurrent Start) (G1 Evacuation Pause)
[261.727s][info][gc,task     ] GC(43) Using 4 workers of 4 for evacuation
[261.737s][info][gc,phases   ] GC(43)   Pre Evacuate Collection Set: 0.17ms
[261.737s][info][gc,phases   ] GC(43)   Merge Heap Roots: 0.04ms
[261.737s][info][gc,phases   ] GC(43)   Evacuate Collection Set: 9.44ms
[261.737s][info][gc,phases   ] GC(43)   Post Evacuate Collection Set: 0.48ms
[261.737s][info][gc,phases   ] GC(43)   Other: 0.05ms
[261.737s][info][gc,heap     ] GC(43) Eden regions: 173->0(120)
[261.737s][info][gc,heap     ] GC(43) Survivor regions: 35->26(26)
[261.737s][info][gc,heap     ] GC(43) Old regions: 457->553
[261.737s][info][gc,heap     ] GC(43) Humongous regions: 607->607
[261.737s][info][gc,metaspace] GC(43) Metaspace: 99781K(100864K)->99781K(100864K) NonClass: 77728K(78336K)->77728K(78336K) Class: 22052K(22528K)->22052K(22528K)
[261.737s][info][gc          ] GC(43) Pause Young (Concurrent Start) (G1 Evacuation Pause) 2544M->2372M(2868M) 10.316ms
[261.737s][info][gc,cpu      ] GC(43) User=0.04s Sys=0.00s Real=0.01s
[261.737s][info][gc          ] GC(44) Concurrent Mark Cycle
[261.737s][info][gc,marking  ] GC(44) Concurrent Scan Root Regions
[261.745s][info][gc,marking  ] GC(44) Concurrent Scan Root Regions 7.693ms
[261.745s][info][gc,marking  ] GC(44) Concurrent Mark
[261.745s][info][gc,marking  ] GC(44) Concurrent Mark From Roots
[261.745s][info][gc,task     ] GC(44) Using 1 workers of 1 for marking
[261.769s][info][gc,start    ] GC(45) Pause Young (Normal) (G1 Humongous Allocation)
[261.769s][info][gc,task     ] GC(45) Using 4 workers of 4 for evacuation
[261.772s][info][gc,phases   ] GC(45)   Pre Evacuate Collection Set: 0.19ms
[261.772s][info][gc,phases   ] GC(45)   Merge Heap Roots: 0.09ms
[261.772s][info][gc,phases   ] GC(45)   Evacuate Collection Set: 1.36ms
[261.772s][info][gc,phases   ] GC(45)   Post Evacuate Collection Set: 1.57ms
[261.772s][info][gc,phases   ] GC(45)   Other: 0.07ms
[261.772s][info][gc,heap     ] GC(45) Eden regions: 43->0(67)
[261.772s][info][gc,heap     ] GC(45) Survivor regions: 26->4(4)
[261.772s][info][gc,heap     ] GC(45) Old regions: 553->620
[261.772s][info][gc,heap     ] GC(45) Humongous regions: 808->690
[261.772s][info][gc,metaspace] GC(45) Metaspace: 99786K(100864K)->99786K(100864K) NonClass: 77734K(78336K)->77734K(78336K) Class: 22052K(22528K)->22052K(22528K)
[261.772s][info][gc          ] GC(45) Pause Young (Normal) (G1 Humongous Allocation) (Evacuation Failure: Allocation) 2859M->2628M(2868M) 3.401ms
[261.772s][info][gc,cpu      ] GC(45) User=0.01s Sys=0.00s Real=0.00s
[261.782s][info][gc,start    ] GC(46) Pause Young (Normal) (G1 Humongous Allocation)
[261.782s][info][gc,task     ] GC(46) Using 4 workers of 4 for evacuation
[261.785s][info][gc,phases   ] GC(46)   Pre Evacuate Collection Set: 0.21ms
[261.785s][info][gc,phases   ] GC(46)   Merge Heap Roots: 0.05ms
[261.785s][info][gc,phases   ] GC(46)   Evacuate Collection Set: 1.93ms
[261.785s][info][gc,phases   ] GC(46)   Post Evacuate Collection Set: 0.45ms
[261.785s][info][gc,phases   ] GC(46)   Other: 0.05ms
[261.785s][info][gc,heap     ] GC(46) Eden regions: 5->0(65)
[261.785s][info][gc,heap     ] GC(46) Survivor regions: 4->6(9)
[261.785s][info][gc,heap     ] GC(46) Old regions: 620->594
[261.785s][info][gc,heap     ] GC(46) Humongous regions: 784->724
[261.785s][info][gc,metaspace] GC(46) Metaspace: 99792K(100864K)->99792K(100864K) NonClass: 77739K(78336K)->77739K(78336K) Class: 22052K(22528K)->22052K(22528K)
[261.785s][info][gc          ] GC(46) Pause Young (Normal) (G1 Humongous Allocation) 2826M->2647M(2868M) 2.791ms
[261.785s][info][gc,cpu      ] GC(46) User=0.01s Sys=0.00s Real=0.00s
[261.791s][info][gc,start    ] GC(47) Pause Young (Normal) (G1 Humongous Allocation)
[261.791s][info][gc,task     ] GC(47) Using 4 workers of 4 for evacuation
[261.793s][info][gc,phases   ] GC(47)   Pre Evacuate Collection Set: 0.10ms
[261.793s][info][gc,phases   ] GC(47)   Merge Heap Roots: 0.04ms
[261.793s][info][gc,phases   ] GC(47)   Evacuate Collection Set: 0.94ms
[261.793s][info][gc,phases   ] GC(47)   Post Evacuate Collection Set: 0.47ms
[261.793s][info][gc,phases   ] GC(47)   Other: 0.04ms
[261.793s][info][gc,heap     ] GC(47) Eden regions: 7->0(66)
[261.793s][info][gc,heap     ] GC(47) Survivor regions: 6->4(9)
[261.793s][info][gc,heap     ] GC(47) Old regions: 594->599
[261.793s][info][gc,heap     ] GC(47) Humongous regions: 806->765
[261.793s][info][gc,metaspace] GC(47) Metaspace: 99793K(100864K)->99793K(100864K) NonClass: 77740K(78336K)->77740K(78336K) Class: 22052K(22528K)->22052K(22528K)
[261.793s][info][gc          ] GC(47) Pause Young (Normal) (G1 Humongous Allocation) 2825M->2735M(2868M) 1.677ms
[261.793s][info][gc,cpu      ] GC(47) User=0.00s Sys=0.00s Real=0.00s
[261.800s][info][gc,start    ] GC(48) Pause Young (Normal) (G1 Humongous Allocation)
[261.800s][info][gc,task     ] GC(48) Using 4 workers of 4 for evacuation
[261.801s][info][gc,phases   ] GC(48)   Pre Evacuate Collection Set: 0.12ms
[261.801s][info][gc,phases   ] GC(48)   Merge Heap Roots: 0.06ms
[261.801s][info][gc,phases   ] GC(48)   Evacuate Collection Set: 0.85ms
[261.801s][info][gc,phases   ] GC(48)   Post Evacuate Collection Set: 0.33ms
[261.801s][info][gc,phases   ] GC(48)   Other: 0.04ms
[261.801s][info][gc,heap     ] GC(48) Eden regions: 4->0(59)
[261.801s][info][gc,heap     ] GC(48) Survivor regions: 4->5(9)
[261.801s][info][gc,heap     ] GC(48) Old regions: 599->599
[261.801s][info][gc,heap     ] GC(48) Humongous regions: 807->771
[261.801s][info][gc,metaspace] GC(48) Metaspace: 99799K(100864K)->99799K(100864K) NonClass: 77747K(78336K)->77747K(78336K) Class: 22052K(22528K)->22052K(22528K)
[261.802s][info][gc          ] GC(48) Pause Young (Normal) (G1 Humongous Allocation) 2827M->2749M(2868M) 1.467ms
[261.802s][info][gc,cpu      ] GC(48) User=0.01s Sys=0.00s Real=0.00s
[261.802s][info][gc,start    ] GC(49) Pause Young (Normal) (G1 Humongous Allocation)
[261.802s][info][gc,task     ] GC(49) Using 4 workers of 4 for evacuation
[261.803s][info][gc,phases   ] GC(49)   Pre Evacuate Collection Set: 0.15ms
[261.803s][info][gc,phases   ] GC(49)   Merge Heap Roots: 0.04ms
[261.803s][info][gc,phases   ] GC(49)   Evacuate Collection Set: 0.57ms
[261.803s][info][gc,phases   ] GC(49)   Post Evacuate Collection Set: 0.23ms
[261.803s][info][gc,phases   ] GC(49)   Other: 0.03ms
[261.803s][info][gc,heap     ] GC(49) Eden regions: 1->0(59)
[261.803s][info][gc,heap     ] GC(49) Survivor regions: 5->4(8)
[261.803s][info][gc,heap     ] GC(49) Old regions: 599->600
[261.803s][info][gc,heap     ] GC(49) Humongous regions: 779->771
[261.803s][info][gc,metaspace] GC(49) Metaspace: 99799K(100864K)->99799K(100864K) NonClass: 77747K(78336K)->77747K(78336K) Class: 22052K(22528K)->22052K(22528K)
[261.803s][info][gc          ] GC(49) Pause Young (Normal) (G1 Humongous Allocation) 2767M->2749M(2868M) 1.093ms
[261.803s][info][gc,cpu      ] GC(49) User=0.00s Sys=0.00s Real=0.00s
[261.803s][info][gc,ergo     ] Attempting full compaction
[261.803s][info][gc,start    ] GC(50) Pause Full (G1 Compaction Pause)
[261.803s][info][gc,task     ] GC(50) Using 4 workers of 4 for full compaction
[261.804s][info][gc,phases,start] GC(50) Phase 1: Mark live objects
[261.823s][info][gc,phases      ] GC(50) Phase 1: Mark live objects 18.262ms
[261.823s][info][gc,phases,start] GC(50) Phase 2: Prepare compaction
[261.830s][info][gc,phases      ] GC(50) Phase 2: Prepare compaction 6.985ms
[261.830s][info][gc,phases,start] GC(50) Phase 3: Adjust pointers
[261.839s][info][gc,phases      ] GC(50) Phase 3: Adjust pointers 9.207ms
[261.839s][info][gc,phases,start] GC(50) Phase 4: Compact heap
[261.847s][info][gc,phases      ] GC(50) Phase 4: Compact heap 7.880ms
[261.847s][info][gc,phases,start] GC(50) Phase 5: Reset Metadata
[261.849s][info][gc,phases      ] GC(50) Phase 5: Reset Metadata 2.394ms
[261.852s][info][gc,heap        ] GC(50) Eden regions: 0->0(341)
[261.852s][info][gc,heap        ] GC(50) Survivor regions: 4->0(8)
[261.852s][info][gc,heap        ] GC(50) Old regions: 600->188
[261.852s][info][gc,heap        ] GC(50) Humongous regions: 771->582
[261.852s][info][gc,metaspace   ] GC(50) Metaspace: 99799K(100864K)->99329K(100864K) NonClass: 77747K(78336K)->77405K(78336K) Class: 22052K(22528K)->21924K(22528K)
[261.852s][info][gc             ] GC(50) Pause Full (G1 Compaction Pause) 2749M->1536M(2868M) 48.248ms
[261.852s][info][gc,cpu         ] GC(50) User=0.15s Sys=0.00s Real=0.05s
[261.852s][info][gc,marking     ] GC(44) Concurrent Mark From Roots 106.882ms
[261.852s][info][gc,marking     ] GC(44) Concurrent Mark Abort
[261.852s][info][gc             ] GC(44) Concurrent Mark Cycle 114.674ms
[261.856s][info][gc,start       ] GC(51) Pause Young (Concurrent Start) (G1 Humongous Allocation)
[261.856s][info][gc,task        ] GC(51) Using 4 workers of 4 for evacuation
[261.858s][info][gc,phases      ] GC(51)   Pre Evacuate Collection Set: 0.27ms
[261.858s][info][gc,phases      ] GC(51)   Merge Heap Roots: 0.07ms
[261.858s][info][gc,phases      ] GC(51)   Evacuate Collection Set: 1.05ms
[261.858s][info][gc,phases      ] GC(51)   Post Evacuate Collection Set: 0.54ms
[261.858s][info][gc,phases      ] GC(51)   Other: 0.05ms
[261.858s][info][gc,heap        ] GC(51) Eden regions: 4->0(351)
[261.858s][info][gc,heap        ] GC(51) Survivor regions: 0->2(43)
[261.858s][info][gc,heap        ] GC(51) Old regions: 188->188
[261.858s][info][gc,heap        ] GC(51) Humongous regions: 591->591
[261.858s][info][gc,metaspace   ] GC(51) Metaspace: 99329K(100864K)->99329K(100864K) NonClass: 77405K(78336K)->77405K(78336K) Class: 21924K(22528K)->21924K(22528K)
[261.858s][info][gc             ] GC(51) Pause Young (Concurrent Start) (G1 Humongous Allocation) 1561M->1558M(2868M) 2.065ms
[261.858s][info][gc,cpu         ] GC(51) User=0.01s Sys=0.00s Real=0.00s
[261.858s][info][gc             ] GC(52) Concurrent Mark Cycle
[261.858s][info][gc,marking     ] GC(52) Concurrent Scan Root Regions
[261.860s][info][gc,marking     ] GC(52) Concurrent Scan Root Regions 1.380ms
[261.860s][info][gc,marking     ] GC(52) Concurrent Mark
[261.860s][info][gc,marking     ] GC(52) Concurrent Mark From Roots
[261.860s][info][gc,task        ] GC(52) Using 1 workers of 1 for marking
[261.924s][info][gc,marking     ] GC(52) Concurrent Mark From Roots 64.386ms
[261.924s][info][gc,marking     ] GC(52) Concurrent Preclean
[261.924s][info][gc,marking     ] GC(52) Concurrent Preclean 0.092ms
[261.925s][info][gc,start       ] GC(52) Pause Remark
[261.928s][info][gc             ] GC(52) Pause Remark 2239M->2177M(2868M) 3.128ms
[261.928s][info][gc,cpu         ] GC(52) User=0.01s Sys=0.00s Real=0.01s
[261.928s][info][gc,marking     ] GC(52) Concurrent Mark 68.401ms
[261.928s][info][gc,marking     ] GC(52) Concurrent Rebuild Remembered Sets and Scrub Regions
[261.955s][info][gc,marking     ] GC(52) Concurrent Rebuild Remembered Sets and Scrub Regions 26.497ms
[261.955s][info][gc,start       ] GC(52) Pause Cleanup
[261.955s][info][gc             ] GC(52) Pause Cleanup 2494M->2494M(2868M) 0.104ms
[261.955s][info][gc,cpu         ] GC(52) User=0.00s Sys=0.00s Real=0.00s
[261.955s][info][gc,marking     ] GC(52) Concurrent Clear Claimed Marks
[261.955s][info][gc,marking     ] GC(52) Concurrent Clear Claimed Marks 0.100ms
[261.955s][info][gc,marking     ] GC(52) Concurrent Cleanup for Next Mark
[261.957s][info][gc,marking     ] GC(52) Concurrent Cleanup for Next Mark 1.556ms
[261.957s][info][gc             ] GC(52) Concurrent Mark Cycle 98.441ms
[262.009s][info][gc,start       ] GC(53) Pause Young (Prepare Mixed) (G1 Humongous Allocation)
[262.009s][info][gc,task        ] GC(53) Using 4 workers of 4 for evacuation
[262.013s][info][gc,phases      ] GC(53)   Pre Evacuate Collection Set: 0.11ms
[262.013s][info][gc,phases      ] GC(53)   Merge Heap Roots: 0.06ms
[262.013s][info][gc,phases      ] GC(53)   Evacuate Collection Set: 2.56ms
[262.013s][info][gc,phases      ] GC(53)   Post Evacuate Collection Set: 0.77ms
[262.013s][info][gc,phases      ] GC(53)   Other: 0.05ms
[262.013s][info][gc,heap        ] GC(53) Eden regions: 68->0(231)
[262.013s][info][gc,heap        ] GC(53) Survivor regions: 2->27(27)
[262.013s][info][gc,heap        ] GC(53) Old regions: 186->213
[262.013s][info][gc,heap        ] GC(53) Humongous regions: 1151->765
[262.013s][info][gc,metaspace   ] GC(53) Metaspace: 99370K(100864K)->99370K(100864K) NonClass: 77444K(78336K)->77444K(78336K) Class: 21926K(22528K)->21926K(22528K)
[262.013s][info][gc             ] GC(53) Pause Young (Prepare Mixed) (G1 Humongous Allocation) (Evacuation Failure: Allocation) 2808M->2006M(2868M) 3.665ms
[262.013s][info][gc,cpu         ] GC(53) User=0.01s Sys=0.00s Real=0.00s
[263.905s][info][gc,start       ] GC(54) Pause Young (Mixed) (G1 Evacuation Pause)
[263.905s][info][gc,task        ] GC(54) Using 4 workers of 4 for evacuation
[263.913s][info][gc,phases      ] GC(54)   Pre Evacuate Collection Set: 0.20ms
[263.913s][info][gc,phases      ] GC(54)   Merge Heap Roots: 0.06ms
[263.913s][info][gc,phases      ] GC(54)   Evacuate Collection Set: 3.02ms
[263.913s][info][gc,phases      ] GC(54)   Post Evacuate Collection Set: 4.08ms
[263.913s][info][gc,phases      ] GC(54)   Other: 0.05ms
[263.913s][info][gc,heap        ] GC(54) Eden regions: 174->0(163)
[263.913s][info][gc,heap        ] GC(54) Survivor regions: 27->0(0)
[263.913s][info][gc,heap        ] GC(54) Old regions: 213->414
[263.913s][info][gc,heap        ] GC(54) Humongous regions: 1020->742
[263.913s][info][gc,metaspace   ] GC(54) Metaspace: 99522K(100864K)->99522K(100864K) NonClass: 77596K(78336K)->77596K(78336K) Class: 21926K(22528K)->21926K(22528K)
[263.913s][info][gc             ] GC(54) Pause Young (Mixed) (G1 Evacuation Pause) (Evacuation Failure: Allocation) 2864M->2308M(2868M) 7.519ms
[263.913s][info][gc,cpu         ] GC(54) User=0.03s Sys=0.00s Real=0.01s
[264.019s][info][gc,start       ] GC(55) Pause Young (Concurrent Start) (G1 Evacuation Pause)
[264.019s][info][gc,task        ] GC(55) Using 4 workers of 4 for evacuation
[264.032s][info][gc,phases      ] GC(55)   Pre Evacuate Collection Set: 0.21ms
[264.033s][info][gc,phases      ] GC(55)   Merge Heap Roots: 0.08ms
[264.033s][info][gc,phases      ] GC(55)   Evacuate Collection Set: 10.56ms
[264.033s][info][gc,phases      ] GC(55)   Post Evacuate Collection Set: 2.51ms
[264.033s][info][gc,phases      ] GC(55)   Other: 0.06ms
[264.033s][info][gc,heap        ] GC(55) Eden regions: 163->0(53)
[264.033s][info][gc,heap        ] GC(55) Survivor regions: 0->21(21)
[264.033s][info][gc,heap        ] GC(55) Old regions: 414->573
[264.033s][info][gc,heap        ] GC(55) Humongous regions: 742->742
[264.033s][info][gc,metaspace   ] GC(55) Metaspace: 99522K(100864K)->99522K(100864K) NonClass: 77596K(78336K)->77596K(78336K) Class: 21926K(22528K)->21926K(22528K)
[264.033s][info][gc             ] GC(55) Pause Young (Concurrent Start) (G1 Evacuation Pause) (Evacuation Failure: Allocation) 2634M->2669M(2868M) 13.554ms
[264.033s][info][gc,cpu         ] GC(55) User=0.05s Sys=0.00s Real=0.01s
[264.033s][info][gc             ] GC(56) Concurrent Mark Cycle
[264.033s][info][gc,marking     ] GC(56) Concurrent Scan Root Regions
[264.045s][info][gc,marking     ] GC(56) Concurrent Scan Root Regions 12.399ms
[264.045s][info][gc,marking     ] GC(56) Concurrent Mark
[264.045s][info][gc,marking     ] GC(56) Concurrent Mark From Roots
[264.045s][info][gc,task        ] GC(56) Using 1 workers of 1 for marking
[264.061s][info][gc,start       ] GC(57) Pause Young (Normal) (G1 Evacuation Pause)
[264.061s][info][gc,task        ] GC(57) Using 4 workers of 4 for evacuation
[264.069s][info][gc,phases      ] GC(57)   Pre Evacuate Collection Set: 0.22ms
[264.069s][info][gc,phases      ] GC(57)   Merge Heap Roots: 0.10ms
[264.069s][info][gc,phases      ] GC(57)   Evacuate Collection Set: 4.92ms
[264.069s][info][gc,phases      ] GC(57)   Post Evacuate Collection Set: 2.56ms
[264.069s][info][gc,phases      ] GC(57)   Other: 0.05ms
[264.069s][info][gc,heap        ] GC(57) Eden regions: 53->0(16)
[264.069s][info][gc,heap        ] GC(57) Survivor regions: 21->10(10)
[264.069s][info][gc,heap        ] GC(57) Old regions: 573->666
[264.069s][info][gc,heap        ] GC(57) Humongous regions: 742->742
[264.069s][info][gc,metaspace   ] GC(57) Metaspace: 99522K(100864K)->99522K(100864K) NonClass: 77596K(78336K)->77596K(78336K) Class: 21926K(22528K)->21926K(22528K)
[264.069s][info][gc             ] GC(57) Pause Young (Normal) (G1 Evacuation Pause) (Evacuation Failure: Allocation) 2775M->2833M(2868M) 7.959ms
[264.069s][info][gc,cpu         ] GC(57) User=0.03s Sys=0.00s Real=0.01s
[264.073s][info][gc,start       ] GC(58) Pause Young (Normal) (G1 Evacuation Pause)
[264.073s][info][gc,task        ] GC(58) Using 4 workers of 4 for evacuation
[264.078s][info][gc,phases      ] GC(58)   Pre Evacuate Collection Set: 0.18ms
[264.078s][info][gc,phases      ] GC(58)   Merge Heap Roots: 0.07ms
[264.078s][info][gc,phases      ] GC(58)   Evacuate Collection Set: 1.50ms
[264.078s][info][gc,phases      ] GC(58)   Post Evacuate Collection Set: 3.40ms
[264.078s][info][gc,phases      ] GC(58)   Other: 0.05ms
[264.078s][info][gc,heap        ] GC(58) Eden regions: 16->0(1)
[264.078s][info][gc,heap        ] GC(58) Survivor regions: 10->0(0)
[264.078s][info][gc,heap        ] GC(58) Old regions: 666->692
[264.078s][info][gc,heap        ] GC(58) Humongous regions: 742->742
[264.078s][info][gc,metaspace   ] GC(58) Metaspace: 99522K(100864K)->99522K(100864K) NonClass: 77596K(78336K)->77596K(78336K) Class: 21926K(22528K)->21926K(22528K)
[264.078s][info][gc             ] GC(58) Pause Young (Normal) (G1 Evacuation Pause) (Evacuation Failure: Allocation) 2865M->2865M(2868M) 5.300ms
[264.078s][info][gc,cpu         ] GC(58) User=0.01s Sys=0.00s Real=0.01s
[264.078s][info][gc,ergo        ] Attempting full compaction
[264.078s][info][gc,start       ] GC(59) Pause Full (G1 Compaction Pause)
[264.078s][info][gc,task        ] GC(59) Using 4 workers of 4 for full compaction
[264.079s][info][gc,phases,start] GC(59) Phase 1: Mark live objects
[264.097s][info][gc,phases      ] GC(59) Phase 1: Mark live objects 18.243ms
[264.097s][info][gc,phases,start] GC(59) Phase 2: Prepare compaction
[264.100s][info][gc,phases      ] GC(59) Phase 2: Prepare compaction 2.927ms
[264.100s][info][gc,phases,start] GC(59) Phase 3: Adjust pointers
[264.110s][info][gc,phases      ] GC(59) Phase 3: Adjust pointers 9.639ms
[264.110s][info][gc,phases,start] GC(59) Phase 4: Compact heap
[264.116s][info][gc,phases      ] GC(59) Phase 4: Compact heap 5.919ms
[264.116s][info][gc,phases,start] GC(59) Phase 5: Reset Metadata
[264.119s][info][gc,phases      ] GC(59) Phase 5: Reset Metadata 3.109ms
[264.121s][info][gc,heap        ] GC(59) Eden regions: 0->0(359)
[264.121s][info][gc,heap        ] GC(59) Survivor regions: 0->0(0)
[264.121s][info][gc,heap        ] GC(59) Old regions: 692->219
[264.121s][info][gc,heap        ] GC(59) Humongous regions: 742->562
[264.121s][info][gc,metaspace   ] GC(59) Metaspace: 99522K(100864K)->99519K(100864K) NonClass: 77596K(78336K)->77594K(78336K) Class: 21926K(22528K)->21924K(22528K)
[264.121s][info][gc             ] GC(59) Pause Full (G1 Compaction Pause) 2865M->1558M(2868M) 42.700ms
[264.121s][info][gc,cpu         ] GC(59) User=0.15s Sys=0.01s Real=0.04s
[264.121s][info][gc,marking     ] GC(56) Concurrent Mark From Roots 76.157ms
[264.121s][info][gc,marking     ] GC(56) Concurrent Mark Abort
[264.121s][info][gc             ] GC(56) Concurrent Mark Cycle 88.640ms
[264.149s][info][gc,start       ] GC(60) Pause Young (Concurrent Start) (G1 Humongous Allocation)
[264.149s][info][gc,task        ] GC(60) Using 4 workers of 4 for evacuation
[264.154s][info][gc,phases      ] GC(60)   Pre Evacuate Collection Set: 0.22ms
[264.154s][info][gc,phases      ] GC(60)   Merge Heap Roots: 0.04ms
[264.154s][info][gc,phases      ] GC(60)   Evacuate Collection Set: 4.41ms
[264.154s][info][gc,phases      ] GC(60)   Post Evacuate Collection Set: 0.50ms
[264.154s][info][gc,phases      ] GC(60)   Other: 0.05ms
[264.154s][info][gc,heap        ] GC(60) Eden regions: 95->0(310)
[264.154s][info][gc,heap        ] GC(60) Survivor regions: 0->45(45)
[264.154s][info][gc,heap        ] GC(60) Old regions: 219->222
[264.154s][info][gc,heap        ] GC(60) Humongous regions: 562->562
[264.154s][info][gc,metaspace   ] GC(60) Metaspace: 99519K(100864K)->99519K(100864K) NonClass: 77594K(78336K)->77594K(78336K) Class: 21924K(22528K)->21924K(22528K)
[264.154s][info][gc             ] GC(60) Pause Young (Concurrent Start) (G1 Humongous Allocation) 1747M->1653M(2868M) 5.332ms
[264.154s][info][gc,cpu         ] GC(60) User=0.02s Sys=0.00s Real=0.00s
[264.154s][info][gc             ] GC(61) Concurrent Mark Cycle
[264.154s][info][gc,marking     ] GC(61) Concurrent Scan Root Regions
[264.158s][info][gc,marking     ] GC(61) Concurrent Scan Root Regions 4.017ms
[264.158s][info][gc,marking     ] GC(61) Concurrent Mark
[264.158s][info][gc,marking     ] GC(61) Concurrent Mark From Roots
[264.158s][info][gc,task        ] GC(61) Using 1 workers of 1 for marking
[264.207s][info][gc,marking     ] GC(61) Concurrent Mark From Roots 49.046ms
[264.207s][info][gc,marking     ] GC(61) Concurrent Preclean
[264.208s][info][gc,marking     ] GC(61) Concurrent Preclean 0.158ms
[264.208s][info][gc,start       ] GC(61) Pause Remark
[264.210s][info][gc             ] GC(61) Pause Remark 1835M->1835M(2868M) 2.482ms
[264.210s][info][gc,cpu         ] GC(61) User=0.01s Sys=0.00s Real=0.00s
[264.210s][info][gc,marking     ] GC(61) Concurrent Mark 51.920ms
[264.210s][info][gc,marking     ] GC(61) Concurrent Rebuild Remembered Sets and Scrub Regions
[264.239s][info][gc,marking     ] GC(61) Concurrent Rebuild Remembered Sets and Scrub Regions 28.837ms
[264.239s][info][gc,start       ] GC(61) Pause Cleanup
[264.239s][info][gc             ] GC(61) Pause Cleanup 2139M->2139M(2868M) 0.164ms
[264.239s][info][gc,cpu         ] GC(61) User=0.00s Sys=0.00s Real=0.00s
[264.240s][info][gc,marking     ] GC(61) Concurrent Clear Claimed Marks
[264.240s][info][gc,marking     ] GC(61) Concurrent Clear Claimed Marks 0.110ms
[264.240s][info][gc,marking     ] GC(61) Concurrent Cleanup for Next Mark
[264.241s][info][gc,marking     ] GC(61) Concurrent Cleanup for Next Mark 1.384ms
[264.241s][info][gc             ] GC(61) Concurrent Mark Cycle 86.697ms
[264.319s][info][gc,start       ] GC(62) Pause Young (Prepare Mixed) (G1 Humongous Allocation)
[264.319s][info][gc,task        ] GC(62) Using 4 workers of 4 for evacuation
[264.324s][info][gc,phases      ] GC(62)   Pre Evacuate Collection Set: 0.13ms
[264.324s][info][gc,phases      ] GC(62)   Merge Heap Roots: 0.07ms
[264.324s][info][gc,phases      ] GC(62)   Evacuate Collection Set: 2.26ms
[264.324s][info][gc,phases      ] GC(62)   Post Evacuate Collection Set: 2.87ms
[264.324s][info][gc,phases      ] GC(62)   Other: 0.05ms
[264.324s][info][gc,heap        ] GC(62) Eden regions: 133->0(173)
[264.324s][info][gc,heap        ] GC(62) Survivor regions: 45->2(3)
[264.324s][info][gc,heap        ] GC(62) Old regions: 222->400
[264.324s][info][gc,heap        ] GC(62) Humongous regions: 1031->725
[264.324s][info][gc,metaspace   ] GC(62) Metaspace: 99561K(100864K)->99561K(100864K) NonClass: 77635K(78336K)->77635K(78336K) Class: 21925K(22528K)->21925K(22528K)
[264.325s][info][gc             ] GC(62) Pause Young (Prepare Mixed) (G1 Humongous Allocation) (Evacuation Failure: Allocation) 2855M->2250M(2868M) 5.488ms
[264.325s][info][gc,cpu         ] GC(62) User=0.02s Sys=0.00s Real=0.00s
[264.381s][info][gc,start       ] GC(63) Pause Young (Mixed) (G1 Humongous Allocation)
[264.381s][info][gc,task        ] GC(63) Using 4 workers of 4 for evacuation
[264.386s][info][gc,phases      ] GC(63)   Pre Evacuate Collection Set: 0.13ms
[264.386s][info][gc,phases      ] GC(63)   Merge Heap Roots: 0.06ms
[264.386s][info][gc,phases      ] GC(63)   Evacuate Collection Set: 2.83ms
[264.386s][info][gc,phases      ] GC(63)   Post Evacuate Collection Set: 1.66ms
[264.386s][info][gc,phases      ] GC(63)   Other: 0.05ms
[264.386s][info][gc,heap        ] GC(63) Eden regions: 31->0(99)
[264.386s][info][gc,heap        ] GC(63) Survivor regions: 2->7(20)
[264.386s][info][gc,heap        ] GC(63) Old regions: 400->446
[264.386s][info][gc,heap        ] GC(63) Humongous regions: 981->808
[264.386s][info][gc,metaspace   ] GC(63) Metaspace: 99564K(100864K)->99564K(100864K) NonClass: 77639K(78336K)->77639K(78336K) Class: 21925K(22528K)->21925K(22528K)
[264.386s][info][gc             ] GC(63) Pause Young (Mixed) (G1 Humongous Allocation) (Evacuation Failure: Allocation) 2823M->2517M(2868M) 4.814ms
[264.386s][info][gc,cpu         ] GC(63) User=0.01s Sys=0.00s Real=0.00s
[264.397s][info][gc,start       ] GC(64) Pause Young (Concurrent Start) (G1 Humongous Allocation)
[264.397s][info][gc,task        ] GC(64) Using 4 workers of 4 for evacuation
[264.403s][info][gc,phases      ] GC(64)   Pre Evacuate Collection Set: 0.25ms
[264.403s][info][gc,phases      ] GC(64)   Merge Heap Roots: 0.13ms
[264.403s][info][gc,phases      ] GC(64)   Evacuate Collection Set: 4.41ms
[264.403s][info][gc,phases      ] GC(64)   Post Evacuate Collection Set: 0.47ms
[264.403s][info][gc,phases      ] GC(64)   Other: 0.05ms
[264.403s][info][gc,heap        ] GC(64) Eden regions: 7->0(150)
[264.403s][info][gc,heap        ] GC(64) Survivor regions: 7->11(14)
[264.403s][info][gc,heap        ] GC(64) Old regions: 446->358
[264.403s][info][gc,heap        ] GC(64) Humongous regions: 811->805
[264.403s][info][gc,metaspace   ] GC(64) Metaspace: 99564K(100864K)->99564K(100864K) NonClass: 77639K(78336K)->77639K(78336K) Class: 21925K(22528K)->21925K(22528K)
[264.403s][info][gc             ] GC(64) Pause Young (Concurrent Start) (G1 Humongous Allocation) 2535M->2345M(2868M) 5.419ms
[264.403s][info][gc             ] GC(65) Concurrent Mark Cycle
[264.403s][info][gc,marking     ] GC(65) Concurrent Scan Root Regions
[264.403s][info][gc,cpu         ] GC(64) User=0.02s Sys=0.00s Real=0.00s
[264.409s][info][gc,marking     ] GC(65) Concurrent Scan Root Regions 6.476ms
[264.409s][info][gc,marking     ] GC(65) Concurrent Mark
[264.409s][info][gc,marking     ] GC(65) Concurrent Mark From Roots
[264.409s][info][gc,task        ] GC(65) Using 1 workers of 1 for marking
[264.462s][info][gc,marking     ] GC(65) Concurrent Mark From Roots 52.407ms
[264.462s][info][gc,marking     ] GC(65) Concurrent Preclean
[264.462s][info][gc,marking     ] GC(65) Concurrent Preclean 0.101ms
[264.462s][info][gc,start       ] GC(65) Pause Remark
[264.466s][info][gc             ] GC(65) Pause Remark 2794M->2308M(2868M) 3.689ms
[264.466s][info][gc,cpu         ] GC(65) User=0.01s Sys=0.00s Real=0.00s
[264.466s][info][gc,marking     ] GC(65) Concurrent Mark 56.348ms
[264.466s][info][gc,marking     ] GC(65) Concurrent Rebuild Remembered Sets and Scrub Regions
[264.499s][info][gc,marking     ] GC(65) Concurrent Rebuild Remembered Sets and Scrub Regions 32.968ms
[264.499s][info][gc,start       ] GC(65) Pause Cleanup
[264.499s][info][gc             ] GC(65) Pause Cleanup 2523M->2523M(2868M) 0.115ms
[264.499s][info][gc,cpu         ] GC(65) User=0.00s Sys=0.00s Real=0.00s
[264.499s][info][gc,marking     ] GC(65) Concurrent Clear Claimed Marks
[264.499s][info][gc,marking     ] GC(65) Concurrent Clear Claimed Marks 0.107ms
[264.499s][info][gc,marking     ] GC(65) Concurrent Cleanup for Next Mark
[264.500s][info][gc,marking     ] GC(65) Concurrent Cleanup for Next Mark 1.172ms
[264.500s][info][gc             ] GC(65) Concurrent Mark Cycle 97.354ms
[265.269s][info][gc,start       ] GC(66) Pause Young (Prepare Mixed) (G1 Humongous Allocation)
[265.269s][info][gc,task        ] GC(66) Using 4 workers of 4 for evacuation
[265.272s][info][gc,phases      ] GC(66)   Pre Evacuate Collection Set: 0.23ms
[265.272s][info][gc,phases      ] GC(66)   Merge Heap Roots: 0.09ms
[265.272s][info][gc,phases      ] GC(66)   Evacuate Collection Set: 2.10ms
[265.272s][info][gc,phases      ] GC(66)   Post Evacuate Collection Set: 1.04ms
[265.272s][info][gc,phases      ] GC(66)   Other: 0.05ms
[265.272s][info][gc,heap        ] GC(66) Eden regions: 22->0(209)
[265.272s][info][gc,heap        ] GC(66) Survivor regions: 11->11(19)
[265.272s][info][gc,heap        ] GC(66) Old regions: 358->392
[265.272s][info][gc,heap        ] GC(66) Humongous regions: 1024->670
[265.272s][info][gc,metaspace   ] GC(66) Metaspace: 99576K(100864K)->99576K(100864K) NonClass: 77650K(78336K)->77650K(78336K) Class: 21925K(22528K)->21925K(22528K)
[265.272s][info][gc             ] GC(66) Pause Young (Prepare Mixed) (G1 Humongous Allocation) (Evacuation Failure: Allocation) 2825M->2141M(2868M) 3.598ms
[265.272s][info][gc,cpu         ] GC(66) User=0.01s Sys=0.00s Real=0.00s
[266.376s][info][gc,start       ] GC(67) Pause Young (Mixed) (G1 Evacuation Pause)
[266.376s][info][gc,task        ] GC(67) Using 4 workers of 4 for evacuation
[266.387s][info][gc,phases      ] GC(67)   Pre Evacuate Collection Set: 0.33ms
[266.387s][info][gc,phases      ] GC(67)   Merge Heap Roots: 0.09ms
[266.387s][info][gc,phases      ] GC(67)   Evacuate Collection Set: 6.63ms
[266.387s][info][gc,phases      ] GC(67)   Post Evacuate Collection Set: 3.54ms
[266.387s][info][gc,phases      ] GC(67)   Other: 0.06ms
[266.387s][info][gc,heap        ] GC(67) Eden regions: 209->0(71)
[266.387s][info][gc,heap        ] GC(67) Survivor regions: 11->28(28)
[266.387s][info][gc,heap        ] GC(67) Old regions: 392->614
[266.387s][info][gc,heap        ] GC(67) Humongous regions: 760->670
[266.387s][info][gc,metaspace   ] GC(67) Metaspace: 99775K(100992K)->99775K(100992K) NonClass: 77848K(78464K)->77848K(78464K) Class: 21927K(22528K)->21927K(22528K)
[266.387s][info][gc             ] GC(67) Pause Young (Mixed) (G1 Evacuation Pause) (Evacuation Failure: Allocation) 2739M->2621M(2868M) 10.790ms
[266.387s][info][gc,cpu         ] GC(67) User=0.04s Sys=0.00s Real=0.01s
[266.428s][info][gc,start       ] GC(68) Pause Young (Concurrent Start) (G1 Evacuation Pause)
[266.428s][info][gc,task        ] GC(68) Using 4 workers of 4 for evacuation
[266.437s][info][gc,phases      ] GC(68)   Pre Evacuate Collection Set: 0.21ms
[266.437s][info][gc,phases      ] GC(68)   Merge Heap Roots: 0.07ms
[266.437s][info][gc,phases      ] GC(68)   Evacuate Collection Set: 5.43ms
[266.437s][info][gc,phases      ] GC(68)   Post Evacuate Collection Set: 3.36ms
[266.437s][info][gc,phases      ] GC(68)   Other: 0.05ms
[266.437s][info][gc,heap        ] GC(68) Eden regions: 71->0(12)
[266.437s][info][gc,heap        ] GC(68) Survivor regions: 28->13(13)
[266.437s][info][gc,heap        ] GC(68) Old regions: 614->739
[266.437s][info][gc,heap        ] GC(68) Humongous regions: 670->670
[266.437s][info][gc,metaspace   ] GC(68) Metaspace: 99783K(100992K)->99783K(100992K) NonClass: 77856K(78464K)->77856K(78464K) Class: 21927K(22528K)->21927K(22528K)
[266.437s][info][gc             ] GC(68) Pause Young (Concurrent Start) (G1 Evacuation Pause) (Evacuation Failure: Allocation) 2763M->2842M(2868M) 9.242ms
[266.437s][info][gc,cpu         ] GC(68) User=0.03s Sys=0.00s Real=0.01s
[266.437s][info][gc             ] GC(69) Concurrent Mark Cycle
[266.437s][info][gc,marking     ] GC(69) Concurrent Scan Root Regions
[266.441s][info][gc,start       ] GC(70) Pause Young (Normal) (G1 Evacuation Pause)
[266.441s][info][gc,task        ] GC(70) Using 4 workers of 4 for evacuation
[266.449s][info][gc,marking     ] GC(69) Concurrent Scan Root Regions 11.765ms
[266.449s][info][gc,marking     ] GC(69) Concurrent Mark
[266.449s][info][gc,marking     ] GC(69) Concurrent Mark From Roots
[266.449s][info][gc,task        ] GC(69) Using 1 workers of 1 for marking
[266.454s][info][gc,phases      ] GC(70)   Pre Evacuate Collection Set: 0.39ms
[266.454s][info][gc,phases      ] GC(70)   Merge Heap Roots: 0.09ms
[266.454s][info][gc,phases      ] GC(70)   Evacuate Collection Set: 1.84ms
[266.454s][info][gc,phases      ] GC(70)   Post Evacuate Collection Set: 3.15ms
[266.454s][info][gc,phases      ] GC(70)   Other: 8.16ms
[266.454s][info][gc,heap        ] GC(70) Eden regions: 12->0(1)
[266.454s][info][gc,heap        ] GC(70) Survivor regions: 13->0(0)
[266.454s][info][gc,heap        ] GC(70) Old regions: 739->764
[266.454s][info][gc,heap        ] GC(70) Humongous regions: 670->670
[266.454s][info][gc,metaspace   ] GC(70) Metaspace: 99783K(100992K)->99783K(100992K) NonClass: 77856K(78464K)->77856K(78464K) Class: 21927K(22528K)->21927K(22528K)
[266.454s][info][gc             ] GC(70) Pause Young (Normal) (G1 Evacuation Pause) (Evacuation Failure: Allocation) 2866M->2866M(2868M) 13.736ms
[266.454s][info][gc,cpu         ] GC(70) User=0.03s Sys=0.01s Real=0.01s
[266.454s][info][gc,ergo        ] Attempting full compaction
[266.454s][info][gc,start       ] GC(71) Pause Full (G1 Compaction Pause)
[266.454s][info][gc,task        ] GC(71) Using 4 workers of 4 for full compaction
[266.455s][info][gc,phases,start] GC(71) Phase 1: Mark live objects
[266.472s][info][gc,phases      ] GC(71) Phase 1: Mark live objects 17.256ms
[266.472s][info][gc,phases,start] GC(71) Phase 2: Prepare compaction
[266.475s][info][gc,phases      ] GC(71) Phase 2: Prepare compaction 2.883ms
[266.475s][info][gc,phases,start] GC(71) Phase 3: Adjust pointers
[266.483s][info][gc,phases      ] GC(71) Phase 3: Adjust pointers 7.861ms
[266.483s][info][gc,phases,start] GC(71) Phase 4: Compact heap
[266.490s][info][gc,phases      ] GC(71) Phase 4: Compact heap 7.218ms
[266.490s][info][gc,phases,start] GC(71) Phase 5: Reset Metadata
[266.494s][info][gc,phases      ] GC(71) Phase 5: Reset Metadata 3.195ms
[266.495s][info][gc,heap        ] GC(71) Eden regions: 0->0(438)
[266.495s][info][gc,heap        ] GC(71) Survivor regions: 0->0(0)
[266.495s][info][gc,heap        ] GC(71) Old regions: 764->164
[266.495s][info][gc,heap        ] GC(71) Humongous regions: 670->562
[266.495s][info][gc,metaspace   ] GC(71) Metaspace: 99783K(100992K)->99778K(100992K) NonClass: 77856K(78464K)->77852K(78464K) Class: 21927K(22528K)->21925K(22528K)
[266.495s][info][gc             ] GC(71) Pause Full (G1 Compaction Pause) 2866M->1449M(2868M) 40.928ms
[266.495s][info][gc,cpu         ] GC(71) User=0.14s Sys=0.00s Real=0.04s
[266.495s][info][gc,marking     ] GC(69) Concurrent Mark From Roots 46.619ms
[266.495s][info][gc,marking     ] GC(69) Concurrent Mark Abort
[266.495s][info][gc             ] GC(69) Concurrent Mark Cycle 58.453ms
[266.595s][info][gc,start       ] GC(72) Pause Young (Concurrent Start) (G1 Humongous Allocation)
[266.595s][info][gc,task        ] GC(72) Using 4 workers of 4 for evacuation
[266.605s][info][gc,phases      ] GC(72)   Pre Evacuate Collection Set: 0.41ms
[266.605s][info][gc,phases      ] GC(72)   Merge Heap Roots: 0.09ms
[266.606s][info][gc,phases      ] GC(72)   Evacuate Collection Set: 9.34ms
[266.606s][info][gc,phases      ] GC(72)   Post Evacuate Collection Set: 0.54ms
[266.606s][info][gc,phases      ] GC(72)   Other: 0.07ms
[266.606s][info][gc,heap        ] GC(72) Eden regions: 204->0(330)
[266.606s][info][gc,heap        ] GC(72) Survivor regions: 0->55(55)
[266.606s][info][gc,heap        ] GC(72) Old regions: 164->211
[266.606s][info][gc,heap        ] GC(72) Humongous regions: 562->562
[266.606s][info][gc,metaspace   ] GC(72) Metaspace: 99778K(100992K)->99778K(100992K) NonClass: 77853K(78464K)->77853K(78464K) Class: 21925K(22528K)->21925K(22528K)
[266.606s][info][gc             ] GC(72) Pause Young (Concurrent Start) (G1 Humongous Allocation) 1857M->1653M(2868M) 10.547ms
[266.606s][info][gc,cpu         ] GC(72) User=0.04s Sys=0.00s Real=0.01s
[266.606s][info][gc             ] GC(73) Concurrent Mark Cycle
[266.606s][info][gc,marking     ] GC(73) Concurrent Scan Root Regions
[266.616s][info][gc,marking     ] GC(73) Concurrent Scan Root Regions 10.478ms
[266.616s][info][gc,marking     ] GC(73) Concurrent Mark
[266.616s][info][gc,marking     ] GC(73) Concurrent Mark From Roots
[266.616s][info][gc,task        ] GC(73) Using 1 workers of 1 for marking
[266.680s][info][gc,marking     ] GC(73) Concurrent Mark From Roots 63.390ms
[266.680s][info][gc,marking     ] GC(73) Concurrent Preclean
[266.680s][info][gc,marking     ] GC(73) Concurrent Preclean 0.133ms
[266.680s][info][gc,start       ] GC(73) Pause Remark
[266.682s][info][gc             ] GC(73) Pause Remark 2161M->2161M(2868M) 2.196ms
[266.682s][info][gc,cpu         ] GC(73) User=0.00s Sys=0.00s Real=0.00s
[266.682s][info][gc,marking     ] GC(73) Concurrent Mark 66.145ms
[266.682s][info][gc,marking     ] GC(73) Concurrent Rebuild Remembered Sets and Scrub Regions
[266.716s][info][gc,marking     ] GC(73) Concurrent Rebuild Remembered Sets and Scrub Regions 33.567ms
[266.716s][info][gc,start       ] GC(73) Pause Cleanup
[266.716s][info][gc             ] GC(73) Pause Cleanup 2350M->2350M(2868M) 0.094ms
[266.716s][info][gc,cpu         ] GC(73) User=0.00s Sys=0.00s Real=0.00s
[266.717s][info][gc,marking     ] GC(73) Concurrent Clear Claimed Marks
[266.717s][info][gc,marking     ] GC(73) Concurrent Clear Claimed Marks 0.116ms
[266.717s][info][gc,marking     ] GC(73) Concurrent Cleanup for Next Mark
[266.718s][info][gc,marking     ] GC(73) Concurrent Cleanup for Next Mark 1.399ms
[266.718s][info][gc             ] GC(73) Concurrent Mark Cycle 112.585ms
[266.795s][info][gc,start       ] GC(74) Pause Young (Prepare Mixed) (G1 Evacuation Pause)
[266.795s][info][gc,task        ] GC(74) Using 4 workers of 4 for evacuation
[266.801s][info][gc,phases      ] GC(74)   Pre Evacuate Collection Set: 0.17ms
[266.801s][info][gc,phases      ] GC(74)   Merge Heap Roots: 0.13ms
[266.801s][info][gc,phases      ] GC(74)   Evacuate Collection Set: 2.72ms
[266.801s][info][gc,phases      ] GC(74)   Post Evacuate Collection Set: 3.59ms
[266.801s][info][gc,phases      ] GC(74)   Other: 0.06ms
[266.801s][info][gc,heap        ] GC(74) Eden regions: 141->0(179)
[266.801s][info][gc,heap        ] GC(74) Survivor regions: 55->0(0)
[266.801s][info][gc,heap        ] GC(74) Old regions: 211->407
[266.801s][info][gc,heap        ] GC(74) Humongous regions: 1027->727
[266.801s][info][gc,metaspace   ] GC(74) Metaspace: 99787K(100992K)->99787K(100992K) NonClass: 77861K(78464K)->77861K(78464K) Class: 21925K(22528K)->21925K(22528K)
[266.802s][info][gc             ] GC(74) Pause Young (Prepare Mixed) (G1 Evacuation Pause) (Evacuation Failure: Allocation) 2865M->2265M(2868M) 6.764ms
[266.802s][info][gc,cpu         ] GC(74) User=0.02s Sys=0.00s Real=0.01s
[266.858s][info][gc,start       ] GC(75) Pause Young (Mixed) (G1 Humongous Allocation)
[266.858s][info][gc,task        ] GC(75) Using 4 workers of 4 for evacuation
[266.863s][info][gc,phases      ] GC(75)   Pre Evacuate Collection Set: 0.21ms
[266.863s][info][gc,phases      ] GC(75)   Merge Heap Roots: 0.09ms
[266.863s][info][gc,phases      ] GC(75)   Evacuate Collection Set: 3.14ms
[266.863s][info][gc,phases      ] GC(75)   Post Evacuate Collection Set: 1.75ms
[266.863s][info][gc,phases      ] GC(75)   Other: 0.12ms
[266.863s][info][gc,heap        ] GC(75) Eden regions: 26->0(93)
[266.863s][info][gc,heap        ] GC(75) Survivor regions: 0->7(23)
[266.863s][info][gc,heap        ] GC(75) Old regions: 407->451
[266.863s][info][gc,heap        ] GC(75) Humongous regions: 975->810
[266.863s][info][gc,metaspace   ] GC(75) Metaspace: 99789K(100992K)->99789K(100992K) NonClass: 77864K(78464K)->77864K(78464K) Class: 21925K(22528K)->21925K(22528K)
[266.863s][info][gc             ] GC(75) Pause Young (Mixed) (G1 Humongous Allocation) (Evacuation Failure: Allocation) 2813M->2533M(2868M) 5.433ms
[266.863s][info][gc,cpu         ] GC(75) User=0.01s Sys=0.00s Real=0.00s
[266.867s][info][gc,start       ] GC(76) Pause Young (Concurrent Start) (G1 Humongous Allocation)
[266.867s][info][gc,task        ] GC(76) Using 4 workers of 4 for evacuation
[266.873s][info][gc,phases      ] GC(76)   Pre Evacuate Collection Set: 0.44ms
[266.873s][info][gc,phases      ] GC(76)   Merge Heap Roots: 0.26ms
[266.873s][info][gc,phases      ] GC(76)   Evacuate Collection Set: 4.79ms
[266.873s][info][gc,phases      ] GC(76)   Post Evacuate Collection Set: 0.57ms
[266.873s][info][gc,phases      ] GC(76)   Other: 0.06ms
[266.873s][info][gc,heap        ] GC(76) Eden regions: 2->0(144)
[266.873s][info][gc,heap        ] GC(76) Survivor regions: 7->1(13)
[266.873s][info][gc,heap        ] GC(76) Old regions: 451->363
[266.873s][info][gc,heap        ] GC(76) Humongous regions: 819->814
[266.873s][info][gc,metaspace   ] GC(76) Metaspace: 99789K(100992K)->99789K(100992K) NonClass: 77864K(78464K)->77864K(78464K) Class: 21925K(22528K)->21925K(22528K)
[266.873s][info][gc             ] GC(76) Pause Young (Concurrent Start) (G1 Humongous Allocation) 2555M->2354M(2868M) 6.259ms
[266.873s][info][gc,cpu         ] GC(76) User=0.02s Sys=0.00s Real=0.00s
[266.873s][info][gc             ] GC(77) Concurrent Mark Cycle
[266.873s][info][gc,marking     ] GC(77) Concurrent Scan Root Regions
[266.879s][info][gc,marking     ] GC(77) Concurrent Scan Root Regions 5.302ms
[266.879s][info][gc,marking     ] GC(77) Concurrent Mark
[266.879s][info][gc,marking     ] GC(77) Concurrent Mark From Roots
[266.879s][info][gc,task        ] GC(77) Using 1 workers of 1 for marking
[266.937s][info][gc,marking     ] GC(77) Concurrent Mark From Roots 58.899ms
[266.938s][info][gc,marking     ] GC(77) Concurrent Preclean
[266.938s][info][gc,marking     ] GC(77) Concurrent Preclean 0.092ms
[266.938s][info][gc,start       ] GC(77) Pause Remark
[266.940s][info][gc             ] GC(77) Pause Remark 2814M->2310M(2868M) 1.921ms
[266.940s][info][gc,cpu         ] GC(77) User=0.01s Sys=0.00s Real=0.00s
[266.940s][info][gc,marking     ] GC(77) Concurrent Mark 61.053ms
[266.940s][info][gc,marking     ] GC(77) Concurrent Rebuild Remembered Sets and Scrub Regions
[266.975s][info][gc,marking     ] GC(77) Concurrent Rebuild Remembered Sets and Scrub Regions 35.344ms
[266.975s][info][gc,start       ] GC(77) Pause Cleanup
[266.975s][info][gc             ] GC(77) Pause Cleanup 2565M->2565M(2868M) 0.096ms
[266.975s][info][gc,cpu         ] GC(77) User=0.00s Sys=0.00s Real=0.00s
[266.975s][info][gc,marking     ] GC(77) Concurrent Clear Claimed Marks
[266.975s][info][gc,marking     ] GC(77) Concurrent Clear Claimed Marks 0.107ms
[266.975s][info][gc,marking     ] GC(77) Concurrent Cleanup for Next Mark
[266.977s][info][gc,marking     ] GC(77) Concurrent Cleanup for Next Mark 1.273ms
[266.977s][info][gc             ] GC(77) Concurrent Mark Cycle 103.354ms
[267.820s][info][gc,start       ] GC(78) Pause Young (Prepare Mixed) (G1 Humongous Allocation)
[267.820s][info][gc,task        ] GC(78) Using 4 workers of 4 for evacuation
[267.823s][info][gc,phases      ] GC(78)   Pre Evacuate Collection Set: 0.14ms
[267.825s][info][gc,phases      ] GC(78)   Merge Heap Roots: 0.16ms
[267.825s][info][gc,phases      ] GC(78)   Evacuate Collection Set: 1.41ms
[267.825s][info][gc,phases      ] GC(78)   Post Evacuate Collection Set: 0.95ms
[267.825s][info][gc,phases      ] GC(78)   Other: 0.05ms
[267.825s][info][gc,heap        ] GC(78) Eden regions: 22->0(202)
[267.825s][info][gc,heap        ] GC(78) Survivor regions: 1->5(8)
[267.825s][info][gc,heap        ] GC(78) Old regions: 363->381
[267.825s][info][gc,heap        ] GC(78) Humongous regions: 1040->673
[267.825s][info][gc,metaspace   ] GC(78) Metaspace: 99837K(100992K)->99837K(100992K) NonClass: 77912K(78464K)->77912K(78464K) Class: 21925K(22528K)->21925K(22528K)
[267.825s][info][gc             ] GC(78) Pause Young (Prepare Mixed) (G1 Humongous Allocation) (Evacuation Failure: Allocation) 2849M->2116M(2868M) 5.116ms
[267.825s][info][gc,cpu         ] GC(78) User=0.01s Sys=0.00s Real=0.00s
[268.939s][info][gc,start       ] GC(79) Pause Young (Mixed) (G1 Evacuation Pause)
[268.939s][info][gc,task        ] GC(79) Using 4 workers of 4 for evacuation
[268.949s][info][gc,phases      ] GC(79)   Pre Evacuate Collection Set: 0.13ms
[268.949s][info][gc,phases      ] GC(79)   Merge Heap Roots: 0.06ms
[268.949s][info][gc,phases      ] GC(79)   Evacuate Collection Set: 7.11ms
[268.949s][info][gc,phases      ] GC(79)   Post Evacuate Collection Set: 2.81ms
[268.949s][info][gc,phases      ] GC(79)   Other: 0.06ms
[268.949s][info][gc,heap        ] GC(79) Eden regions: 202->0(66)
[268.949s][info][gc,heap        ] GC(79) Survivor regions: 5->26(26)
[268.949s][info][gc,heap        ] GC(79) Old regions: 381->617
[268.949s][info][gc,heap        ] GC(79) Humongous regions: 772->670
[268.949s][info][gc,metaspace   ] GC(79) Metaspace: 99881K(101056K)->99881K(101056K) NonClass: 77956K(78528K)->77956K(78528K) Class: 21925K(22528K)->21925K(22528K)
[268.949s][info][gc             ] GC(79) Pause Young (Mixed) (G1 Evacuation Pause) (Evacuation Failure: Allocation) 2718M->2624M(2868M) 10.305ms
[268.949s][info][gc,cpu         ] GC(79) User=0.04s Sys=0.00s Real=0.01s
[268.992s][info][gc,start       ] GC(80) Pause Young (Concurrent Start) (G1 Evacuation Pause)
[268.993s][info][gc,task        ] GC(80) Using 4 workers of 4 for evacuation
[269.002s][info][gc,phases      ] GC(80)   Pre Evacuate Collection Set: 0.35ms
[269.002s][info][gc,phases      ] GC(80)   Merge Heap Roots: 0.11ms
[269.002s][info][gc,phases      ] GC(80)   Evacuate Collection Set: 5.53ms
[269.002s][info][gc,phases      ] GC(80)   Post Evacuate Collection Set: 3.52ms
[269.002s][info][gc,phases      ] GC(80)   Other: 0.07ms
[269.002s][info][gc,heap        ] GC(80) Eden regions: 66->0(34)
[269.002s][info][gc,heap        ] GC(80) Survivor regions: 26->12(12)
[269.002s][info][gc,heap        ] GC(80) Old regions: 617->718
[269.002s][info][gc,heap        ] GC(80) Humongous regions: 670->670
[269.002s][info][gc,metaspace   ] GC(80) Metaspace: 99881K(101056K)->99881K(101056K) NonClass: 77956K(78528K)->77956K(78528K) Class: 21925K(22528K)->21925K(22528K)
[269.002s][info][gc             ] GC(80) Pause Young (Concurrent Start) (G1 Evacuation Pause) (Evacuation Failure: Allocation) 2756M->2798M(2868M) 9.699ms
[269.002s][info][gc,cpu         ] GC(80) User=0.04s Sys=0.00s Real=0.01s
[269.002s][info][gc             ] GC(81) Concurrent Mark Cycle
[269.002s][info][gc,marking     ] GC(81) Concurrent Scan Root Regions
[269.010s][info][gc,marking     ] GC(81) Concurrent Scan Root Regions 7.521ms
[269.010s][info][gc,marking     ] GC(81) Concurrent Mark
[269.010s][info][gc,marking     ] GC(81) Concurrent Mark From Roots
[269.010s][info][gc,task        ] GC(81) Using 1 workers of 1 for marking
[269.023s][info][gc,start       ] GC(82) Pause Young (Normal) (G1 Evacuation Pause)
[269.023s][info][gc,task        ] GC(82) Using 4 workers of 4 for evacuation
[269.030s][info][gc,phases      ] GC(82)   Pre Evacuate Collection Set: 0.22ms
[269.030s][info][gc,phases      ] GC(82)   Merge Heap Roots: 0.11ms
[269.030s][info][gc,phases      ] GC(82)   Evacuate Collection Set: 1.78ms
[269.030s][info][gc,phases      ] GC(82)   Post Evacuate Collection Set: 4.09ms
[269.030s][info][gc,phases      ] GC(82)   Other: 0.06ms
[269.030s][info][gc,heap        ] GC(82) Eden regions: 34->0(1)
[269.030s][info][gc,heap        ] GC(82) Survivor regions: 12->0(0)
[269.030s][info][gc,heap        ] GC(82) Old regions: 718->764
[269.030s][info][gc,heap        ] GC(82) Humongous regions: 670->670
[269.030s][info][gc,metaspace   ] GC(82) Metaspace: 99881K(101056K)->99881K(101056K) NonClass: 77956K(78528K)->77956K(78528K) Class: 21925K(22528K)->21925K(22528K)
[269.030s][info][gc             ] GC(82) Pause Young (Normal) (G1 Evacuation Pause) (Evacuation Failure: Allocation) 2866M->2866M(2868M) 6.358ms
[269.030s][info][gc,cpu         ] GC(82) User=0.02s Sys=0.00s Real=0.01s
[269.030s][info][gc,ergo        ] Attempting full compaction
[269.030s][info][gc,start       ] GC(83) Pause Full (G1 Compaction Pause)
[269.030s][info][gc,task        ] GC(83) Using 4 workers of 4 for full compaction
[269.030s][info][gc,phases,start] GC(83) Phase 1: Mark live objects
[269.045s][info][gc,phases      ] GC(83) Phase 1: Mark live objects 14.790ms
[269.045s][info][gc,phases,start] GC(83) Phase 2: Prepare compaction
[269.048s][info][gc,phases      ] GC(83) Phase 2: Prepare compaction 2.697ms
[269.048s][info][gc,phases,start] GC(83) Phase 3: Adjust pointers
[269.056s][info][gc,phases      ] GC(83) Phase 3: Adjust pointers 7.968ms
[269.056s][info][gc,phases,start] GC(83) Phase 4: Compact heap
[269.062s][info][gc,phases      ] GC(83) Phase 4: Compact heap 5.702ms
[269.062s][info][gc,phases,start] GC(83) Phase 5: Reset Metadata
[269.065s][info][gc,phases      ] GC(83) Phase 5: Reset Metadata 3.328ms
[269.067s][info][gc,heap        ] GC(83) Eden regions: 0->0(403)
[269.067s][info][gc,heap        ] GC(83) Survivor regions: 0->0(0)
[269.067s][info][gc,heap        ] GC(83) Old regions: 764->170
[269.067s][info][gc,heap        ] GC(83) Humongous regions: 670->562
[269.067s][info][gc,metaspace   ] GC(83) Metaspace: 99881K(101056K)->99881K(101056K) NonClass: 77956K(78528K)->77956K(78528K) Class: 21925K(22528K)->21925K(22528K)
[269.067s][info][gc             ] GC(83) Pause Full (G1 Compaction Pause) 2866M->1459M(2868M) 37.113ms
[269.067s][info][gc,cpu         ] GC(83) User=0.13s Sys=0.01s Real=0.04s
[269.067s][info][gc,marking     ] GC(81) Concurrent Mark From Roots 57.069ms
[269.067s][info][gc,marking     ] GC(81) Concurrent Mark Abort
[269.067s][info][gc             ] GC(81) Concurrent Mark Cycle 64.660ms
[269.126s][info][gc,start       ] GC(84) Pause Young (Concurrent Start) (G1 Humongous Allocation)
[269.126s][info][gc,task        ] GC(84) Using 4 workers of 4 for evacuation
[269.133s][info][gc,phases      ] GC(84)   Pre Evacuate Collection Set: 0.25ms
[269.133s][info][gc,phases      ] GC(84)   Merge Heap Roots: 0.06ms
[269.133s][info][gc,phases      ] GC(84)   Evacuate Collection Set: 5.64ms
[269.133s][info][gc,phases      ] GC(84)   Post Evacuate Collection Set: 0.51ms
[269.133s][info][gc,phases      ] GC(84)   Other: 0.05ms
[269.133s][info][gc,heap        ] GC(84) Eden regions: 133->0(334)
[269.133s][info][gc,heap        ] GC(84) Survivor regions: 0->51(51)
[269.133s][info][gc,heap        ] GC(84) Old regions: 170->185
[269.133s][info][gc,heap        ] GC(84) Humongous regions: 562->562
[269.133s][info][gc,metaspace   ] GC(84) Metaspace: 99881K(101056K)->99881K(101056K) NonClass: 77956K(78528K)->77956K(78528K) Class: 21925K(22528K)->21925K(22528K)
[269.133s][info][gc             ] GC(84) Pause Young (Concurrent Start) (G1 Humongous Allocation) 1724M->1591M(2868M) 6.629ms
[269.133s][info][gc,cpu         ] GC(84) User=0.02s Sys=0.00s Real=0.00s
[269.133s][info][gc             ] GC(85) Concurrent Mark Cycle
[269.133s][info][gc,marking     ] GC(85) Concurrent Scan Root Regions
[269.138s][info][gc,marking     ] GC(85) Concurrent Scan Root Regions 5.444ms
[269.138s][info][gc,marking     ] GC(85) Concurrent Mark
[269.138s][info][gc,marking     ] GC(85) Concurrent Mark From Roots
[269.138s][info][gc,task        ] GC(85) Using 1 workers of 1 for marking
[269.188s][info][gc,marking     ] GC(85) Concurrent Mark From Roots 49.234ms
[269.188s][info][gc,marking     ] GC(85) Concurrent Preclean
[269.188s][info][gc,marking     ] GC(85) Concurrent Preclean 0.109ms
[269.188s][info][gc,start       ] GC(85) Pause Remark
[269.190s][info][gc             ] GC(85) Pause Remark 1822M->1822M(2868M) 1.805ms
[269.190s][info][gc,cpu         ] GC(85) User=0.01s Sys=0.00s Real=0.00s
[269.190s][info][gc,marking     ] GC(85) Concurrent Mark 51.335ms
[269.190s][info][gc,marking     ] GC(85) Concurrent Rebuild Remembered Sets and Scrub Regions
[269.216s][info][gc,marking     ] GC(85) Concurrent Rebuild Remembered Sets and Scrub Regions 26.597ms
[269.217s][info][gc,start       ] GC(85) Pause Cleanup
[269.217s][info][gc             ] GC(85) Pause Cleanup 2084M->2084M(2868M) 0.139ms
[269.217s][info][gc,cpu         ] GC(85) User=0.00s Sys=0.00s Real=0.00s
[269.217s][info][gc,marking     ] GC(85) Concurrent Clear Claimed Marks
[269.218s][info][gc,marking     ] GC(85) Concurrent Clear Claimed Marks 0.164ms
[269.218s][info][gc,marking     ] GC(85) Concurrent Cleanup for Next Mark
[269.219s][info][gc,marking     ] GC(85) Concurrent Cleanup for Next Mark 1.456ms
[269.219s][info][gc             ] GC(85) Concurrent Mark Cycle 86.027ms
[269.346s][info][gc,start       ] GC(86) Pause Young (Prepare Mixed) (G1 Humongous Allocation)
[269.346s][info][gc,task        ] GC(86) Using 4 workers of 4 for evacuation
[269.353s][info][gc,phases      ] GC(86)   Pre Evacuate Collection Set: 0.25ms
[269.353s][info][gc,phases      ] GC(86)   Merge Heap Roots: 0.09ms
[269.353s][info][gc,phases      ] GC(86)   Evacuate Collection Set: 2.73ms
[269.353s][info][gc,phases      ] GC(86)   Post Evacuate Collection Set: 4.20ms
[269.353s][info][gc,phases      ] GC(86)   Other: 0.07ms
[269.353s][info][gc,heap        ] GC(86) Eden regions: 193->0(167)
[269.353s][info][gc,heap        ] GC(86) Survivor regions: 51->0(0)
[269.353s][info][gc,heap        ] GC(86) Old regions: 185->428
[269.353s][info][gc,heap        ] GC(86) Humongous regions: 1005->716
[269.353s][info][gc,metaspace   ] GC(86) Metaspace: 99881K(101056K)->99881K(101056K) NonClass: 77956K(78528K)->77956K(78528K) Class: 21925K(22528K)->21925K(22528K)
[269.353s][info][gc             ] GC(86) Pause Young (Prepare Mixed) (G1 Humongous Allocation) (Evacuation Failure: Allocation) 2862M->2283M(2868M) 7.445ms
[269.353s][info][gc,cpu         ] GC(86) User=0.02s Sys=0.00s Real=0.01s
[269.416s][info][gc,start       ] GC(87) Pause Young (Mixed) (G1 Humongous Allocation)
[269.416s][info][gc,task        ] GC(87) Using 4 workers of 4 for evacuation
[269.421s][info][gc,phases      ] GC(87)   Pre Evacuate Collection Set: 0.16ms
[269.421s][info][gc,phases      ] GC(87)   Merge Heap Roots: 0.11ms
[269.421s][info][gc,phases      ] GC(87)   Evacuate Collection Set: 2.93ms
[269.421s][info][gc,phases      ] GC(87)   Post Evacuate Collection Set: 2.06ms
[269.421s][info][gc,phases      ] GC(87)   Other: 0.05ms
[269.421s][info][gc,heap        ] GC(87) Eden regions: 31->0(82)
[269.421s][info][gc,heap        ] GC(87) Survivor regions: 0->7(20)
[269.421s][info][gc,heap        ] GC(87) Old regions: 428->470
[269.421s][info][gc,heap        ] GC(87) Humongous regions: 955->802
[269.421s][info][gc,metaspace   ] GC(87) Metaspace: 99881K(101056K)->99881K(101056K) NonClass: 77956K(78528K)->77956K(78528K) Class: 21925K(22528K)->21925K(22528K)
[269.421s][info][gc             ] GC(87) Pause Young (Mixed) (G1 Humongous Allocation) (Evacuation Failure: Allocation) 2823M->2553M(2868M) 5.398ms
[269.421s][info][gc,cpu         ] GC(87) User=0.02s Sys=0.00s Real=0.00s
[269.422s][info][gc,start       ] GC(88) Pause Young (Concurrent Start) (G1 Humongous Allocation)
[269.422s][info][gc,task        ] GC(88) Using 4 workers of 4 for evacuation
[269.428s][info][gc,phases      ] GC(88)   Pre Evacuate Collection Set: 0.17ms
[269.428s][info][gc,phases      ] GC(88)   Merge Heap Roots: 0.06ms
[269.428s][info][gc,phases      ] GC(88)   Evacuate Collection Set: 5.03ms
[269.428s][info][gc,phases      ] GC(88)   Post Evacuate Collection Set: 0.42ms
[269.428s][info][gc,phases      ] GC(88)   Other: 0.05ms
[269.428s][info][gc,heap        ] GC(88) Eden regions: 2->0(131)
[269.428s][info][gc,heap        ] GC(88) Survivor regions: 7->1(12)
[269.428s][info][gc,heap        ] GC(88) Old regions: 470->405
[269.428s][info][gc,heap        ] GC(88) Humongous regions: 807->804
[269.428s][info][gc,metaspace   ] GC(88) Metaspace: 99881K(101056K)->99881K(101056K) NonClass: 77956K(78528K)->77956K(78528K) Class: 21925K(22528K)->21925K(22528K)
[269.428s][info][gc             ] GC(88) Pause Young (Concurrent Start) (G1 Humongous Allocation) 2566M->2416M(2868M) 5.807ms
[269.428s][info][gc             ] GC(89) Concurrent Mark Cycle
[269.428s][info][gc,marking     ] GC(89) Concurrent Scan Root Regions
[269.428s][info][gc,cpu         ] GC(88) User=0.02s Sys=0.00s Real=0.01s
[269.437s][info][gc,marking     ] GC(89) Concurrent Scan Root Regions 9.521ms
[269.437s][info][gc,marking     ] GC(89) Concurrent Mark
[269.437s][info][gc,marking     ] GC(89) Concurrent Mark From Roots
[269.437s][info][gc,task        ] GC(89) Using 1 workers of 1 for marking
[269.470s][info][gc,start       ] GC(90) Pause Young (Normal) (G1 Humongous Allocation)
[269.470s][info][gc,task        ] GC(90) Using 4 workers of 4 for evacuation
[269.473s][info][gc,phases      ] GC(90)   Pre Evacuate Collection Set: 0.30ms
[269.473s][info][gc,phases      ] GC(90)   Merge Heap Roots: 0.11ms
[269.473s][info][gc,phases      ] GC(90)   Evacuate Collection Set: 1.54ms
[269.473s][info][gc,phases      ] GC(90)   Post Evacuate Collection Set: 1.68ms
[269.473s][info][gc,phases      ] GC(90)   Other: 0.06ms
[269.473s][info][gc,heap        ] GC(90) Eden regions: 16->0(71)
[269.473s][info][gc,heap        ] GC(90) Survivor regions: 1->2(5)
[269.473s][info][gc,heap        ] GC(90) Old regions: 405->425
[269.473s][info][gc,heap        ] GC(90) Humongous regions: 1007->871
[269.473s][info][gc,metaspace   ] GC(90) Metaspace: 99882K(101056K)->99882K(101056K) NonClass: 77957K(78528K)->77957K(78528K) Class: 21925K(22528K)->21925K(22528K)
[269.473s][info][gc             ] GC(90) Pause Young (Normal) (G1 Humongous Allocation) (Evacuation Failure: Allocation) 2853M->2592M(2868M) 3.779ms
[269.473s][info][gc,cpu         ] GC(90) User=0.01s Sys=0.00s Real=0.00s
[269.495s][info][gc,marking     ] GC(89) Concurrent Mark From Roots 57.684ms
[269.495s][info][gc,marking     ] GC(89) Concurrent Preclean
[269.495s][info][gc,marking     ] GC(89) Concurrent Preclean 0.102ms
[269.495s][info][gc,start       ] GC(89) Pause Remark
[269.497s][info][gc             ] GC(89) Pause Remark 2693M->2225M(2868M) 2.046ms
[269.497s][info][gc,cpu         ] GC(89) User=0.00s Sys=0.00s Real=0.01s
[269.497s][info][gc,marking     ] GC(89) Concurrent Mark 59.979ms
[269.497s][info][gc,marking     ] GC(89) Concurrent Rebuild Remembered Sets and Scrub Regions
[269.532s][info][gc,marking     ] GC(89) Concurrent Rebuild Remembered Sets and Scrub Regions 35.102ms
[269.533s][info][gc,start       ] GC(89) Pause Cleanup
[269.533s][info][gc             ] GC(89) Pause Cleanup 2351M->2351M(2868M) 0.102ms
[269.533s][info][gc,cpu         ] GC(89) User=0.00s Sys=0.00s Real=0.00s
[269.533s][info][gc,marking     ] GC(89) Concurrent Clear Claimed Marks
[269.533s][info][gc,marking     ] GC(89) Concurrent Clear Claimed Marks 0.145ms
[269.533s][info][gc,marking     ] GC(89) Concurrent Cleanup for Next Mark
[269.535s][info][gc,marking     ] GC(89) Concurrent Cleanup for Next Mark 1.623ms
[269.535s][info][gc             ] GC(89) Concurrent Mark Cycle 107.176ms
[270.417s][info][gc,start       ] GC(91) Pause Young (Prepare Mixed) (G1 Humongous Allocation)
[270.417s][info][gc,task        ] GC(91) Using 4 workers of 4 for evacuation
[270.422s][info][gc,phases      ] GC(91)   Pre Evacuate Collection Set: 0.16ms
[270.422s][info][gc,phases      ] GC(91)   Merge Heap Roots: 0.16ms
[270.422s][info][gc,phases      ] GC(91)   Evacuate Collection Set: 3.02ms
[270.422s][info][gc,phases      ] GC(91)   Post Evacuate Collection Set: 1.39ms
[270.422s][info][gc,phases      ] GC(91)   Other: 0.05ms
[270.422s][info][gc,heap        ] GC(91) Eden regions: 13->0(177)
[270.422s][info][gc,heap        ] GC(91) Survivor regions: 2->6(10)
[270.422s][info][gc,heap        ] GC(91) Old regions: 425->432
[270.422s][info][gc,heap        ] GC(91) Humongous regions: 964->697
[270.422s][info][gc,metaspace   ] GC(91) Metaspace: 99887K(101056K)->99887K(101056K) NonClass: 77961K(78528K)->77961K(78528K) Class: 21925K(22528K)->21925K(22528K)
[270.422s][info][gc             ] GC(91) Pause Young (Prepare Mixed) (G1 Humongous Allocation) (Evacuation Failure: Allocation) 2802M->2265M(2868M) 4.876ms
[270.422s][info][gc,cpu         ] GC(91) User=0.02s Sys=0.00s Real=0.00s
[271.495s][info][gc,start       ] GC(92) Pause Young (Mixed) (G1 Evacuation Pause)
[271.495s][info][gc,task        ] GC(92) Using 4 workers of 4 for evacuation
[271.506s][info][gc,phases      ] GC(92)   Pre Evacuate Collection Set: 0.39ms
[271.506s][info][gc,phases      ] GC(92)   Merge Heap Roots: 0.11ms
[271.506s][info][gc,phases      ] GC(92)   Evacuate Collection Set: 6.76ms
[271.506s][info][gc,phases      ] GC(92)   Post Evacuate Collection Set: 3.03ms
[271.506s][info][gc,phases      ] GC(92)   Other: 0.06ms
[271.506s][info][gc,heap        ] GC(92) Eden regions: 177->0(67)
[271.506s][info][gc,heap        ] GC(92) Survivor regions: 6->23(23)
[271.506s][info][gc,heap        ] GC(92) Old regions: 432->609
[271.506s][info][gc,heap        ] GC(92) Humongous regions: 760->688
[271.506s][info][gc,metaspace   ] GC(92) Metaspace: 99921K(101056K)->99921K(101056K) NonClass: 77995K(78528K)->77995K(78528K) Class: 21925K(22528K)->21925K(22528K)
[271.506s][info][gc             ] GC(92) Pause Young (Mixed) (G1 Evacuation Pause) (Evacuation Failure: Allocation) 2745M->2635M(2868M) 10.465ms
[271.506s][info][gc,cpu         ] GC(92) User=0.04s Sys=0.00s Real=0.01s
[271.556s][info][gc,start       ] GC(93) Pause Young (Concurrent Start) (G1 Evacuation Pause)
[271.556s][info][gc,task        ] GC(93) Using 4 workers of 4 for evacuation
[271.566s][info][gc,phases      ] GC(93)   Pre Evacuate Collection Set: 0.50ms
[271.566s][info][gc,phases      ] GC(93)   Merge Heap Roots: 0.16ms
[271.566s][info][gc,phases      ] GC(93)   Evacuate Collection Set: 5.06ms
[271.566s][info][gc,phases      ] GC(93)   Post Evacuate Collection Set: 3.72ms
[271.566s][info][gc,phases      ] GC(93)   Other: 0.06ms
[271.566s][info][gc,heap        ] GC(93) Eden regions: 67->0(25)
[271.566s][info][gc,heap        ] GC(93) Survivor regions: 23->12(12)
[271.566s][info][gc,heap        ] GC(93) Old regions: 609->709
[271.566s][info][gc,heap        ] GC(93) Humongous regions: 688->688
[271.566s][info][gc,metaspace   ] GC(93) Metaspace: 99921K(101056K)->99921K(101056K) NonClass: 77995K(78528K)->77995K(78528K) Class: 21925K(22528K)->21925K(22528K)
[271.566s][info][gc             ] GC(93) Pause Young (Concurrent Start) (G1 Evacuation Pause) (Evacuation Failure: Allocation) 2769M->2814M(2868M) 9.731ms
[271.566s][info][gc             ] GC(94) Concurrent Mark Cycle
[271.566s][info][gc,marking     ] GC(94) Concurrent Scan Root Regions
[271.566s][info][gc,cpu         ] GC(93) User=0.04s Sys=0.00s Real=0.00s
[271.574s][info][gc,marking     ] GC(94) Concurrent Scan Root Regions 8.644ms
[271.574s][info][gc,marking     ] GC(94) Concurrent Mark
[271.574s][info][gc,marking     ] GC(94) Concurrent Mark From Roots
[271.574s][info][gc,task        ] GC(94) Using 1 workers of 1 for marking
[271.576s][info][gc,start       ] GC(95) Pause Young (Normal) (G1 Evacuation Pause)
[271.576s][info][gc,task        ] GC(95) Using 4 workers of 4 for evacuation
[271.582s][info][gc,phases      ] GC(95)   Pre Evacuate Collection Set: 0.19ms
[271.582s][info][gc,phases      ] GC(95)   Merge Heap Roots: 0.07ms
[271.582s][info][gc,phases      ] GC(95)   Evacuate Collection Set: 1.78ms
[271.582s][info][gc,phases      ] GC(95)   Post Evacuate Collection Set: 3.93ms
[271.582s][info][gc,phases      ] GC(95)   Other: 0.06ms
[271.582s][info][gc,heap        ] GC(95) Eden regions: 25->0(1)
[271.582s][info][gc,heap        ] GC(95) Survivor regions: 12->0(0)
[271.582s][info][gc,heap        ] GC(95) Old regions: 709->746
[271.582s][info][gc,heap        ] GC(95) Humongous regions: 688->688
[271.582s][info][gc,metaspace   ] GC(95) Metaspace: 99926K(101056K)->99926K(101056K) NonClass: 78001K(78528K)->78001K(78528K) Class: 21925K(22528K)->21925K(22528K)
[271.582s][info][gc             ] GC(95) Pause Young (Normal) (G1 Evacuation Pause) (Evacuation Failure: Allocation) 2864M->2864M(2868M) 6.137ms
[271.582s][info][gc,cpu         ] GC(95) User=0.02s Sys=0.01s Real=0.00s
[271.582s][info][gc,ergo        ] Attempting full compaction
[271.582s][info][gc,start       ] GC(96) Pause Full (G1 Compaction Pause)
[271.582s][info][gc,task        ] GC(96) Using 4 workers of 4 for full compaction
[271.583s][info][gc,phases,start] GC(96) Phase 1: Mark live objects
[271.596s][info][gc,phases      ] GC(96) Phase 1: Mark live objects 13.057ms
[271.596s][info][gc,phases,start] GC(96) Phase 2: Prepare compaction
[271.598s][info][gc,phases      ] GC(96) Phase 2: Prepare compaction 2.280ms
[271.599s][info][gc,phases,start] GC(96) Phase 3: Adjust pointers
[271.606s][info][gc,phases      ] GC(96) Phase 3: Adjust pointers 7.579ms
[271.606s][info][gc,phases,start] GC(96) Phase 4: Compact heap
[271.612s][info][gc,phases      ] GC(96) Phase 4: Compact heap 5.682ms
[271.612s][info][gc,phases,start] GC(96) Phase 5: Reset Metadata
[271.615s][info][gc,phases      ] GC(96) Phase 5: Reset Metadata 3.282ms
[271.617s][info][gc,heap        ] GC(96) Eden regions: 0->0(416)
[271.617s][info][gc,heap        ] GC(96) Survivor regions: 0->0(0)
[271.617s][info][gc,heap        ] GC(96) Old regions: 746->153
[271.617s][info][gc,heap        ] GC(96) Humongous regions: 688->562
[271.617s][info][gc,metaspace   ] GC(96) Metaspace: 99926K(101056K)->99926K(101056K) NonClass: 78001K(78528K)->78001K(78528K) Class: 21925K(22528K)->21925K(22528K)
[271.617s][info][gc             ] GC(96) Pause Full (G1 Compaction Pause) 2864M->1427M(2868M) 34.747ms
[271.617s][info][gc,cpu         ] GC(96) User=0.12s Sys=0.00s Real=0.04s
[271.617s][info][gc,marking     ] GC(94) Concurrent Mark From Roots 42.789ms
[271.617s][info][gc,marking     ] GC(94) Concurrent Mark Abort
[271.617s][info][gc             ] GC(94) Concurrent Mark Cycle 51.485ms
[271.703s][info][gc,start       ] GC(97) Pause Young (Concurrent Start) (G1 Humongous Allocation)
[271.703s][info][gc,task        ] GC(97) Using 4 workers of 4 for evacuation
[271.710s][info][gc,phases      ] GC(97)   Pre Evacuate Collection Set: 0.25ms
[271.710s][info][gc,phases      ] GC(97)   Merge Heap Roots: 0.08ms
[271.710s][info][gc,phases      ] GC(97)   Evacuate Collection Set: 6.37ms
[271.710s][info][gc,phases      ] GC(97)   Post Evacuate Collection Set: 0.50ms
[271.710s][info][gc,phases      ] GC(97)   Other: 0.05ms
[271.710s][info][gc,heap        ] GC(97) Eden regions: 150->0(339)
[271.710s][info][gc,heap        ] GC(97) Survivor regions: 0->52(52)
[271.710s][info][gc,heap        ] GC(97) Old regions: 153->176
[271.710s][info][gc,heap        ] GC(97) Humongous regions: 562->562
[271.710s][info][gc,metaspace   ] GC(97) Metaspace: 99926K(101056K)->99926K(101056K) NonClass: 78001K(78528K)->78001K(78528K) Class: 21925K(22528K)->21925K(22528K)
[271.710s][info][gc             ] GC(97) Pause Young (Concurrent Start) (G1 Humongous Allocation) 1726M->1577M(2868M) 7.353ms
[271.710s][info][gc,cpu         ] GC(97) User=0.03s Sys=0.00s Real=0.01s
[271.710s][info][gc             ] GC(98) Concurrent Mark Cycle
[271.710s][info][gc,marking     ] GC(98) Concurrent Scan Root Regions
[271.717s][info][gc,marking     ] GC(98) Concurrent Scan Root Regions 6.728ms
[271.717s][info][gc,marking     ] GC(98) Concurrent Mark
[271.717s][info][gc,marking     ] GC(98) Concurrent Mark From Roots
[271.717s][info][gc,task        ] GC(98) Using 1 workers of 1 for marking
[271.766s][info][gc,marking     ] GC(98) Concurrent Mark From Roots 48.386ms
[271.766s][info][gc,marking     ] GC(98) Concurrent Preclean
[271.766s][info][gc,marking     ] GC(98) Concurrent Preclean 0.104ms
[271.766s][info][gc,start       ] GC(98) Pause Remark
[271.769s][info][gc             ] GC(98) Pause Remark 1801M->1801M(2868M) 3.346ms
[271.769s][info][gc,cpu         ] GC(98) User=0.00s Sys=0.00s Real=0.00s
[271.769s][info][gc,marking     ] GC(98) Concurrent Mark 52.233ms
[271.769s][info][gc,marking     ] GC(98) Concurrent Rebuild Remembered Sets and Scrub Regions
[271.796s][info][gc,marking     ] GC(98) Concurrent Rebuild Remembered Sets and Scrub Regions 26.980ms
[271.797s][info][gc,start       ] GC(98) Pause Cleanup
[271.797s][info][gc             ] GC(98) Pause Cleanup 2007M->2007M(2868M) 0.110ms
[271.797s][info][gc,cpu         ] GC(98) User=0.00s Sys=0.00s Real=0.00s
[271.797s][info][gc,marking     ] GC(98) Concurrent Clear Claimed Marks
[271.797s][info][gc,marking     ] GC(98) Concurrent Clear Claimed Marks 0.171ms
[271.797s][info][gc,marking     ] GC(98) Concurrent Cleanup for Next Mark
[271.799s][info][gc,marking     ] GC(98) Concurrent Cleanup for Next Mark 1.907ms
[271.799s][info][gc             ] GC(98) Concurrent Mark Cycle 88.808ms
[271.941s][info][gc,start       ] GC(99) Pause Young (Prepare Mixed) (G1 Humongous Allocation)
[271.941s][info][gc,task        ] GC(99) Using 4 workers of 4 for evacuation
[271.949s][info][gc,phases      ] GC(99)   Pre Evacuate Collection Set: 0.16ms
[271.949s][info][gc,phases      ] GC(99)   Merge Heap Roots: 0.07ms
[271.949s][info][gc,phases      ] GC(99)   Evacuate Collection Set: 3.92ms
[271.949s][info][gc,phases      ] GC(99)   Post Evacuate Collection Set: 3.90ms
[271.949s][info][gc,phases      ] GC(99)   Other: 0.06ms
[271.949s][info][gc,heap        ] GC(99) Eden regions: 200->0(160)
[271.949s][info][gc,heap        ] GC(99) Survivor regions: 52->12(17)
[271.949s][info][gc,heap        ] GC(99) Old regions: 176->433
[271.949s][info][gc,heap        ] GC(99) Humongous regions: 989->711
[271.949s][info][gc,metaspace   ] GC(99) Metaspace: 99932K(101056K)->99932K(101056K) NonClass: 78007K(78528K)->78007K(78528K) Class: 21925K(22528K)->21925K(22528K)
[271.949s][info][gc             ] GC(99) Pause Young (Prepare Mixed) (G1 Humongous Allocation) (Evacuation Failure: Allocation) 2830M->2308M(2868M) 8.211ms
[271.949s][info][gc,cpu         ] GC(99) User=0.03s Sys=0.00s Real=0.01s
[272.000s][info][gc,start       ] GC(100) Pause Young (Mixed) (G1 Humongous Allocation)
[272.000s][info][gc,task        ] GC(100) Using 4 workers of 4 for evacuation
[272.007s][info][gc,phases      ] GC(100)   Pre Evacuate Collection Set: 0.17ms
[272.007s][info][gc,phases      ] GC(100)   Merge Heap Roots: 0.08ms
[272.007s][info][gc,phases      ] GC(100)   Evacuate Collection Set: 4.34ms
[272.007s][info][gc,phases      ] GC(100)   Post Evacuate Collection Set: 2.09ms
[272.007s][info][gc,phases      ] GC(100)   Other: 0.05ms
[272.007s][info][gc,heap        ] GC(100) Eden regions: 33->0(71)
[272.007s][info][gc,heap        ] GC(100) Survivor regions: 12->9(22)
[272.007s][info][gc,heap        ] GC(100) Old regions: 433->493
[272.007s][info][gc,heap        ] GC(100) Humongous regions: 913->788
[272.007s][info][gc,metaspace   ] GC(100) Metaspace: 99955K(101056K)->99955K(101056K) NonClass: 78029K(78528K)->78029K(78528K) Class: 21925K(22528K)->21925K(22528K)
[272.007s][info][gc             ] GC(100) Pause Young (Mixed) (G1 Humongous Allocation) (Evacuation Failure: Allocation) 2777M->2576M(2868M) 6.814ms
[272.007s][info][gc,cpu         ] GC(100) User=0.02s Sys=0.00s Real=0.01s
[272.008s][info][gc,start       ] GC(101) Pause Young (Concurrent Start) (G1 Humongous Allocation)
[272.008s][info][gc,task        ] GC(101) Using 4 workers of 4 for evacuation
[272.014s][info][gc,phases      ] GC(101)   Pre Evacuate Collection Set: 0.30ms
[272.014s][info][gc,phases      ] GC(101)   Merge Heap Roots: 0.06ms
[272.014s][info][gc,phases      ] GC(101)   Evacuate Collection Set: 4.99ms
[272.014s][info][gc,phases      ] GC(101)   Post Evacuate Collection Set: 0.46ms
[272.014s][info][gc,phases      ] GC(101)   Other: 0.05ms
[272.014s][info][gc,heap        ] GC(101) Eden regions: 3->0(133)
[272.014s][info][gc,heap        ] GC(101) Survivor regions: 9->3(10)
[272.014s][info][gc,heap        ] GC(101) Old regions: 493->417
[272.014s][info][gc,heap        ] GC(101) Humongous regions: 797->787
[272.014s][info][gc,metaspace   ] GC(101) Metaspace: 99955K(101056K)->99955K(101056K) NonClass: 78030K(78528K)->78030K(78528K) Class: 21925K(22528K)->21925K(22528K)
[272.014s][info][gc             ] GC(101) Pause Young (Concurrent Start) (G1 Humongous Allocation) 2600M->2411M(2868M) 5.963ms
[272.014s][info][gc,cpu         ] GC(101) User=0.02s Sys=0.00s Real=0.00s
[272.014s][info][gc             ] GC(102) Concurrent Mark Cycle
[272.014s][info][gc,marking     ] GC(102) Concurrent Scan Root Regions
[272.023s][info][gc,marking     ] GC(102) Concurrent Scan Root Regions 8.716ms
[272.023s][info][gc,marking     ] GC(102) Concurrent Mark
[272.023s][info][gc,marking     ] GC(102) Concurrent Mark From Roots
[272.023s][info][gc,task        ] GC(102) Using 1 workers of 1 for marking
[272.051s][info][gc,start       ] GC(103) Pause Young (Normal) (G1 Humongous Allocation)
[272.051s][info][gc,task        ] GC(103) Using 4 workers of 4 for evacuation
[272.054s][info][gc,phases      ] GC(103)   Pre Evacuate Collection Set: 0.15ms
[272.054s][info][gc,phases      ] GC(103)   Merge Heap Roots: 0.06ms
[272.054s][info][gc,phases      ] GC(103)   Evacuate Collection Set: 2.49ms
[272.054s][info][gc,phases      ] GC(103)   Post Evacuate Collection Set: 0.49ms
[272.054s][info][gc,phases      ] GC(103)   Other: 0.05ms
[272.054s][info][gc,heap        ] GC(103) Eden regions: 16->0(143)
[272.054s][info][gc,heap        ] GC(103) Survivor regions: 3->7(17)
[272.054s][info][gc,heap        ] GC(103) Old regions: 417->337
[272.054s][info][gc,heap        ] GC(103) Humongous regions: 961->844
[272.054s][info][gc,metaspace   ] GC(103) Metaspace: 99969K(101056K)->99969K(101056K) NonClass: 78043K(78528K)->78043K(78528K) Class: 21925K(22528K)->21925K(22528K)
[272.054s][info][gc             ] GC(103) Pause Young (Normal) (G1 Humongous Allocation) 2791M->2373M(2868M) 3.336ms
[272.054s][info][gc,cpu         ] GC(103) User=0.01s Sys=0.00s Real=0.00s
[272.089s][info][gc,marking     ] GC(102) Concurrent Mark From Roots 66.751ms
[272.089s][info][gc,marking     ] GC(102) Concurrent Preclean
[272.090s][info][gc,marking     ] GC(102) Concurrent Preclean 0.099ms
[272.090s][info][gc,start       ] GC(102) Pause Remark
[272.091s][info][gc             ] GC(102) Pause Remark 2636M->2214M(2868M) 1.699ms
[272.091s][info][gc,cpu         ] GC(102) User=0.01s Sys=0.00s Real=0.00s
[272.091s][info][gc,marking     ] GC(102) Concurrent Mark 68.688ms
[272.091s][info][gc,marking     ] GC(102) Concurrent Rebuild Remembered Sets and Scrub Regions
[272.122s][info][gc,marking     ] GC(102) Concurrent Rebuild Remembered Sets and Scrub Regions 30.747ms
[272.122s][info][gc,start       ] GC(102) Pause Cleanup
[272.122s][info][gc             ] GC(102) Pause Cleanup 2221M->2221M(2868M) 0.082ms
[272.122s][info][gc,cpu         ] GC(102) User=0.00s Sys=0.00s Real=0.00s
[272.122s][info][gc,marking     ] GC(102) Concurrent Clear Claimed Marks
[272.122s][info][gc,marking     ] GC(102) Concurrent Clear Claimed Marks 0.107ms
[272.122s][info][gc,marking     ] GC(102) Concurrent Cleanup for Next Mark
[272.124s][info][gc,marking     ] GC(102) Concurrent Cleanup for Next Mark 1.197ms
[272.124s][info][gc             ] GC(102) Concurrent Mark Cycle 109.709ms
[273.092s][info][gc,start       ] GC(104) Pause Young (Prepare Mixed) (G1 Humongous Allocation)
[273.092s][info][gc,task        ] GC(104) Using 4 workers of 4 for evacuation
[273.095s][info][gc,phases      ] GC(104)   Pre Evacuate Collection Set: 0.23ms
[273.095s][info][gc,phases      ] GC(104)   Merge Heap Roots: 0.14ms
[273.095s][info][gc,phases      ] GC(104)   Evacuate Collection Set: 1.55ms
[273.095s][info][gc,phases      ] GC(104)   Post Evacuate Collection Set: 0.83ms
[273.095s][info][gc,phases      ] GC(104)   Other: 0.10ms
[273.095s][info][gc,heap        ] GC(104) Eden regions: 18->0(198)
[273.095s][info][gc,heap        ] GC(104) Survivor regions: 7->12(19)
[273.095s][info][gc,heap        ] GC(104) Old regions: 333->333
[273.095s][info][gc,heap        ] GC(104) Humongous regions: 1045->715
[273.095s][info][gc,metaspace   ] GC(104) Metaspace: 100007K(101056K)->100007K(101056K) NonClass: 78082K(78528K)->78082K(78528K) Class: 21925K(22528K)->21925K(22528K)
[273.095s][info][gc             ] GC(104) Pause Young (Prepare Mixed) (G1 Humongous Allocation) 2803M->2117M(2868M) 2.958ms
[273.095s][info][gc,cpu         ] GC(104) User=0.01s Sys=0.00s Real=0.00s
[274.203s][info][gc,start       ] GC(105) Pause Young (Mixed) (G1 Evacuation Pause)
[274.203s][info][gc,task        ] GC(105) Using 4 workers of 4 for evacuation
[274.214s][info][gc,phases      ] GC(105)   Pre Evacuate Collection Set: 0.32ms
[274.214s][info][gc,phases      ] GC(105)   Merge Heap Roots: 0.13ms
[274.214s][info][gc,phases      ] GC(105)   Evacuate Collection Set: 9.49ms
[274.214s][info][gc,phases      ] GC(105)   Post Evacuate Collection Set: 0.53ms
[274.214s][info][gc,phases      ] GC(105)   Other: 0.06ms
[274.214s][info][gc,heap        ] GC(105) Eden regions: 198->0(140)
[274.214s][info][gc,heap        ] GC(105) Survivor regions: 12->27(27)
[274.214s][info][gc,heap        ] GC(105) Old regions: 333->413
[274.214s][info][gc,heap        ] GC(105) Humongous regions: 775->715
[274.214s][info][gc,metaspace   ] GC(105) Metaspace: 100012K(101056K)->100012K(101056K) NonClass: 78087K(78528K)->78087K(78528K) Class: 21925K(22528K)->21925K(22528K)
[274.214s][info][gc             ] GC(105) Pause Young (Mixed) (G1 Evacuation Pause) 2633M->2308M(2868M) 10.660ms
[274.214s][info][gc,cpu         ] GC(105) User=0.04s Sys=0.00s Real=0.01s
[274.311s][info][gc,start       ] GC(106) Pause Young (Concurrent Start) (G1 Evacuation Pause)
[274.311s][info][gc,task        ] GC(106) Using 4 workers of 4 for evacuation
[274.320s][info][gc,phases      ] GC(106)   Pre Evacuate Collection Set: 0.31ms
[274.320s][info][gc,phases      ] GC(106)   Merge Heap Roots: 0.07ms
[274.320s][info][gc,phases      ] GC(106)   Evacuate Collection Set: 8.10ms
[274.320s][info][gc,phases      ] GC(106)   Post Evacuate Collection Set: 0.43ms
[274.320s][info][gc,phases      ] GC(106)   Other: 0.04ms
[274.320s][info][gc,heap        ] GC(106) Eden regions: 140->0(101)
[274.320s][info][gc,heap        ] GC(106) Survivor regions: 27->21(21)
[274.320s][info][gc,heap        ] GC(106) Old regions: 413->490
[274.320s][info][gc,heap        ] GC(106) Humongous regions: 715->715
[274.320s][info][gc,metaspace   ] GC(106) Metaspace: 100012K(101056K)->100012K(101056K) NonClass: 78087K(78528K)->78087K(78528K) Class: 21925K(22528K)->21925K(22528K)
[274.320s][info][gc             ] GC(106) Pause Young (Concurrent Start) (G1 Evacuation Pause) 2588M->2450M(2868M) 9.069ms
[274.320s][info][gc,cpu         ] GC(106) User=0.04s Sys=0.00s Real=0.01s
[274.320s][info][gc             ] GC(107) Concurrent Mark Cycle
[274.320s][info][gc,marking     ] GC(107) Concurrent Scan Root Regions
[274.326s][info][gc,marking     ] GC(107) Concurrent Scan Root Regions 6.301ms
[274.326s][info][gc,marking     ] GC(107) Concurrent Mark
[274.326s][info][gc,marking     ] GC(107) Concurrent Mark From Roots
[274.326s][info][gc,task        ] GC(107) Using 1 workers of 1 for marking
[274.372s][info][gc,marking     ] GC(107) Concurrent Mark From Roots 45.549ms
[274.372s][info][gc,marking     ] GC(107) Concurrent Preclean
[274.372s][info][gc,marking     ] GC(107) Concurrent Preclean 0.123ms
[274.373s][info][gc,start       ] GC(107) Pause Remark
[274.375s][info][gc             ] GC(107) Pause Remark 2590M->1703M(2868M) 2.180ms
[274.375s][info][gc,cpu         ] GC(107) User=0.00s Sys=0.00s Real=0.00s
[274.375s][info][gc,marking     ] GC(107) Concurrent Mark 48.920ms
[274.375s][info][gc,marking     ] GC(107) Concurrent Rebuild Remembered Sets and Scrub Regions
[274.400s][info][gc,marking     ] GC(107) Concurrent Rebuild Remembered Sets and Scrub Regions 25.063ms
[274.400s][info][gc,start       ] GC(107) Pause Cleanup
[274.400s][info][gc             ] GC(107) Pause Cleanup 1856M->1856M(2868M) 0.084ms
[274.400s][info][gc,cpu         ] GC(107) User=0.00s Sys=0.00s Real=0.00s
[274.400s][info][gc,marking     ] GC(107) Concurrent Clear Claimed Marks
[274.401s][info][gc,marking     ] GC(107) Concurrent Clear Claimed Marks 0.120ms
[274.401s][info][gc,marking     ] GC(107) Concurrent Cleanup for Next Mark
[274.402s][info][gc,marking     ] GC(107) Concurrent Cleanup for Next Mark 1.180ms
[274.402s][info][gc             ] GC(107) Concurrent Mark Cycle 81.881ms
[274.406s][info][gc,start       ] GC(108) Pause Young (Prepare Mixed) (G1 Evacuation Pause)
[274.406s][info][gc,task        ] GC(108) Using 4 workers of 4 for evacuation
[274.412s][info][gc,phases      ] GC(108)   Pre Evacuate Collection Set: 0.18ms
[274.412s][info][gc,phases      ] GC(108)   Merge Heap Roots: 0.08ms
[274.412s][info][gc,phases      ] GC(108)   Evacuate Collection Set: 5.95ms
[274.412s][info][gc,phases      ] GC(108)   Post Evacuate Collection Set: 0.41ms
[274.412s][info][gc,phases      ] GC(108)   Other: 0.05ms
[274.412s][info][gc,heap        ] GC(108) Eden regions: 101->0(279)
[274.412s][info][gc,heap        ] GC(108) Survivor regions: 21->16(16)
[274.412s][info][gc,heap        ] GC(108) Old regions: 199->255
[274.412s][info][gc,heap        ] GC(108) Humongous regions: 614->580
[274.412s][info][gc,metaspace   ] GC(108) Metaspace: 100012K(101056K)->100012K(101056K) NonClass: 78087K(78528K)->78087K(78528K) Class: 21925K(22528K)->21925K(22528K)
[274.412s][info][gc             ] GC(108) Pause Young (Prepare Mixed) (G1 Evacuation Pause) 1869M->1701M(2868M) 6.753ms
[274.412s][info][gc,cpu         ] GC(108) User=0.02s Sys=0.00s Real=0.01s
[274.637s][info][gc,start       ] GC(109) Pause Young (Mixed) (G1 Evacuation Pause)
[274.637s][info][gc,task        ] GC(109) Using 4 workers of 4 for evacuation
[274.644s][info][gc,phases      ] GC(109)   Pre Evacuate Collection Set: 0.50ms
[274.644s][info][gc,phases      ] GC(109)   Merge Heap Roots: 0.16ms
[274.644s][info][gc,phases      ] GC(109)   Evacuate Collection Set: 2.50ms
[274.644s][info][gc,phases      ] GC(109)   Post Evacuate Collection Set: 4.17ms
[274.644s][info][gc,phases      ] GC(109)   Other: 0.06ms
[274.644s][info][gc,heap        ] GC(109) Eden regions: 193->0(152)
[274.644s][info][gc,heap        ] GC(109) Survivor regions: 16->0(0)
[274.644s][info][gc,heap        ] GC(109) Old regions: 255->462
[274.644s][info][gc,heap        ] GC(109) Humongous regions: 970->679
[274.644s][info][gc,metaspace   ] GC(109) Metaspace: 100022K(101056K)->100022K(101056K) NonClass: 78096K(78528K)->78096K(78528K) Class: 21925K(22528K)->21925K(22528K)
[274.644s][info][gc             ] GC(109) Pause Young (Mixed) (G1 Evacuation Pause) (Evacuation Failure: Allocation) 2867M->2281M(2868M) 7.485ms
[274.644s][info][gc,cpu         ] GC(109) User=0.02s Sys=0.00s Real=0.00s
[274.664s][info][gc,start       ] GC(110) Pause Young (Concurrent Start) (G1 Humongous Allocation)
[274.664s][info][gc,task        ] GC(110) Using 4 workers of 4 for evacuation
[274.674s][info][gc,phases      ] GC(110)   Pre Evacuate Collection Set: 0.51ms
[274.674s][info][gc,phases      ] GC(110)   Merge Heap Roots: 0.10ms
[274.674s][info][gc,phases      ] GC(110)   Evacuate Collection Set: 8.15ms
[274.674s][info][gc,phases      ] GC(110)   Post Evacuate Collection Set: 0.48ms
[274.674s][info][gc,phases      ] GC(110)   Other: 0.07ms
[274.674s][info][gc,heap        ] GC(110) Eden regions: 24->0(177)
[274.674s][info][gc,heap        ] GC(110) Survivor regions: 0->13(19)
[274.674s][info][gc,heap        ] GC(110) Old regions: 462->383
[274.674s][info][gc,heap        ] GC(110) Humongous regions: 679->679
[274.674s][info][gc,metaspace   ] GC(110) Metaspace: 100023K(101056K)->100023K(101056K) NonClass: 78098K(78528K)->78098K(78528K) Class: 21925K(22528K)->21925K(22528K)
[274.674s][info][gc             ] GC(110) Pause Young (Concurrent Start) (G1 Humongous Allocation) 2329M->2147M(2868M) 9.417ms
[274.674s][info][gc,cpu         ] GC(110) User=0.03s Sys=0.00s Real=0.01s
[274.674s][info][gc             ] GC(111) Concurrent Mark Cycle
[274.674s][info][gc,marking     ] GC(111) Concurrent Scan Root Regions
[274.686s][info][gc,marking     ] GC(111) Concurrent Scan Root Regions 12.192ms
[274.686s][info][gc,marking     ] GC(111) Concurrent Mark
[274.686s][info][gc,marking     ] GC(111) Concurrent Mark From Roots
[274.686s][info][gc,task        ] GC(111) Using 1 workers of 1 for marking
[274.698s][info][gc,start       ] GC(112) Pause Young (Normal) (G1 Humongous Allocation)
[274.698s][info][gc,task        ] GC(112) Using 4 workers of 4 for evacuation
[274.701s][info][gc,phases      ] GC(112)   Pre Evacuate Collection Set: 0.22ms
[274.701s][info][gc,phases      ] GC(112)   Merge Heap Roots: 0.09ms
[274.701s][info][gc,phases      ] GC(112)   Evacuate Collection Set: 1.53ms
[274.701s][info][gc,phases      ] GC(112)   Post Evacuate Collection Set: 1.24ms
[274.701s][info][gc,phases      ] GC(112)   Other: 0.05ms
[274.701s][info][gc,heap        ] GC(112) Eden regions: 15->0(90)
[274.701s][info][gc,heap        ] GC(112) Survivor regions: 13->4(7)
[274.701s][info][gc,heap        ] GC(112) Old regions: 383->414
[274.701s][info][gc,heap        ] GC(112) Humongous regions: 1016->837
[274.701s][info][gc,metaspace   ] GC(112) Metaspace: 100025K(101056K)->100025K(101056K) NonClass: 78100K(78528K)->78100K(78528K) Class: 21925K(22528K)->21925K(22528K)
[274.701s][info][gc             ] GC(112) Pause Young (Normal) (G1 Humongous Allocation) (Evacuation Failure: Allocation) 2851M->2508M(2868M) 3.224ms
[274.701s][info][gc,cpu         ] GC(112) User=0.01s Sys=0.00s Real=0.00s
[274.719s][info][gc,start       ] GC(113) Pause Young (Normal) (G1 Humongous Allocation)
[274.719s][info][gc,task        ] GC(113) Using 4 workers of 4 for evacuation
[274.723s][info][gc,phases      ] GC(113)   Pre Evacuate Collection Set: 0.32ms
[274.723s][info][gc,phases      ] GC(113)   Merge Heap Roots: 0.10ms
[274.723s][info][gc,phases      ] GC(113)   Evacuate Collection Set: 2.97ms
[274.723s][info][gc,phases      ] GC(113)   Post Evacuate Collection Set: 0.46ms
[274.723s][info][gc,phases      ] GC(113)   Other: 0.05ms
[274.723s][info][gc,heap        ] GC(113) Eden regions: 7->0(107)
[274.723s][info][gc,heap        ] GC(113) Survivor regions: 4->6(12)
[274.723s][info][gc,heap        ] GC(113) Old regions: 414->368
[274.723s][info][gc,heap        ] GC(113) Humongous regions: 961->846
[274.723s][info][gc,metaspace   ] GC(113) Metaspace: 100025K(101056K)->100025K(101056K) NonClass: 78100K(78528K)->78100K(78528K) Class: 21925K(22528K)->21925K(22528K)
[274.723s][info][gc             ] GC(113) Pause Young (Normal) (G1 Humongous Allocation) 2770M->2438M(2868M) 3.995ms
[274.723s][info][gc,cpu         ] GC(113) User=0.01s Sys=0.00s Real=0.00s
[274.753s][info][gc,marking     ] GC(111) Concurrent Mark From Roots 66.781ms
[274.753s][info][gc,marking     ] GC(111) Concurrent Preclean
[274.753s][info][gc,marking     ] GC(111) Concurrent Preclean 0.131ms
[274.753s][info][gc,start       ] GC(111) Pause Remark
[274.755s][info][gc             ] GC(111) Pause Remark 2556M->2312M(2868M) 1.821ms
[274.755s][info][gc,cpu         ] GC(111) User=0.01s Sys=0.00s Real=0.00s
[274.755s][info][gc,marking     ] GC(111) Concurrent Mark 68.878ms
[274.755s][info][gc,marking     ] GC(111) Concurrent Rebuild Remembered Sets and Scrub Regions
[274.787s][info][gc,marking     ] GC(111) Concurrent Rebuild Remembered Sets and Scrub Regions 31.656ms
[274.787s][info][gc,start       ] GC(111) Pause Cleanup
[274.787s][info][gc             ] GC(111) Pause Cleanup 2485M->2485M(2868M) 0.095ms
[274.787s][info][gc,cpu         ] GC(111) User=0.00s Sys=0.00s Real=0.00s
[274.787s][info][gc,marking     ] GC(111) Concurrent Clear Claimed Marks
[274.787s][info][gc,marking     ] GC(111) Concurrent Clear Claimed Marks 0.131ms
[274.787s][info][gc,marking     ] GC(111) Concurrent Cleanup for Next Mark
[274.788s][info][gc,marking     ] GC(111) Concurrent Cleanup for Next Mark 1.275ms
[274.788s][info][gc             ] GC(111) Concurrent Mark Cycle 114.660ms
[275.651s][info][gc,start       ] GC(114) Pause Young (Prepare Mixed) (G1 Humongous Allocation)
[275.651s][info][gc,task        ] GC(114) Using 4 workers of 4 for evacuation
[275.653s][info][gc,phases      ] GC(114)   Pre Evacuate Collection Set: 0.24ms
[275.653s][info][gc,phases      ] GC(114)   Merge Heap Roots: 0.19ms
[275.653s][info][gc,phases      ] GC(114)   Evacuate Collection Set: 1.16ms
[275.653s][info][gc,phases      ] GC(114)   Post Evacuate Collection Set: 0.72ms
[275.653s][info][gc,phases      ] GC(114)   Other: 0.08ms
[275.653s][info][gc,heap        ] GC(114) Eden regions: 10->0(159)
[275.653s][info][gc,heap        ] GC(114) Survivor regions: 6->9(15)
[275.653s][info][gc,heap        ] GC(114) Old regions: 363->363
[275.653s][info][gc,heap        ] GC(114) Humongous regions: 1022->769
[275.653s][info][gc,metaspace   ] GC(114) Metaspace: 100026K(101056K)->100026K(101056K) NonClass: 78101K(78528K)->78101K(78528K) Class: 21925K(22528K)->21925K(22528K)
[275.653s][info][gc             ] GC(114) Pause Young (Prepare Mixed) (G1 Humongous Allocation) 2799M->2279M(2868M) 2.501ms
[275.653s][info][gc,cpu         ] GC(114) User=0.01s Sys=0.00s Real=0.00s
[276.661s][info][gc,start       ] GC(115) Pause Young (Mixed) (G1 Evacuation Pause)
[276.662s][info][gc,task        ] GC(115) Using 4 workers of 4 for evacuation
[276.670s][info][gc,phases      ] GC(115)   Pre Evacuate Collection Set: 0.18ms
[276.670s][info][gc,phases      ] GC(115)   Merge Heap Roots: 0.07ms
[276.670s][info][gc,phases      ] GC(115)   Evacuate Collection Set: 5.61ms
[276.670s][info][gc,phases      ] GC(115)   Post Evacuate Collection Set: 2.27ms
[276.670s][info][gc,phases      ] GC(115)   Other: 0.06ms
[276.670s][info][gc,heap        ] GC(115) Eden regions: 159->0(69)
[276.670s][info][gc,heap        ] GC(115) Survivor regions: 9->21(21)
[276.670s][info][gc,heap        ] GC(115) Old regions: 363->547
[276.670s][info][gc,heap        ] GC(115) Humongous regions: 853->742
[276.670s][info][gc,metaspace   ] GC(115) Metaspace: 100050K(101120K)->100050K(101120K) NonClass: 78123K(78592K)->78123K(78592K) Class: 21927K(22528K)->21927K(22528K)
[276.670s][info][gc             ] GC(115) Pause Young (Mixed) (G1 Evacuation Pause) (Evacuation Failure: Allocation) 2765M->2618M(2868M) 8.326ms
[276.670s][info][gc,cpu         ] GC(115) User=0.03s Sys=0.00s Real=0.01s
[276.713s][info][gc,start       ] GC(116) Pause Young (Concurrent Start) (G1 Evacuation Pause)
[276.713s][info][gc,task        ] GC(116) Using 4 workers of 4 for evacuation
[276.722s][info][gc,phases      ] GC(116)   Pre Evacuate Collection Set: 0.27ms
[276.722s][info][gc,phases      ] GC(116)   Merge Heap Roots: 0.09ms
[276.722s][info][gc,phases      ] GC(116)   Evacuate Collection Set: 5.54ms
[276.722s][info][gc,phases      ] GC(116)   Post Evacuate Collection Set: 3.45ms
[276.722s][info][gc,phases      ] GC(116)   Other: 0.05ms
[276.722s][info][gc,heap        ] GC(116) Eden regions: 69->0(12)
[276.722s][info][gc,heap        ] GC(116) Survivor regions: 21->12(12)
[276.722s][info][gc,heap        ] GC(116) Old regions: 547->668
[276.722s][info][gc,heap        ] GC(116) Humongous regions: 742->742
[276.722s][info][gc,metaspace   ] GC(116) Metaspace: 100050K(101120K)->100050K(101120K) NonClass: 78123K(78592K)->78123K(78592K) Class: 21927K(22528K)->21927K(22528K)
[276.722s][info][gc             ] GC(116) Pause Young (Concurrent Start) (G1 Evacuation Pause) (Evacuation Failure: Allocation) 2756M->2842M(2868M) 9.524ms
[276.722s][info][gc,cpu         ] GC(116) User=0.03s Sys=0.01s Real=0.01s
[276.722s][info][gc             ] GC(117) Concurrent Mark Cycle
[276.722s][info][gc,marking     ] GC(117) Concurrent Scan Root Regions
[276.724s][info][gc,start       ] GC(118) Pause Young (Normal) (G1 Evacuation Pause)
[276.724s][info][gc,task        ] GC(118) Using 4 workers of 4 for evacuation
[276.730s][info][gc,marking     ] GC(117) Concurrent Scan Root Regions 8.228ms
[276.730s][info][gc,marking     ] GC(117) Concurrent Mark
[276.730s][info][gc,marking     ] GC(117) Concurrent Mark From Roots
[276.730s][info][gc,task        ] GC(117) Using 1 workers of 1 for marking
[276.736s][info][gc,phases      ] GC(118)   Pre Evacuate Collection Set: 0.17ms
[276.736s][info][gc,phases      ] GC(118)   Merge Heap Roots: 0.06ms
[276.736s][info][gc,phases      ] GC(118)   Evacuate Collection Set: 1.12ms
[276.736s][info][gc,phases      ] GC(118)   Post Evacuate Collection Set: 4.32ms
[276.736s][info][gc,phases      ] GC(118)   Other: 6.40ms
[276.736s][info][gc,heap        ] GC(118) Eden regions: 12->0(1)
[276.736s][info][gc,heap        ] GC(118) Survivor regions: 12->0(0)
[276.736s][info][gc,heap        ] GC(118) Old regions: 668->692
[276.736s][info][gc,heap        ] GC(118) Humongous regions: 742->742
[276.736s][info][gc,metaspace   ] GC(118) Metaspace: 100050K(101120K)->100050K(101120K) NonClass: 78123K(78592K)->78123K(78592K) Class: 21927K(22528K)->21927K(22528K)
[276.736s][info][gc             ] GC(118) Pause Young (Normal) (G1 Evacuation Pause) (Evacuation Failure: Allocation) 2866M->2866M(2868M) 12.167ms
[276.736s][info][gc,cpu         ] GC(118) User=0.02s Sys=0.00s Real=0.02s
[276.736s][info][gc,ergo        ] Attempting full compaction
[276.736s][info][gc,start       ] GC(119) Pause Full (G1 Compaction Pause)
[276.736s][info][gc,task        ] GC(119) Using 4 workers of 4 for full compaction
[276.737s][info][gc,phases,start] GC(119) Phase 1: Mark live objects
[276.755s][info][gc,phases      ] GC(119) Phase 1: Mark live objects 18.235ms
[276.755s][info][gc,phases,start] GC(119) Phase 2: Prepare compaction
[276.757s][info][gc,phases      ] GC(119) Phase 2: Prepare compaction 2.069ms
[276.757s][info][gc,phases,start] GC(119) Phase 3: Adjust pointers
[276.764s][info][gc,phases      ] GC(119) Phase 3: Adjust pointers 6.285ms
[276.764s][info][gc,phases,start] GC(119) Phase 4: Compact heap
[276.767s][info][gc,phases      ] GC(119) Phase 4: Compact heap 3.225ms
[276.767s][info][gc,phases,start] GC(119) Phase 5: Reset Metadata
[276.770s][info][gc,phases      ] GC(119) Phase 5: Reset Metadata 2.845ms
[276.772s][info][gc,heap        ] GC(119) Eden regions: 0->0(386)
[276.772s][info][gc,heap        ] GC(119) Survivor regions: 0->0(0)
[276.772s][info][gc,heap        ] GC(119) Old regions: 692->139
[276.772s][info][gc,heap        ] GC(119) Humongous regions: 742->562
[276.772s][info][gc,metaspace   ] GC(119) Metaspace: 100050K(101120K)->100043K(101120K) NonClass: 78123K(78592K)->78118K(78592K) Class: 21927K(22528K)->21925K(22528K)
[276.772s][info][gc             ] GC(119) Pause Full (G1 Compaction Pause) 2866M->1397M(2868M) 35.287ms
[276.772s][info][gc,cpu         ] GC(119) User=0.12s Sys=0.00s Real=0.03s
[276.772s][info][gc,marking     ] GC(117) Concurrent Mark From Roots 41.153ms
[276.772s][info][gc,marking     ] GC(117) Concurrent Mark Abort
[276.772s][info][gc             ] GC(117) Concurrent Mark Cycle 49.462ms
[276.783s][info][gc,start       ] GC(120) Pause Young (Concurrent Start) (G1 Humongous Allocation)
[276.783s][info][gc,task        ] GC(120) Using 4 workers of 4 for evacuation
[276.787s][info][gc,phases      ] GC(120)   Pre Evacuate Collection Set: 0.26ms
[276.787s][info][gc,phases      ] GC(120)   Merge Heap Roots: 0.07ms
[276.787s][info][gc,phases      ] GC(120)   Evacuate Collection Set: 3.19ms
[276.787s][info][gc,phases      ] GC(120)   Post Evacuate Collection Set: 0.46ms
[276.787s][info][gc,phases      ] GC(120)   Other: 0.05ms
[276.787s][info][gc,heap        ] GC(120) Eden regions: 68->0(350)
[276.787s][info][gc,heap        ] GC(120) Survivor regions: 0->35(49)
[276.787s][info][gc,heap        ] GC(120) Old regions: 139->139
[276.787s][info][gc,heap        ] GC(120) Humongous regions: 562->562
[276.787s][info][gc,metaspace   ] GC(120) Metaspace: 100045K(101120K)->100045K(101120K) NonClass: 78119K(78592K)->78119K(78592K) Class: 21926K(22528K)->21926K(22528K)
[276.787s][info][gc             ] GC(120) Pause Young (Concurrent Start) (G1 Humongous Allocation) 1533M->1467M(2868M) 4.132ms
[276.787s][info][gc,cpu         ] GC(120) User=0.02s Sys=0.00s Real=0.01s
[276.787s][info][gc             ] GC(121) Concurrent Mark Cycle
[276.787s][info][gc,marking     ] GC(121) Concurrent Scan Root Regions
[276.791s][info][gc,marking     ] GC(121) Concurrent Scan Root Regions 3.487ms
[276.791s][info][gc,marking     ] GC(121) Concurrent Mark
[276.791s][info][gc,marking     ] GC(121) Concurrent Mark From Roots
[276.791s][info][gc,task        ] GC(121) Using 1 workers of 1 for marking
[276.837s][info][gc,marking     ] GC(121) Concurrent Mark From Roots 45.664ms
[276.837s][info][gc,marking     ] GC(121) Concurrent Preclean
[276.837s][info][gc,marking     ] GC(121) Concurrent Preclean 0.098ms
[276.837s][info][gc,start       ] GC(121) Pause Remark
[276.839s][info][gc             ] GC(121) Pause Remark 1661M->1661M(2868M) 2.213ms
[276.839s][info][gc,cpu         ] GC(121) User=0.00s Sys=0.00s Real=0.00s
[276.839s][info][gc,marking     ] GC(121) Concurrent Mark 48.460ms
[276.839s][info][gc,marking     ] GC(121) Concurrent Rebuild Remembered Sets and Scrub Regions
[276.862s][info][gc,marking     ] GC(121) Concurrent Rebuild Remembered Sets and Scrub Regions 22.655ms
[276.862s][info][gc,start       ] GC(121) Pause Cleanup
[276.862s][info][gc             ] GC(121) Pause Cleanup 1726M->1726M(2868M) 0.075ms
[276.862s][info][gc,cpu         ] GC(121) User=0.00s Sys=0.00s Real=0.00s
[276.862s][info][gc,marking     ] GC(121) Concurrent Clear Claimed Marks
[276.862s][info][gc,marking     ] GC(121) Concurrent Clear Claimed Marks 0.103ms
[276.862s][info][gc,marking     ] GC(121) Concurrent Cleanup for Next Mark
[276.863s][info][gc,marking     ] GC(121) Concurrent Cleanup for Next Mark 1.106ms
[276.863s][info][gc             ] GC(121) Concurrent Mark Cycle 76.071ms
[277.020s][info][gc,start       ] GC(122) Pause Young (Prepare Mixed) (G1 Humongous Allocation)
[277.020s][info][gc,task        ] GC(122) Using 4 workers of 4 for evacuation
[277.029s][info][gc,phases      ] GC(122)   Pre Evacuate Collection Set: 0.17ms
[277.029s][info][gc,phases      ] GC(122)   Merge Heap Roots: 0.10ms
[277.029s][info][gc,phases      ] GC(122)   Evacuate Collection Set: 3.50ms
[277.029s][info][gc,phases      ] GC(122)   Post Evacuate Collection Set: 4.98ms
[277.029s][info][gc,phases      ] GC(122)   Other: 0.05ms
[277.029s][info][gc,heap        ] GC(122) Eden regions: 269->0(151)
[277.029s][info][gc,heap        ] GC(122) Survivor regions: 35->5(8)
[277.029s][info][gc,heap        ] GC(122) Old regions: 139->446
[277.029s][info][gc,heap        ] GC(122) Humongous regions: 983->714
[277.029s][info][gc,metaspace   ] GC(122) Metaspace: 100046K(101120K)->100046K(101120K) NonClass: 78120K(78592K)->78120K(78592K) Class: 21926K(22528K)->21926K(22528K)
[277.029s][info][gc             ] GC(122) Pause Young (Prepare Mixed) (G1 Humongous Allocation) (Evacuation Failure: Allocation) 2846M->2324M(2868M) 8.910ms
[277.029s][info][gc,cpu         ] GC(122) User=0.03s Sys=0.00s Real=0.01s
[277.144s][info][gc,start       ] GC(123) Pause Young (Mixed) (G1 Humongous Allocation)
[277.144s][info][gc,task        ] GC(123) Using 4 workers of 4 for evacuation
[277.154s][info][gc,phases      ] GC(123)   Pre Evacuate Collection Set: 0.47ms
[277.154s][info][gc,phases      ] GC(123)   Merge Heap Roots: 0.18ms
[277.154s][info][gc,phases      ] GC(123)   Evacuate Collection Set: 4.62ms
[277.154s][info][gc,phases      ] GC(123)   Post Evacuate Collection Set: 4.86ms
[277.154s][info][gc,phases      ] GC(123)   Other: 0.07ms
[277.154s][info][gc,heap        ] GC(123) Eden regions: 84->0(71)
[277.154s][info][gc,heap        ] GC(123) Survivor regions: 5->5(14)
[277.154s][info][gc,heap        ] GC(123) Old regions: 446->544
[277.154s][info][gc,heap        ] GC(123) Humongous regions: 885->765
[277.154s][info][gc,metaspace   ] GC(123) Metaspace: 100046K(101120K)->100046K(101120K) NonClass: 78120K(78592K)->78120K(78592K) Class: 21926K(22528K)->21926K(22528K)
[277.154s][info][gc             ] GC(123) Pause Young (Mixed) (G1 Humongous Allocation) (Evacuation Failure: Allocation) 2833M->2621M(2868M) 10.322ms
[277.154s][info][gc,cpu         ] GC(123) User=0.03s Sys=0.00s Real=0.01s
[277.157s][info][gc,start       ] GC(124) Pause Young (Concurrent Start) (G1 Humongous Allocation)
[277.157s][info][gc,task        ] GC(124) Using 4 workers of 4 for evacuation
[277.166s][info][gc,phases      ] GC(124)   Pre Evacuate Collection Set: 0.26ms
[277.166s][info][gc,phases      ] GC(124)   Merge Heap Roots: 0.13ms
[277.166s][info][gc,phases      ] GC(124)   Evacuate Collection Set: 8.09ms
[277.166s][info][gc,phases      ] GC(124)   Post Evacuate Collection Set: 0.60ms
[277.166s][info][gc,phases      ] GC(124)   Other: 0.05ms
[277.166s][info][gc,heap        ] GC(124) Eden regions: 7->0(105)
[277.166s][info][gc,heap        ] GC(124) Survivor regions: 5->8(10)
[277.166s][info][gc,heap        ] GC(124) Old regions: 544->460
[277.166s][info][gc,heap        ] GC(124) Humongous regions: 774->769
[277.166s][info][gc,metaspace   ] GC(124) Metaspace: 100047K(101120K)->100047K(101120K) NonClass: 78121K(78592K)->78121K(78592K) Class: 21926K(22528K)->21926K(22528K)
[277.166s][info][gc             ] GC(124) Pause Young (Concurrent Start) (G1 Humongous Allocation) 2652M->2468M(2868M) 9.238ms
[277.166s][info][gc,cpu         ] GC(124) User=0.04s Sys=0.00s Real=0.01s
[277.166s][info][gc             ] GC(125) Concurrent Mark Cycle
[277.166s][info][gc,marking     ] GC(125) Concurrent Scan Root Regions
[277.179s][info][gc,start       ] GC(126) Pause Young (Normal) (G1 Humongous Allocation)
[277.179s][info][gc,task        ] GC(126) Using 4 workers of 4 for evacuation
[277.184s][info][gc,marking     ] GC(125) Concurrent Scan Root Regions 18.180ms
[277.184s][info][gc,marking     ] GC(125) Concurrent Mark
[277.184s][info][gc,marking     ] GC(125) Concurrent Mark From Roots
[277.184s][info][gc,task        ] GC(125) Using 1 workers of 1 for marking
[277.191s][info][gc,phases      ] GC(126)   Pre Evacuate Collection Set: 0.35ms
[277.191s][info][gc,phases      ] GC(126)   Merge Heap Roots: 0.17ms
[277.191s][info][gc,phases      ] GC(126)   Evacuate Collection Set: 2.87ms
[277.191s][info][gc,phases      ] GC(126)   Post Evacuate Collection Set: 3.48ms
[277.191s][info][gc,phases      ] GC(126)   Other: 5.45ms
[277.191s][info][gc,heap        ] GC(126) Eden regions: 11->0(66)
[277.191s][info][gc,heap        ] GC(126) Survivor regions: 8->5(11)
[277.191s][info][gc,heap        ] GC(126) Old regions: 460->481
[277.191s][info][gc,heap        ] GC(126) Humongous regions: 944->843
[277.191s][info][gc,metaspace   ] GC(126) Metaspace: 100048K(101120K)->100048K(101120K) NonClass: 78122K(78592K)->78122K(78592K) Class: 21926K(22528K)->21926K(22528K)
[277.191s][info][gc             ] GC(126) Pause Young (Normal) (G1 Humongous Allocation) (Evacuation Failure: Allocation) 2840M->2653M(2868M) 12.415ms
[277.191s][info][gc,cpu         ] GC(126) User=0.03s Sys=0.00s Real=0.01s
[277.193s][info][gc,start       ] GC(127) Pause Young (Normal) (G1 Humongous Allocation)
[277.193s][info][gc,task        ] GC(127) Using 4 workers of 4 for evacuation
[277.200s][info][gc,phases      ] GC(127)   Pre Evacuate Collection Set: 0.23ms
[277.200s][info][gc,phases      ] GC(127)   Merge Heap Roots: 0.08ms
[277.200s][info][gc,phases      ] GC(127)   Evacuate Collection Set: 6.46ms
[277.200s][info][gc,phases      ] GC(127)   Post Evacuate Collection Set: 0.55ms
[277.200s][info][gc,phases      ] GC(127)   Other: 0.05ms
[277.200s][info][gc,heap        ] GC(127) Eden regions: 2->0(112)
[277.200s][info][gc,heap        ] GC(127) Survivor regions: 5->3(9)
[277.200s][info][gc,heap        ] GC(127) Old regions: 481->371
[277.200s][info][gc,heap        ] GC(127) Humongous regions: 863->852
[277.200s][info][gc,metaspace   ] GC(127) Metaspace: 100048K(101120K)->100048K(101120K) NonClass: 78122K(78592K)->78122K(78592K) Class: 21926K(22528K)->21926K(22528K)
[277.200s][info][gc             ] GC(127) Pause Young (Normal) (G1 Humongous Allocation) 2695M->2448M(2868M) 7.444ms
[277.200s][info][gc,cpu         ] GC(127) User=0.03s Sys=0.00s Real=0.01s
[277.215s][info][gc,start       ] GC(128) Pause Young (Normal) (G1 Humongous Allocation)
[277.215s][info][gc,task        ] GC(128) Using 4 workers of 4 for evacuation
[277.217s][info][gc,phases      ] GC(128)   Pre Evacuate Collection Set: 0.19ms
[277.217s][info][gc,phases      ] GC(128)   Merge Heap Roots: 0.09ms
[277.217s][info][gc,phases      ] GC(128)   Evacuate Collection Set: 1.52ms
[277.217s][info][gc,phases      ] GC(128)   Post Evacuate Collection Set: 0.54ms
[277.217s][info][gc,phases      ] GC(128)   Other: 0.04ms
[277.217s][info][gc,heap        ] GC(128) Eden regions: 9->0(93)
[277.217s][info][gc,heap        ] GC(128) Survivor regions: 3->4(15)
[277.217s][info][gc,heap        ] GC(128) Old regions: 371->346
[277.217s][info][gc,heap        ] GC(128) Humongous regions: 1028->912
[277.217s][info][gc,metaspace   ] GC(128) Metaspace: 100048K(101120K)->100048K(101120K) NonClass: 78122K(78592K)->78122K(78592K) Class: 21926K(22528K)->21926K(22528K)
[277.217s][info][gc             ] GC(128) Pause Young (Normal) (G1 Humongous Allocation) 2817M->2520M(2868M) 2.502ms
[277.217s][info][gc,cpu         ] GC(128) User=0.01s Sys=0.00s Real=0.01s
[277.256s][info][gc,marking     ] GC(125) Concurrent Mark From Roots 71.182ms
[277.256s][info][gc,marking     ] GC(125) Concurrent Preclean
[277.256s][info][gc,marking     ] GC(125) Concurrent Preclean 0.098ms
[277.256s][info][gc,start       ] GC(125) Pause Remark
[277.258s][info][gc             ] GC(125) Pause Remark 2682M->2268M(2868M) 1.916ms
[277.258s][info][gc,cpu         ] GC(125) User=0.01s Sys=0.00s Real=0.01s
[277.258s][info][gc,marking     ] GC(125) Concurrent Mark 73.338ms
[277.258s][info][gc,marking     ] GC(125) Concurrent Rebuild Remembered Sets and Scrub Regions
[277.290s][info][gc,marking     ] GC(125) Concurrent Rebuild Remembered Sets and Scrub Regions 32.708ms
[277.290s][info][gc,start       ] GC(125) Pause Cleanup
[277.291s][info][gc             ] GC(125) Pause Cleanup 2268M->2268M(2868M) 0.102ms
[277.291s][info][gc,cpu         ] GC(125) User=0.00s Sys=0.00s Real=0.00s
[277.291s][info][gc,marking     ] GC(125) Concurrent Clear Claimed Marks
[277.291s][info][gc,marking     ] GC(125) Concurrent Clear Claimed Marks 0.147ms
[277.291s][info][gc,marking     ] GC(125) Concurrent Cleanup for Next Mark
[277.292s][info][gc,marking     ] GC(125) Concurrent Cleanup for Next Mark 1.341ms
[277.292s][info][gc             ] GC(125) Concurrent Mark Cycle 125.977ms
[278.940s][info][gc,start       ] GC(129) Pause Young (Prepare Mixed) (G1 Evacuation Pause)
[278.940s][info][gc,task        ] GC(129) Using 4 workers of 4 for evacuation
[278.943s][info][gc,phases      ] GC(129)   Pre Evacuate Collection Set: 0.11ms
[278.943s][info][gc,phases      ] GC(129)   Merge Heap Roots: 0.08ms
[278.943s][info][gc,phases      ] GC(129)   Evacuate Collection Set: 1.41ms
[278.943s][info][gc,phases      ] GC(129)   Post Evacuate Collection Set: 1.17ms
[278.943s][info][gc,phases      ] GC(129)   Other: 0.04ms
[278.943s][info][gc,heap        ] GC(129) Eden regions: 62->0(179)
[278.943s][info][gc,heap        ] GC(129) Survivor regions: 4->0(0)
[278.943s][info][gc,heap        ] GC(129) Old regions: 346->412
[278.943s][info][gc,heap        ] GC(129) Humongous regions: 1022->715
[278.943s][info][gc,metaspace   ] GC(129) Metaspace: 100051K(101120K)->100051K(101120K) NonClass: 78125K(78592K)->78125K(78592K) Class: 21926K(22528K)->21926K(22528K)
[278.943s][info][gc             ] GC(129) Pause Young (Prepare Mixed) (G1 Evacuation Pause) (Evacuation Failure: Allocation) 2864M->2250M(2868M) 2.919ms
[278.943s][info][gc,cpu         ] GC(129) User=0.01s Sys=0.00s Real=0.00s
[279.184s][info][gc,start       ] GC(130) Pause Young (Mixed) (G1 Evacuation Pause)
[279.184s][info][gc,task        ] GC(130) Using 4 workers of 4 for evacuation
[279.195s][info][gc,phases      ] GC(130)   Pre Evacuate Collection Set: 0.17ms
[279.195s][info][gc,phases      ] GC(130)   Merge Heap Roots: 0.08ms
[279.195s][info][gc,phases      ] GC(130)   Evacuate Collection Set: 9.98ms
[279.195s][info][gc,phases      ] GC(130)   Post Evacuate Collection Set: 0.79ms
[279.195s][info][gc,phases      ] GC(130)   Other: 0.08ms
[279.195s][info][gc,heap        ] GC(130) Eden regions: 179->0(151)
[279.195s][info][gc,heap        ] GC(130) Survivor regions: 0->23(23)
[279.195s][info][gc,heap        ] GC(130) Old regions: 412->444
[279.195s][info][gc,heap        ] GC(130) Humongous regions: 715->679
[279.195s][info][gc,metaspace   ] GC(130) Metaspace: 100065K(101120K)->100065K(101120K) NonClass: 78139K(78592K)->78139K(78592K) Class: 21926K(22528K)->21926K(22528K)
[279.195s][info][gc             ] GC(130) Pause Young (Mixed) (G1 Evacuation Pause) 2608M->2290M(2868M) 11.212ms
[279.195s][info][gc,cpu         ] GC(130) User=0.04s Sys=0.00s Real=0.01s
[279.237s][info][gc,start       ] GC(131) Pause Young (Concurrent Start) (G1 Humongous Allocation)
[279.237s][info][gc,task        ] GC(131) Using 4 workers of 4 for evacuation
[279.242s][info][gc,phases      ] GC(131)   Pre Evacuate Collection Set: 0.27ms
[279.242s][info][gc,phases      ] GC(131)   Merge Heap Roots: 0.05ms
[279.242s][info][gc,phases      ] GC(131)   Evacuate Collection Set: 4.72ms
[279.242s][info][gc,phases      ] GC(131)   Post Evacuate Collection Set: 0.51ms
[279.242s][info][gc,phases      ] GC(131)   Other: 0.06ms
[279.242s][info][gc,heap        ] GC(131) Eden regions: 71->0(126)
[279.242s][info][gc,heap        ] GC(131) Survivor regions: 23->22(22)
[279.242s][info][gc,heap        ] GC(131) Old regions: 444->480
[279.242s][info][gc,heap        ] GC(131) Humongous regions: 679->679
[279.242s][info][gc,metaspace   ] GC(131) Metaspace: 100065K(101120K)->100065K(101120K) NonClass: 78139K(78592K)->78139K(78592K) Class: 21926K(22528K)->21926K(22528K)
[279.242s][info][gc             ] GC(131) Pause Young (Concurrent Start) (G1 Humongous Allocation) 2431M->2361M(2868M) 5.739ms
[279.242s][info][gc,cpu         ] GC(131) User=0.02s Sys=0.00s Real=0.00s
[279.242s][info][gc             ] GC(132) Concurrent Mark Cycle
[279.242s][info][gc,marking     ] GC(132) Concurrent Scan Root Regions
[279.248s][info][gc,marking     ] GC(132) Concurrent Scan Root Regions 5.703ms
[279.248s][info][gc,marking     ] GC(132) Concurrent Mark
[279.248s][info][gc,marking     ] GC(132) Concurrent Mark From Roots
[279.248s][info][gc,task        ] GC(132) Using 1 workers of 1 for marking
[279.301s][info][gc,marking     ] GC(132) Concurrent Mark From Roots 53.134ms
[279.301s][info][gc,marking     ] GC(132) Concurrent Preclean
[279.301s][info][gc,marking     ] GC(132) Concurrent Preclean 0.106ms
[279.301s][info][gc,start       ] GC(132) Pause Remark
[279.304s][info][gc             ] GC(132) Pause Remark 2595M->1809M(2868M) 2.361ms
[279.304s][info][gc,cpu         ] GC(132) User=0.01s Sys=0.00s Real=0.00s
[279.304s][info][gc,marking     ] GC(132) Concurrent Mark 55.736ms
[279.304s][info][gc,marking     ] GC(132) Concurrent Rebuild Remembered Sets and Scrub Regions
[279.332s][info][gc,marking     ] GC(132) Concurrent Rebuild Remembered Sets and Scrub Regions 27.828ms
[279.332s][info][gc,start       ] GC(132) Pause Cleanup
[279.332s][info][gc             ] GC(132) Pause Cleanup 1977M->1977M(2868M) 0.079ms
[279.332s][info][gc,cpu         ] GC(132) User=0.00s Sys=0.00s Real=0.00s
[279.332s][info][gc,marking     ] GC(132) Concurrent Clear Claimed Marks
[279.332s][info][gc,marking     ] GC(132) Concurrent Clear Claimed Marks 0.122ms
[279.332s][info][gc,marking     ] GC(132) Concurrent Cleanup for Next Mark
[279.333s][info][gc,marking     ] GC(132) Concurrent Cleanup for Next Mark 1.371ms
[279.333s][info][gc             ] GC(132) Concurrent Mark Cycle 91.015ms
[279.334s][info][gc,start       ] GC(133) Pause Young (Prepare Mixed) (G1 Evacuation Pause)
[279.334s][info][gc,task        ] GC(133) Using 4 workers of 4 for evacuation
[279.341s][info][gc,phases      ] GC(133)   Pre Evacuate Collection Set: 0.11ms
[279.341s][info][gc,phases      ] GC(133)   Merge Heap Roots: 0.07ms
[279.341s][info][gc,phases      ] GC(133)   Evacuate Collection Set: 6.62ms
[279.341s][info][gc,phases      ] GC(133)   Post Evacuate Collection Set: 0.47ms
[279.341s][info][gc,phases      ] GC(133)   Other: 0.05ms
[279.341s][info][gc,heap        ] GC(133) Eden regions: 126->0(282)
[279.341s][info][gc,heap        ] GC(133) Survivor regions: 22->19(19)
[279.341s][info][gc,heap        ] GC(133) Old regions: 204->269
[279.341s][info][gc,heap        ] GC(133) Humongous regions: 640->589
[279.341s][info][gc,metaspace   ] GC(133) Metaspace: 100067K(101120K)->100067K(101120K) NonClass: 78141K(78592K)->78141K(78592K) Class: 21926K(22528K)->21926K(22528K)
[279.341s][info][gc             ] GC(133) Pause Young (Prepare Mixed) (G1 Evacuation Pause) 1983M->1753M(2868M) 7.390ms
[279.341s][info][gc,cpu         ] GC(133) User=0.03s Sys=0.00s Real=0.01s
[279.519s][info][gc,start       ] GC(134) Pause Young (Mixed) (G1 Evacuation Pause)
[279.519s][info][gc,task        ] GC(134) Using 4 workers of 4 for evacuation
[279.527s][info][gc,phases      ] GC(134)   Pre Evacuate Collection Set: 0.22ms
[279.527s][info][gc,phases      ] GC(134)   Merge Heap Roots: 0.10ms
[279.527s][info][gc,phases      ] GC(134)   Evacuate Collection Set: 2.67ms
[279.527s][info][gc,phases      ] GC(134)   Post Evacuate Collection Set: 4.23ms
[279.527s][info][gc,phases      ] GC(134)   Other: 0.05ms
[279.527s][info][gc,heap        ] GC(134) Eden regions: 167->0(176)
[279.527s][info][gc,heap        ] GC(134) Survivor regions: 19->0(0)
[279.527s][info][gc,heap        ] GC(134) Old regions: 269->447
[279.527s][info][gc,heap        ] GC(134) Humongous regions: 979->661
[279.527s][info][gc,metaspace   ] GC(134) Metaspace: 100069K(101120K)->100069K(101120K) NonClass: 78143K(78592K)->78143K(78592K) Class: 21926K(22528K)->21926K(22528K)
[279.527s][info][gc             ] GC(134) Pause Young (Mixed) (G1 Evacuation Pause) (Evacuation Failure: Allocation) 2867M->2215M(2868M) 7.374ms
[279.527s][info][gc,cpu         ] GC(134) User=0.03s Sys=0.00s Real=0.01s
[279.528s][info][gc,start       ] GC(135) Pause Young (Concurrent Start) (G1 Humongous Allocation)
[279.528s][info][gc,task        ] GC(135) Using 4 workers of 4 for evacuation
[279.537s][info][gc,phases      ] GC(135)   Pre Evacuate Collection Set: 0.48ms
[279.538s][info][gc,phases      ] GC(135)   Merge Heap Roots: 0.11ms
[279.538s][info][gc,phases      ] GC(135)   Evacuate Collection Set: 8.41ms
[279.538s][info][gc,phases      ] GC(135)   Post Evacuate Collection Set: 0.71ms
[279.538s][info][gc,phases      ] GC(135)   Other: 0.06ms
[279.538s][info][gc,heap        ] GC(135) Eden regions: 5->0(206)
[279.538s][info][gc,heap        ] GC(135) Survivor regions: 0->3(22)
[279.538s][info][gc,heap        ] GC(135) Old regions: 447->360
[279.538s][info][gc,heap        ] GC(135) Humongous regions: 661->661
[279.538s][info][gc,metaspace   ] GC(135) Metaspace: 100069K(101120K)->100069K(101120K) NonClass: 78143K(78592K)->78143K(78592K) Class: 21926K(22528K)->21926K(22528K)
[279.538s][info][gc             ] GC(135) Pause Young (Concurrent Start) (G1 Humongous Allocation) 2225M->2046M(2868M) 9.891ms
[279.538s][info][gc             ] GC(136) Concurrent Mark Cycle
[279.538s][info][gc,marking     ] GC(136) Concurrent Scan Root Regions
[279.538s][info][gc,cpu         ] GC(135) User=0.04s Sys=0.00s Real=0.01s
[279.544s][info][gc,marking     ] GC(136) Concurrent Scan Root Regions 6.761ms
[279.544s][info][gc,marking     ] GC(136) Concurrent Mark
[279.544s][info][gc,marking     ] GC(136) Concurrent Mark From Roots
[279.544s][info][gc,task        ] GC(136) Using 1 workers of 1 for marking
[279.599s][info][gc,marking     ] GC(136) Concurrent Mark From Roots 54.249ms
[279.599s][info][gc,marking     ] GC(136) Concurrent Preclean
[279.599s][info][gc,marking     ] GC(136) Concurrent Preclean 0.135ms
[279.599s][info][gc,start       ] GC(136) Pause Remark
[279.602s][info][gc             ] GC(136) Pause Remark 2325M->2113M(2868M) 3.486ms
[279.602s][info][gc,cpu         ] GC(136) User=0.01s Sys=0.00s Real=0.00s
[279.602s][info][gc,marking     ] GC(136) Concurrent Mark 58.043ms
[279.602s][info][gc,marking     ] GC(136) Concurrent Rebuild Remembered Sets and Scrub Regions
[279.638s][info][gc,marking     ] GC(136) Concurrent Rebuild Remembered Sets and Scrub Regions 35.993ms
[279.639s][info][gc,start       ] GC(136) Pause Cleanup
[279.639s][info][gc             ] GC(136) Pause Cleanup 2407M->2407M(2868M) 0.120ms
[279.639s][info][gc,cpu         ] GC(136) User=0.00s Sys=0.00s Real=0.00s
[279.639s][info][gc,marking     ] GC(136) Concurrent Clear Claimed Marks
[279.639s][info][gc,marking     ] GC(136) Concurrent Clear Claimed Marks 0.185ms
[279.639s][info][gc,marking     ] GC(136) Concurrent Cleanup for Next Mark
[279.641s][info][gc,marking     ] GC(136) Concurrent Cleanup for Next Mark 1.475ms
[279.641s][info][gc             ] GC(136) Concurrent Mark Cycle 103.366ms
[279.701s][info][gc,start       ] GC(137) Pause Young (Prepare Mixed) (G1 Humongous Allocation)
[279.701s][info][gc,task        ] GC(137) Using 4 workers of 4 for evacuation
[279.704s][info][gc,phases      ] GC(137)   Pre Evacuate Collection Set: 0.16ms
[279.704s][info][gc,phases      ] GC(137)   Merge Heap Roots: 0.06ms
[279.704s][info][gc,phases      ] GC(137)   Evacuate Collection Set: 1.45ms
[279.704s][info][gc,phases      ] GC(137)   Post Evacuate Collection Set: 1.63ms
[279.704s][info][gc,phases      ] GC(137)   Other: 0.05ms
[279.704s][info][gc,heap        ] GC(137) Eden regions: 75->0(146)
[279.704s][info][gc,heap        ] GC(137) Survivor regions: 3->8(8)
[279.704s][info][gc,heap        ] GC(137) Old regions: 353->429
[279.704s][info][gc,heap        ] GC(137) Humongous regions: 995->730
[279.704s][info][gc,metaspace   ] GC(137) Metaspace: 100070K(101120K)->100070K(101120K) NonClass: 78144K(78592K)->78144K(78592K) Class: 21926K(22528K)->21926K(22528K)
[279.704s][info][gc             ] GC(137) Pause Young (Prepare Mixed) (G1 Humongous Allocation) (Evacuation Failure: Allocation) 2849M->2333M(2868M) 3.462ms
[279.704s][info][gc,cpu         ] GC(137) User=0.01s Sys=0.00s Real=0.00s
[280.342s][info][gc,start       ] GC(138) Pause Young (Mixed) (G1 Humongous Allocation)
[280.342s][info][gc,task        ] GC(138) Using 4 workers of 4 for evacuation
[280.346s][info][gc,phases      ] GC(138)   Pre Evacuate Collection Set: 0.31ms
[280.346s][info][gc,phases      ] GC(138)   Merge Heap Roots: 0.12ms
[280.346s][info][gc,phases      ] GC(138)   Evacuate Collection Set: 3.21ms
[280.346s][info][gc,phases      ] GC(138)   Post Evacuate Collection Set: 0.63ms
[280.346s][info][gc,phases      ] GC(138)   Other: 0.07ms
[280.346s][info][gc,heap        ] GC(138) Eden regions: 6->0(206)
[280.346s][info][gc,heap        ] GC(138) Survivor regions: 8->9(20)
[280.346s][info][gc,heap        ] GC(138) Old regions: 429->367
[280.346s][info][gc,heap        ] GC(138) Humongous regions: 956->682
[280.346s][info][gc,metaspace   ] GC(138) Metaspace: 100071K(101120K)->100071K(101120K) NonClass: 78145K(78592K)->78145K(78592K) Class: 21926K(22528K)->21926K(22528K)
[280.346s][info][gc             ] GC(138) Pause Young (Mixed) (G1 Humongous Allocation) 2797M->2114M(2868M) 4.460ms
[280.346s][info][gc,cpu         ] GC(138) User=0.01s Sys=0.00s Real=0.01s
[280.347s][info][gc,start       ] GC(139) Pause Young (Concurrent Start) (G1 Humongous Allocation)
[280.347s][info][gc,task        ] GC(139) Using 4 workers of 4 for evacuation
[280.349s][info][gc,phases      ] GC(139)   Pre Evacuate Collection Set: 0.23ms
[280.349s][info][gc,phases      ] GC(139)   Merge Heap Roots: 0.07ms
[280.349s][info][gc,phases      ] GC(139)   Evacuate Collection Set: 1.31ms
[280.349s][info][gc,phases      ] GC(139)   Post Evacuate Collection Set: 0.45ms
[280.349s][info][gc,phases      ] GC(139)   Other: 0.04ms
[280.349s][info][gc,heap        ] GC(139) Eden regions: 2->0(225)
[280.349s][info][gc,heap        ] GC(139) Survivor regions: 9->9(27)
[280.349s][info][gc,heap        ] GC(139) Old regions: 367->367
[280.349s][info][gc,heap        ] GC(139) Humongous regions: 685->685
[280.349s][info][gc,metaspace   ] GC(139) Metaspace: 100071K(101120K)->100071K(101120K) NonClass: 78145K(78592K)->78145K(78592K) Class: 21926K(22528K)->21926K(22528K)
[280.349s][info][gc             ] GC(139) Pause Young (Concurrent Start) (G1 Humongous Allocation) 2123M->2120M(2868M) 2.185ms
[280.349s][info][gc,cpu         ] GC(139) User=0.01s Sys=0.00s Real=0.00s
[280.349s][info][gc             ] GC(140) Concurrent Mark Cycle
[280.349s][info][gc,marking     ] GC(140) Concurrent Scan Root Regions
[280.351s][info][gc,marking     ] GC(140) Concurrent Scan Root Regions 1.722ms
[280.351s][info][gc,marking     ] GC(140) Concurrent Mark
[280.351s][info][gc,marking     ] GC(140) Concurrent Mark From Roots
[280.351s][info][gc,task        ] GC(140) Using 1 workers of 1 for marking
[280.392s][info][gc,marking     ] GC(140) Concurrent Mark From Roots 40.711ms
[280.392s][info][gc,marking     ] GC(140) Concurrent Preclean
[280.392s][info][gc,marking     ] GC(140) Concurrent Preclean 0.092ms
[280.392s][info][gc,start       ] GC(140) Pause Remark
[280.394s][info][gc             ] GC(140) Pause Remark 2162M->1694M(2868M) 2.035ms
[280.394s][info][gc,cpu         ] GC(140) User=0.00s Sys=0.00s Real=0.00s
[280.394s][info][gc,marking     ] GC(140) Concurrent Mark 42.970ms
[280.394s][info][gc,marking     ] GC(140) Concurrent Rebuild Remembered Sets and Scrub Regions
[280.414s][info][gc,marking     ] GC(140) Concurrent Rebuild Remembered Sets and Scrub Regions 19.756ms
[280.414s][info][gc,start       ] GC(140) Pause Cleanup
[280.414s][info][gc             ] GC(140) Pause Cleanup 1706M->1706M(2868M) 0.076ms
[280.414s][info][gc,cpu         ] GC(140) User=0.00s Sys=0.00s Real=0.00s
[280.414s][info][gc,marking     ] GC(140) Concurrent Clear Claimed Marks
[280.414s][info][gc,marking     ] GC(140) Concurrent Clear Claimed Marks 0.119ms
[280.414s][info][gc,marking     ] GC(140) Concurrent Cleanup for Next Mark
[280.415s][info][gc,marking     ] GC(140) Concurrent Cleanup for Next Mark 1.148ms
[280.415s][info][gc             ] GC(140) Concurrent Mark Cycle 65.945ms
[281.604s][info][gc,start       ] GC(141) Pause Young (Prepare Mixed) (G1 Evacuation Pause)
[281.604s][info][gc,task        ] GC(141) Using 4 workers of 4 for evacuation
[281.616s][info][gc,phases      ] GC(141)   Pre Evacuate Collection Set: 0.19ms
[281.616s][info][gc,phases      ] GC(141)   Merge Heap Roots: 0.17ms
[281.616s][info][gc,phases      ] GC(141)   Evacuate Collection Set: 10.89ms
[281.616s][info][gc,phases      ] GC(141)   Post Evacuate Collection Set: 0.75ms
[281.616s][info][gc,phases      ] GC(141)   Other: 0.07ms
[281.616s][info][gc,heap        ] GC(141) Eden regions: 225->0(275)
[281.616s][info][gc,heap        ] GC(141) Survivor regions: 9->30(30)
[281.616s][info][gc,heap        ] GC(141) Old regions: 250->340
[281.616s][info][gc,heap        ] GC(141) Humongous regions: 718->562
[281.616s][info][gc,metaspace   ] GC(141) Metaspace: 100072K(101120K)->100072K(101120K) NonClass: 78146K(78592K)->78146K(78592K) Class: 21926K(22528K)->21926K(22528K)
[281.616s][info][gc             ] GC(141) Pause Young (Prepare Mixed) (G1 Evacuation Pause) 2402M->1862M(2868M) 12.229ms
[281.616s][info][gc,cpu         ] GC(141) User=0.05s Sys=0.00s Real=0.02s
[281.839s][info][gc,start       ] GC(142) Pause Young (Mixed) (G1 Evacuation Pause)
[281.839s][info][gc,task        ] GC(142) Using 4 workers of 4 for evacuation
[281.855s][info][gc,phases      ] GC(142)   Pre Evacuate Collection Set: 0.17ms
[281.855s][info][gc,phases      ] GC(142)   Merge Heap Roots: 0.07ms
[281.855s][info][gc,phases      ] GC(142)   Evacuate Collection Set: 10.79ms
[281.855s][info][gc,phases      ] GC(142)   Post Evacuate Collection Set: 4.90ms
[281.855s][info][gc,phases      ] GC(142)   Other: 0.09ms
[281.855s][info][gc,heap        ] GC(142) Eden regions: 275->0(71)
[281.855s][info][gc,heap        ] GC(142) Survivor regions: 30->39(39)
[281.855s][info][gc,heap        ] GC(142) Old regions: 340->675
[281.855s][info][gc,heap        ] GC(142) Humongous regions: 666->580
[281.855s][info][gc,metaspace   ] GC(142) Metaspace: 100072K(101120K)->100072K(101120K) NonClass: 78146K(78592K)->78146K(78592K) Class: 21926K(22528K)->21926K(22528K)
[281.855s][info][gc             ] GC(142) Pause Young (Mixed) (G1 Evacuation Pause) (Evacuation Failure: Allocation) 2620M->2587M(2868M) 16.163ms
[281.855s][info][gc,cpu         ] GC(142) User=0.05s Sys=0.00s Real=0.01s
[281.877s][info][gc,start       ] GC(143) Pause Young (Concurrent Start) (G1 Humongous Allocation)
[281.877s][info][gc,task        ] GC(143) Using 4 workers of 4 for evacuation
[281.890s][info][gc,phases      ] GC(143)   Pre Evacuate Collection Set: 0.41ms
[281.890s][info][gc,phases      ] GC(143)   Merge Heap Roots: 0.21ms
[281.890s][info][gc,phases      ] GC(143)   Evacuate Collection Set: 8.18ms
[281.890s][info][gc,phases      ] GC(143)   Post Evacuate Collection Set: 4.05ms
[281.890s][info][gc,phases      ] GC(143)   Other: 0.07ms
[281.890s][info][gc,heap        ] GC(143) Eden regions: 41->0(112)
[281.890s][info][gc,heap        ] GC(143) Survivor regions: 39->14(14)
[281.890s][info][gc,heap        ] GC(143) Old regions: 675->617
[281.890s][info][gc,heap        ] GC(143) Humongous regions: 580->580
[281.890s][info][gc,metaspace   ] GC(143) Metaspace: 100072K(101120K)->100072K(101120K) NonClass: 78146K(78592K)->78146K(78592K) Class: 21926K(22528K)->21926K(22528K)
[281.890s][info][gc             ] GC(143) Pause Young (Concurrent Start) (G1 Humongous Allocation) (Evacuation Failure: Allocation) 2669M->2421M(2868M) 13.080ms
[281.890s][info][gc             ] GC(144) Concurrent Mark Cycle
[281.890s][info][gc,cpu         ] GC(143) User=0.05s Sys=0.01s Real=0.01s
[281.890s][info][gc,marking     ] GC(144) Concurrent Scan Root Regions
[281.898s][info][gc,marking     ] GC(144) Concurrent Scan Root Regions 8.279ms
[281.898s][info][gc,marking     ] GC(144) Concurrent Mark
[281.898s][info][gc,marking     ] GC(144) Concurrent Mark From Roots
[281.898s][info][gc,task        ] GC(144) Using 1 workers of 1 for marking
[281.943s][info][gc,start       ] GC(145) Pause Young (Normal) (G1 Humongous Allocation)
[281.943s][info][gc,task        ] GC(145) Using 4 workers of 4 for evacuation
[281.948s][info][gc,phases      ] GC(145)   Pre Evacuate Collection Set: 0.20ms
[281.948s][info][gc,phases      ] GC(145)   Merge Heap Roots: 0.07ms
[281.948s][info][gc,phases      ] GC(145)   Evacuate Collection Set: 4.45ms
[281.948s][info][gc,phases      ] GC(145)   Post Evacuate Collection Set: 0.58ms
[281.948s][info][gc,phases      ] GC(145)   Other: 0.06ms
[281.948s][info][gc,heap        ] GC(145) Eden regions: 65->0(173)
[281.948s][info][gc,heap        ] GC(145) Survivor regions: 14->16(16)
[281.948s][info][gc,heap        ] GC(145) Old regions: 617->472
[281.948s][info][gc,heap        ] GC(145) Humongous regions: 623->597
[281.948s][info][gc,metaspace   ] GC(145) Metaspace: 100072K(101120K)->100072K(101120K) NonClass: 78146K(78592K)->78146K(78592K) Class: 21926K(22528K)->21926K(22528K)
[281.948s][info][gc             ] GC(145) Pause Young (Normal) (G1 Humongous Allocation) 2636M->2169M(2868M) 5.439ms
[281.948s][info][gc,cpu         ] GC(145) User=0.01s Sys=0.00s Real=0.01s
[281.965s][info][gc,marking     ] GC(144) Concurrent Mark From Roots 66.286ms
[281.965s][info][gc,marking     ] GC(144) Concurrent Preclean
[281.965s][info][gc,marking     ] GC(144) Concurrent Preclean 0.169ms
[281.966s][info][gc,start       ] GC(144) Pause Remark
[281.969s][info][gc             ] GC(144) Pause Remark 2654M->2618M(2868M) 3.061ms
[281.969s][info][gc,cpu         ] GC(144) User=0.01s Sys=0.00s Real=0.00s
[281.969s][info][gc,marking     ] GC(144) Concurrent Mark 71.063ms
[281.969s][info][gc,marking     ] GC(144) Concurrent Rebuild Remembered Sets and Scrub Regions
[281.980s][info][gc,start       ] GC(146) Pause Young (Normal) (G1 Humongous Allocation)
[281.980s][info][gc,task        ] GC(146) Using 4 workers of 4 for evacuation
[281.983s][info][gc,phases      ] GC(146)   Pre Evacuate Collection Set: 0.13ms
[281.983s][info][gc,phases      ] GC(146)   Merge Heap Roots: 0.04ms
[281.983s][info][gc,phases      ] GC(146)   Evacuate Collection Set: 1.79ms
[281.983s][info][gc,phases      ] GC(146)   Post Evacuate Collection Set: 0.53ms
[281.983s][info][gc,phases      ] GC(146)   Other: 0.04ms
[281.983s][info][gc,heap        ] GC(146) Eden regions: 21->0(111)
[281.983s][info][gc,heap        ] GC(146) Survivor regions: 16->6(22)
[281.983s][info][gc,heap        ] GC(146) Old regions: 472->493
[281.983s][info][gc,heap        ] GC(146) Humongous regions: 903->711
[281.983s][info][gc,metaspace   ] GC(146) Metaspace: 100072K(101120K)->100072K(101120K) NonClass: 78146K(78592K)->78146K(78592K) Class: 21926K(22528K)->21926K(22528K)
[281.983s][info][gc             ] GC(146) Pause Young (Normal) (G1 Humongous Allocation) (Evacuation Failure: Allocation) 2823M->2419M(2868M) 2.609ms
[281.983s][info][gc,cpu         ] GC(146) User=0.01s Sys=0.00s Real=0.00s
[282.012s][info][gc,marking     ] GC(144) Concurrent Rebuild Remembered Sets and Scrub Regions 42.552ms
[282.012s][info][gc,start       ] GC(144) Pause Cleanup
[282.012s][info][gc             ] GC(144) Pause Cleanup 2643M->2643M(2868M) 0.111ms
[282.012s][info][gc,cpu         ] GC(144) User=0.01s Sys=0.00s Real=0.00s
[282.012s][info][gc,marking     ] GC(144) Concurrent Clear Claimed Marks
[282.012s][info][gc,marking     ] GC(144) Concurrent Clear Claimed Marks 0.155ms
[282.012s][info][gc,marking     ] GC(144) Concurrent Cleanup for Next Mark
[282.014s][info][gc,marking     ] GC(144) Concurrent Cleanup for Next Mark 1.211ms
[282.014s][info][gc             ] GC(144) Concurrent Mark Cycle 123.569ms
[282.050s][info][gc,start       ] GC(147) Pause Young (Prepare Mixed) (G1 Humongous Allocation)
[282.050s][info][gc,task        ] GC(147) Using 4 workers of 4 for evacuation
[282.053s][info][gc,phases      ] GC(147)   Pre Evacuate Collection Set: 0.11ms
[282.053s][info][gc,phases      ] GC(147)   Merge Heap Roots: 0.06ms
[282.053s][info][gc,phases      ] GC(147)   Evacuate Collection Set: 1.92ms
[282.053s][info][gc,phases      ] GC(147)   Post Evacuate Collection Set: 0.60ms
[282.053s][info][gc,phases      ] GC(147)   Other: 0.05ms
[282.053s][info][gc,heap        ] GC(147) Eden regions: 31->0(91)
[282.053s][info][gc,heap        ] GC(147) Survivor regions: 6->15(15)
[282.053s][info][gc,heap        ] GC(147) Old regions: 493->494
[282.053s][info][gc,heap        ] GC(147) Humongous regions: 875->747
[282.053s][info][gc,metaspace   ] GC(147) Metaspace: 100076K(101184K)->100076K(101184K) NonClass: 78150K(78656K)->78150K(78656K) Class: 21926K(22528K)->21926K(22528K)
[282.053s][info][gc             ] GC(147) Pause Young (Prepare Mixed) (G1 Humongous Allocation) 2809M->2510M(2868M) 2.839ms
[282.053s][info][gc,cpu         ] GC(147) User=0.01s Sys=0.00s Real=0.00s
[282.086s][info][gc,start       ] GC(148) Pause Young (Mixed) (G1 Humongous Allocation)
[282.086s][info][gc,task        ] GC(148) Using 4 workers of 4 for evacuation
[282.088s][info][gc,phases      ] GC(148)   Pre Evacuate Collection Set: 0.14ms
[282.088s][info][gc,phases      ] GC(148)   Merge Heap Roots: 0.04ms
[282.088s][info][gc,phases      ] GC(148)   Evacuate Collection Set: 1.70ms
[282.088s][info][gc,phases      ] GC(148)   Post Evacuate Collection Set: 0.78ms
[282.088s][info][gc,phases      ] GC(148)   Other: 0.04ms
[282.088s][info][gc,heap        ] GC(148) Eden regions: 15->0(66)
[282.088s][info][gc,heap        ] GC(148) Survivor regions: 15->5(14)
[282.088s][info][gc,heap        ] GC(148) Old regions: 494->522
[282.088s][info][gc,heap        ] GC(148) Humongous regions: 892->804
[282.088s][info][gc,metaspace   ] GC(148) Metaspace: 100078K(101184K)->100078K(101184K) NonClass: 78152K(78656K)->78152K(78656K) Class: 21926K(22528K)->21926K(22528K)
[282.088s][info][gc             ] GC(148) Pause Young (Mixed) (G1 Humongous Allocation) (Evacuation Failure: Allocation) 2829M->2661M(2868M) 2.789ms
[282.088s][info][gc,cpu         ] GC(148) User=0.01s Sys=0.00s Real=0.01s
[282.089s][info][gc,start       ] GC(149) Pause Young (Concurrent Start) (G1 Humongous Allocation)
[282.089s][info][gc,task        ] GC(149) Using 4 workers of 4 for evacuation
[282.091s][info][gc,phases      ] GC(149)   Pre Evacuate Collection Set: 0.19ms
[282.091s][info][gc,phases      ] GC(149)   Merge Heap Roots: 0.05ms
[282.091s][info][gc,phases      ] GC(149)   Evacuate Collection Set: 1.10ms
[282.091s][info][gc,phases      ] GC(149)   Post Evacuate Collection Set: 0.32ms
[282.091s][info][gc,phases      ] GC(149)   Other: 0.04ms
[282.091s][info][gc,heap        ] GC(149) Eden regions: 3->0(69)
[282.091s][info][gc,heap        ] GC(149) Survivor regions: 5->6(9)
[282.091s][info][gc,heap        ] GC(149) Old regions: 522->497
[282.091s][info][gc,heap        ] GC(149) Humongous regions: 809->807
[282.091s][info][gc,metaspace   ] GC(149) Metaspace: 100078K(101184K)->100078K(101184K) NonClass: 78152K(78656K)->78152K(78656K) Class: 21926K(22528K)->21926K(22528K)
[282.091s][info][gc             ] GC(149) Pause Young (Concurrent Start) (G1 Humongous Allocation) 2675M->2618M(2868M) 1.773ms
[282.091s][info][gc,cpu         ] GC(149) User=0.01s Sys=0.00s Real=0.00s
[282.091s][info][gc             ] GC(150) Concurrent Mark Cycle
[282.091s][info][gc,marking     ] GC(150) Concurrent Scan Root Regions
[282.093s][info][gc,start       ] GC(151) Pause Young (Normal) (G1 Humongous Allocation)
[282.093s][info][gc,task        ] GC(151) Using 4 workers of 4 for evacuation
[282.093s][info][gc,marking     ] GC(150) Concurrent Scan Root Regions 2.276ms
[282.093s][info][gc,marking     ] GC(150) Concurrent Mark
[282.093s][info][gc,marking     ] GC(150) Concurrent Mark From Roots
[282.093s][info][gc,task        ] GC(150) Using 1 workers of 1 for marking
[282.094s][info][gc,phases      ] GC(151)   Pre Evacuate Collection Set: 0.10ms
[282.094s][info][gc,phases      ] GC(151)   Merge Heap Roots: 0.03ms
[282.094s][info][gc,phases      ] GC(151)   Evacuate Collection Set: 0.55ms
[282.094s][info][gc,phases      ] GC(151)   Post Evacuate Collection Set: 0.49ms
[282.094s][info][gc,phases      ] GC(151)   Other: 0.10ms
[282.094s][info][gc,heap        ] GC(151) Eden regions: 2->0(67)
[282.094s][info][gc,heap        ] GC(151) Survivor regions: 6->6(10)
[282.094s][info][gc,heap        ] GC(151) Old regions: 497->497
[282.094s][info][gc,heap        ] GC(151) Humongous regions: 821->810
[282.094s][info][gc,metaspace   ] GC(151) Metaspace: 100078K(101184K)->100078K(101184K) NonClass: 78152K(78656K)->78152K(78656K) Class: 21926K(22528K)->21926K(22528K)
[282.094s][info][gc             ] GC(151) Pause Young (Normal) (G1 Humongous Allocation) 2650M->2625M(2868M) 1.347ms
[282.094s][info][gc,cpu         ] GC(151) User=0.00s Sys=0.00s Real=0.00s
[282.094s][info][gc,ergo        ] Attempting full compaction
[282.094s][info][gc,start       ] GC(152) Pause Full (G1 Compaction Pause)
[282.094s][info][gc,task        ] GC(152) Using 4 workers of 4 for full compaction
[282.095s][info][gc,phases,start] GC(152) Phase 1: Mark live objects
[282.107s][info][gc,phases      ] GC(152) Phase 1: Mark live objects 11.637ms
[282.107s][info][gc,phases,start] GC(152) Phase 2: Prepare compaction
[282.109s][info][gc,phases      ] GC(152) Phase 2: Prepare compaction 2.080ms
[282.109s][info][gc,phases,start] GC(152) Phase 3: Adjust pointers
[282.114s][info][gc,phases      ] GC(152) Phase 3: Adjust pointers 5.751ms
[282.114s][info][gc,phases,start] GC(152) Phase 4: Compact heap
[282.119s][info][gc,phases      ] GC(152) Phase 4: Compact heap 4.267ms
[282.119s][info][gc,phases,start] GC(152) Phase 5: Reset Metadata
[282.121s][info][gc,phases      ] GC(152) Phase 5: Reset Metadata 1.967ms
[282.122s][info][gc,heap        ] GC(152) Eden regions: 0->0(447)
[282.122s][info][gc,heap        ] GC(152) Survivor regions: 6->0(10)
[282.122s][info][gc,heap        ] GC(152) Old regions: 497->98
[282.122s][info][gc,heap        ] GC(152) Humongous regions: 810->576
[282.122s][info][gc,metaspace   ] GC(152) Metaspace: 100078K(101184K)->100078K(101184K) NonClass: 78152K(78656K)->78152K(78656K) Class: 21926K(22528K)->21926K(22528K)
[282.122s][info][gc             ] GC(152) Pause Full (G1 Compaction Pause) 2625M->1344M(2868M) 28.097ms
[282.122s][info][gc,cpu         ] GC(152) User=0.10s Sys=0.00s Real=0.03s
[282.123s][info][gc,marking     ] GC(150) Concurrent Mark From Roots 29.482ms
[282.123s][info][gc,marking     ] GC(150) Concurrent Mark Abort
[282.123s][info][gc             ] GC(150) Concurrent Mark Cycle 31.790ms
[282.124s][info][gc,start       ] GC(153) Pause Young (Concurrent Start) (G1 Humongous Allocation)
[282.124s][info][gc,task        ] GC(153) Using 4 workers of 4 for evacuation
[282.125s][info][gc,phases      ] GC(153)   Pre Evacuate Collection Set: 0.16ms
[282.125s][info][gc,phases      ] GC(153)   Merge Heap Roots: 0.03ms
[282.125s][info][gc,phases      ] GC(153)   Evacuate Collection Set: 0.66ms
[282.125s][info][gc,phases      ] GC(153)   Post Evacuate Collection Set: 0.29ms
[282.125s][info][gc,phases      ] GC(153)   Other: 0.04ms
[282.125s][info][gc,heap        ] GC(153) Eden regions: 4->0(442)
[282.125s][info][gc,heap        ] GC(153) Survivor regions: 0->2(56)
[282.125s][info][gc,heap        ] GC(153) Old regions: 98->98
[282.125s][info][gc,heap        ] GC(153) Humongous regions: 585->585
[282.125s][info][gc,metaspace   ] GC(153) Metaspace: 100079K(101184K)->100079K(101184K) NonClass: 78153K(78656K)->78153K(78656K) Class: 21926K(22528K)->21926K(22528K)
[282.125s][info][gc             ] GC(153) Pause Young (Concurrent Start) (G1 Humongous Allocation) 1369M->1365M(2868M) 1.250ms
[282.125s][info][gc,cpu         ] GC(153) User=0.00s Sys=0.00s Real=0.00s
[282.125s][info][gc             ] GC(154) Concurrent Mark Cycle
[282.125s][info][gc,marking     ] GC(154) Concurrent Scan Root Regions
[282.127s][info][gc,marking     ] GC(154) Concurrent Scan Root Regions 1.617ms
[282.127s][info][gc,marking     ] GC(154) Concurrent Mark
[282.127s][info][gc,marking     ] GC(154) Concurrent Mark From Roots
[282.127s][info][gc,task        ] GC(154) Using 1 workers of 1 for marking
[282.174s][info][gc,marking     ] GC(154) Concurrent Mark From Roots 46.667ms
[282.174s][info][gc,marking     ] GC(154) Concurrent Preclean
[282.174s][info][gc,marking     ] GC(154) Concurrent Preclean 0.092ms
[282.174s][info][gc,start       ] GC(154) Pause Remark
[282.176s][info][gc             ] GC(154) Pause Remark 1853M->1823M(2868M) 1.942ms
[282.176s][info][gc,cpu         ] GC(154) User=0.00s Sys=0.00s Real=0.00s
[282.176s][info][gc,marking     ] GC(154) Concurrent Mark 48.840ms
[282.176s][info][gc,marking     ] GC(154) Concurrent Rebuild Remembered Sets and Scrub Regions
[282.194s][info][gc,marking     ] GC(154) Concurrent Rebuild Remembered Sets and Scrub Regions 18.671ms
[282.194s][info][gc,start       ] GC(154) Pause Cleanup
[282.195s][info][gc             ] GC(154) Pause Cleanup 1823M->1823M(2868M) 0.072ms
[282.195s][info][gc,cpu         ] GC(154) User=0.00s Sys=0.00s Real=0.00s
[282.195s][info][gc,marking     ] GC(154) Concurrent Clear Claimed Marks
[282.195s][info][gc,marking     ] GC(154) Concurrent Clear Claimed Marks 0.103ms
[282.195s][info][gc,marking     ] GC(154) Concurrent Cleanup for Next Mark
[282.196s][info][gc,marking     ] GC(154) Concurrent Cleanup for Next Mark 1.169ms
[282.196s][info][gc             ] GC(154) Concurrent Mark Cycle 70.620ms
[284.286s][info][gc,start       ] GC(155) Pause Young (Prepare Mixed) (G1 Evacuation Pause)
[284.286s][info][gc,task        ] GC(155) Using 4 workers of 4 for evacuation
[284.295s][info][gc,phases      ] GC(155)   Pre Evacuate Collection Set: 0.11ms
[284.295s][info][gc,phases      ] GC(155)   Merge Heap Roots: 0.12ms
[284.295s][info][gc,phases      ] GC(155)   Evacuate Collection Set: 3.45ms
[284.295s][info][gc,phases      ] GC(155)   Post Evacuate Collection Set: 5.42ms
[284.295s][info][gc,phases      ] GC(155)   Other: 0.05ms
[284.295s][info][gc,heap        ] GC(155) Eden regions: 292->0(254)
[284.295s][info][gc,heap        ] GC(155) Survivor regions: 2->0(0)
[284.295s][info][gc,heap        ] GC(155) Old regions: 97->391
[284.295s][info][gc,heap        ] GC(155) Humongous regions: 1043->643
[284.295s][info][gc,metaspace   ] GC(155) Metaspace: 100083K(101184K)->100083K(101184K) NonClass: 78157K(78656K)->78157K(78656K) Class: 21926K(22528K)->21926K(22528K)
[284.295s][info][gc             ] GC(155) Pause Young (Prepare Mixed) (G1 Evacuation Pause) (Evacuation Failure: Allocation) 2863M->2063M(2868M) 9.255ms
[284.295s][info][gc,cpu         ] GC(155) User=0.03s Sys=0.00s Real=0.01s
[284.488s][info][gc,start       ] GC(156) Pause Young (Mixed) (G1 Evacuation Pause)
[284.488s][info][gc,task        ] GC(156) Using 4 workers of 4 for evacuation
[284.503s][info][gc,phases      ] GC(156)   Pre Evacuate Collection Set: 0.21ms
[284.503s][info][gc,phases      ] GC(156)   Merge Heap Roots: 0.11ms
[284.503s][info][gc,phases      ] GC(156)   Evacuate Collection Set: 6.37ms
[284.503s][info][gc,phases      ] GC(156)   Post Evacuate Collection Set: 8.19ms
[284.503s][info][gc,phases      ] GC(156)   Other: 0.07ms
[284.503s][info][gc,heap        ] GC(156) Eden regions: 254->0(56)
[284.503s][info][gc,heap        ] GC(156) Survivor regions: 0->15(22)
[284.503s][info][gc,heap        ] GC(156) Old regions: 391->652
[284.503s][info][gc,heap        ] GC(156) Humongous regions: 767->688
[284.503s][info][gc,metaspace   ] GC(156) Metaspace: 100083K(101184K)->100083K(101184K) NonClass: 78157K(78656K)->78157K(78656K) Class: 21926K(22528K)->21926K(22528K)
[284.503s][info][gc             ] GC(156) Pause Young (Mixed) (G1 Evacuation Pause) (Evacuation Failure: Allocation) 2819M->2705M(2868M) 15.047ms
[284.503s][info][gc,cpu         ] GC(156) User=0.06s Sys=0.00s Real=0.01s
[284.506s][info][gc,start       ] GC(157) Pause Young (Concurrent Start) (G1 Humongous Allocation)
[284.506s][info][gc,task        ] GC(157) Using 4 workers of 4 for evacuation
[284.518s][info][gc,phases      ] GC(157)   Pre Evacuate Collection Set: 0.45ms
[284.518s][info][gc,phases      ] GC(157)   Merge Heap Roots: 0.22ms
[284.518s][info][gc,phases      ] GC(157)   Evacuate Collection Set: 7.51ms
[284.518s][info][gc,phases      ] GC(157)   Post Evacuate Collection Set: 4.03ms
[284.518s][info][gc,phases      ] GC(157)   Other: 0.08ms
[284.518s][info][gc,heap        ] GC(157) Eden regions: 18->0(28)
[284.518s][info][gc,heap        ] GC(157) Survivor regions: 15->8(9)
[284.518s][info][gc,heap        ] GC(157) Old regions: 652->710
[284.518s][info][gc,heap        ] GC(157) Humongous regions: 688->688
[284.518s][info][gc,metaspace   ] GC(157) Metaspace: 100083K(101184K)->100083K(101184K) NonClass: 78157K(78656K)->78157K(78656K) Class: 21926K(22528K)->21926K(22528K)
[284.518s][info][gc             ] GC(157) Pause Young (Concurrent Start) (G1 Humongous Allocation) (Evacuation Failure: Allocation) 2740M->2808M(2868M) 12.431ms
[284.518s][info][gc,cpu         ] GC(157) User=0.05s Sys=0.00s Real=0.02s
[284.518s][info][gc             ] GC(158) Concurrent Mark Cycle
[284.518s][info][gc,marking     ] GC(158) Concurrent Scan Root Regions
[284.526s][info][gc,start       ] GC(159) Pause Young (Normal) (G1 Evacuation Pause)
[284.526s][info][gc,task        ] GC(159) Using 4 workers of 4 for evacuation
[284.542s][info][gc,marking     ] GC(158) Concurrent Scan Root Regions 23.766ms
[284.542s][info][gc,marking     ] GC(158) Concurrent Mark
[284.542s][info][gc,marking     ] GC(158) Concurrent Mark From Roots
[284.542s][info][gc,task        ] GC(158) Using 1 workers of 1 for marking
[284.550s][info][gc,phases      ] GC(159)   Pre Evacuate Collection Set: 0.22ms
[284.550s][info][gc,phases      ] GC(159)   Merge Heap Roots: 0.13ms
[284.550s][info][gc,phases      ] GC(159)   Evacuate Collection Set: 3.13ms
[284.550s][info][gc,phases      ] GC(159)   Post Evacuate Collection Set: 4.99ms
[284.550s][info][gc,phases      ] GC(159)   Other: 16.00ms
[284.550s][info][gc,heap        ] GC(159) Eden regions: 22->0(6)
[284.550s][info][gc,heap        ] GC(159) Survivor regions: 8->0(0)
[284.550s][info][gc,heap        ] GC(159) Old regions: 710->740
[284.550s][info][gc,heap        ] GC(159) Humongous regions: 694->688
[284.550s][info][gc,metaspace   ] GC(159) Metaspace: 100083K(101184K)->100083K(101184K) NonClass: 78157K(78656K)->78157K(78656K) Class: 21926K(22528K)->21926K(22528K)
[284.551s][info][gc             ] GC(159) Pause Young (Normal) (G1 Evacuation Pause) (Evacuation Failure: Allocation) 2864M->2852M(2868M) 24.563ms
[284.551s][info][gc,cpu         ] GC(159) User=0.05s Sys=0.00s Real=0.02s
[284.551s][info][gc,start       ] GC(160) Pause Young (Normal) (G1 Humongous Allocation)
[284.551s][info][gc,task        ] GC(160) Using 4 workers of 4 for evacuation
[284.561s][info][gc,phases      ] GC(160)   Pre Evacuate Collection Set: 0.19ms
[284.561s][info][gc,phases      ] GC(160)   Merge Heap Roots: 0.11ms
[284.561s][info][gc,phases      ] GC(160)   Evacuate Collection Set: 3.12ms
[284.561s][info][gc,phases      ] GC(160)   Post Evacuate Collection Set: 5.57ms
[284.561s][info][gc,phases      ] GC(160)   Other: 0.05ms
[284.561s][info][gc,heap        ] GC(160) Eden regions: 4->0(1)
[284.561s][info][gc,heap        ] GC(160) Survivor regions: 0->1(1)
[284.561s][info][gc,heap        ] GC(160) Old regions: 740->744
[284.561s][info][gc,heap        ] GC(160) Humongous regions: 689->689
[284.561s][info][gc,metaspace   ] GC(160) Metaspace: 100083K(101184K)->100083K(101184K) NonClass: 78157K(78656K)->78157K(78656K) Class: 21926K(22528K)->21926K(22528K)
[284.561s][info][gc             ] GC(160) Pause Young (Normal) (G1 Humongous Allocation) (Evacuation Failure: Allocation) 2862M->2864M(2868M) 9.117ms
[284.561s][info][gc,cpu         ] GC(160) User=0.04s Sys=0.00s Real=0.01s
[284.561s][info][gc,ergo        ] Attempting full compaction
[284.561s][info][gc,start       ] GC(161) Pause Full (G1 Compaction Pause)
[284.561s][info][gc,task        ] GC(161) Using 4 workers of 4 for full compaction
[284.561s][info][gc,phases,start] GC(161) Phase 1: Mark live objects
[284.575s][info][gc,phases      ] GC(161) Phase 1: Mark live objects 13.527ms
[284.575s][info][gc,phases,start] GC(161) Phase 2: Prepare compaction
[284.579s][info][gc,phases      ] GC(161) Phase 2: Prepare compaction 4.434ms
[284.579s][info][gc,phases,start] GC(161) Phase 3: Adjust pointers
[284.588s][info][gc,phases      ] GC(161) Phase 3: Adjust pointers 8.982ms
[284.588s][info][gc,phases,start] GC(161) Phase 4: Compact heap
[284.603s][info][gc,phases      ] GC(161) Phase 4: Compact heap 14.508ms
[284.603s][info][gc,phases,start] GC(161) Phase 5: Reset Metadata
[284.605s][info][gc,phases      ] GC(161) Phase 5: Reset Metadata 2.254ms
[284.607s][info][gc,heap        ] GC(161) Eden regions: 0->0(393)
[284.607s][info][gc,heap        ] GC(161) Survivor regions: 1->0(1)
[284.607s][info][gc,heap        ] GC(161) Old regions: 744->262
[284.607s][info][gc,heap        ] GC(161) Humongous regions: 689->563
[284.607s][info][gc,metaspace   ] GC(161) Metaspace: 100083K(101184K)->100083K(101184K) NonClass: 78157K(78656K)->78157K(78656K) Class: 21926K(22528K)->21926K(22528K)
[284.607s][info][gc             ] GC(161) Pause Full (G1 Compaction Pause) 2864M->1646M(2868M) 46.139ms
[284.607s][info][gc,cpu         ] GC(161) User=0.17s Sys=0.00s Real=0.05s
[284.607s][info][gc,marking     ] GC(158) Concurrent Mark From Roots 64.820ms
[284.607s][info][gc,marking     ] GC(158) Concurrent Mark Abort
[284.607s][info][gc             ] GC(158) Concurrent Mark Cycle 88.645ms
[284.607s][info][gc,start       ] GC(162) Pause Young (Concurrent Start) (G1 Humongous Allocation)
[284.607s][info][gc,task        ] GC(162) Using 4 workers of 4 for evacuation
[284.608s][info][gc,phases      ] GC(162)   Pre Evacuate Collection Set: 0.21ms
[284.608s][info][gc,phases      ] GC(162)   Merge Heap Roots: 0.04ms
[284.608s][info][gc,phases      ] GC(162)   Evacuate Collection Set: 0.51ms
[284.608s][info][gc,phases      ] GC(162)   Post Evacuate Collection Set: 0.28ms
[284.608s][info][gc,phases      ] GC(162)   Other: 0.03ms
[284.608s][info][gc,heap        ] GC(162) Eden regions: 1->0(404)
[284.608s][info][gc,heap        ] GC(162) Survivor regions: 0->1(50)
[284.608s][info][gc,heap        ] GC(162) Old regions: 262->262
[284.608s][info][gc,heap        ] GC(162) Humongous regions: 565->565
[284.608s][info][gc,metaspace   ] GC(162) Metaspace: 100083K(101184K)->100083K(101184K) NonClass: 78157K(78656K)->78157K(78656K) Class: 21926K(22528K)->21926K(22528K)
[284.608s][info][gc             ] GC(162) Pause Young (Concurrent Start) (G1 Humongous Allocation) 1651M->1650M(2868M) 1.118ms
[284.608s][info][gc,cpu         ] GC(162) User=0.00s Sys=0.00s Real=0.00s
[284.608s][info][gc             ] GC(163) Concurrent Mark Cycle
[284.608s][info][gc,marking     ] GC(163) Concurrent Scan Root Regions
[284.611s][info][gc,marking     ] GC(163) Concurrent Scan Root Regions 2.777ms
[284.611s][info][gc,marking     ] GC(163) Concurrent Mark
[284.611s][info][gc,marking     ] GC(163) Concurrent Mark From Roots
[284.611s][info][gc,task        ] GC(163) Using 1 workers of 1 for marking
[284.684s][info][gc,start       ] GC(164) Pause Young (Normal) (G1 Humongous Allocation)
[284.684s][info][gc,task        ] GC(164) Using 4 workers of 4 for evacuation
[284.686s][info][gc,phases      ] GC(164)   Pre Evacuate Collection Set: 0.19ms
[284.686s][info][gc,phases      ] GC(164)   Merge Heap Roots: 0.04ms
[284.686s][info][gc,phases      ] GC(164)   Evacuate Collection Set: 0.92ms
[284.686s][info][gc,phases      ] GC(164)   Post Evacuate Collection Set: 0.88ms
[284.686s][info][gc,phases      ] GC(164)   Other: 0.05ms
[284.686s][info][gc,heap        ] GC(164) Eden regions: 69->0(234)
[284.686s][info][gc,heap        ] GC(164) Survivor regions: 1->0(0)
[284.686s][info][gc,heap        ] GC(164) Old regions: 262->332
[284.686s][info][gc,heap        ] GC(164) Humongous regions: 1102->760
[284.686s][info][gc,metaspace   ] GC(164) Metaspace: 100083K(101184K)->100083K(101184K) NonClass: 78157K(78656K)->78157K(78656K) Class: 21926K(22528K)->21926K(22528K)
[284.686s][info][gc             ] GC(164) Pause Young (Normal) (G1 Humongous Allocation) (Evacuation Failure: Allocation) 2861M->2177M(2868M) 2.161ms
[284.686s][info][gc,cpu         ] GC(164) User=0.01s Sys=0.00s Real=0.01s
[284.709s][info][gc,marking     ] GC(163) Concurrent Mark From Roots 98.271ms
[284.709s][info][gc,marking     ] GC(163) Concurrent Preclean
[284.709s][info][gc,marking     ] GC(163) Concurrent Preclean 0.097ms
[284.709s][info][gc,start       ] GC(163) Pause Remark
[284.711s][info][gc             ] GC(163) Pause Remark 2377M->2375M(2868M) 1.960ms
[284.711s][info][gc,cpu         ] GC(163) User=0.00s Sys=0.00s Real=0.00s
[284.711s][info][gc,marking     ] GC(163) Concurrent Mark 100.509ms
[284.711s][info][gc,marking     ] GC(163) Concurrent Rebuild Remembered Sets and Scrub Regions
[284.741s][info][gc,marking     ] GC(163) Concurrent Rebuild Remembered Sets and Scrub Regions 29.443ms
[284.741s][info][gc,start       ] GC(163) Pause Cleanup
[284.741s][info][gc             ] GC(163) Pause Cleanup 2395M->2395M(2868M) 0.093ms
[284.741s][info][gc,cpu         ] GC(163) User=0.00s Sys=0.00s Real=0.00s
[284.741s][info][gc,marking     ] GC(163) Concurrent Clear Claimed Marks
[284.741s][info][gc,marking     ] GC(163) Concurrent Clear Claimed Marks 0.108ms
[284.741s][info][gc,marking     ] GC(163) Concurrent Cleanup for Next Mark
[284.742s][info][gc,marking     ] GC(163) Concurrent Cleanup for Next Mark 1.171ms
[284.742s][info][gc             ] GC(163) Concurrent Mark Cycle 134.268ms
[284.813s][info][gc,start       ] GC(165) Pause Young (Prepare Mixed) (G1 Humongous Allocation)
[284.814s][info][gc,task        ] GC(165) Using 4 workers of 4 for evacuation
[284.817s][info][gc,phases      ] GC(165)   Pre Evacuate Collection Set: 0.13ms
[284.817s][info][gc,phases      ] GC(165)   Merge Heap Roots: 0.08ms
[284.817s][info][gc,phases      ] GC(165)   Evacuate Collection Set: 1.93ms
[284.817s][info][gc,phases      ] GC(165)   Post Evacuate Collection Set: 1.47ms
[284.817s][info][gc,phases      ] GC(165)   Other: 0.04ms
[284.817s][info][gc,heap        ] GC(165) Eden regions: 39->0(135)
[284.817s][info][gc,heap        ] GC(165) Survivor regions: 0->5(9)
[284.817s][info][gc,heap        ] GC(165) Old regions: 332->375
[284.817s][info][gc,heap        ] GC(165) Humongous regions: 1054->846
[284.817s][info][gc,metaspace   ] GC(165) Metaspace: 100083K(101184K)->100083K(101184K) NonClass: 78157K(78656K)->78157K(78656K) Class: 21926K(22528K)->21926K(22528K)
[284.817s][info][gc             ] GC(165) Pause Young (Prepare Mixed) (G1 Humongous Allocation) (Evacuation Failure: Allocation) 2843M->2445M(2868M) 3.740ms
[284.817s][info][gc,cpu         ] GC(165) User=0.02s Sys=0.00s Real=0.01s
[285.591s][info][gc,start       ] GC(166) Pause Young (Mixed) (G1 Humongous Allocation)
[285.591s][info][gc,task        ] GC(166) Using 4 workers of 4 for evacuation
[285.596s][info][gc,phases      ] GC(166)   Pre Evacuate Collection Set: 0.17ms
[285.596s][info][gc,phases      ] GC(166)   Merge Heap Roots: 0.06ms
[285.596s][info][gc,phases      ] GC(166)   Evacuate Collection Set: 2.58ms
[285.596s][info][gc,phases      ] GC(166)   Post Evacuate Collection Set: 1.75ms
[285.596s][info][gc,phases      ] GC(166)   Other: 0.08ms
[285.596s][info][gc,heap        ] GC(166) Eden regions: 6->0(78)
[285.596s][info][gc,heap        ] GC(166) Survivor regions: 5->4(18)
[285.596s][info][gc,heap        ] GC(166) Old regions: 375->384
[285.596s][info][gc,heap        ] GC(166) Humongous regions: 1026->895
[285.596s][info][gc,metaspace   ] GC(166) Metaspace: 100083K(101184K)->100083K(101184K) NonClass: 78157K(78656K)->78157K(78656K) Class: 21926K(22528K)->21926K(22528K)
[285.596s][info][gc             ] GC(166) Pause Young (Mixed) (G1 Humongous Allocation) (Evacuation Failure: Allocation) 2817M->2561M(2868M) 4.797ms
[285.596s][info][gc,cpu         ] GC(166) User=0.02s Sys=0.00s Real=0.00s
[285.598s][info][gc,start       ] GC(167) Pause Young (Concurrent Start) (G1 Humongous Allocation)
[285.598s][info][gc,task        ] GC(167) Using 4 workers of 4 for evacuation
[285.602s][info][gc,phases      ] GC(167)   Pre Evacuate Collection Set: 0.40ms
[285.602s][info][gc,phases      ] GC(167)   Merge Heap Roots: 0.11ms
[285.602s][info][gc,phases      ] GC(167)   Evacuate Collection Set: 2.59ms
[285.602s][info][gc,phases      ] GC(167)   Post Evacuate Collection Set: 0.57ms
[285.602s][info][gc,phases      ] GC(167)   Other: 0.05ms
[285.602s][info][gc,heap        ] GC(167) Eden regions: 2->0(163)
[285.602s][info][gc,heap        ] GC(167) Survivor regions: 4->5(11)
[285.602s][info][gc,heap        ] GC(167) Old regions: 384->301
[285.602s][info][gc,heap        ] GC(167) Humongous regions: 898->892
[285.602s][info][gc,metaspace   ] GC(167) Metaspace: 100083K(101184K)->100083K(101184K) NonClass: 78157K(78656K)->78157K(78656K) Class: 21926K(22528K)->21926K(22528K)
[285.602s][info][gc             ] GC(167) Pause Young (Concurrent Start) (G1 Humongous Allocation) 2571M->2392M(2868M) 3.844ms
[285.602s][info][gc,cpu         ] GC(167) User=0.01s Sys=0.00s Real=0.00s
[285.602s][info][gc             ] GC(168) Concurrent Mark Cycle
[285.602s][info][gc,marking     ] GC(168) Concurrent Scan Root Regions
[285.604s][info][gc,marking     ] GC(168) Concurrent Scan Root Regions 2.488ms
[285.604s][info][gc,marking     ] GC(168) Concurrent Mark
[285.604s][info][gc,marking     ] GC(168) Concurrent Mark From Roots
[285.604s][info][gc,task        ] GC(168) Using 1 workers of 1 for marking
[285.651s][info][gc,marking     ] GC(168) Concurrent Mark From Roots 46.775ms
[285.651s][info][gc,marking     ] GC(168) Concurrent Preclean
[285.651s][info][gc,marking     ] GC(168) Concurrent Preclean 0.093ms
[285.651s][info][gc,start       ] GC(168) Pause Remark
[285.653s][info][gc             ] GC(168) Pause Remark 2516M->1880M(2868M) 2.036ms
[285.653s][info][gc,cpu         ] GC(168) User=0.01s Sys=0.00s Real=0.00s
[285.653s][info][gc,marking     ] GC(168) Concurrent Mark 49.034ms
[285.653s][info][gc,marking     ] GC(168) Concurrent Rebuild Remembered Sets and Scrub Regions
[285.677s][info][gc,marking     ] GC(168) Concurrent Rebuild Remembered Sets and Scrub Regions 23.771ms
[285.677s][info][gc,start       ] GC(168) Pause Cleanup
[285.677s][info][gc             ] GC(168) Pause Cleanup 1893M->1893M(2868M) 0.074ms
[285.677s][info][gc,cpu         ] GC(168) User=0.00s Sys=0.00s Real=0.00s
[285.677s][info][gc,marking     ] GC(168) Concurrent Clear Claimed Marks
[285.677s][info][gc,marking     ] GC(168) Concurrent Clear Claimed Marks 0.105ms
[285.677s][info][gc,marking     ] GC(168) Concurrent Cleanup for Next Mark
[285.679s][info][gc,marking     ] GC(168) Concurrent Cleanup for Next Mark 1.099ms
[285.679s][info][gc             ] GC(168) Concurrent Mark Cycle 76.716ms
[286.741s][info][gc,start       ] GC(169) Pause Young (Prepare Mixed) (G1 Evacuation Pause)
[286.741s][info][gc,task        ] GC(169) Using 4 workers of 4 for evacuation
[286.747s][info][gc,phases      ] GC(169)   Pre Evacuate Collection Set: 0.19ms
[286.747s][info][gc,phases      ] GC(169)   Merge Heap Roots: 0.08ms
[286.747s][info][gc,phases      ] GC(169)   Evacuate Collection Set: 5.20ms
[286.747s][info][gc,phases      ] GC(169)   Post Evacuate Collection Set: 0.50ms
[286.747s][info][gc,phases      ] GC(169)   Other: 0.06ms
[286.747s][info][gc,heap        ] GC(169) Eden regions: 163->0(351)
[286.747s][info][gc,heap        ] GC(169) Survivor regions: 5->21(21)
[286.747s][info][gc,heap        ] GC(169) Old regions: 298->337
[286.747s][info][gc,heap        ] GC(169) Humongous regions: 787->589
[286.747s][info][gc,metaspace   ] GC(169) Metaspace: 100106K(101184K)->100106K(101184K) NonClass: 78179K(78656K)->78179K(78656K) Class: 21927K(22528K)->21927K(22528K)
[286.747s][info][gc             ] GC(169) Pause Young (Prepare Mixed) (G1 Evacuation Pause) 2502M->1892M(2868M) 6.134ms
[286.747s][info][gc,cpu         ] GC(169) User=0.02s Sys=0.00s Real=0.01s
[287.022s][info][gc,start       ] GC(170) Pause Young (Mixed) (G1 Evacuation Pause)
[287.022s][info][gc,task        ] GC(170) Using 4 workers of 4 for evacuation
[287.036s][info][gc,phases      ] GC(170)   Pre Evacuate Collection Set: 0.12ms
[287.036s][info][gc,phases      ] GC(170)   Merge Heap Roots: 0.08ms
[287.036s][info][gc,phases      ] GC(170)   Evacuate Collection Set: 9.02ms
[287.036s][info][gc,phases      ] GC(170)   Post Evacuate Collection Set: 4.99ms
[287.036s][info][gc,phases      ] GC(170)   Other: 0.07ms
[287.036s][info][gc,heap        ] GC(170) Eden regions: 351->0(29)
[287.036s][info][gc,heap        ] GC(170) Survivor regions: 21->47(47)
[287.036s][info][gc,heap        ] GC(170) Old regions: 337->732
[287.036s][info][gc,heap        ] GC(170) Humongous regions: 641->607
[287.036s][info][gc,metaspace   ] GC(170) Metaspace: 100107K(101184K)->100107K(101184K) NonClass: 78180K(78656K)->78180K(78656K) Class: 21927K(22528K)->21927K(22528K)
[287.036s][info][gc             ] GC(170) Pause Young (Mixed) (G1 Evacuation Pause) (Evacuation Failure: Allocation) 2698M->2770M(2868M) 14.389ms
[287.036s][info][gc,cpu         ] GC(170) User=0.05s Sys=0.00s Real=0.02s
[287.053s][info][gc,start       ] GC(171) Pause Young (Concurrent Start) (G1 Evacuation Pause)
[287.053s][info][gc,task        ] GC(171) Using 4 workers of 4 for evacuation
[287.063s][info][gc,phases      ] GC(171)   Pre Evacuate Collection Set: 0.38ms
[287.063s][info][gc,phases      ] GC(171)   Merge Heap Roots: 0.09ms
[287.063s][info][gc,phases      ] GC(171)   Evacuate Collection Set: 4.16ms
[287.063s][info][gc,phases      ] GC(171)   Post Evacuate Collection Set: 5.76ms
[287.063s][info][gc,phases      ] GC(171)   Other: 0.06ms
[287.063s][info][gc,heap        ] GC(171) Eden regions: 29->0(5)
[287.063s][info][gc,heap        ] GC(171) Survivor regions: 47->3(10)
[287.063s][info][gc,heap        ] GC(171) Old regions: 732->819
[287.063s][info][gc,heap        ] GC(171) Humongous regions: 607->607
[287.063s][info][gc,metaspace   ] GC(171) Metaspace: 100107K(101184K)->100107K(101184K) NonClass: 78180K(78656K)->78180K(78656K) Class: 21927K(22528K)->21927K(22528K)
[287.063s][info][gc             ] GC(171) Pause Young (Concurrent Start) (G1 Evacuation Pause) (Evacuation Failure: Allocation) 2828M->2856M(2868M) 10.542ms
[287.063s][info][gc,cpu         ] GC(171) User=0.04s Sys=0.00s Real=0.01s
[287.063s][info][gc             ] GC(172) Concurrent Mark Cycle
[287.063s][info][gc,marking     ] GC(172) Concurrent Scan Root Regions
[287.064s][info][gc,start       ] GC(173) Pause Young (Normal) (G1 Evacuation Pause)
[287.064s][info][gc,task        ] GC(173) Using 4 workers of 4 for evacuation
[287.077s][info][gc,marking     ] GC(172) Concurrent Scan Root Regions 13.587ms
[287.077s][info][gc,marking     ] GC(172) Concurrent Mark
[287.077s][info][gc,marking     ] GC(172) Concurrent Mark From Roots
[287.077s][info][gc,task        ] GC(172) Using 1 workers of 1 for marking
[287.085s][info][gc,phases      ] GC(173)   Pre Evacuate Collection Set: 0.24ms
[287.085s][info][gc,phases      ] GC(173)   Merge Heap Roots: 0.09ms
[287.085s][info][gc,phases      ] GC(173)   Evacuate Collection Set: 2.74ms
[287.085s][info][gc,phases      ] GC(173)   Post Evacuate Collection Set: 5.20ms
[287.085s][info][gc,phases      ] GC(173)   Other: 12.86ms
[287.085s][info][gc,heap        ] GC(173) Eden regions: 5->0(1)
[287.085s][info][gc,heap        ] GC(173) Survivor regions: 3->0(0)
[287.085s][info][gc,heap        ] GC(173) Old regions: 819->827
[287.085s][info][gc,heap        ] GC(173) Humongous regions: 607->607
[287.085s][info][gc,metaspace   ] GC(173) Metaspace: 100107K(101184K)->100107K(101184K) NonClass: 78180K(78656K)->78180K(78656K) Class: 21927K(22528K)->21927K(22528K)
[287.085s][info][gc             ] GC(173) Pause Young (Normal) (G1 Evacuation Pause) (Evacuation Failure: Allocation) 2866M->2866M(2868M) 21.219ms
[287.085s][info][gc,cpu         ] GC(173) User=0.04s Sys=0.00s Real=0.02s
[287.085s][info][gc,ergo        ] Attempting full compaction
[287.085s][info][gc,start       ] GC(174) Pause Full (G1 Compaction Pause)
[287.085s][info][gc,task        ] GC(174) Using 4 workers of 4 for full compaction
[287.086s][info][gc,phases,start] GC(174) Phase 1: Mark live objects
[287.104s][info][gc,phases      ] GC(174) Phase 1: Mark live objects 18.184ms
[287.104s][info][gc,phases,start] GC(174) Phase 2: Prepare compaction
[287.108s][info][gc,phases      ] GC(174) Phase 2: Prepare compaction 3.594ms
[287.108s][info][gc,phases,start] GC(174) Phase 3: Adjust pointers
[287.116s][info][gc,phases      ] GC(174) Phase 3: Adjust pointers 8.581ms
[287.116s][info][gc,phases,start] GC(174) Phase 4: Compact heap
[287.127s][info][gc,phases      ] GC(174) Phase 4: Compact heap 10.802ms
[287.127s][info][gc,phases,start] GC(174) Phase 5: Reset Metadata
[287.130s][info][gc,phases      ] GC(174) Phase 5: Reset Metadata 2.870ms
[287.132s][info][gc,heap        ] GC(174) Eden regions: 0->0(451)
[287.132s][info][gc,heap        ] GC(174) Survivor regions: 0->0(0)
[287.132s][info][gc,heap        ] GC(174) Old regions: 827->250
[287.132s][info][gc,heap        ] GC(174) Humongous regions: 607->562
[287.132s][info][gc,metaspace   ] GC(174) Metaspace: 100107K(101184K)->100102K(101184K) NonClass: 78180K(78656K)->78176K(78656K) Class: 21927K(22528K)->21926K(22528K)
[287.132s][info][gc             ] GC(174) Pause Full (G1 Compaction Pause) 2866M->1619M(2868M) 46.437ms
[287.132s][info][gc,cpu         ] GC(174) User=0.17s Sys=0.00s Real=0.05s
[287.132s][info][gc,marking     ] GC(172) Concurrent Mark From Roots 54.981ms
[287.132s][info][gc,marking     ] GC(172) Concurrent Mark Abort
[287.132s][info][gc             ] GC(172) Concurrent Mark Cycle 68.658ms
[287.136s][info][gc,start       ] GC(175) Pause Young (Concurrent Start) (G1 Humongous Allocation)
[287.136s][info][gc,task        ] GC(175) Using 4 workers of 4 for evacuation
[287.138s][info][gc,phases      ] GC(175)   Pre Evacuate Collection Set: 0.18ms
[287.139s][info][gc,phases      ] GC(175)   Merge Heap Roots: 0.03ms
[287.139s][info][gc,phases      ] GC(175)   Evacuate Collection Set: 1.60ms
[287.139s][info][gc,phases      ] GC(175)   Post Evacuate Collection Set: 0.31ms
[287.139s][info][gc,phases      ] GC(175)   Other: 0.04ms
[287.139s][info][gc,heap        ] GC(175) Eden regions: 32->0(348)
[287.139s][info][gc,heap        ] GC(175) Survivor regions: 0->17(57)
[287.139s][info][gc,heap        ] GC(175) Old regions: 250->250
[287.139s][info][gc,heap        ] GC(175) Humongous regions: 562->562
[287.139s][info][gc,metaspace   ] GC(175) Metaspace: 100102K(101184K)->100102K(101184K) NonClass: 78176K(78656K)->78176K(78656K) Class: 21926K(22528K)->21926K(22528K)
[287.139s][info][gc             ] GC(175) Pause Young (Concurrent Start) (G1 Humongous Allocation) 1683M->1653M(2868M) 2.240ms
[287.139s][info][gc,cpu         ] GC(175) User=0.01s Sys=0.00s Real=0.00s
[287.139s][info][gc             ] GC(176) Concurrent Mark Cycle
[287.139s][info][gc,marking     ] GC(176) Concurrent Scan Root Regions
[287.141s][info][gc,marking     ] GC(176) Concurrent Scan Root Regions 2.382ms
[287.141s][info][gc,marking     ] GC(176) Concurrent Mark
[287.141s][info][gc,marking     ] GC(176) Concurrent Mark From Roots
[287.141s][info][gc,task        ] GC(176) Using 1 workers of 1 for marking
[287.215s][info][gc,marking     ] GC(176) Concurrent Mark From Roots 73.600ms
[287.215s][info][gc,marking     ] GC(176) Concurrent Preclean
[287.215s][info][gc,marking     ] GC(176) Concurrent Preclean 0.130ms
[287.215s][info][gc,start       ] GC(176) Pause Remark
[287.218s][info][gc             ] GC(176) Pause Remark 2715M->2715M(2868M) 3.517ms
[287.218s][info][gc,cpu         ] GC(176) User=0.01s Sys=0.00s Real=0.01s
[287.218s][info][gc,marking     ] GC(176) Concurrent Mark 77.426ms
[287.218s][info][gc,marking     ] GC(176) Concurrent Rebuild Remembered Sets and Scrub Regions
[287.247s][info][gc,marking     ] GC(176) Concurrent Rebuild Remembered Sets and Scrub Regions 28.596ms
[287.247s][info][gc,start       ] GC(176) Pause Cleanup
[287.247s][info][gc             ] GC(176) Pause Cleanup 2776M->2776M(2868M) 0.097ms
[287.247s][info][gc,cpu         ] GC(176) User=0.00s Sys=0.00s Real=0.00s
[287.247s][info][gc,marking     ] GC(176) Concurrent Clear Claimed Marks
[287.247s][info][gc,marking     ] GC(176) Concurrent Clear Claimed Marks 0.097ms
[287.247s][info][gc,marking     ] GC(176) Concurrent Cleanup for Next Mark
[287.248s][info][gc,marking     ] GC(176) Concurrent Cleanup for Next Mark 1.167ms
[287.249s][info][gc             ] GC(176) Concurrent Mark Cycle 109.968ms
[287.253s][info][gc,start       ] GC(177) Pause Young (Prepare Mixed) (G1 Humongous Allocation)
[287.253s][info][gc,task        ] GC(177) Using 4 workers of 4 for evacuation
[287.257s][info][gc,phases      ] GC(177)   Pre Evacuate Collection Set: 0.26ms
[287.257s][info][gc,phases      ] GC(177)   Merge Heap Roots: 0.10ms
[287.257s][info][gc,phases      ] GC(177)   Evacuate Collection Set: 2.51ms
[287.257s][info][gc,phases      ] GC(177)   Post Evacuate Collection Set: 1.18ms
[287.257s][info][gc,phases      ] GC(177)   Other: 0.06ms
[287.257s][info][gc,heap        ] GC(177) Eden regions: 78->0(198)
[287.257s][info][gc,heap        ] GC(177) Survivor regions: 17->21(21)
[287.257s][info][gc,heap        ] GC(177) Old regions: 250->340
[287.257s][info][gc,heap        ] GC(177) Humongous regions: 1068->733
[287.257s][info][gc,metaspace   ] GC(177) Metaspace: 100105K(101184K)->100105K(101184K) NonClass: 78179K(78656K)->78179K(78656K) Class: 21926K(22528K)->21926K(22528K)
[287.257s][info][gc             ] GC(177) Pause Young (Prepare Mixed) (G1 Humongous Allocation) (Evacuation Failure: Allocation) 2820M->2182M(2868M) 4.295ms
[287.257s][info][gc,cpu         ] GC(177) User=0.01s Sys=0.00s Real=0.01s
[287.316s][info][gc,start       ] GC(178) Pause Young (Mixed) (G1 Humongous Allocation)
[287.316s][info][gc,task        ] GC(178) Using 4 workers of 4 for evacuation
[287.322s][info][gc,phases      ] GC(178)   Pre Evacuate Collection Set: 0.29ms
[287.322s][info][gc,phases      ] GC(178)   Merge Heap Roots: 0.07ms
[287.322s][info][gc,phases      ] GC(178)   Evacuate Collection Set: 2.55ms
[287.322s][info][gc,phases      ] GC(178)   Post Evacuate Collection Set: 2.73ms
[287.322s][info][gc,phases      ] GC(178)   Other: 0.05ms
[287.322s][info][gc,heap        ] GC(178) Eden regions: 22->0(118)
[287.322s][info][gc,heap        ] GC(178) Survivor regions: 21->6(20)
[287.322s][info][gc,heap        ] GC(178) Old regions: 340->388
[287.322s][info][gc,heap        ] GC(178) Humongous regions: 1031->838
[287.322s][info][gc,metaspace   ] GC(178) Metaspace: 100105K(101184K)->100105K(101184K) NonClass: 78179K(78656K)->78179K(78656K) Class: 21926K(22528K)->21926K(22528K)
[287.322s][info][gc             ] GC(178) Pause Young (Mixed) (G1 Humongous Allocation) (Evacuation Failure: Allocation) 2822M->2458M(2868M) 5.778ms
[287.322s][info][gc,cpu         ] GC(178) User=0.02s Sys=0.00s Real=0.00s
[287.323s][info][gc,start       ] GC(179) Pause Young (Concurrent Start) (G1 Humongous Allocation)
[287.323s][info][gc,task        ] GC(179) Using 4 workers of 4 for evacuation
[287.326s][info][gc,phases      ] GC(179)   Pre Evacuate Collection Set: 0.18ms
[287.326s][info][gc,phases      ] GC(179)   Merge Heap Roots: 0.04ms
[287.326s][info][gc,phases      ] GC(179)   Evacuate Collection Set: 2.45ms
[287.326s][info][gc,phases      ] GC(179)   Post Evacuate Collection Set: 0.66ms
[287.326s][info][gc,phases      ] GC(179)   Other: 0.05ms
[287.326s][info][gc,heap        ] GC(179) Eden regions: 3->0(178)
[287.326s][info][gc,heap        ] GC(179) Survivor regions: 6->8(16)
[287.326s][info][gc,heap        ] GC(179) Old regions: 388->300
[287.326s][info][gc,heap        ] GC(179) Humongous regions: 843->837
[287.326s][info][gc,metaspace   ] GC(179) Metaspace: 100105K(101184K)->100105K(101184K) NonClass: 78179K(78656K)->78179K(78656K) Class: 21926K(22528K)->21926K(22528K)
[287.326s][info][gc             ] GC(179) Pause Young (Concurrent Start) (G1 Humongous Allocation) 2472M->2285M(2868M) 3.450ms
[287.326s][info][gc             ] GC(180) Concurrent Mark Cycle
[287.327s][info][gc,marking     ] GC(180) Concurrent Scan Root Regions
[287.326s][info][gc,cpu         ] GC(179) User=0.02s Sys=0.00s Real=0.01s
[287.331s][info][gc,marking     ] GC(180) Concurrent Scan Root Regions 4.199ms
[287.331s][info][gc,marking     ] GC(180) Concurrent Mark
[287.331s][info][gc,marking     ] GC(180) Concurrent Mark From Roots
[287.331s][info][gc,task        ] GC(180) Using 1 workers of 1 for marking
[287.379s][info][gc,marking     ] GC(180) Concurrent Mark From Roots 48.677ms
[287.379s][info][gc,marking     ] GC(180) Concurrent Preclean
[287.380s][info][gc,marking     ] GC(180) Concurrent Preclean 0.098ms
[287.380s][info][gc,start       ] GC(180) Pause Remark
[287.383s][info][gc             ] GC(180) Pause Remark 2531M->1989M(2868M) 3.623ms
[287.383s][info][gc,cpu         ] GC(180) User=0.01s Sys=0.00s Real=0.00s
[287.383s][info][gc,marking     ] GC(180) Concurrent Mark 52.553ms
[287.383s][info][gc,marking     ] GC(180) Concurrent Rebuild Remembered Sets and Scrub Regions
[287.411s][info][gc,marking     ] GC(180) Concurrent Rebuild Remembered Sets and Scrub Regions 27.310ms
[287.413s][info][gc,start       ] GC(180) Pause Cleanup
[287.413s][info][gc             ] GC(180) Pause Cleanup 1990M->1990M(2868M) 0.116ms
[287.413s][info][gc,cpu         ] GC(180) User=0.00s Sys=0.00s Real=0.00s
[287.413s][info][gc,marking     ] GC(180) Concurrent Clear Claimed Marks
[287.413s][info][gc,marking     ] GC(180) Concurrent Clear Claimed Marks 0.137ms
[287.413s][info][gc,marking     ] GC(180) Concurrent Cleanup for Next Mark
[287.414s][info][gc,marking     ] GC(180) Concurrent Cleanup for Next Mark 1.334ms
[287.414s][info][gc             ] GC(180) Concurrent Mark Cycle 87.791ms
[289.248s][info][gc,start       ] GC(181) Pause Young (Prepare Mixed) (G1 Evacuation Pause)
[289.249s][info][gc,task        ] GC(181) Using 4 workers of 4 for evacuation
[289.255s][info][gc,phases      ] GC(181)   Pre Evacuate Collection Set: 0.19ms
[289.255s][info][gc,phases      ] GC(181)   Merge Heap Roots: 0.10ms
[289.255s][info][gc,phases      ] GC(181)   Evacuate Collection Set: 2.71ms
[289.255s][info][gc,phases      ] GC(181)   Post Evacuate Collection Set: 3.69ms
[289.255s][info][gc,phases      ] GC(181)   Other: 0.07ms
[289.255s][info][gc,heap        ] GC(181) Eden regions: 141->0(242)
[289.255s][info][gc,heap        ] GC(181) Survivor regions: 8->0(0)
[289.255s][info][gc,heap        ] GC(181) Old regions: 299->438
[289.255s][info][gc,heap        ] GC(181) Humongous regions: 986->634
[289.255s][info][gc,metaspace   ] GC(181) Metaspace: 100116K(101184K)->100116K(101184K) NonClass: 78190K(78656K)->78190K(78656K) Class: 21926K(22528K)->21926K(22528K)
[289.255s][info][gc             ] GC(181) Pause Young (Prepare Mixed) (G1 Evacuation Pause) (Evacuation Failure: Allocation) 2863M->2140M(2868M) 6.859ms
[289.255s][info][gc,cpu         ] GC(181) User=0.02s Sys=0.01s Real=0.00s
[289.436s][info][gc,start       ] GC(182) Pause Young (Mixed) (G1 Evacuation Pause)
[289.436s][info][gc,task        ] GC(182) Using 4 workers of 4 for evacuation
[289.449s][info][gc,phases      ] GC(182)   Pre Evacuate Collection Set: 0.23ms
[289.449s][info][gc,phases      ] GC(182)   Merge Heap Roots: 0.07ms
[289.449s][info][gc,phases      ] GC(182)   Evacuate Collection Set: 8.22ms
[289.449s][info][gc,phases      ] GC(182)   Post Evacuate Collection Set: 4.03ms
[289.449s][info][gc,phases      ] GC(182)   Other: 0.05ms
[289.449s][info][gc,heap        ] GC(182) Eden regions: 242->0(62)
[289.449s][info][gc,heap        ] GC(182) Survivor regions: 0->31(31)
[289.449s][info][gc,heap        ] GC(182) Old regions: 438->666
[289.449s][info][gc,heap        ] GC(182) Humongous regions: 686->643
[289.449s][info][gc,metaspace   ] GC(182) Metaspace: 100116K(101184K)->100116K(101184K) NonClass: 78190K(78656K)->78190K(78656K) Class: 21926K(22528K)->21926K(22528K)
[289.449s][info][gc             ] GC(182) Pause Young (Mixed) (G1 Evacuation Pause) (Evacuation Failure: Allocation) 2728M->2677M(2868M) 12.700ms
[289.449s][info][gc,cpu         ] GC(182) User=0.04s Sys=0.00s Real=0.01s
[289.485s][info][gc,start       ] GC(183) Pause Young (Concurrent Start) (G1 Evacuation Pause)
[289.485s][info][gc,task        ] GC(183) Using 4 workers of 4 for evacuation
[289.496s][info][gc,phases      ] GC(183)   Pre Evacuate Collection Set: 0.36ms
[289.496s][info][gc,phases      ] GC(183)   Merge Heap Roots: 0.08ms
[289.496s][info][gc,phases      ] GC(183)   Evacuate Collection Set: 4.86ms
[289.496s][info][gc,phases      ] GC(183)   Post Evacuate Collection Set: 5.07ms
[289.496s][info][gc,phases      ] GC(183)   Other: 0.06ms
[289.496s][info][gc,heap        ] GC(183) Eden regions: 62->0(1)
[289.496s][info][gc,heap        ] GC(183) Survivor regions: 31->8(12)
[289.496s][info][gc,heap        ] GC(183) Old regions: 666->783
[289.496s][info][gc,heap        ] GC(183) Humongous regions: 643->643
[289.496s][info][gc,metaspace   ] GC(183) Metaspace: 100116K(101184K)->100116K(101184K) NonClass: 78190K(78656K)->78190K(78656K) Class: 21926K(22528K)->21926K(22528K)
[289.496s][info][gc             ] GC(183) Pause Young (Concurrent Start) (G1 Evacuation Pause) (Evacuation Failure: Allocation) 2801M->2865M(2868M) 10.535ms
[289.496s][info][gc             ] GC(184) Concurrent Mark Cycle
[289.496s][info][gc,cpu         ] GC(183) User=0.04s Sys=0.00s Real=0.02s
[289.496s][info][gc,marking     ] GC(184) Concurrent Scan Root Regions
[289.496s][info][gc,ergo        ] Attempting full compaction
[289.496s][info][gc,start       ] GC(185) Pause Full (G1 Compaction Pause)
[289.496s][info][gc,task        ] GC(185) Using 4 workers of 4 for full compaction
[289.497s][info][gc,marking     ] GC(184) Concurrent Scan Root Regions 0.889ms
[289.497s][info][gc,marking     ] GC(184) Concurrent Mark
[289.497s][info][gc,marking     ] GC(184) Concurrent Mark From Roots
[289.497s][info][gc,task        ] GC(184) Using 1 workers of 1 for marking
[289.497s][info][gc,phases,start] GC(185) Phase 1: Mark live objects
[289.510s][info][gc,phases      ] GC(185) Phase 1: Mark live objects 12.615ms
[289.510s][info][gc,phases,start] GC(185) Phase 2: Prepare compaction
[289.513s][info][gc,phases      ] GC(185) Phase 2: Prepare compaction 2.876ms
[289.513s][info][gc,phases,start] GC(185) Phase 3: Adjust pointers
[289.521s][info][gc,phases      ] GC(185) Phase 3: Adjust pointers 7.868ms
[289.521s][info][gc,phases,start] GC(185) Phase 4: Compact heap
[289.528s][info][gc,phases      ] GC(185) Phase 4: Compact heap 7.720ms
[289.529s][info][gc,phases,start] GC(185) Phase 5: Reset Metadata
[289.531s][info][gc,phases      ] GC(185) Phase 5: Reset Metadata 2.778ms
[289.533s][info][gc,heap        ] GC(185) Eden regions: 0->0(475)
[289.533s][info][gc,heap        ] GC(185) Survivor regions: 8->0(12)
[289.533s][info][gc,heap        ] GC(185) Old regions: 783->196
[289.533s][info][gc,heap        ] GC(185) Humongous regions: 643->562
[289.533s][info][gc,metaspace   ] GC(185) Metaspace: 100116K(101184K)->100116K(101184K) NonClass: 78190K(78656K)->78190K(78656K) Class: 21926K(22528K)->21926K(22528K)
[289.533s][info][gc             ] GC(185) Pause Full (G1 Compaction Pause) 2865M->1512M(2868M) 37.286ms
[289.533s][info][gc,cpu         ] GC(185) User=0.13s Sys=0.00s Real=0.03s
[289.533s][info][gc,marking     ] GC(184) Concurrent Mark From Roots 36.466ms
[289.533s][info][gc,marking     ] GC(184) Concurrent Mark Abort
[289.533s][info][gc             ] GC(184) Concurrent Mark Cycle 37.385ms
[289.598s][info][gc,start       ] GC(186) Pause Young (Concurrent Start) (G1 Humongous Allocation)
[289.598s][info][gc,task        ] GC(186) Using 4 workers of 4 for evacuation
[289.605s][info][gc,phases      ] GC(186)   Pre Evacuate Collection Set: 0.46ms
[289.605s][info][gc,phases      ] GC(186)   Merge Heap Roots: 0.10ms
[289.605s][info][gc,phases      ] GC(186)   Evacuate Collection Set: 6.01ms
[289.605s][info][gc,phases      ] GC(186)   Post Evacuate Collection Set: 0.48ms
[289.605s][info][gc,phases      ] GC(186)   Other: 0.06ms
[289.605s][info][gc,heap        ] GC(186) Eden regions: 136->0(350)
[289.605s][info][gc,heap        ] GC(186) Survivor regions: 0->60(60)
[289.605s][info][gc,heap        ] GC(186) Old regions: 196->204
[289.605s][info][gc,heap        ] GC(186) Humongous regions: 562->562
[289.605s][info][gc,metaspace   ] GC(186) Metaspace: 100116K(101184K)->100116K(101184K) NonClass: 78190K(78656K)->78190K(78656K) Class: 21926K(22528K)->21926K(22528K)
[289.605s][info][gc             ] GC(186) Pause Young (Concurrent Start) (G1 Humongous Allocation) 1782M->1647M(2868M) 7.205ms
[289.605s][info][gc,cpu         ] GC(186) User=0.03s Sys=0.00s Real=0.00s
[289.605s][info][gc             ] GC(187) Concurrent Mark Cycle
[289.605s][info][gc,marking     ] GC(187) Concurrent Scan Root Regions
[289.612s][info][gc,marking     ] GC(187) Concurrent Scan Root Regions 7.481ms
[289.612s][info][gc,marking     ] GC(187) Concurrent Mark
[289.612s][info][gc,marking     ] GC(187) Concurrent Mark From Roots
[289.612s][info][gc,task        ] GC(187) Using 1 workers of 1 for marking
[289.666s][info][gc,marking     ] GC(187) Concurrent Mark From Roots 53.272ms
[289.666s][info][gc,marking     ] GC(187) Concurrent Preclean
[289.666s][info][gc,marking     ] GC(187) Concurrent Preclean 0.125ms
[289.666s][info][gc,start       ] GC(187) Pause Remark
[289.668s][info][gc             ] GC(187) Pause Remark 2341M->2341M(2868M) 2.486ms
[289.668s][info][gc,cpu         ] GC(187) User=0.01s Sys=0.00s Real=0.01s
[289.668s][info][gc,marking     ] GC(187) Concurrent Mark 56.061ms
[289.668s][info][gc,marking     ] GC(187) Concurrent Rebuild Remembered Sets and Scrub Regions
[289.698s][info][gc,marking     ] GC(187) Concurrent Rebuild Remembered Sets and Scrub Regions 29.186ms
[289.698s][info][gc,start       ] GC(187) Pause Cleanup
[289.698s][info][gc             ] GC(187) Pause Cleanup 2833M->2833M(2868M) 0.107ms
[289.698s][info][gc,cpu         ] GC(187) User=0.00s Sys=0.00s Real=0.00s
[289.698s][info][gc,marking     ] GC(187) Concurrent Clear Claimed Marks
[289.698s][info][gc,marking     ] GC(187) Concurrent Clear Claimed Marks 0.104ms
[289.698s][info][gc,marking     ] GC(187) Concurrent Cleanup for Next Mark
[289.699s][info][gc,marking     ] GC(187) Concurrent Cleanup for Next Mark 1.175ms
[289.699s][info][gc             ] GC(187) Concurrent Mark Cycle 94.321ms
[289.712s][info][gc,start       ] GC(188) Pause Young (Prepare Mixed) (G1 Humongous Allocation)
[289.712s][info][gc,task        ] GC(188) Using 4 workers of 4 for evacuation
[289.718s][info][gc,phases      ] GC(188)   Pre Evacuate Collection Set: 0.19ms
[289.718s][info][gc,phases      ] GC(188)   Merge Heap Roots: 0.08ms
[289.718s][info][gc,phases      ] GC(188)   Evacuate Collection Set: 1.96ms
[289.718s][info][gc,phases      ] GC(188)   Post Evacuate Collection Set: 3.51ms
[289.718s][info][gc,phases      ] GC(188)   Other: 0.05ms
[289.718s][info][gc,heap        ] GC(188) Eden regions: 76->0(229)
[289.718s][info][gc,heap        ] GC(188) Survivor regions: 60->1(3)
[289.718s][info][gc,heap        ] GC(188) Old regions: 204->342
[289.718s][info][gc,heap        ] GC(188) Humongous regions: 1091->726
[289.718s][info][gc,metaspace   ] GC(188) Metaspace: 100116K(101184K)->100116K(101184K) NonClass: 78190K(78656K)->78190K(78656K) Class: 21926K(22528K)->21926K(22528K)
[289.718s][info][gc             ] GC(188) Pause Young (Prepare Mixed) (G1 Humongous Allocation) (Evacuation Failure: Allocation) 2857M->2134M(2868M) 5.881ms
[289.718s][info][gc,cpu         ] GC(188) User=0.02s Sys=0.00s Real=0.01s
[289.796s][info][gc,start       ] GC(189) Pause Young (Mixed) (G1 Humongous Allocation)
[289.796s][info][gc,task        ] GC(189) Using 4 workers of 4 for evacuation
[289.800s][info][gc,phases      ] GC(189)   Pre Evacuate Collection Set: 0.13ms
[289.800s][info][gc,phases      ] GC(189)   Merge Heap Roots: 0.05ms
[289.800s][info][gc,phases      ] GC(189)   Evacuate Collection Set: 2.17ms
[289.800s][info][gc,phases      ] GC(189)   Post Evacuate Collection Set: 1.30ms
[289.800s][info][gc,phases      ] GC(189)   Other: 0.04ms
[289.800s][info][gc,heap        ] GC(189) Eden regions: 32->0(133)
[289.800s][info][gc,heap        ] GC(189) Survivor regions: 1->4(13)
[289.800s][info][gc,heap        ] GC(189) Old regions: 342->382
[289.800s][info][gc,heap        ] GC(189) Humongous regions: 1046->837
[289.800s][info][gc,metaspace   ] GC(189) Metaspace: 100118K(101184K)->100118K(101184K) NonClass: 78192K(78656K)->78192K(78656K) Class: 21926K(22528K)->21926K(22528K)
[289.800s][info][gc             ] GC(189) Pause Young (Mixed) (G1 Humongous Allocation) (Evacuation Failure: Allocation) 2836M->2442M(2868M) 3.788ms
[289.800s][info][gc,cpu         ] GC(189) User=0.01s Sys=0.00s Real=0.00s
[289.801s][info][gc,start       ] GC(190) Pause Young (Concurrent Start) (G1 Humongous Allocation)
[289.801s][info][gc,task        ] GC(190) Using 4 workers of 4 for evacuation
[289.805s][info][gc,phases      ] GC(190)   Pre Evacuate Collection Set: 0.20ms
[289.805s][info][gc,phases      ] GC(190)   Merge Heap Roots: 0.04ms
[289.805s][info][gc,phases      ] GC(190)   Evacuate Collection Set: 3.02ms
[289.805s][info][gc,phases      ] GC(190)   Post Evacuate Collection Set: 0.49ms
[289.805s][info][gc,phases      ] GC(190)   Other: 0.05ms
[289.805s][info][gc,heap        ] GC(190) Eden regions: 3->0(180)
[289.805s][info][gc,heap        ] GC(190) Survivor regions: 4->5(18)
[289.805s][info][gc,heap        ] GC(190) Old regions: 382->302
[289.805s][info][gc,heap        ] GC(190) Humongous regions: 846->841
[289.805s][info][gc,metaspace   ] GC(190) Metaspace: 100118K(101184K)->100118K(101184K) NonClass: 78192K(78656K)->78192K(78656K) Class: 21926K(22528K)->21926K(22528K)
[289.805s][info][gc             ] GC(190) Pause Young (Concurrent Start) (G1 Humongous Allocation) 2464M->2293M(2868M) 3.876ms
[289.805s][info][gc,cpu         ] GC(190) User=0.02s Sys=0.00s Real=0.00s
[289.805s][info][gc             ] GC(191) Concurrent Mark Cycle
[289.805s][info][gc,marking     ] GC(191) Concurrent Scan Root Regions
[289.809s][info][gc,marking     ] GC(191) Concurrent Scan Root Regions 4.596ms
[289.810s][info][gc,marking     ] GC(191) Concurrent Mark
[289.810s][info][gc,marking     ] GC(191) Concurrent Mark From Roots
[289.810s][info][gc,task        ] GC(191) Using 1 workers of 1 for marking
[289.858s][info][gc,marking     ] GC(191) Concurrent Mark From Roots 48.373ms
[289.858s][info][gc,marking     ] GC(191) Concurrent Preclean
[289.858s][info][gc,marking     ] GC(191) Concurrent Preclean 0.100ms
[289.858s][info][gc,start       ] GC(191) Pause Remark
[289.860s][info][gc             ] GC(191) Pause Remark 2521M->1971M(2868M) 2.052ms
[289.860s][info][gc,cpu         ] GC(191) User=0.01s Sys=0.00s Real=0.00s
[289.860s][info][gc,marking     ] GC(191) Concurrent Mark 50.660ms
[289.860s][info][gc,marking     ] GC(191) Concurrent Rebuild Remembered Sets and Scrub Regions
[289.888s][info][gc,marking     ] GC(191) Concurrent Rebuild Remembered Sets and Scrub Regions 27.349ms
[289.888s][info][gc,start       ] GC(191) Pause Cleanup
[289.888s][info][gc             ] GC(191) Pause Cleanup 1983M->1983M(2868M) 0.074ms
[289.888s][info][gc,cpu         ] GC(191) User=0.00s Sys=0.00s Real=0.00s
[289.888s][info][gc,marking     ] GC(191) Concurrent Clear Claimed Marks
[289.888s][info][gc,marking     ] GC(191) Concurrent Clear Claimed Marks 0.103ms
[289.888s][info][gc,marking     ] GC(191) Concurrent Cleanup for Next Mark
[289.889s][info][gc,marking     ] GC(191) Concurrent Cleanup for Next Mark 1.155ms
[289.889s][info][gc             ] GC(191) Concurrent Mark Cycle 84.129ms
[291.546s][info][gc,start       ] GC(192) Pause Young (Prepare Mixed) (G1 Evacuation Pause)
[291.546s][info][gc,task        ] GC(192) Using 4 workers of 4 for evacuation
[291.551s][info][gc,phases      ] GC(192)   Pre Evacuate Collection Set: 0.11ms
[291.551s][info][gc,phases      ] GC(192)   Merge Heap Roots: 0.11ms
[291.551s][info][gc,phases      ] GC(192)   Evacuate Collection Set: 1.77ms
[291.551s][info][gc,phases      ] GC(192)   Post Evacuate Collection Set: 2.23ms
[291.551s][info][gc,phases      ] GC(192)   Other: 0.04ms
[291.551s][info][gc,heap        ] GC(192) Eden regions: 151->0(242)
[291.551s][info][gc,heap        ] GC(192) Survivor regions: 5->0(0)
[291.551s][info][gc,heap        ] GC(192) Old regions: 297->446
[291.551s][info][gc,heap        ] GC(192) Humongous regions: 981->634
[291.551s][info][gc,metaspace   ] GC(192) Metaspace: 100120K(101184K)->100120K(101184K) NonClass: 78194K(78656K)->78194K(78656K) Class: 21926K(22528K)->21926K(22528K)
[291.551s][info][gc             ] GC(192) Pause Young (Prepare Mixed) (G1 Evacuation Pause) (Evacuation Failure: Allocation) 2865M->2157M(2868M) 4.349ms
[291.551s][info][gc,cpu         ] GC(192) User=0.02s Sys=0.00s Real=0.00s
[293.339s][info][gc,start       ] GC(193) Pause Young (Mixed) (G1 Evacuation Pause)
[293.339s][info][gc,task        ] GC(193) Using 4 workers of 4 for evacuation
[293.415s][info][gc,phases      ] GC(193)   Pre Evacuate Collection Set: 1.01ms
[293.415s][info][gc,phases      ] GC(193)   Merge Heap Roots: 0.28ms
[293.415s][info][gc,phases      ] GC(193)   Evacuate Collection Set: 62.71ms
[293.415s][info][gc,phases      ] GC(193)   Post Evacuate Collection Set: 11.68ms
[293.415s][info][gc,phases      ] GC(193)   Other: 0.14ms
[293.415s][info][gc,heap        ] GC(193) Eden regions: 242->0(66)
[293.415s][info][gc,heap        ] GC(193) Survivor regions: 0->31(31)
[293.415s][info][gc,heap        ] GC(193) Old regions: 446->663
[293.415s][info][gc,heap        ] GC(193) Humongous regions: 686->643
[293.415s][info][gc,metaspace   ] GC(193) Metaspace: 100135K(101184K)->100135K(101184K) NonClass: 78209K(78656K)->78209K(78656K) Class: 21926K(22528K)->21926K(22528K)
[293.415s][info][gc             ] GC(193) Pause Young (Mixed) (G1 Evacuation Pause) (Evacuation Failure: Allocation) 2745M->2671M(2868M) 76.174ms
[293.415s][info][gc,cpu         ] GC(193) User=0.28s Sys=0.01s Real=0.07s
[293.504s][info][gc,start       ] GC(194) Pause Young (Concurrent Start) (G1 Evacuation Pause)
[293.504s][info][gc,task        ] GC(194) Using 4 workers of 4 for evacuation
[293.527s][info][gc,phases      ] GC(194)   Pre Evacuate Collection Set: 0.44ms
[293.527s][info][gc,phases      ] GC(194)   Merge Heap Roots: 0.10ms
[293.527s][info][gc,phases      ] GC(194)   Evacuate Collection Set: 14.83ms
[293.527s][info][gc,phases      ] GC(194)   Post Evacuate Collection Set: 6.86ms
[293.527s][info][gc,phases      ] GC(194)   Other: 0.07ms
[293.527s][info][gc,heap        ] GC(194) Eden regions: 66->0(1)
[293.527s][info][gc,heap        ] GC(194) Survivor regions: 31->7(13)
[293.527s][info][gc,heap        ] GC(194) Old regions: 663->784
[293.527s][info][gc,heap        ] GC(194) Humongous regions: 643->643
[293.527s][info][gc,metaspace   ] GC(194) Metaspace: 100135K(101184K)->100135K(101184K) NonClass: 78209K(78656K)->78209K(78656K) Class: 21926K(22528K)->21926K(22528K)
[293.527s][info][gc             ] GC(194) Pause Young (Concurrent Start) (G1 Evacuation Pause) (Evacuation Failure: Allocation) 2803M->2865M(2868M) 22.437ms
[293.527s][info][gc,cpu         ] GC(194) User=0.08s Sys=0.00s Real=0.03s
[293.527s][info][gc,ergo        ] Attempting full compaction
[293.527s][info][gc             ] GC(195) Concurrent Mark Cycle
[293.527s][info][gc,start       ] GC(196) Pause Full (G1 Compaction Pause)
[293.527s][info][gc,task        ] GC(196) Using 4 workers of 4 for full compaction
[293.527s][info][gc,marking     ] GC(195) Concurrent Scan Root Regions
[293.529s][info][gc,marking     ] GC(195) Concurrent Scan Root Regions 1.883ms
[293.529s][info][gc,marking     ] GC(195) Concurrent Mark
[293.529s][info][gc,marking     ] GC(195) Concurrent Mark From Roots
[293.529s][info][gc,task        ] GC(195) Using 1 workers of 1 for marking
[293.533s][info][gc,phases,start] GC(196) Phase 1: Mark live objects
[293.555s][info][gc,phases      ] GC(196) Phase 1: Mark live objects 22.024ms
[293.555s][info][gc,phases,start] GC(196) Phase 2: Prepare compaction
[293.559s][info][gc,phases      ] GC(196) Phase 2: Prepare compaction 3.591ms
[293.559s][info][gc,phases,start] GC(196) Phase 3: Adjust pointers
[293.569s][info][gc,phases      ] GC(196) Phase 3: Adjust pointers 9.874ms
[293.569s][info][gc,phases,start] GC(196) Phase 4: Compact heap
[293.610s][info][gc,phases      ] GC(196) Phase 4: Compact heap 41.082ms
[293.610s][info][gc,phases,start] GC(196) Phase 5: Reset Metadata
[293.613s][info][gc,phases      ] GC(196) Phase 5: Reset Metadata 3.448ms
[293.615s][info][gc,heap        ] GC(196) Eden regions: 0->0(443)
[293.615s][info][gc,heap        ] GC(196) Survivor regions: 7->0(13)
[293.615s][info][gc,heap        ] GC(196) Old regions: 784->205
[293.615s][info][gc,heap        ] GC(196) Humongous regions: 643->562
[293.615s][info][gc,metaspace   ] GC(196) Metaspace: 100135K(101184K)->100135K(101184K) NonClass: 78209K(78656K)->78209K(78656K) Class: 21926K(22528K)->21926K(22528K)
[293.615s][info][gc             ] GC(196) Pause Full (G1 Compaction Pause) 2865M->1527M(2868M) 88.477ms
[293.615s][info][gc,cpu         ] GC(196) User=0.31s Sys=0.01s Real=0.08s
[293.615s][info][gc,marking     ] GC(195) Concurrent Mark From Roots 86.627ms
[293.615s][info][gc,marking     ] GC(195) Concurrent Mark Abort
[293.615s][info][gc             ] GC(195) Concurrent Mark Cycle 88.599ms
[293.632s][info][gc,start       ] GC(197) Pause Young (Concurrent Start) (G1 Humongous Allocation)
[293.632s][info][gc,task        ] GC(197) Using 4 workers of 4 for evacuation
[293.640s][info][gc,phases      ] GC(197)   Pre Evacuate Collection Set: 0.15ms
[293.640s][info][gc,phases      ] GC(197)   Merge Heap Roots: 0.03ms
[293.640s][info][gc,phases      ] GC(197)   Evacuate Collection Set: 6.93ms
[293.640s][info][gc,phases      ] GC(197)   Post Evacuate Collection Set: 0.38ms
[293.640s][info][gc,phases      ] GC(197)   Other: 0.05ms
[293.640s][info][gc,heap        ] GC(197) Eden regions: 65->0(357)
[293.640s][info][gc,heap        ] GC(197) Survivor regions: 0->33(56)
[293.640s][info][gc,heap        ] GC(197) Old regions: 205->205
[293.640s][info][gc,heap        ] GC(197) Humongous regions: 562->562
[293.640s][info][gc,metaspace   ] GC(197) Metaspace: 100135K(101184K)->100135K(101184K) NonClass: 78209K(78656K)->78209K(78656K) Class: 21926K(22528K)->21926K(22528K)
[293.640s][info][gc             ] GC(197) Pause Young (Concurrent Start) (G1 Humongous Allocation) 1657M->1593M(2868M) 7.634ms
[293.640s][info][gc,cpu         ] GC(197) User=0.03s Sys=0.00s Real=0.01s
[293.640s][info][gc             ] GC(198) Concurrent Mark Cycle
[293.640s][info][gc,marking     ] GC(198) Concurrent Scan Root Regions
[293.643s][info][gc,marking     ] GC(198) Concurrent Scan Root Regions 3.437ms
[293.643s][info][gc,marking     ] GC(198) Concurrent Mark
[293.643s][info][gc,marking     ] GC(198) Concurrent Mark From Roots
[293.643s][info][gc,task        ] GC(198) Using 1 workers of 1 for marking
[293.702s][info][gc,marking     ] GC(198) Concurrent Mark From Roots 59.140ms
[293.702s][info][gc,marking     ] GC(198) Concurrent Preclean
[293.702s][info][gc,marking     ] GC(198) Concurrent Preclean 0.113ms
[293.703s][info][gc,start       ] GC(198) Pause Remark
[293.706s][info][gc             ] GC(198) Pause Remark 2051M->2051M(2868M) 3.107ms
[293.706s][info][gc,cpu         ] GC(198) User=0.01s Sys=0.00s Real=0.01s
[293.706s][info][gc,marking     ] GC(198) Concurrent Mark 63.026ms
[293.706s][info][gc,marking     ] GC(198) Concurrent Rebuild Remembered Sets and Scrub Regions
[293.733s][info][gc,marking     ] GC(198) Concurrent Rebuild Remembered Sets and Scrub Regions 26.396ms
[293.733s][info][gc,start       ] GC(198) Pause Cleanup
[293.733s][info][gc             ] GC(198) Pause Cleanup 2146M->2146M(2868M) 0.098ms
[293.733s][info][gc,cpu         ] GC(198) User=0.00s Sys=0.00s Real=0.00s
[293.733s][info][gc,marking     ] GC(198) Concurrent Clear Claimed Marks
[293.733s][info][gc,marking     ] GC(198) Concurrent Clear Claimed Marks 0.199ms
[293.733s][info][gc,marking     ] GC(198) Concurrent Cleanup for Next Mark
[293.734s][info][gc,marking     ] GC(198) Concurrent Cleanup for Next Mark 1.254ms
[293.734s][info][gc             ] GC(198) Concurrent Mark Cycle 94.703ms
[293.814s][info][gc,start       ] GC(199) Pause Young (Prepare Mixed) (G1 Humongous Allocation)
[293.814s][info][gc,task        ] GC(199) Using 4 workers of 4 for evacuation
[293.820s][info][gc,phases      ] GC(199)   Pre Evacuate Collection Set: 0.18ms
[293.820s][info][gc,phases      ] GC(199)   Merge Heap Roots: 0.10ms
[293.820s][info][gc,phases      ] GC(199)   Evacuate Collection Set: 2.36ms
[293.820s][info][gc,phases      ] GC(199)   Post Evacuate Collection Set: 3.68ms
[293.820s][info][gc,phases      ] GC(199)   Other: 0.06ms
[293.820s][info][gc,heap        ] GC(199) Eden regions: 110->0(212)
[293.820s][info][gc,heap        ] GC(199) Survivor regions: 33->1(2)
[293.820s][info][gc,heap        ] GC(199) Old regions: 205->349
[293.820s][info][gc,heap        ] GC(199) Humongous regions: 1084->742
[293.820s][info][gc,metaspace   ] GC(199) Metaspace: 100135K(101184K)->100135K(101184K) NonClass: 78209K(78656K)->78209K(78656K) Class: 21926K(22528K)->21926K(22528K)
[293.821s][info][gc             ] GC(199) Pause Young (Prepare Mixed) (G1 Humongous Allocation) (Evacuation Failure: Allocation) 2857M->2177M(2868M) 6.512ms
[293.821s][info][gc,cpu         ] GC(199) User=0.02s Sys=0.00s Real=0.01s
[294.015s][info][gc,start       ] GC(200) Pause Young (Mixed) (G1 Humongous Allocation)
[294.016s][info][gc,task        ] GC(200) Using 4 workers of 4 for evacuation
[294.025s][info][gc,phases      ] GC(200)   Pre Evacuate Collection Set: 0.43ms
[294.025s][info][gc,phases      ] GC(200)   Merge Heap Roots: 0.16ms
[294.025s][info][gc,phases      ] GC(200)   Evacuate Collection Set: 4.15ms
[294.025s][info][gc,phases      ] GC(200)   Post Evacuate Collection Set: 4.54ms
[294.025s][info][gc,phases      ] GC(200)   Other: 0.26ms
[294.025s][info][gc,heap        ] GC(200) Eden regions: 50->0(120)
[294.025s][info][gc,heap        ] GC(200) Survivor regions: 1->8(17)
[294.025s][info][gc,heap        ] GC(200) Old regions: 349->407
[294.025s][info][gc,heap        ] GC(200) Humongous regions: 1017->826
[294.025s][info][gc,metaspace   ] GC(200) Metaspace: 100135K(101184K)->100135K(101184K) NonClass: 78209K(78656K)->78209K(78656K) Class: 21926K(22528K)->21926K(22528K)
[294.025s][info][gc             ] GC(200) Pause Young (Mixed) (G1 Humongous Allocation) (Evacuation Failure: Allocation) 2826M->2475M(2868M) 9.711ms
[294.025s][info][gc,cpu         ] GC(200) User=0.03s Sys=0.00s Real=0.01s
[294.027s][info][gc,start       ] GC(201) Pause Young (Concurrent Start) (G1 Humongous Allocation)
[294.027s][info][gc,task        ] GC(201) Using 4 workers of 4 for evacuation
[294.040s][info][gc,phases      ] GC(201)   Pre Evacuate Collection Set: 0.35ms
[294.040s][info][gc,phases      ] GC(201)   Merge Heap Roots: 0.06ms
[294.040s][info][gc,phases      ] GC(201)   Evacuate Collection Set: 11.45ms
[294.040s][info][gc,phases      ] GC(201)   Post Evacuate Collection Set: 0.91ms
[294.040s][info][gc,phases      ] GC(201)   Other: 0.16ms
[294.040s][info][gc,heap        ] GC(201) Eden regions: 2->0(196)
[294.040s][info][gc,heap        ] GC(201) Survivor regions: 8->10(16)
[294.040s][info][gc,heap        ] GC(201) Old regions: 407->298
[294.040s][info][gc,heap        ] GC(201) Humongous regions: 831->831
[294.040s][info][gc,metaspace   ] GC(201) Metaspace: 100135K(101184K)->100135K(101184K) NonClass: 78209K(78656K)->78209K(78656K) Class: 21926K(22528K)->21926K(22528K)
[294.040s][info][gc             ] GC(201) Pause Young (Concurrent Start) (G1 Humongous Allocation) 2489M->2272M(2868M) 13.065ms
[294.040s][info][gc,cpu         ] GC(201) User=0.05s Sys=0.00s Real=0.01s
[294.040s][info][gc             ] GC(202) Concurrent Mark Cycle
[294.040s][info][gc,marking     ] GC(202) Concurrent Scan Root Regions
[294.049s][info][gc,marking     ] GC(202) Concurrent Scan Root Regions 9.001ms
[294.049s][info][gc,marking     ] GC(202) Concurrent Mark
[294.049s][info][gc,marking     ] GC(202) Concurrent Mark From Roots
[294.049s][info][gc,task        ] GC(202) Using 1 workers of 1 for marking
[294.116s][info][gc,marking     ] GC(202) Concurrent Mark From Roots 67.219ms
[294.117s][info][gc,marking     ] GC(202) Concurrent Preclean
[294.117s][info][gc,marking     ] GC(202) Concurrent Preclean 0.090ms
[294.176s][info][gc,start       ] GC(202) Pause Remark
[294.179s][info][gc             ] GC(202) Pause Remark 2574M->2052M(2868M) 2.694ms
[294.179s][info][gc,cpu         ] GC(202) User=0.01s Sys=0.00s Real=0.00s
[294.179s][info][gc,marking     ] GC(202) Concurrent Mark 129.777ms
[294.179s][info][gc,marking     ] GC(202) Concurrent Rebuild Remembered Sets and Scrub Regions
[294.211s][info][gc,marking     ] GC(202) Concurrent Rebuild Remembered Sets and Scrub Regions 31.686ms
[294.225s][info][gc,start       ] GC(202) Pause Cleanup
[294.225s][info][gc             ] GC(202) Pause Cleanup 2058M->2058M(2868M) 0.140ms
[294.225s][info][gc,cpu         ] GC(202) User=0.00s Sys=0.00s Real=0.00s
[294.225s][info][gc,marking     ] GC(202) Concurrent Clear Claimed Marks
[294.225s][info][gc,marking     ] GC(202) Concurrent Clear Claimed Marks 0.155ms
[294.225s][info][gc,marking     ] GC(202) Concurrent Cleanup for Next Mark
[294.227s][info][gc,marking     ] GC(202) Concurrent Cleanup for Next Mark 1.584ms
[294.227s][info][gc             ] GC(202) Concurrent Mark Cycle 186.914ms
[295.790s][info][gc,start       ] GC(203) Pause Young (Prepare Mixed) (G1 Humongous Allocation)
[295.790s][info][gc,task        ] GC(203) Using 4 workers of 4 for evacuation
[295.793s][info][gc,phases      ] GC(203)   Pre Evacuate Collection Set: 0.14ms
[295.793s][info][gc,phases      ] GC(203)   Merge Heap Roots: 0.09ms
[295.793s][info][gc,phases      ] GC(203)   Evacuate Collection Set: 1.91ms
[295.793s][info][gc,phases      ] GC(203)   Post Evacuate Collection Set: 0.74ms
[295.793s][info][gc,phases      ] GC(203)   Other: 0.04ms
[295.793s][info][gc,heap        ] GC(203) Eden regions: 82->0(308)
[295.793s][info][gc,heap        ] GC(203) Survivor regions: 10->18(18)
[295.793s][info][gc,heap        ] GC(203) Old regions: 298->329
[295.793s][info][gc,heap        ] GC(203) Humongous regions: 1026->646
[295.793s][info][gc,metaspace   ] GC(203) Metaspace: 100135K(101184K)->100135K(101184K) NonClass: 78209K(78656K)->78209K(78656K) Class: 21926K(22528K)->21926K(22528K)
[295.793s][info][gc             ] GC(203) Pause Young (Prepare Mixed) (G1 Humongous Allocation) (Evacuation Failure: Allocation) 2825M->1981M(2868M) 3.018ms
[295.793s][info][gc,cpu         ] GC(203) User=0.01s Sys=0.01s Real=0.00s
[296.331s][info][gc,start       ] GC(204) Pause Young (Mixed) (G1 Evacuation Pause)
[296.331s][info][gc,task        ] GC(204) Using 4 workers of 4 for evacuation
[296.347s][info][gc,phases      ] GC(204)   Pre Evacuate Collection Set: 0.24ms
[296.347s][info][gc,phases      ] GC(204)   Merge Heap Roots: 0.08ms
[296.347s][info][gc,phases      ] GC(204)   Evacuate Collection Set: 11.33ms
[296.347s][info][gc,phases      ] GC(204)   Post Evacuate Collection Set: 4.28ms
[296.347s][info][gc,phases      ] GC(204)   Other: 0.07ms
[296.347s][info][gc,heap        ] GC(204) Eden regions: 308->0(60)
[296.347s][info][gc,heap        ] GC(204) Survivor regions: 18->41(41)
[296.347s][info][gc,heap        ] GC(204) Old regions: 329->659
[296.347s][info][gc,heap        ] GC(204) Humongous regions: 701->643
[296.347s][info][gc,metaspace   ] GC(204) Metaspace: 100141K(101184K)->100141K(101184K) NonClass: 78213K(78656K)->78213K(78656K) Class: 21928K(22528K)->21928K(22528K)
[296.347s][info][gc             ] GC(204) Pause Young (Mixed) (G1 Evacuation Pause) (Evacuation Failure: Allocation) 2707M->2681M(2868M) 16.143ms
[296.347s][info][gc,cpu         ] GC(204) User=0.06s Sys=0.00s Real=0.02s
[296.389s][info][gc,start       ] GC(205) Pause Young (Concurrent Start) (G1 Evacuation Pause)
[296.389s][info][gc,task        ] GC(205) Using 4 workers of 4 for evacuation
[296.401s][info][gc,phases      ] GC(205)   Pre Evacuate Collection Set: 0.32ms
[296.401s][info][gc,phases      ] GC(205)   Merge Heap Roots: 0.08ms
[296.401s][info][gc,phases      ] GC(205)   Evacuate Collection Set: 6.29ms
[296.401s][info][gc,phases      ] GC(205)   Post Evacuate Collection Set: 5.65ms
[296.401s][info][gc,phases      ] GC(205)   Other: 0.05ms
[296.401s][info][gc,heap        ] GC(205) Eden regions: 60->0(10)
[296.401s][info][gc,heap        ] GC(205) Survivor regions: 41->4(13)
[296.401s][info][gc,heap        ] GC(205) Old regions: 659->777
[296.401s][info][gc,heap        ] GC(205) Humongous regions: 643->643
[296.401s][info][gc,metaspace   ] GC(205) Metaspace: 100141K(101184K)->100141K(101184K) NonClass: 78213K(78656K)->78213K(78656K) Class: 21928K(22528K)->21928K(22528K)
[296.402s][info][gc             ] GC(205) Pause Young (Concurrent Start) (G1 Evacuation Pause) (Evacuation Failure: Allocation) 2801M->2845M(2868M) 12.501ms
[296.402s][info][gc,cpu         ] GC(205) User=0.05s Sys=0.01s Real=0.01s
[296.402s][info][gc             ] GC(206) Concurrent Mark Cycle
[296.402s][info][gc,marking     ] GC(206) Concurrent Scan Root Regions
[296.403s][info][gc,start       ] GC(207) Pause Young (Normal) (G1 Evacuation Pause)
[296.403s][info][gc,task        ] GC(207) Using 4 workers of 4 for evacuation
[296.413s][info][gc,marking     ] GC(206) Concurrent Scan Root Regions 11.774ms
[296.413s][info][gc,marking     ] GC(206) Concurrent Mark
[296.413s][info][gc,marking     ] GC(206) Concurrent Mark From Roots
[296.413s][info][gc,task        ] GC(206) Using 1 workers of 1 for marking
[296.422s][info][gc,phases      ] GC(207)   Pre Evacuate Collection Set: 0.30ms
[296.422s][info][gc,phases      ] GC(207)   Merge Heap Roots: 0.07ms
[296.422s][info][gc,phases      ] GC(207)   Evacuate Collection Set: 2.41ms
[296.422s][info][gc,phases      ] GC(207)   Post Evacuate Collection Set: 5.50ms
[296.422s][info][gc,phases      ] GC(207)   Other: 10.18ms
[296.422s][info][gc,heap        ] GC(207) Eden regions: 10->0(1)
[296.422s][info][gc,heap        ] GC(207) Survivor regions: 4->0(0)
[296.422s][info][gc,heap        ] GC(207) Old regions: 777->791
[296.422s][info][gc,heap        ] GC(207) Humongous regions: 643->643
[296.422s][info][gc,metaspace   ] GC(207) Metaspace: 100141K(101184K)->100141K(101184K) NonClass: 78213K(78656K)->78213K(78656K) Class: 21928K(22528K)->21928K(22528K)
[296.422s][info][gc             ] GC(207) Pause Young (Normal) (G1 Evacuation Pause) (Evacuation Failure: Allocation) 2865M->2865M(2868M) 18.564ms
[296.422s][info][gc,cpu         ] GC(207) User=0.04s Sys=0.00s Real=0.02s
[296.422s][info][gc,ergo        ] Attempting full compaction
[296.422s][info][gc,start       ] GC(208) Pause Full (G1 Compaction Pause)
[296.422s][info][gc,task        ] GC(208) Using 4 workers of 4 for full compaction
[296.422s][info][gc,phases,start] GC(208) Phase 1: Mark live objects
[296.435s][info][gc,phases      ] GC(208) Phase 1: Mark live objects 12.544ms
[296.435s][info][gc,phases,start] GC(208) Phase 2: Prepare compaction
[296.438s][info][gc,phases      ] GC(208) Phase 2: Prepare compaction 3.127ms
[296.438s][info][gc,phases,start] GC(208) Phase 3: Adjust pointers
[296.446s][info][gc,phases      ] GC(208) Phase 3: Adjust pointers 8.190ms
[296.446s][info][gc,phases,start] GC(208) Phase 4: Compact heap
[296.455s][info][gc,phases      ] GC(208) Phase 4: Compact heap 9.088ms
[296.455s][info][gc,phases,start] GC(208) Phase 5: Reset Metadata
[296.458s][info][gc,phases      ] GC(208) Phase 5: Reset Metadata 2.912ms
[296.461s][info][gc,heap        ] GC(208) Eden regions: 0->0(445)
[296.461s][info][gc,heap        ] GC(208) Survivor regions: 0->0(0)
[296.461s][info][gc,heap        ] GC(208) Old regions: 791->203
[296.461s][info][gc,heap        ] GC(208) Humongous regions: 643->562
[296.461s][info][gc,metaspace   ] GC(208) Metaspace: 100141K(101184K)->100141K(101184K) NonClass: 78213K(78656K)->78213K(78656K) Class: 21928K(22528K)->21928K(22528K)
[296.461s][info][gc             ] GC(208) Pause Full (G1 Compaction Pause) 2865M->1525M(2868M) 38.902ms
[296.461s][info][gc,cpu         ] GC(208) User=0.14s Sys=0.00s Real=0.04s
[296.461s][info][gc,marking     ] GC(206) Concurrent Mark From Roots 47.453ms
[296.461s][info][gc,marking     ] GC(206) Concurrent Mark Abort
[296.461s][info][gc             ] GC(206) Concurrent Mark Cycle 59.321ms
[296.468s][info][gc,start       ] GC(209) Pause Young (Concurrent Start) (G1 Humongous Allocation)
[296.468s][info][gc,task        ] GC(209) Using 4 workers of 4 for evacuation
[296.471s][info][gc,phases      ] GC(209)   Pre Evacuate Collection Set: 0.15ms
[296.471s][info][gc,phases      ] GC(209)   Merge Heap Roots: 0.03ms
[296.471s][info][gc,phases      ] GC(209)   Evacuate Collection Set: 2.06ms
[296.471s][info][gc,phases      ] GC(209)   Post Evacuate Collection Set: 0.31ms
[296.471s][info][gc,phases      ] GC(209)   Other: 0.04ms
[296.471s][info][gc,heap        ] GC(209) Eden regions: 50->0(361)
[296.471s][info][gc,heap        ] GC(209) Survivor regions: 0->26(56)
[296.471s][info][gc,heap        ] GC(209) Old regions: 203->203
[296.471s][info][gc,heap        ] GC(209) Humongous regions: 562->562
[296.471s][info][gc,metaspace   ] GC(209) Metaspace: 100141K(101184K)->100141K(101184K) NonClass: 78213K(78656K)->78213K(78656K) Class: 21928K(22528K)->21928K(22528K)
[296.471s][info][gc             ] GC(209) Pause Young (Concurrent Start) (G1 Humongous Allocation) 1625M->1577M(2868M) 2.683ms
[296.471s][info][gc,cpu         ] GC(209) User=0.01s Sys=0.00s Real=0.00s
[296.471s][info][gc             ] GC(210) Concurrent Mark Cycle
[296.471s][info][gc,marking     ] GC(210) Concurrent Scan Root Regions
[296.473s][info][gc,marking     ] GC(210) Concurrent Scan Root Regions 2.173ms
[296.473s][info][gc,marking     ] GC(210) Concurrent Mark
[296.473s][info][gc,marking     ] GC(210) Concurrent Mark From Roots
[296.473s][info][gc,task        ] GC(210) Using 1 workers of 1 for marking
[296.522s][info][gc,marking     ] GC(210) Concurrent Mark From Roots 48.885ms
[296.522s][info][gc,marking     ] GC(210) Concurrent Preclean
[296.522s][info][gc,marking     ] GC(210) Concurrent Preclean 0.106ms
[296.522s][info][gc,start       ] GC(210) Pause Remark
[296.525s][info][gc             ] GC(210) Pause Remark 1720M->1720M(2868M) 2.807ms
[296.525s][info][gc,cpu         ] GC(210) User=0.01s Sys=0.00s Real=0.00s
[296.525s][info][gc,marking     ] GC(210) Concurrent Mark 52.003ms
[296.525s][info][gc,marking     ] GC(210) Concurrent Rebuild Remembered Sets and Scrub Regions
[296.554s][info][gc,marking     ] GC(210) Concurrent Rebuild Remembered Sets and Scrub Regions 28.745ms
[296.554s][info][gc,start       ] GC(210) Pause Cleanup
[296.554s][info][gc             ] GC(210) Pause Cleanup 1921M->1921M(2868M) 0.088ms
[296.554s][info][gc,cpu         ] GC(210) User=0.00s Sys=0.00s Real=0.00s
[296.554s][info][gc,marking     ] GC(210) Concurrent Clear Claimed Marks
[296.554s][info][gc,marking     ] GC(210) Concurrent Clear Claimed Marks 0.160ms
[296.554s][info][gc,marking     ] GC(210) Concurrent Cleanup for Next Mark
[296.555s][info][gc,marking     ] GC(210) Concurrent Cleanup for Next Mark 1.405ms
[296.555s][info][gc             ] GC(210) Concurrent Mark Cycle 84.853ms
[296.660s][info][gc,start       ] GC(211) Pause Young (Prepare Mixed) (G1 Humongous Allocation)
[296.660s][info][gc,task        ] GC(211) Using 4 workers of 4 for evacuation
[296.666s][info][gc,phases      ] GC(211)   Pre Evacuate Collection Set: 0.25ms
[296.666s][info][gc,phases      ] GC(211)   Merge Heap Roots: 0.14ms
[296.666s][info][gc,phases      ] GC(211)   Evacuate Collection Set: 2.47ms
[296.666s][info][gc,phases      ] GC(211)   Post Evacuate Collection Set: 2.73ms
[296.666s][info][gc,phases      ] GC(211)   Other: 0.08ms
[296.666s][info][gc,heap        ] GC(211) Eden regions: 143->0(200)
[296.666s][info][gc,heap        ] GC(211) Survivor regions: 26->2(3)
[296.666s][info][gc,heap        ] GC(211) Old regions: 203->372
[296.666s][info][gc,heap        ] GC(211) Humongous regions: 1059->735
[296.666s][info][gc,metaspace   ] GC(211) Metaspace: 100154K(101184K)->100154K(101184K) NonClass: 78226K(78656K)->78226K(78656K) Class: 21928K(22528K)->21928K(22528K)
[296.666s][info][gc             ] GC(211) Pause Young (Prepare Mixed) (G1 Humongous Allocation) (Evacuation Failure: Allocation) 2855M->2213M(2868M) 5.819ms
[296.666s][info][gc,cpu         ] GC(211) User=0.02s Sys=0.00s Real=0.00s
[296.772s][info][gc,start       ] GC(212) Pause Young (Mixed) (G1 Humongous Allocation)
[296.772s][info][gc,task        ] GC(212) Using 4 workers of 4 for evacuation
[296.778s][info][gc,phases      ] GC(212)   Pre Evacuate Collection Set: 0.31ms
[296.778s][info][gc,phases      ] GC(212)   Merge Heap Roots: 0.07ms
[296.778s][info][gc,phases      ] GC(212)   Evacuate Collection Set: 3.21ms
[296.778s][info][gc,phases      ] GC(212)   Post Evacuate Collection Set: 2.37ms
[296.778s][info][gc,phases      ] GC(212)   Other: 0.05ms
[296.778s][info][gc,heap        ] GC(212) Eden regions: 31->0(116)
[296.778s][info][gc,heap        ] GC(212) Survivor regions: 2->4(22)
[296.778s][info][gc,heap        ] GC(212) Old regions: 372->422
[296.778s][info][gc,heap        ] GC(212) Humongous regions: 1007->819
[296.778s][info][gc,metaspace   ] GC(212) Metaspace: 100154K(101184K)->100154K(101184K) NonClass: 78226K(78656K)->78226K(78656K) Class: 21928K(22528K)->21928K(22528K)
[296.778s][info][gc             ] GC(212) Pause Young (Mixed) (G1 Humongous Allocation) (Evacuation Failure: Allocation) 2817M->2485M(2868M) 6.117ms
[296.778s][info][gc,cpu         ] GC(212) User=0.02s Sys=0.00s Real=0.01s
[296.779s][info][gc,start       ] GC(213) Pause Young (Concurrent Start) (G1 Humongous Allocation)
[296.779s][info][gc,task        ] GC(213) Using 4 workers of 4 for evacuation
[296.785s][info][gc,phases      ] GC(213)   Pre Evacuate Collection Set: 0.20ms
[296.785s][info][gc,phases      ] GC(213)   Merge Heap Roots: 0.05ms
[296.785s][info][gc,phases      ] GC(213)   Evacuate Collection Set: 5.15ms
[296.785s][info][gc,phases      ] GC(213)   Post Evacuate Collection Set: 0.67ms
[296.785s][info][gc,phases      ] GC(213)   Other: 0.05ms
[296.785s][info][gc,heap        ] GC(213) Eden regions: 2->0(195)
[296.785s][info][gc,heap        ] GC(213) Survivor regions: 4->6(15)
[296.785s][info][gc,heap        ] GC(213) Old regions: 422->299
[296.785s][info][gc,heap        ] GC(213) Humongous regions: 828->823
[296.785s][info][gc,metaspace   ] GC(213) Metaspace: 100155K(101184K)->100155K(101184K) NonClass: 78227K(78656K)->78227K(78656K) Class: 21928K(22528K)->21928K(22528K)
[296.785s][info][gc             ] GC(213) Pause Young (Concurrent Start) (G1 Humongous Allocation) 2506M->2252M(2868M) 6.240ms
[296.785s][info][gc,cpu         ] GC(213) User=0.02s Sys=0.00s Real=0.00s
[296.785s][info][gc             ] GC(214) Concurrent Mark Cycle
[296.785s][info][gc,marking     ] GC(214) Concurrent Scan Root Regions
[296.791s][info][gc,marking     ] GC(214) Concurrent Scan Root Regions 5.425ms
[296.791s][info][gc,marking     ] GC(214) Concurrent Mark
[296.791s][info][gc,marking     ] GC(214) Concurrent Mark From Roots
[296.791s][info][gc,task        ] GC(214) Using 1 workers of 1 for marking
[296.844s][info][gc,marking     ] GC(214) Concurrent Mark From Roots 53.029ms
[296.844s][info][gc,marking     ] GC(214) Concurrent Preclean
[296.844s][info][gc,marking     ] GC(214) Concurrent Preclean 0.103ms
[296.844s][info][gc,start       ] GC(214) Pause Remark
[296.847s][info][gc             ] GC(214) Pause Remark 2593M->2089M(2868M) 2.643ms
[296.847s][info][gc,cpu         ] GC(214) User=0.01s Sys=0.00s Real=0.01s
[296.847s][info][gc,marking     ] GC(214) Concurrent Mark 55.941ms
[296.847s][info][gc,marking     ] GC(214) Concurrent Rebuild Remembered Sets and Scrub Regions
[296.874s][info][gc,marking     ] GC(214) Concurrent Rebuild Remembered Sets and Scrub Regions 27.884ms
[296.875s][info][gc,start       ] GC(214) Pause Cleanup
[296.875s][info][gc             ] GC(214) Pause Cleanup 2089M->2089M(2868M) 0.089ms
[296.875s][info][gc,cpu         ] GC(214) User=0.00s Sys=0.00s Real=0.00s
[296.875s][info][gc,marking     ] GC(214) Concurrent Clear Claimed Marks
[296.875s][info][gc,marking     ] GC(214) Concurrent Clear Claimed Marks 0.106ms
[296.875s][info][gc,marking     ] GC(214) Concurrent Cleanup for Next Mark
[296.876s][info][gc,marking     ] GC(214) Concurrent Cleanup for Next Mark 1.216ms
[296.876s][info][gc             ] GC(214) Concurrent Mark Cycle 90.815ms
[298.444s][info][gc,start       ] GC(215) Pause Young (Prepare Mixed) (G1 Evacuation Pause)
[298.444s][info][gc,task        ] GC(215) Using 4 workers of 4 for evacuation
[298.446s][info][gc,phases      ] GC(215)   Pre Evacuate Collection Set: 0.11ms
[298.446s][info][gc,phases      ] GC(215)   Merge Heap Roots: 0.08ms
[298.446s][info][gc,phases      ] GC(215)   Evacuate Collection Set: 1.23ms
[298.446s][info][gc,phases      ] GC(215)   Post Evacuate Collection Set: 1.19ms
[298.446s][info][gc,phases      ] GC(215)   Other: 0.04ms
[298.446s][info][gc,heap        ] GC(215) Eden regions: 108->0(256)
[298.446s][info][gc,heap        ] GC(215) Survivor regions: 6->0(0)
[298.446s][info][gc,heap        ] GC(215) Old regions: 299->411
[298.446s][info][gc,heap        ] GC(215) Humongous regions: 1021->652
[298.446s][info][gc,metaspace   ] GC(215) Metaspace: 100157K(101184K)->100157K(101184K) NonClass: 78228K(78656K)->78228K(78656K) Class: 21928K(22528K)->21928K(22528K)
[298.446s][info][gc             ] GC(215) Pause Young (Prepare Mixed) (G1 Evacuation Pause) (Evacuation Failure: Allocation) 2864M->2122M(2868M) 2.733ms
[298.446s][info][gc,cpu         ] GC(215) User=0.01s Sys=0.00s Real=0.01s
[298.731s][info][gc,start       ] GC(216) Pause Young (Mixed) (G1 Evacuation Pause)
[298.731s][info][gc,task        ] GC(216) Using 4 workers of 4 for evacuation
[298.745s][info][gc,phases      ] GC(216)   Pre Evacuate Collection Set: 0.22ms
[298.745s][info][gc,phases      ] GC(216)   Merge Heap Roots: 0.10ms
[298.745s][info][gc,phases      ] GC(216)   Evacuate Collection Set: 9.08ms
[298.745s][info][gc,phases      ] GC(216)   Post Evacuate Collection Set: 4.71ms
[298.745s][info][gc,phases      ] GC(216)   Other: 0.06ms
[298.745s][info][gc,heap        ] GC(216) Eden regions: 256->0(61)
[298.745s][info][gc,heap        ] GC(216) Survivor regions: 0->32(32)
[298.745s][info][gc,heap        ] GC(216) Old regions: 411->642
[298.745s][info][gc,heap        ] GC(216) Humongous regions: 704->670
[298.745s][info][gc,metaspace   ] GC(216) Metaspace: 100157K(101184K)->100157K(101184K) NonClass: 78229K(78656K)->78229K(78656K) Class: 21928K(22528K)->21928K(22528K)
[298.745s][info][gc             ] GC(216) Pause Young (Mixed) (G1 Evacuation Pause) (Evacuation Failure: Allocation) 2738M->2684M(2868M) 14.289ms
[298.745s][info][gc,cpu         ] GC(216) User=0.05s Sys=0.00s Real=0.01s
[298.793s][info][gc,start       ] GC(217) Pause Young (Concurrent Start) (G1 Evacuation Pause)
[298.793s][info][gc,task        ] GC(217) Using 4 workers of 4 for evacuation
[298.805s][info][gc,phases      ] GC(217)   Pre Evacuate Collection Set: 0.49ms
[298.805s][info][gc,phases      ] GC(217)   Merge Heap Roots: 0.07ms
[298.805s][info][gc,phases      ] GC(217)   Evacuate Collection Set: 5.47ms
[298.805s][info][gc,phases      ] GC(217)   Post Evacuate Collection Set: 6.32ms
[298.805s][info][gc,phases      ] GC(217)   Other: 0.06ms
[298.805s][info][gc,heap        ] GC(217) Eden regions: 61->0(4)
[298.805s][info][gc,heap        ] GC(217) Survivor regions: 32->7(12)
[298.805s][info][gc,heap        ] GC(217) Old regions: 642->753
[298.805s][info][gc,heap        ] GC(217) Humongous regions: 670->670
[298.805s][info][gc,metaspace   ] GC(217) Metaspace: 100157K(101184K)->100157K(101184K) NonClass: 78229K(78656K)->78229K(78656K) Class: 21928K(22528K)->21928K(22528K)
[298.805s][info][gc             ] GC(217) Pause Young (Concurrent Start) (G1 Evacuation Pause) (Evacuation Failure: Allocation) 2806M->2856M(2868M) 12.508ms
[298.805s][info][gc             ] GC(218) Concurrent Mark Cycle
[298.805s][info][gc,marking     ] GC(218) Concurrent Scan Root Regions
[298.805s][info][gc,cpu         ] GC(217) User=0.05s Sys=0.00s Real=0.01s
[298.806s][info][gc,start       ] GC(219) Pause Young (Normal) (G1 Evacuation Pause)
[298.806s][info][gc,task        ] GC(219) Using 4 workers of 4 for evacuation
[298.819s][info][gc,marking     ] GC(218) Concurrent Scan Root Regions 13.878ms
[298.819s][info][gc,marking     ] GC(218) Concurrent Mark
[298.819s][info][gc,marking     ] GC(218) Concurrent Mark From Roots
[298.819s][info][gc,task        ] GC(218) Using 1 workers of 1 for marking
[298.829s][info][gc,phases      ] GC(219)   Pre Evacuate Collection Set: 0.33ms
[298.829s][info][gc,phases      ] GC(219)   Merge Heap Roots: 0.09ms
[298.829s][info][gc,phases      ] GC(219)   Evacuate Collection Set: 3.21ms
[298.829s][info][gc,phases      ] GC(219)   Post Evacuate Collection Set: 6.20ms
[298.829s][info][gc,phases      ] GC(219)   Other: 13.10ms
[298.829s][info][gc,heap        ] GC(219) Eden regions: 4->0(1)
[298.829s][info][gc,heap        ] GC(219) Survivor regions: 7->0(0)
[298.829s][info][gc,heap        ] GC(219) Old regions: 753->764
[298.829s][info][gc,heap        ] GC(219) Humongous regions: 670->670
[298.829s][info][gc,metaspace   ] GC(219) Metaspace: 100158K(101184K)->100158K(101184K) NonClass: 78229K(78656K)->78229K(78656K) Class: 21928K(22528K)->21928K(22528K)
[298.829s][info][gc             ] GC(219) Pause Young (Normal) (G1 Evacuation Pause) (Evacuation Failure: Allocation) 2864M->2864M(2868M) 23.025ms
[298.829s][info][gc,cpu         ] GC(219) User=0.05s Sys=0.00s Real=0.02s
[298.829s][info][gc,ergo        ] Attempting full compaction
[298.829s][info][gc,start       ] GC(220) Pause Full (G1 Compaction Pause)
[298.829s][info][gc,task        ] GC(220) Using 4 workers of 4 for full compaction
[298.830s][info][gc,phases,start] GC(220) Phase 1: Mark live objects
[298.858s][info][gc,phases      ] GC(220) Phase 1: Mark live objects 28.006ms
[298.858s][info][gc,phases,start] GC(220) Phase 2: Prepare compaction
[298.861s][info][gc,phases      ] GC(220) Phase 2: Prepare compaction 3.328ms
[298.861s][info][gc,phases,start] GC(220) Phase 3: Adjust pointers
[298.870s][info][gc,phases      ] GC(220) Phase 3: Adjust pointers 8.602ms
[298.870s][info][gc,phases,start] GC(220) Phase 4: Compact heap
[298.879s][info][gc,phases      ] GC(220) Phase 4: Compact heap 8.852ms
[298.879s][info][gc,phases,start] GC(220) Phase 5: Reset Metadata
[298.882s][info][gc,phases      ] GC(220) Phase 5: Reset Metadata 3.339ms
[298.884s][info][gc,heap        ] GC(220) Eden regions: 0->0(483)
[298.884s][info][gc,heap        ] GC(220) Survivor regions: 0->0(0)
[298.884s][info][gc,heap        ] GC(220) Old regions: 764->187
[298.884s][info][gc,heap        ] GC(220) Humongous regions: 670->562
[298.884s][info][gc,metaspace   ] GC(220) Metaspace: 100158K(101184K)->100156K(101184K) NonClass: 78229K(78656K)->78228K(78656K) Class: 21928K(22528K)->21927K(22528K)
[298.884s][info][gc             ] GC(220) Pause Full (G1 Compaction Pause) 2864M->1492M(2868M) 55.321ms
[298.885s][info][gc,cpu         ] GC(220) User=0.19s Sys=0.01s Real=0.05s
[298.885s][info][gc,marking     ] GC(218) Concurrent Mark From Roots 65.353ms
[298.885s][info][gc,marking     ] GC(218) Concurrent Mark Abort
[298.885s][info][gc             ] GC(218) Concurrent Mark Cycle 79.290ms
[298.896s][info][gc,start       ] GC(221) Pause Young (Concurrent Start) (G1 Humongous Allocation)
[298.896s][info][gc,task        ] GC(221) Using 4 workers of 4 for evacuation
[298.900s][info][gc,phases      ] GC(221)   Pre Evacuate Collection Set: 0.37ms
[298.900s][info][gc,phases      ] GC(221)   Merge Heap Roots: 0.04ms
[298.900s][info][gc,phases      ] GC(221)   Evacuate Collection Set: 3.21ms
[298.900s][info][gc,phases      ] GC(221)   Post Evacuate Collection Set: 0.38ms
[298.900s][info][gc,phases      ] GC(221)   Other: 0.05ms
[298.900s][info][gc,heap        ] GC(221) Eden regions: 68->0(372)
[298.900s][info][gc,heap        ] GC(221) Survivor regions: 0->35(61)
[298.900s][info][gc,heap        ] GC(221) Old regions: 187->187
[298.900s][info][gc,heap        ] GC(221) Humongous regions: 562->562
[298.900s][info][gc,metaspace   ] GC(221) Metaspace: 100156K(101184K)->100156K(101184K) NonClass: 78229K(78656K)->78229K(78656K) Class: 21927K(22528K)->21927K(22528K)
[298.900s][info][gc             ] GC(221) Pause Young (Concurrent Start) (G1 Humongous Allocation) 1628M->1562M(2868M) 4.137ms
[298.900s][info][gc,cpu         ] GC(221) User=0.01s Sys=0.00s Real=0.00s
[298.900s][info][gc             ] GC(222) Concurrent Mark Cycle
[298.900s][info][gc,marking     ] GC(222) Concurrent Scan Root Regions
[298.904s][info][gc,marking     ] GC(222) Concurrent Scan Root Regions 3.535ms
[298.904s][info][gc,marking     ] GC(222) Concurrent Mark
[298.904s][info][gc,marking     ] GC(222) Concurrent Mark From Roots
[298.904s][info][gc,task        ] GC(222) Using 1 workers of 1 for marking
[298.959s][info][gc,marking     ] GC(222) Concurrent Mark From Roots 54.769ms
[298.959s][info][gc,marking     ] GC(222) Concurrent Preclean
[298.959s][info][gc,marking     ] GC(222) Concurrent Preclean 0.195ms
[298.959s][info][gc,start       ] GC(222) Pause Remark
[298.962s][info][gc             ] GC(222) Pause Remark 1897M->1897M(2868M) 2.706ms
[298.962s][info][gc,cpu         ] GC(222) User=0.01s Sys=0.00s Real=0.00s
[298.962s][info][gc,marking     ] GC(222) Concurrent Mark 58.363ms
[298.962s][info][gc,marking     ] GC(222) Concurrent Rebuild Remembered Sets and Scrub Regions
[298.993s][info][gc,marking     ] GC(222) Concurrent Rebuild Remembered Sets and Scrub Regions 30.499ms
[298.993s][info][gc,start       ] GC(222) Pause Cleanup
[298.993s][info][gc             ] GC(222) Pause Cleanup 2150M->2150M(2868M) 0.128ms
[298.993s][info][gc,cpu         ] GC(222) User=0.00s Sys=0.00s Real=0.00s
[298.993s][info][gc,marking     ] GC(222) Concurrent Clear Claimed Marks
[298.993s][info][gc,marking     ] GC(222) Concurrent Clear Claimed Marks 0.209ms
[298.993s][info][gc,marking     ] GC(222) Concurrent Cleanup for Next Mark
[298.995s][info][gc,marking     ] GC(222) Concurrent Cleanup for Next Mark 1.596ms
[298.995s][info][gc             ] GC(222) Concurrent Mark Cycle 94.647ms
[299.080s][info][gc,start       ] GC(223) Pause Young (Prepare Mixed) (G1 Humongous Allocation)
[299.080s][info][gc,task        ] GC(223) Using 4 workers of 4 for evacuation
[299.088s][info][gc,phases      ] GC(223)   Pre Evacuate Collection Set: 0.12ms
[299.088s][info][gc,phases      ] GC(223)   Merge Heap Roots: 0.08ms
[299.088s][info][gc,phases      ] GC(223)   Evacuate Collection Set: 3.44ms
[299.088s][info][gc,phases      ] GC(223)   Post Evacuate Collection Set: 4.11ms
[299.088s][info][gc,phases      ] GC(223)   Other: 0.07ms
[299.088s][info][gc,heap        ] GC(223) Eden regions: 160->0(199)
[299.088s][info][gc,heap        ] GC(223) Survivor regions: 35->7(10)
[299.088s][info][gc,heap        ] GC(223) Old regions: 187->385
[299.088s][info][gc,heap        ] GC(223) Humongous regions: 1042->720
[299.088s][info][gc,metaspace   ] GC(223) Metaspace: 100156K(101184K)->100156K(101184K) NonClass: 78229K(78656K)->78229K(78656K) Class: 21927K(22528K)->21927K(22528K)
[299.088s][info][gc             ] GC(223) Pause Young (Prepare Mixed) (G1 Humongous Allocation) (Evacuation Failure: Allocation) 2842M->2218M(2868M) 7.949ms
[299.088s][info][gc,cpu         ] GC(223) User=0.03s Sys=0.01s Real=0.01s
[299.138s][info][gc,start       ] GC(224) Pause Young (Mixed) (G1 Humongous Allocation)
[299.138s][info][gc,task        ] GC(224) Using 4 workers of 4 for evacuation
[299.146s][info][gc,phases      ] GC(224)   Pre Evacuate Collection Set: 0.41ms
[299.146s][info][gc,phases      ] GC(224)   Merge Heap Roots: 0.09ms
[299.146s][info][gc,phases      ] GC(224)   Evacuate Collection Set: 3.68ms
[299.146s][info][gc,phases      ] GC(224)   Post Evacuate Collection Set: 3.47ms
[299.146s][info][gc,phases      ] GC(224)   Other: 0.06ms
[299.146s][info][gc,heap        ] GC(224) Eden regions: 23->0(121)
[299.146s][info][gc,heap        ] GC(224) Survivor regions: 7->8(21)
[299.146s][info][gc,heap        ] GC(224) Old regions: 385->423
[299.146s][info][gc,heap        ] GC(224) Humongous regions: 998->808
[299.146s][info][gc,metaspace   ] GC(224) Metaspace: 100157K(101184K)->100157K(101184K) NonClass: 78229K(78656K)->78229K(78656K) Class: 21927K(22528K)->21927K(22528K)
[299.146s][info][gc             ] GC(224) Pause Young (Mixed) (G1 Humongous Allocation) (Evacuation Failure: Allocation) 2818M->2474M(2868M) 7.816ms
[299.146s][info][gc,cpu         ] GC(224) User=0.03s Sys=0.00s Real=0.01s
[299.147s][info][gc,start       ] GC(225) Pause Young (Concurrent Start) (G1 Humongous Allocation)
[299.147s][info][gc,task        ] GC(225) Using 4 workers of 4 for evacuation
[299.155s][info][gc,phases      ] GC(225)   Pre Evacuate Collection Set: 0.36ms
[299.155s][info][gc,phases      ] GC(225)   Merge Heap Roots: 0.08ms
[299.155s][info][gc,phases      ] GC(225)   Evacuate Collection Set: 6.76ms
[299.155s][info][gc,phases      ] GC(225)   Post Evacuate Collection Set: 0.65ms
[299.155s][info][gc,phases      ] GC(225)   Other: 0.08ms
[299.155s][info][gc,heap        ] GC(225) Eden regions: 1->0(216)
[299.155s][info][gc,heap        ] GC(225) Survivor regions: 8->9(17)
[299.155s][info][gc,heap        ] GC(225) Old regions: 423->294
[299.155s][info][gc,heap        ] GC(225) Humongous regions: 813->810
[299.155s][info][gc,metaspace   ] GC(225) Metaspace: 100157K(101184K)->100157K(101184K) NonClass: 78229K(78656K)->78229K(78656K) Class: 21927K(22528K)->21927K(22528K)
[299.155s][info][gc             ] GC(225) Pause Young (Concurrent Start) (G1 Humongous Allocation) 2485M->2222M(2868M) 8.042ms
[299.155s][info][gc,cpu         ] GC(225) User=0.02s Sys=0.00s Real=0.00s
[299.155s][info][gc             ] GC(226) Concurrent Mark Cycle
[299.155s][info][gc,marking     ] GC(226) Concurrent Scan Root Regions
[299.162s][info][gc,marking     ] GC(226) Concurrent Scan Root Regions 6.816ms
[299.162s][info][gc,marking     ] GC(226) Concurrent Mark
[299.162s][info][gc,marking     ] GC(226) Concurrent Mark From Roots
[299.162s][info][gc,task        ] GC(226) Using 1 workers of 1 for marking
[299.216s][info][gc,marking     ] GC(226) Concurrent Mark From Roots 54.221ms
[299.216s][info][gc,marking     ] GC(226) Concurrent Preclean
[299.216s][info][gc,marking     ] GC(226) Concurrent Preclean 0.119ms
[299.216s][info][gc,start       ] GC(226) Pause Remark
[299.220s][info][gc             ] GC(226) Pause Remark 2642M->2156M(2868M) 4.003ms
[299.220s][info][gc,cpu         ] GC(226) User=0.01s Sys=0.00s Real=0.00s
[299.220s][info][gc,marking     ] GC(226) Concurrent Mark 58.571ms
[299.220s][info][gc,marking     ] GC(226) Concurrent Rebuild Remembered Sets and Scrub Regions
[299.253s][info][gc,marking     ] GC(226) Concurrent Rebuild Remembered Sets and Scrub Regions 32.780ms
[299.253s][info][gc,start       ] GC(226) Pause Cleanup
[299.253s][info][gc             ] GC(226) Pause Cleanup 2156M->2156M(2868M) 0.111ms
[299.253s][info][gc,cpu         ] GC(226) User=0.00s Sys=0.00s Real=0.00s
[299.253s][info][gc,marking     ] GC(226) Concurrent Clear Claimed Marks
[299.253s][info][gc,marking     ] GC(226) Concurrent Clear Claimed Marks 0.130ms
[299.253s][info][gc,marking     ] GC(226) Concurrent Cleanup for Next Mark
[299.255s][info][gc,marking     ] GC(226) Concurrent Cleanup for Next Mark 1.646ms
[299.255s][info][gc             ] GC(226) Concurrent Mark Cycle 100.351ms
[300.573s][info][gc,start       ] GC(227) Pause Young (Prepare Mixed) (G1 Humongous Allocation)
[300.573s][info][gc,task        ] GC(227) Using 4 workers of 4 for evacuation
[300.576s][info][gc,phases      ] GC(227)   Pre Evacuate Collection Set: 0.14ms
[300.576s][info][gc,phases      ] GC(227)   Merge Heap Roots: 0.08ms
[300.576s][info][gc,phases      ] GC(227)   Evacuate Collection Set: 1.63ms
[300.576s][info][gc,phases      ] GC(227)   Post Evacuate Collection Set: 1.11ms
[300.576s][info][gc,phases      ] GC(227)   Other: 0.05ms
[300.576s][info][gc,heap        ] GC(227) Eden regions: 92->0(257)
[300.576s][info][gc,heap        ] GC(227) Survivor regions: 9->10(10)
[300.576s][info][gc,heap        ] GC(227) Old regions: 294->392
[300.576s][info][gc,heap        ] GC(227) Humongous regions: 1029->654
[300.576s][info][gc,metaspace   ] GC(227) Metaspace: 100160K(101184K)->100160K(101184K) NonClass: 78233K(78656K)->78233K(78656K) Class: 21927K(22528K)->21927K(22528K)
[300.576s][info][gc             ] GC(227) Pause Young (Prepare Mixed) (G1 Humongous Allocation) (Evacuation Failure: Allocation) 2843M->2108M(2868M) 3.091ms
[300.576s][info][gc,cpu         ] GC(227) User=0.01s Sys=0.01s Real=0.01s
[301.063s][info][gc,start       ] GC(228) Pause Young (Mixed) (G1 Evacuation Pause)
[301.064s][info][gc,task        ] GC(228) Using 4 workers of 4 for evacuation
[301.074s][info][gc,phases      ] GC(228)   Pre Evacuate Collection Set: 0.18ms
[301.074s][info][gc,phases      ] GC(228)   Merge Heap Roots: 0.12ms
[301.074s][info][gc,phases      ] GC(228)   Evacuate Collection Set: 5.86ms
[301.074s][info][gc,phases      ] GC(228)   Post Evacuate Collection Set: 4.08ms
[301.074s][info][gc,phases      ] GC(228)   Other: 0.06ms
[301.074s][info][gc,heap        ] GC(228) Eden regions: 257->0(71)
[301.074s][info][gc,heap        ] GC(228) Survivor regions: 10->34(34)
[301.074s][info][gc,heap        ] GC(228) Old regions: 392->597
[301.074s][info][gc,heap        ] GC(228) Humongous regions: 729->670
[301.074s][info][gc,metaspace   ] GC(228) Metaspace: 100161K(101184K)->100161K(101184K) NonClass: 78233K(78656K)->78233K(78656K) Class: 21927K(22528K)->21927K(22528K)
[301.074s][info][gc             ] GC(228) Pause Young (Mixed) (G1 Evacuation Pause) (Evacuation Failure: Allocation) 2772M->2598M(2868M) 10.485ms
[301.074s][info][gc,cpu         ] GC(228) User=0.04s Sys=0.00s Real=0.01s
[301.124s][info][gc,start       ] GC(229) Pause Young (Concurrent Start) (G1 Evacuation Pause)
[301.124s][info][gc,task        ] GC(229) Using 4 workers of 4 for evacuation
[301.136s][info][gc,phases      ] GC(229)   Pre Evacuate Collection Set: 0.32ms
[301.136s][info][gc,phases      ] GC(229)   Merge Heap Roots: 0.11ms
[301.136s][info][gc,phases      ] GC(229)   Evacuate Collection Set: 7.13ms
[301.136s][info][gc,phases      ] GC(229)   Post Evacuate Collection Set: 4.47ms
[301.136s][info][gc,phases      ] GC(229)   Other: 0.06ms
[301.136s][info][gc,heap        ] GC(229) Eden regions: 71->0(12)
[301.136s][info][gc,heap        ] GC(229) Survivor regions: 34->14(14)
[301.136s][info][gc,heap        ] GC(229) Old regions: 597->738
[301.136s][info][gc,heap        ] GC(229) Humongous regions: 670->670
[301.136s][info][gc,metaspace   ] GC(229) Metaspace: 100161K(101184K)->100161K(101184K) NonClass: 78233K(78656K)->78233K(78656K) Class: 21927K(22528K)->21927K(22528K)
[301.136s][info][gc             ] GC(229) Pause Young (Concurrent Start) (G1 Evacuation Pause) (Evacuation Failure: Allocation) 2740M->2842M(2868M) 12.211ms
[301.136s][info][gc,cpu         ] GC(229) User=0.04s Sys=0.00s Real=0.02s
[301.136s][info][gc             ] GC(230) Concurrent Mark Cycle
[301.136s][info][gc,marking     ] GC(230) Concurrent Scan Root Regions
[301.138s][info][gc,start       ] GC(231) Pause Young (Normal) (G1 Evacuation Pause)
[301.138s][info][gc,task        ] GC(231) Using 4 workers of 4 for evacuation
[301.149s][info][gc,marking     ] GC(230) Concurrent Scan Root Regions 12.685ms
[301.149s][info][gc,marking     ] GC(230) Concurrent Mark
[301.149s][info][gc,marking     ] GC(230) Concurrent Mark From Roots
[301.149s][info][gc,task        ] GC(230) Using 1 workers of 1 for marking
[301.156s][info][gc,phases      ] GC(231)   Pre Evacuate Collection Set: 0.28ms
[301.156s][info][gc,phases      ] GC(231)   Merge Heap Roots: 0.12ms
[301.156s][info][gc,phases      ] GC(231)   Evacuate Collection Set: 2.32ms
[301.156s][info][gc,phases      ] GC(231)   Post Evacuate Collection Set: 4.94ms
[301.156s][info][gc,phases      ] GC(231)   Other: 10.93ms
[301.156s][info][gc,heap        ] GC(231) Eden regions: 12->0(1)
[301.156s][info][gc,heap        ] GC(231) Survivor regions: 14->0(0)
[301.156s][info][gc,heap        ] GC(231) Old regions: 738->764
[301.156s][info][gc,heap        ] GC(231) Humongous regions: 670->670
[301.156s][info][gc,metaspace   ] GC(231) Metaspace: 100161K(101184K)->100161K(101184K) NonClass: 78233K(78656K)->78233K(78656K) Class: 21927K(22528K)->21927K(22528K)
[301.156s][info][gc             ] GC(231) Pause Young (Normal) (G1 Evacuation Pause) (Evacuation Failure: Allocation) 2866M->2866M(2868M) 18.690ms
[301.156s][info][gc,cpu         ] GC(231) User=0.04s Sys=0.00s Real=0.02s
[301.156s][info][gc,ergo        ] Attempting full compaction
[301.156s][info][gc,start       ] GC(232) Pause Full (G1 Compaction Pause)
[301.156s][info][gc,task        ] GC(232) Using 4 workers of 4 for full compaction
[301.157s][info][gc,phases,start] GC(232) Phase 1: Mark live objects
[301.173s][info][gc,phases      ] GC(232) Phase 1: Mark live objects 16.212ms
[301.173s][info][gc,phases,start] GC(232) Phase 2: Prepare compaction
[301.176s][info][gc,phases      ] GC(232) Phase 2: Prepare compaction 2.826ms
[301.176s][info][gc,phases,start] GC(232) Phase 3: Adjust pointers
[301.184s][info][gc,phases      ] GC(232) Phase 3: Adjust pointers 8.001ms
[301.184s][info][gc,phases,start] GC(232) Phase 4: Compact heap
[301.192s][info][gc,phases      ] GC(232) Phase 4: Compact heap 7.946ms
[301.192s][info][gc,phases,start] GC(232) Phase 5: Reset Metadata
[301.195s][info][gc,phases      ] GC(232) Phase 5: Reset Metadata 2.611ms
[301.197s][info][gc,heap        ] GC(232) Eden regions: 0->0(454)
[301.197s][info][gc,heap        ] GC(232) Survivor regions: 0->0(0)
[301.197s][info][gc,heap        ] GC(232) Old regions: 764->184
[301.197s][info][gc,heap        ] GC(232) Humongous regions: 670->562
[301.197s][info][gc,metaspace   ] GC(232) Metaspace: 100161K(101184K)->100157K(101184K) NonClass: 78233K(78656K)->78230K(78656K) Class: 21927K(22528K)->21926K(22528K)
[301.197s][info][gc             ] GC(232) Pause Full (G1 Compaction Pause) 2866M->1489M(2868M) 40.239ms
[301.197s][info][gc,cpu         ] GC(232) User=0.15s Sys=0.00s Real=0.04s
[301.197s][info][gc,marking     ] GC(230) Concurrent Mark From Roots 48.199ms
[301.197s][info][gc,marking     ] GC(230) Concurrent Mark Abort
[301.197s][info][gc             ] GC(230) Concurrent Mark Cycle 60.942ms
[301.206s][info][gc,start       ] GC(233) Pause Young (Concurrent Start) (G1 Humongous Allocation)
[301.206s][info][gc,task        ] GC(233) Using 4 workers of 4 for evacuation
[301.210s][info][gc,phases      ] GC(233)   Pre Evacuate Collection Set: 0.30ms
[301.210s][info][gc,phases      ] GC(233)   Merge Heap Roots: 0.03ms
[301.210s][info][gc,phases      ] GC(233)   Evacuate Collection Set: 2.76ms
[301.210s][info][gc,phases      ] GC(233)   Post Evacuate Collection Set: 0.37ms
[301.210s][info][gc,phases      ] GC(233)   Other: 0.06ms
[301.210s][info][gc,heap        ] GC(233) Eden regions: 61->0(369)
[301.210s][info][gc,heap        ] GC(233) Survivor regions: 0->31(57)
[301.210s][info][gc,heap        ] GC(233) Old regions: 184->184
[301.210s][info][gc,heap        ] GC(233) Humongous regions: 562->562
[301.210s][info][gc,metaspace   ] GC(233) Metaspace: 100159K(101184K)->100159K(101184K) NonClass: 78232K(78656K)->78232K(78656K) Class: 21926K(22528K)->21926K(22528K)
[301.210s][info][gc             ] GC(233) Pause Young (Concurrent Start) (G1 Humongous Allocation) 1610M->1550M(2868M) 3.621ms
[301.210s][info][gc,cpu         ] GC(233) User=0.02s Sys=0.00s Real=0.00s
[301.210s][info][gc             ] GC(234) Concurrent Mark Cycle
[301.210s][info][gc,marking     ] GC(234) Concurrent Scan Root Regions
[301.213s][info][gc,marking     ] GC(234) Concurrent Scan Root Regions 2.787ms
[301.213s][info][gc,marking     ] GC(234) Concurrent Mark
[301.213s][info][gc,marking     ] GC(234) Concurrent Mark From Roots
[301.213s][info][gc,task        ] GC(234) Using 1 workers of 1 for marking
[301.262s][info][gc,marking     ] GC(234) Concurrent Mark From Roots 48.807ms
[301.262s][info][gc,marking     ] GC(234) Concurrent Preclean
[301.262s][info][gc,marking     ] GC(234) Concurrent Preclean 0.152ms
[301.263s][info][gc,start       ] GC(234) Pause Remark
[301.265s][info][gc             ] GC(234) Pause Remark 1810M->1810M(2868M) 2.316ms
[301.265s][info][gc,cpu         ] GC(234) User=0.01s Sys=0.00s Real=0.00s
[301.265s][info][gc,marking     ] GC(234) Concurrent Mark 52.626ms
[301.265s][info][gc,marking     ] GC(234) Concurrent Rebuild Remembered Sets and Scrub Regions
[301.295s][info][gc,marking     ] GC(234) Concurrent Rebuild Remembered Sets and Scrub Regions 29.250ms
[301.295s][info][gc,start       ] GC(234) Pause Cleanup
[301.295s][info][gc             ] GC(234) Pause Cleanup 1948M->1948M(2868M) 0.099ms
[301.295s][info][gc,cpu         ] GC(234) User=0.00s Sys=0.00s Real=0.00s
[301.295s][info][gc,marking     ] GC(234) Concurrent Clear Claimed Marks
[301.295s][info][gc,marking     ] GC(234) Concurrent Clear Claimed Marks 0.117ms
[301.295s][info][gc,marking     ] GC(234) Concurrent Cleanup for Next Mark
[301.297s][info][gc,marking     ] GC(234) Concurrent Cleanup for Next Mark 1.463ms
[301.297s][info][gc             ] GC(234) Concurrent Mark Cycle 86.531ms
[301.384s][info][gc,start       ] GC(235) Pause Young (Prepare Mixed) (G1 Humongous Allocation)
[301.384s][info][gc,task        ] GC(235) Using 4 workers of 4 for evacuation
[301.392s][info][gc,phases      ] GC(235)   Pre Evacuate Collection Set: 0.17ms
[301.392s][info][gc,phases      ] GC(235)   Merge Heap Roots: 0.09ms
[301.392s][info][gc,phases      ] GC(235)   Evacuate Collection Set: 3.04ms
[301.392s][info][gc,phases      ] GC(235)   Post Evacuate Collection Set: 4.32ms
[301.392s][info][gc,phases      ] GC(235)   Other: 0.05ms
[301.392s][info][gc,heap        ] GC(235) Eden regions: 172->0(194)
[301.392s][info][gc,heap        ] GC(235) Survivor regions: 31->10(13)
[301.392s][info][gc,heap        ] GC(235) Old regions: 184->388
[301.392s][info][gc,heap        ] GC(235) Humongous regions: 1034->718
[301.392s][info][gc,metaspace   ] GC(235) Metaspace: 100169K(101184K)->100169K(101184K) NonClass: 78243K(78656K)->78243K(78656K) Class: 21926K(22528K)->21926K(22528K)
[301.392s][info][gc             ] GC(235) Pause Young (Prepare Mixed) (G1 Humongous Allocation) (Evacuation Failure: Allocation) 2836M->2228M(2868M) 7.810ms
[301.392s][info][gc,cpu         ] GC(235) User=0.02s Sys=0.00s Real=0.01s
[301.436s][info][gc,start       ] GC(236) Pause Young (Mixed) (G1 Humongous Allocation)
[301.436s][info][gc,task        ] GC(236) Using 4 workers of 4 for evacuation
[301.443s][info][gc,phases      ] GC(236)   Pre Evacuate Collection Set: 0.15ms
[301.443s][info][gc,phases      ] GC(236)   Merge Heap Roots: 0.06ms
[301.443s][info][gc,phases      ] GC(236)   Evacuate Collection Set: 4.07ms
[301.443s][info][gc,phases      ] GC(236)   Post Evacuate Collection Set: 2.94ms
[301.443s][info][gc,phases      ] GC(236)   Other: 0.04ms
[301.443s][info][gc,heap        ] GC(236) Eden regions: 26->0(110)
[301.443s][info][gc,heap        ] GC(236) Survivor regions: 10->6(26)
[301.443s][info][gc,heap        ] GC(236) Old regions: 388->441
[301.443s][info][gc,heap        ] GC(236) Humongous regions: 983->804
[301.443s][info][gc,metaspace   ] GC(236) Metaspace: 100169K(101184K)->100169K(101184K) NonClass: 78243K(78656K)->78243K(78656K) Class: 21926K(22528K)->21926K(22528K)
[301.443s][info][gc             ] GC(236) Pause Young (Mixed) (G1 Humongous Allocation) (Evacuation Failure: Allocation) 2809M->2499M(2868M) 7.380ms
[301.443s][info][gc,cpu         ] GC(236) User=0.02s Sys=0.00s Real=0.00s
[301.445s][info][gc,start       ] GC(237) Pause Young (Concurrent Start) (G1 Humongous Allocation)
[301.445s][info][gc,task        ] GC(237) Using 4 workers of 4 for evacuation
[301.454s][info][gc,phases      ] GC(237)   Pre Evacuate Collection Set: 0.41ms
[301.454s][info][gc,phases      ] GC(237)   Merge Heap Roots: 0.13ms
[301.454s][info][gc,phases      ] GC(237)   Evacuate Collection Set: 7.57ms
[301.454s][info][gc,phases      ] GC(237)   Post Evacuate Collection Set: 0.54ms
[301.454s][info][gc,phases      ] GC(237)   Other: 0.06ms
[301.454s][info][gc,heap        ] GC(237) Eden regions: 4->0(186)
[301.454s][info][gc,heap        ] GC(237) Survivor regions: 6->9(15)
[301.454s][info][gc,heap        ] GC(237) Old regions: 441->297
[301.454s][info][gc,heap        ] GC(237) Humongous regions: 813->805
[301.454s][info][gc,metaspace   ] GC(237) Metaspace: 100169K(101184K)->100169K(101184K) NonClass: 78243K(78656K)->78243K(78656K) Class: 21926K(22528K)->21926K(22528K)
[301.454s][info][gc             ] GC(237) Pause Young (Concurrent Start) (G1 Humongous Allocation) 2525M->2219M(2868M) 8.819ms
[301.454s][info][gc             ] GC(238) Concurrent Mark Cycle
[301.454s][info][gc,marking     ] GC(238) Concurrent Scan Root Regions
[301.454s][info][gc,cpu         ] GC(237) User=0.03s Sys=0.00s Real=0.01s
[301.462s][info][gc,marking     ] GC(238) Concurrent Scan Root Regions 8.340ms
[301.463s][info][gc,marking     ] GC(238) Concurrent Mark
[301.463s][info][gc,marking     ] GC(238) Concurrent Mark From Roots
[301.463s][info][gc,task        ] GC(238) Using 1 workers of 1 for marking
[301.522s][info][gc,marking     ] GC(238) Concurrent Mark From Roots 59.294ms
[301.522s][info][gc,marking     ] GC(238) Concurrent Preclean
[301.522s][info][gc,marking     ] GC(238) Concurrent Preclean 0.124ms
[301.522s][info][gc,start       ] GC(238) Pause Remark
[301.525s][info][gc             ] GC(238) Pause Remark 2665M->2179M(2868M) 2.921ms
[301.525s][info][gc,cpu         ] GC(238) User=0.01s Sys=0.00s Real=0.00s
[301.525s][info][gc,marking     ] GC(238) Concurrent Mark 62.496ms
[301.525s][info][gc,marking     ] GC(238) Concurrent Rebuild Remembered Sets and Scrub Regions
[301.560s][info][gc,marking     ] GC(238) Concurrent Rebuild Remembered Sets and Scrub Regions 35.174ms
[301.560s][info][gc,start       ] GC(238) Pause Cleanup
[301.561s][info][gc             ] GC(238) Pause Cleanup 2179M->2179M(2868M) 0.304ms
[301.561s][info][gc,cpu         ] GC(238) User=0.00s Sys=0.00s Real=0.00s
[301.561s][info][gc,marking     ] GC(238) Concurrent Clear Claimed Marks
[301.561s][info][gc,marking     ] GC(238) Concurrent Clear Claimed Marks 0.217ms
[301.561s][info][gc,marking     ] GC(238) Concurrent Cleanup for Next Mark
[301.563s][info][gc,marking     ] GC(238) Concurrent Cleanup for Next Mark 2.200ms
[301.563s][info][gc             ] GC(238) Concurrent Mark Cycle 109.209ms
[302.981s][info][gc,start       ] GC(239) Pause Young (Prepare Mixed) (G1 Humongous Allocation)
[302.981s][info][gc,task        ] GC(239) Using 4 workers of 4 for evacuation
[302.985s][info][gc,phases      ] GC(239)   Pre Evacuate Collection Set: 0.19ms
[302.985s][info][gc,phases      ] GC(239)   Merge Heap Roots: 0.08ms
[302.985s][info][gc,phases      ] GC(239)   Evacuate Collection Set: 1.87ms
[302.985s][info][gc,phases      ] GC(239)   Post Evacuate Collection Set: 1.31ms
[302.985s][info][gc,phases      ] GC(239)   Other: 0.04ms
[302.985s][info][gc,heap        ] GC(239) Eden regions: 84->0(221)
[302.985s][info][gc,heap        ] GC(239) Survivor regions: 9->9(9)
[302.985s][info][gc,heap        ] GC(239) Old regions: 297->390
[302.985s][info][gc,heap        ] GC(239) Humongous regions: 1035->655
[302.985s][info][gc,metaspace   ] GC(239) Metaspace: 100184K(101184K)->100184K(101184K) NonClass: 78257K(78656K)->78257K(78656K) Class: 21926K(22528K)->21926K(22528K)
[302.985s][info][gc             ] GC(239) Pause Young (Prepare Mixed) (G1 Humongous Allocation) (Evacuation Failure: Allocation) 2846M->2104M(2868M) 3.606ms
[302.985s][info][gc,cpu         ] GC(239) User=0.01s Sys=0.00s Real=0.00s
[303.376s][info][gc,start       ] GC(240) Pause Young (Mixed) (G1 Evacuation Pause)
[303.376s][info][gc,task        ] GC(240) Using 4 workers of 4 for evacuation
[303.390s][info][gc,phases      ] GC(240)   Pre Evacuate Collection Set: 0.32ms
[303.390s][info][gc,phases      ] GC(240)   Merge Heap Roots: 0.08ms
[303.390s][info][gc,phases      ] GC(240)   Evacuate Collection Set: 8.86ms
[303.390s][info][gc,phases      ] GC(240)   Post Evacuate Collection Set: 3.93ms
[303.390s][info][gc,phases      ] GC(240)   Other: 0.07ms
[303.390s][info][gc,heap        ] GC(240) Eden regions: 221->0(71)
[303.390s][info][gc,heap        ] GC(240) Survivor regions: 9->29(29)
[303.390s][info][gc,heap        ] GC(240) Old regions: 390->594
[303.390s][info][gc,heap        ] GC(240) Humongous regions: 736->679
[303.390s][info][gc,metaspace   ] GC(240) Metaspace: 100195K(101184K)->100195K(101184K) NonClass: 78268K(78656K)->78268K(78656K) Class: 21926K(22528K)->21926K(22528K)
[303.390s][info][gc             ] GC(240) Pause Young (Mixed) (G1 Evacuation Pause) (Evacuation Failure: Allocation) 2708M->2601M(2868M) 13.381ms
[303.390s][info][gc,cpu         ] GC(240) User=0.05s Sys=0.01s Real=0.01s
[303.447s][info][gc,start       ] GC(241) Pause Young (Concurrent Start) (G1 Evacuation Pause)
[303.447s][info][gc,task        ] GC(241) Using 4 workers of 4 for evacuation
[303.460s][info][gc,phases      ] GC(241)   Pre Evacuate Collection Set: 0.50ms
[303.460s][info][gc,phases      ] GC(241)   Merge Heap Roots: 0.27ms
[303.460s][info][gc,phases      ] GC(241)   Evacuate Collection Set: 7.48ms
[303.460s][info][gc,phases      ] GC(241)   Post Evacuate Collection Set: 4.65ms
[303.460s][info][gc,phases      ] GC(241)   Other: 0.07ms
[303.460s][info][gc,heap        ] GC(241) Eden regions: 71->0(38)
[303.460s][info][gc,heap        ] GC(241) Survivor regions: 29->13(13)
[303.460s][info][gc,heap        ] GC(241) Old regions: 594->704
[303.460s][info][gc,heap        ] GC(241) Humongous regions: 679->679
[303.460s][info][gc,metaspace   ] GC(241) Metaspace: 100195K(101184K)->100195K(101184K) NonClass: 78268K(78656K)->78268K(78656K) Class: 21926K(22528K)->21926K(22528K)
[303.461s][info][gc             ] GC(241) Pause Young (Concurrent Start) (G1 Evacuation Pause) (Evacuation Failure: Allocation) 2743M->2790M(2868M) 13.073ms
[303.461s][info][gc,cpu         ] GC(241) User=0.04s Sys=0.00s Real=0.01s
[303.461s][info][gc             ] GC(242) Concurrent Mark Cycle
[303.461s][info][gc,marking     ] GC(242) Concurrent Scan Root Regions
[303.470s][info][gc,marking     ] GC(242) Concurrent Scan Root Regions 9.627ms
[303.470s][info][gc,marking     ] GC(242) Concurrent Mark
[303.470s][info][gc,marking     ] GC(242) Concurrent Mark From Roots
[303.470s][info][gc,task        ] GC(242) Using 1 workers of 1 for marking
[303.488s][info][gc,start       ] GC(243) Pause Young (Normal) (G1 Evacuation Pause)
[303.488s][info][gc,task        ] GC(243) Using 4 workers of 4 for evacuation
[303.496s][info][gc,phases      ] GC(243)   Pre Evacuate Collection Set: 0.36ms
[303.496s][info][gc,phases      ] GC(243)   Merge Heap Roots: 0.13ms
[303.496s][info][gc,phases      ] GC(243)   Evacuate Collection Set: 1.80ms
[303.496s][info][gc,phases      ] GC(243)   Post Evacuate Collection Set: 5.55ms
[303.496s][info][gc,phases      ] GC(243)   Other: 0.06ms
[303.496s][info][gc,heap        ] GC(243) Eden regions: 38->0(1)
[303.496s][info][gc,heap        ] GC(243) Survivor regions: 13->0(0)
[303.496s][info][gc,heap        ] GC(243) Old regions: 704->755
[303.496s][info][gc,heap        ] GC(243) Humongous regions: 679->679
[303.496s][info][gc,metaspace   ] GC(243) Metaspace: 100195K(101184K)->100195K(101184K) NonClass: 78268K(78656K)->78268K(78656K) Class: 21926K(22528K)->21926K(22528K)
[303.496s][info][gc             ] GC(243) Pause Young (Normal) (G1 Evacuation Pause) (Evacuation Failure: Allocation) 2866M->2866M(2868M) 8.019ms
[303.496s][info][gc,cpu         ] GC(243) User=0.02s Sys=0.00s Real=0.01s
[303.496s][info][gc,ergo        ] Attempting full compaction
[303.496s][info][gc,start       ] GC(244) Pause Full (G1 Compaction Pause)
[303.496s][info][gc,task        ] GC(244) Using 4 workers of 4 for full compaction
[303.497s][info][gc,phases,start] GC(244) Phase 1: Mark live objects
[303.514s][info][gc,phases      ] GC(244) Phase 1: Mark live objects 16.978ms
[303.514s][info][gc,phases,start] GC(244) Phase 2: Prepare compaction
[303.517s][info][gc,phases      ] GC(244) Phase 2: Prepare compaction 2.631ms
[303.517s][info][gc,phases,start] GC(244) Phase 3: Adjust pointers
[303.525s][info][gc,phases      ] GC(244) Phase 3: Adjust pointers 8.196ms
[303.525s][info][gc,phases,start] GC(244) Phase 4: Compact heap
[303.531s][info][gc,phases      ] GC(244) Phase 4: Compact heap 5.646ms
[303.531s][info][gc,phases,start] GC(244) Phase 5: Reset Metadata
[303.535s][info][gc,phases      ] GC(244) Phase 5: Reset Metadata 3.983ms
[303.537s][info][gc,heap        ] GC(244) Eden regions: 0->0(369)
[303.537s][info][gc,heap        ] GC(244) Survivor regions: 0->0(0)
[303.537s][info][gc,heap        ] GC(244) Old regions: 755->178
[303.537s][info][gc,heap        ] GC(244) Humongous regions: 679->562
[303.537s][info][gc,metaspace   ] GC(244) Metaspace: 100195K(101184K)->100195K(101184K) NonClass: 78268K(78656K)->78268K(78656K) Class: 21926K(22528K)->21926K(22528K)
[303.537s][info][gc             ] GC(244) Pause Full (G1 Compaction Pause) 2866M->1476M(2868M) 40.622ms
[303.537s][info][gc,cpu         ] GC(244) User=0.14s Sys=0.00s Real=0.04s
[303.537s][info][gc,marking     ] GC(242) Concurrent Mark From Roots 66.897ms
[303.537s][info][gc,marking     ] GC(242) Concurrent Mark Abort
[303.537s][info][gc             ] GC(242) Concurrent Mark Cycle 76.583ms
[303.602s][info][gc,start       ] GC(245) Pause Young (Concurrent Start) (G1 Humongous Allocation)
[303.603s][info][gc,task        ] GC(245) Using 4 workers of 4 for evacuation
[303.609s][info][gc,phases      ] GC(245)   Pre Evacuate Collection Set: 0.26ms
[303.609s][info][gc,phases      ] GC(245)   Merge Heap Roots: 0.08ms
[303.609s][info][gc,phases      ] GC(245)   Evacuate Collection Set: 5.70ms
[303.609s][info][gc,phases      ] GC(245)   Post Evacuate Collection Set: 0.58ms
[303.609s][info][gc,phases      ] GC(245)   Other: 0.05ms
[303.609s][info][gc,heap        ] GC(245) Eden regions: 115->0(322)
[303.609s][info][gc,heap        ] GC(245) Survivor regions: 0->47(47)
[303.609s][info][gc,heap        ] GC(245) Old regions: 178->188
[303.609s][info][gc,heap        ] GC(245) Humongous regions: 562->562
[303.609s][info][gc,metaspace   ] GC(245) Metaspace: 100195K(101184K)->100195K(101184K) NonClass: 78268K(78656K)->78268K(78656K) Class: 21926K(22528K)->21926K(22528K)
[303.609s][info][gc             ] GC(245) Pause Young (Concurrent Start) (G1 Humongous Allocation) 1705M->1590M(2868M) 6.784ms
[303.609s][info][gc,cpu         ] GC(245) User=0.02s Sys=0.00s Real=0.01s
[303.609s][info][gc             ] GC(246) Concurrent Mark Cycle
[303.609s][info][gc,marking     ] GC(246) Concurrent Scan Root Regions
[303.615s][info][gc,marking     ] GC(246) Concurrent Scan Root Regions 5.396ms
[303.615s][info][gc,marking     ] GC(246) Concurrent Mark
[303.615s][info][gc,marking     ] GC(246) Concurrent Mark From Roots
[303.615s][info][gc,task        ] GC(246) Using 1 workers of 1 for marking
[303.666s][info][gc,marking     ] GC(246) Concurrent Mark From Roots 51.700ms
[303.667s][info][gc,marking     ] GC(246) Concurrent Preclean
[303.667s][info][gc,marking     ] GC(246) Concurrent Preclean 0.182ms
[303.667s][info][gc,start       ] GC(246) Pause Remark
[303.670s][info][gc             ] GC(246) Pause Remark 1870M->1870M(2868M) 2.581ms
[303.670s][info][gc,cpu         ] GC(246) User=0.01s Sys=0.00s Real=0.00s
[303.670s][info][gc,marking     ] GC(246) Concurrent Mark 55.004ms
[303.670s][info][gc,marking     ] GC(246) Concurrent Rebuild Remembered Sets and Scrub Regions
[303.699s][info][gc,marking     ] GC(246) Concurrent Rebuild Remembered Sets and Scrub Regions 29.172ms
[303.700s][info][gc,start       ] GC(246) Pause Cleanup
[303.700s][info][gc             ] GC(246) Pause Cleanup 2176M->2176M(2868M) 0.097ms
[303.700s][info][gc,cpu         ] GC(246) User=0.00s Sys=0.00s Real=0.00s
[303.700s][info][gc,marking     ] GC(246) Concurrent Clear Claimed Marks
[303.700s][info][gc,marking     ] GC(246) Concurrent Clear Claimed Marks 0.109ms
[303.700s][info][gc,marking     ] GC(246) Concurrent Cleanup for Next Mark
[303.705s][info][gc,marking     ] GC(246) Concurrent Cleanup for Next Mark 4.762ms
[303.705s][info][gc             ] GC(246) Concurrent Mark Cycle 95.797ms
[303.768s][info][gc,start       ] GC(247) Pause Young (Prepare Mixed) (G1 Humongous Allocation)
[303.768s][info][gc,task        ] GC(247) Using 4 workers of 4 for evacuation
[303.775s][info][gc,phases      ] GC(247)   Pre Evacuate Collection Set: 0.11ms
[303.775s][info][gc,phases      ] GC(247)   Merge Heap Roots: 0.09ms
[303.775s][info][gc,phases      ] GC(247)   Evacuate Collection Set: 3.22ms
[303.775s][info][gc,phases      ] GC(247)   Post Evacuate Collection Set: 3.10ms
[303.775s][info][gc,phases      ] GC(247)   Other: 0.06ms
[303.775s][info][gc,heap        ] GC(247) Eden regions: 129->0(181)
[303.775s][info][gc,heap        ] GC(247) Survivor regions: 47->9(16)
[303.775s][info][gc,heap        ] GC(247) Old regions: 188->371
[303.775s][info][gc,heap        ] GC(247) Humongous regions: 1054->727
[303.775s][info][gc,metaspace   ] GC(247) Metaspace: 100195K(101184K)->100195K(101184K) NonClass: 78268K(78656K)->78268K(78656K) Class: 21926K(22528K)->21926K(22528K)
[303.775s][info][gc             ] GC(247) Pause Young (Prepare Mixed) (G1 Humongous Allocation) (Evacuation Failure: Allocation) 2832M->2210M(2868M) 6.696ms
[303.775s][info][gc,cpu         ] GC(247) User=0.02s Sys=0.00s Real=0.00s
[303.849s][info][gc,start       ] GC(248) Pause Young (Mixed) (G1 Humongous Allocation)
[303.849s][info][gc,task        ] GC(248) Using 4 workers of 4 for evacuation
[303.856s][info][gc,phases      ] GC(248)   Pre Evacuate Collection Set: 0.31ms
[303.856s][info][gc,phases      ] GC(248)   Merge Heap Roots: 0.11ms
[303.856s][info][gc,phases      ] GC(248)   Evacuate Collection Set: 3.10ms
[303.856s][info][gc,phases      ] GC(248)   Post Evacuate Collection Set: 3.28ms
[303.856s][info][gc,phases      ] GC(248)   Other: 0.06ms
[303.856s][info][gc,heap        ] GC(248) Eden regions: 29->0(110)
[303.856s][info][gc,heap        ] GC(248) Survivor regions: 9->7(19)
[303.856s][info][gc,heap        ] GC(248) Old regions: 371->418
[303.856s][info][gc,heap        ] GC(248) Humongous regions: 1006->817
[303.856s][info][gc,metaspace   ] GC(248) Metaspace: 100195K(101184K)->100195K(101184K) NonClass: 78268K(78656K)->78268K(78656K) Class: 21926K(22528K)->21926K(22528K)
[303.856s][info][gc             ] GC(248) Pause Young (Mixed) (G1 Humongous Allocation) (Evacuation Failure: Allocation) 2825M->2480M(2868M) 6.991ms
[303.856s][info][gc,cpu         ] GC(248) User=0.03s Sys=0.00s Real=0.01s
[303.860s][info][gc,start       ] GC(249) Pause Young (Concurrent Start) (G1 Humongous Allocation)
[303.860s][info][gc,task        ] GC(249) Using 4 workers of 4 for evacuation
[303.867s][info][gc,phases      ] GC(249)   Pre Evacuate Collection Set: 0.29ms
[303.867s][info][gc,phases      ] GC(249)   Merge Heap Roots: 0.08ms
[303.867s][info][gc,phases      ] GC(249)   Evacuate Collection Set: 5.34ms
[303.867s][info][gc,phases      ] GC(249)   Post Evacuate Collection Set: 0.68ms
[303.867s][info][gc,phases      ] GC(249)   Other: 0.08ms
[303.867s][info][gc,heap        ] GC(249) Eden regions: 2->0(189)
[303.867s][info][gc,heap        ] GC(249) Survivor regions: 7->8(15)
[303.867s][info][gc,heap        ] GC(249) Old regions: 418->297
[303.867s][info][gc,heap        ] GC(249) Humongous regions: 822->819
[303.867s][info][gc,metaspace   ] GC(249) Metaspace: 100195K(101184K)->100195K(101184K) NonClass: 78268K(78656K)->78268K(78656K) Class: 21926K(22528K)->21926K(22528K)
[303.867s][info][gc             ] GC(249) Pause Young (Concurrent Start) (G1 Humongous Allocation) 2492M->2245M(2868M) 6.540ms
[303.867s][info][gc,cpu         ] GC(249) User=0.02s Sys=0.00s Real=0.01s
[303.867s][info][gc             ] GC(250) Concurrent Mark Cycle
[303.867s][info][gc,marking     ] GC(250) Concurrent Scan Root Regions
[303.874s][info][gc,marking     ] GC(250) Concurrent Scan Root Regions 6.866ms
[303.874s][info][gc,marking     ] GC(250) Concurrent Mark
[303.874s][info][gc,marking     ] GC(250) Concurrent Mark From Roots
[303.874s][info][gc,task        ] GC(250) Using 1 workers of 1 for marking
[303.932s][info][gc,marking     ] GC(250) Concurrent Mark From Roots 58.110ms
[303.932s][info][gc,marking     ] GC(250) Concurrent Preclean
[303.932s][info][gc,marking     ] GC(250) Concurrent Preclean 0.138ms
[303.932s][info][gc,start       ] GC(250) Pause Remark
[303.935s][info][gc             ] GC(250) Pause Remark 2628M->2124M(2868M) 3.047ms
[303.935s][info][gc,cpu         ] GC(250) User=0.01s Sys=0.00s Real=0.00s
[303.935s][info][gc,marking     ] GC(250) Concurrent Mark 61.539ms
[303.935s][info][gc,marking     ] GC(250) Concurrent Rebuild Remembered Sets and Scrub Regions
[303.969s][info][gc,marking     ] GC(250) Concurrent Rebuild Remembered Sets and Scrub Regions 33.405ms
[303.969s][info][gc,start       ] GC(250) Pause Cleanup
[303.969s][info][gc             ] GC(250) Pause Cleanup 2124M->2124M(2868M) 0.089ms
[303.969s][info][gc,cpu         ] GC(250) User=0.00s Sys=0.00s Real=0.00s
[303.969s][info][gc,marking     ] GC(250) Concurrent Clear Claimed Marks
[303.969s][info][gc,marking     ] GC(250) Concurrent Clear Claimed Marks 0.106ms
[303.969s][info][gc,marking     ] GC(250) Concurrent Cleanup for Next Mark
[303.970s][info][gc,marking     ] GC(250) Concurrent Cleanup for Next Mark 1.137ms
[303.970s][info][gc             ] GC(250) Concurrent Mark Cycle 103.366ms
[305.430s][info][gc,start       ] GC(251) Pause Young (Prepare Mixed) (G1 Humongous Allocation)
[305.430s][info][gc,task        ] GC(251) Using 4 workers of 4 for evacuation
[305.434s][info][gc,phases      ] GC(251)   Pre Evacuate Collection Set: 0.11ms
[305.434s][info][gc,phases      ] GC(251)   Merge Heap Roots: 0.07ms
[305.434s][info][gc,phases      ] GC(251)   Evacuate Collection Set: 2.54ms
[305.434s][info][gc,phases      ] GC(251)   Post Evacuate Collection Set: 0.76ms
[305.434s][info][gc,phases      ] GC(251)   Other: 0.04ms
[305.434s][info][gc,heap        ] GC(251) Eden regions: 87->0(241)
[305.434s][info][gc,heap        ] GC(251) Survivor regions: 8->25(25)
[305.434s][info][gc,heap        ] GC(251) Old regions: 297->334
[305.434s][info][gc,heap        ] GC(251) Humongous regions: 1015->645
[305.434s][info][gc,metaspace   ] GC(251) Metaspace: 100195K(101184K)->100195K(101184K) NonClass: 78269K(78656K)->78269K(78656K) Class: 21926K(22528K)->21926K(22528K)
[305.434s][info][gc             ] GC(251) Pause Young (Prepare Mixed) (G1 Humongous Allocation) (Evacuation Failure: Allocation) 2810M->2006M(2868M) 3.629ms
[305.434s][info][gc,cpu         ] GC(251) User=0.01s Sys=0.00s Real=0.00s
[305.682s][info][gc,start       ] GC(252) Pause Young (Mixed) (G1 Evacuation Pause)
[305.682s][info][gc,task        ] GC(252) Using 4 workers of 4 for evacuation
[305.697s][info][gc,phases      ] GC(252)   Pre Evacuate Collection Set: 0.21ms
[305.697s][info][gc,phases      ] GC(252)   Merge Heap Roots: 0.09ms
[305.697s][info][gc,phases      ] GC(252)   Evacuate Collection Set: 10.88ms
[305.697s][info][gc,phases      ] GC(252)   Post Evacuate Collection Set: 3.35ms
[305.697s][info][gc,phases      ] GC(252)   Other: 0.05ms
[305.697s][info][gc,heap        ] GC(252) Eden regions: 241->0(71)
[305.697s][info][gc,heap        ] GC(252) Survivor regions: 25->34(34)
[305.697s][info][gc,heap        ] GC(252) Old regions: 334->604
[305.697s][info][gc,heap        ] GC(252) Humongous regions: 720->661
[305.697s][info][gc,metaspace   ] GC(252) Metaspace: 100195K(101184K)->100195K(101184K) NonClass: 78269K(78656K)->78269K(78656K) Class: 21926K(22528K)->21926K(22528K)
[305.697s][info][gc             ] GC(252) Pause Young (Mixed) (G1 Evacuation Pause) (Evacuation Failure: Allocation) 2638M->2596M(2868M) 14.690ms
[305.697s][info][gc,cpu         ] GC(252) User=0.05s Sys=0.00s Real=0.02s
[305.784s][info][gc,start       ] GC(253) Pause Young (Concurrent Start) (G1 Evacuation Pause)
[305.784s][info][gc,task        ] GC(253) Using 4 workers of 4 for evacuation
[305.794s][info][gc,phases      ] GC(253)   Pre Evacuate Collection Set: 0.44ms
[305.794s][info][gc,phases      ] GC(253)   Merge Heap Roots: 0.12ms
[305.794s][info][gc,phases      ] GC(253)   Evacuate Collection Set: 5.68ms
[305.794s][info][gc,phases      ] GC(253)   Post Evacuate Collection Set: 3.03ms
[305.794s][info][gc,phases      ] GC(253)   Other: 0.06ms
[305.794s][info][gc,heap        ] GC(253) Eden regions: 71->0(71)
[305.794s][info][gc,heap        ] GC(253) Survivor regions: 34->14(14)
[305.794s][info][gc,heap        ] GC(253) Old regions: 604->621
[305.794s][info][gc,heap        ] GC(253) Humongous regions: 661->661
[305.794s][info][gc,metaspace   ] GC(253) Metaspace: 100195K(101184K)->100195K(101184K) NonClass: 78269K(78656K)->78269K(78656K) Class: 21926K(22528K)->21926K(22528K)
[305.794s][info][gc             ] GC(253) Pause Young (Concurrent Start) (G1 Evacuation Pause) (Evacuation Failure: Allocation) 2738M->2591M(2868M) 9.430ms
[305.794s][info][gc,cpu         ] GC(253) User=0.03s Sys=0.00s Real=0.01s
[305.794s][info][gc             ] GC(254) Concurrent Mark Cycle
[305.794s][info][gc,marking     ] GC(254) Concurrent Scan Root Regions
[305.800s][info][gc,marking     ] GC(254) Concurrent Scan Root Regions 6.773ms
[305.800s][info][gc,marking     ] GC(254) Concurrent Mark
[305.800s][info][gc,marking     ] GC(254) Concurrent Mark From Roots
[305.800s][info][gc,task        ] GC(254) Using 1 workers of 1 for marking
[305.839s][info][gc,start       ] GC(255) Pause Young (Normal) (G1 Evacuation Pause)
[305.839s][info][gc,task        ] GC(255) Using 4 workers of 4 for evacuation
[305.846s][info][gc,phases      ] GC(255)   Pre Evacuate Collection Set: 0.29ms
[305.846s][info][gc,phases      ] GC(255)   Merge Heap Roots: 0.12ms
[305.846s][info][gc,phases      ] GC(255)   Evacuate Collection Set: 5.64ms
[305.846s][info][gc,phases      ] GC(255)   Post Evacuate Collection Set: 1.53ms
[305.846s][info][gc,phases      ] GC(255)   Other: 0.05ms
[305.846s][info][gc,heap        ] GC(255) Eden regions: 71->0(97)
[305.846s][info][gc,heap        ] GC(255) Survivor regions: 14->11(11)
[305.846s][info][gc,heap        ] GC(255) Old regions: 621->574
[305.846s][info][gc,heap        ] GC(255) Humongous regions: 661->661
[305.846s][info][gc,metaspace   ] GC(255) Metaspace: 100195K(101184K)->100195K(101184K) NonClass: 78269K(78656K)->78269K(78656K) Class: 21926K(22528K)->21926K(22528K)
[305.846s][info][gc             ] GC(255) Pause Young (Normal) (G1 Evacuation Pause) (Evacuation Failure: Allocation) 2733M->2491M(2868M) 7.726ms
[305.847s][info][gc,cpu         ] GC(255) User=0.02s Sys=0.00s Real=0.01s
[305.852s][info][gc,marking     ] GC(254) Concurrent Mark From Roots 51.802ms
[305.852s][info][gc,marking     ] GC(254) Concurrent Preclean
[305.852s][info][gc,marking     ] GC(254) Concurrent Preclean 0.175ms
[305.852s][info][gc,start       ] GC(254) Pause Remark
[305.855s][info][gc             ] GC(254) Pause Remark 2519M->2065M(2868M) 2.297ms
[305.855s][info][gc,cpu         ] GC(254) User=0.01s Sys=0.00s Real=0.00s
[305.855s][info][gc,marking     ] GC(254) Concurrent Mark 54.453ms
[305.855s][info][gc,marking     ] GC(254) Concurrent Rebuild Remembered Sets and Scrub Regions
[305.883s][info][gc,marking     ] GC(254) Concurrent Rebuild Remembered Sets and Scrub Regions 28.523ms
[305.883s][info][gc,start       ] GC(254) Pause Cleanup
[305.884s][info][gc             ] GC(254) Pause Cleanup 2133M->2133M(2868M) 0.089ms
[305.884s][info][gc,cpu         ] GC(254) User=0.00s Sys=0.00s Real=0.00s
[305.884s][info][gc,marking     ] GC(254) Concurrent Clear Claimed Marks
[305.884s][info][gc,marking     ] GC(254) Concurrent Clear Claimed Marks 0.112ms
[305.884s][info][gc,marking     ] GC(254) Concurrent Cleanup for Next Mark
[305.885s][info][gc,marking     ] GC(254) Concurrent Cleanup for Next Mark 1.183ms
[305.885s][info][gc             ] GC(254) Concurrent Mark Cycle 91.322ms
[305.923s][info][gc,start       ] GC(256) Pause Young (Prepare Mixed) (G1 Evacuation Pause)
[305.923s][info][gc,task        ] GC(256) Using 4 workers of 4 for evacuation
[305.929s][info][gc,phases      ] GC(256)   Pre Evacuate Collection Set: 0.16ms
[305.929s][info][gc,phases      ] GC(256)   Merge Heap Roots: 0.07ms
[305.929s][info][gc,phases      ] GC(256)   Evacuate Collection Set: 5.23ms
[305.929s][info][gc,phases      ] GC(256)   Post Evacuate Collection Set: 0.60ms
[305.929s][info][gc,phases      ] GC(256)   Other: 0.05ms
[305.929s][info][gc,heap        ] GC(256) Eden regions: 97->0(225)
[305.929s][info][gc,heap        ] GC(256) Survivor regions: 11->14(14)
[305.929s][info][gc,heap        ] GC(256) Old regions: 446->407
[305.929s][info][gc,heap        ] GC(256) Humongous regions: 568->562
[305.929s][info][gc,metaspace   ] GC(256) Metaspace: 100197K(101184K)->100197K(101184K) NonClass: 78270K(78656K)->78270K(78656K) Class: 21926K(22528K)->21926K(22528K)
[305.929s][info][gc             ] GC(256) Pause Young (Prepare Mixed) (G1 Evacuation Pause) 2243M->1965M(2868M) 6.210ms
[305.929s][info][gc,cpu         ] GC(256) User=0.02s Sys=0.01s Real=0.01s
[305.994s][info][gc,start       ] GC(257) Pause Young (Mixed) (G1 Humongous Allocation)
[305.994s][info][gc,task        ] GC(257) Using 4 workers of 4 for evacuation
[305.999s][info][gc,phases      ] GC(257)   Pre Evacuate Collection Set: 0.23ms
[305.999s][info][gc,phases      ] GC(257)   Merge Heap Roots: 0.11ms
[305.999s][info][gc,phases      ] GC(257)   Evacuate Collection Set: 3.83ms
[305.999s][info][gc,phases      ] GC(257)   Post Evacuate Collection Set: 0.58ms
[305.999s][info][gc,phases      ] GC(257)   Other: 0.05ms
[305.999s][info][gc,heap        ] GC(257) Eden regions: 74->0(194)
[305.999s][info][gc,heap        ] GC(257) Survivor regions: 14->30(30)
[305.999s][info][gc,heap        ] GC(257) Old regions: 407->379
[305.999s][info][gc,heap        ] GC(257) Humongous regions: 842->634
[305.999s][info][gc,metaspace   ] GC(257) Metaspace: 100197K(101184K)->100197K(101184K) NonClass: 78270K(78656K)->78270K(78656K) Class: 21926K(22528K)->21926K(22528K)
[305.999s][info][gc             ] GC(257) Pause Young (Mixed) (G1 Humongous Allocation) 2672M->2084M(2868M) 4.890ms
[305.999s][info][gc,cpu         ] GC(257) User=0.01s Sys=0.00s Real=0.01s
[306.001s][info][gc,start       ] GC(258) Pause Young (Concurrent Start) (G1 Humongous Allocation)
[306.001s][info][gc,task        ] GC(258) Using 4 workers of 4 for evacuation
[306.004s][info][gc,phases      ] GC(258)   Pre Evacuate Collection Set: 0.25ms
[306.004s][info][gc,phases      ] GC(258)   Merge Heap Roots: 0.06ms
[306.004s][info][gc,phases      ] GC(258)   Evacuate Collection Set: 2.15ms
[306.004s][info][gc,phases      ] GC(258)   Post Evacuate Collection Set: 0.33ms
[306.004s][info][gc,phases      ] GC(258)   Other: 0.05ms
[306.004s][info][gc,heap        ] GC(258) Eden regions: 4->0(205)
[306.004s][info][gc,heap        ] GC(258) Survivor regions: 30->2(28)
[306.004s][info][gc,heap        ] GC(258) Old regions: 379->410
[306.004s][info][gc,heap        ] GC(258) Humongous regions: 646->643
[306.004s][info][gc,metaspace   ] GC(258) Metaspace: 100197K(101184K)->100197K(101184K) NonClass: 78270K(78656K)->78270K(78656K) Class: 21926K(22528K)->21926K(22528K)
[306.004s][info][gc             ] GC(258) Pause Young (Concurrent Start) (G1 Humongous Allocation) 2115M->2108M(2868M) 2.933ms
[306.004s][info][gc             ] GC(259) Concurrent Mark Cycle
[306.004s][info][gc,marking     ] GC(259) Concurrent Scan Root Regions
[306.004s][info][gc,cpu         ] GC(258) User=0.01s Sys=0.00s Real=0.00s
[306.010s][info][gc,marking     ] GC(259) Concurrent Scan Root Regions 5.802ms
[306.010s][info][gc,marking     ] GC(259) Concurrent Mark
[306.010s][info][gc,marking     ] GC(259) Concurrent Mark From Roots
[306.010s][info][gc,task        ] GC(259) Using 1 workers of 1 for marking
[306.048s][info][gc,start       ] GC(260) Pause Young (Normal) (G1 Humongous Allocation)
[306.048s][info][gc,task        ] GC(260) Using 4 workers of 4 for evacuation
[306.050s][info][gc,phases      ] GC(260)   Pre Evacuate Collection Set: 0.12ms
[306.050s][info][gc,phases      ] GC(260)   Merge Heap Roots: 0.08ms
[306.050s][info][gc,phases      ] GC(260)   Evacuate Collection Set: 1.41ms
[306.050s][info][gc,phases      ] GC(260)   Post Evacuate Collection Set: 0.48ms
[306.050s][info][gc,phases      ] GC(260)   Other: 0.05ms
[306.050s][info][gc,heap        ] GC(260) Eden regions: 26->0(152)
[306.050s][info][gc,heap        ] GC(260) Survivor regions: 2->11(26)
[306.050s][info][gc,heap        ] GC(260) Old regions: 410->410
[306.050s][info][gc,heap        ] GC(260) Humongous regions: 928->730
[306.050s][info][gc,metaspace   ] GC(260) Metaspace: 100197K(101184K)->100197K(101184K) NonClass: 78270K(78656K)->78270K(78656K) Class: 21926K(22528K)->21926K(22528K)
[306.050s][info][gc             ] GC(260) Pause Young (Normal) (G1 Humongous Allocation) 2729M->2299M(2868M) 2.221ms
[306.050s][info][gc,cpu         ] GC(260) User=0.01s Sys=0.00s Real=0.00s
[306.072s][info][gc,marking     ] GC(259) Concurrent Mark From Roots 62.025ms
[306.072s][info][gc,marking     ] GC(259) Concurrent Preclean
[306.072s][info][gc,marking     ] GC(259) Concurrent Preclean 0.111ms
[306.072s][info][gc,start       ] GC(259) Pause Remark
[306.074s][info][gc             ] GC(259) Pause Remark 2620M->2294M(2868M) 2.440ms
[306.075s][info][gc,cpu         ] GC(259) User=0.01s Sys=0.00s Real=0.00s
[306.075s][info][gc,marking     ] GC(259) Concurrent Mark 64.713ms
[306.075s][info][gc,marking     ] GC(259) Concurrent Rebuild Remembered Sets and Scrub Regions
[306.104s][info][gc,marking     ] GC(259) Concurrent Rebuild Remembered Sets and Scrub Regions 29.011ms
[306.104s][info][gc,start       ] GC(259) Pause Cleanup
[306.104s][info][gc             ] GC(259) Pause Cleanup 2417M->2417M(2868M) 0.091ms
[306.104s][info][gc,cpu         ] GC(259) User=0.00s Sys=0.00s Real=0.00s
[306.104s][info][gc,marking     ] GC(259) Concurrent Clear Claimed Marks
[306.104s][info][gc,marking     ] GC(259) Concurrent Clear Claimed Marks 0.107ms
[306.104s][info][gc,marking     ] GC(259) Concurrent Cleanup for Next Mark
[306.105s][info][gc,marking     ] GC(259) Concurrent Cleanup for Next Mark 1.163ms
[306.105s][info][gc             ] GC(259) Concurrent Mark Cycle 101.083ms
[306.117s][info][gc,start       ] GC(261) Pause Young (Prepare Mixed) (G1 Humongous Allocation)
[306.117s][info][gc,task        ] GC(261) Using 4 workers of 4 for evacuation
[306.119s][info][gc,phases      ] GC(261)   Pre Evacuate Collection Set: 0.12ms
[306.119s][info][gc,phases      ] GC(261)   Merge Heap Roots: 0.07ms
[306.119s][info][gc,phases      ] GC(261)   Evacuate Collection Set: 1.80ms
[306.119s][info][gc,phases      ] GC(261)   Post Evacuate Collection Set: 0.42ms
[306.119s][info][gc,phases      ] GC(261)   Other: 0.05ms
[306.119s][info][gc,heap        ] GC(261) Eden regions: 25->0(178)
[306.119s][info][gc,heap        ] GC(261) Survivor regions: 11->19(21)
[306.119s][info][gc,heap        ] GC(261) Old regions: 310->310
[306.119s][info][gc,heap        ] GC(261) Humongous regions: 984->783
[306.119s][info][gc,metaspace   ] GC(261) Metaspace: 100197K(101184K)->100197K(101184K) NonClass: 78270K(78656K)->78270K(78656K) Class: 21926K(22528K)->21926K(22528K)
[306.119s][info][gc             ] GC(261) Pause Young (Prepare Mixed) (G1 Humongous Allocation) 2656M->2221M(2868M) 2.525ms
[306.120s][info][gc,cpu         ] GC(261) User=0.01s Sys=0.00s Real=0.00s
[306.944s][info][gc,start       ] GC(262) Pause Young (Mixed) (G1 Humongous Allocation)
[306.944s][info][gc,task        ] GC(262) Using 4 workers of 4 for evacuation
[306.947s][info][gc,phases      ] GC(262)   Pre Evacuate Collection Set: 0.12ms
[306.947s][info][gc,phases      ] GC(262)   Merge Heap Roots: 0.05ms
[306.947s][info][gc,phases      ] GC(262)   Evacuate Collection Set: 1.87ms
[306.947s][info][gc,phases      ] GC(262)   Post Evacuate Collection Set: 0.48ms
[306.947s][info][gc,phases      ] GC(262)   Other: 0.04ms
[306.947s][info][gc,heap        ] GC(262) Eden regions: 11->0(202)
[306.947s][info][gc,heap        ] GC(262) Survivor regions: 19->13(25)
[306.947s][info][gc,heap        ] GC(262) Old regions: 310->311
[306.947s][info][gc,heap        ] GC(262) Humongous regions: 980->745
[306.947s][info][gc,metaspace   ] GC(262) Metaspace: 100211K(101248K)->100211K(101248K) NonClass: 78283K(78720K)->78283K(78720K) Class: 21928K(22528K)->21928K(22528K)
[306.947s][info][gc             ] GC(262) Pause Young (Mixed) (G1 Humongous Allocation) 2637M->2135M(2868M) 2.664ms
[306.947s][info][gc,cpu         ] GC(262) User=0.01s Sys=0.00s Real=0.01s
[306.947s][info][gc,start       ] GC(263) Pause Young (Concurrent Start) (G1 Humongous Allocation)
[306.947s][info][gc,task        ] GC(263) Using 4 workers of 4 for evacuation
[306.949s][info][gc,phases      ] GC(263)   Pre Evacuate Collection Set: 0.13ms
[306.949s][info][gc,phases      ] GC(263)   Merge Heap Roots: 0.03ms
[306.949s][info][gc,phases      ] GC(263)   Evacuate Collection Set: 1.14ms
[306.949s][info][gc,phases      ] GC(263)   Post Evacuate Collection Set: 0.30ms
[306.949s][info][gc,phases      ] GC(263)   Other: 0.04ms
[306.949s][info][gc,heap        ] GC(263) Eden regions: 2->0(217)
[306.949s][info][gc,heap        ] GC(263) Survivor regions: 13->13(27)
[306.949s][info][gc,heap        ] GC(263) Old regions: 311->311
[306.949s][info][gc,heap        ] GC(263) Humongous regions: 748->748
[306.949s][info][gc,metaspace   ] GC(263) Metaspace: 100211K(101248K)->100211K(101248K) NonClass: 78283K(78720K)->78283K(78720K) Class: 21928K(22528K)->21928K(22528K)
[306.949s][info][gc             ] GC(263) Pause Young (Concurrent Start) (G1 Humongous Allocation) 2144M->2142M(2868M) 1.701ms
[306.949s][info][gc,cpu         ] GC(263) User=0.00s Sys=0.00s Real=0.00s
[306.949s][info][gc             ] GC(264) Concurrent Mark Cycle
[306.949s][info][gc,marking     ] GC(264) Concurrent Scan Root Regions
[306.951s][info][gc,marking     ] GC(264) Concurrent Scan Root Regions 2.288ms
[306.951s][info][gc,marking     ] GC(264) Concurrent Mark
[306.951s][info][gc,marking     ] GC(264) Concurrent Mark From Roots
[306.951s][info][gc,task        ] GC(264) Using 1 workers of 1 for marking
[306.992s][info][gc,marking     ] GC(264) Concurrent Mark From Roots 40.356ms
[306.992s][info][gc,marking     ] GC(264) Concurrent Preclean
[306.992s][info][gc,marking     ] GC(264) Concurrent Preclean 0.091ms
[306.992s][info][gc,start       ] GC(264) Pause Remark
[306.994s][info][gc             ] GC(264) Pause Remark 2217M->1636M(2868M) 2.276ms
[306.994s][info][gc,cpu         ] GC(264) User=0.01s Sys=0.00s Real=0.00s
[306.994s][info][gc,marking     ] GC(264) Concurrent Mark 42.840ms
[306.994s][info][gc,marking     ] GC(264) Concurrent Rebuild Remembered Sets and Scrub Regions
[307.015s][info][gc,marking     ] GC(264) Concurrent Rebuild Remembered Sets and Scrub Regions 20.911ms
[307.015s][info][gc,start       ] GC(264) Pause Cleanup
[307.015s][info][gc             ] GC(264) Pause Cleanup 1690M->1690M(2868M) 0.081ms
[307.015s][info][gc,cpu         ] GC(264) User=0.00s Sys=0.00s Real=0.00s
[307.015s][info][gc,marking     ] GC(264) Concurrent Clear Claimed Marks
[307.015s][info][gc,marking     ] GC(264) Concurrent Clear Claimed Marks 0.108ms
[307.015s][info][gc,marking     ] GC(264) Concurrent Cleanup for Next Mark
[307.016s][info][gc,marking     ] GC(264) Concurrent Cleanup for Next Mark 1.143ms
[307.016s][info][gc             ] GC(264) Concurrent Mark Cycle 67.506ms
[307.923s][info][gc,start       ] GC(265) Pause Young (Prepare Mixed) (G1 Evacuation Pause)
[307.923s][info][gc,task        ] GC(265) Using 4 workers of 4 for evacuation
[307.932s][info][gc,phases      ] GC(265)   Pre Evacuate Collection Set: 0.17ms
[307.932s][info][gc,phases      ] GC(265)   Merge Heap Roots: 0.07ms
[307.932s][info][gc,phases      ] GC(265)   Evacuate Collection Set: 7.74ms
[307.932s][info][gc,phases      ] GC(265)   Post Evacuate Collection Set: 0.58ms
[307.932s][info][gc,phases      ] GC(265)   Other: 0.05ms
[307.932s][info][gc,heap        ] GC(265) Eden regions: 217->0(325)
[307.932s][info][gc,heap        ] GC(265) Survivor regions: 13->29(29)
[307.932s][info][gc,heap        ] GC(265) Old regions: 203->261
[307.932s][info][gc,heap        ] GC(265) Humongous regions: 732->598
[307.932s][info][gc,metaspace   ] GC(265) Metaspace: 100211K(101248K)->100211K(101248K) NonClass: 78283K(78720K)->78283K(78720K) Class: 21928K(22528K)->21928K(22528K)
[307.932s][info][gc             ] GC(265) Pause Young (Prepare Mixed) (G1 Evacuation Pause) 2329M->1774M(2868M) 8.715ms
[307.932s][info][gc,cpu         ] GC(265) User=0.03s Sys=0.00s Real=0.01s
[308.165s][info][gc,start       ] GC(266) Pause Young (Mixed) (G1 Evacuation Pause)
[308.165s][info][gc,task        ] GC(266) Using 4 workers of 4 for evacuation
[308.182s][info][gc,phases      ] GC(266)   Pre Evacuate Collection Set: 0.16ms
[308.182s][info][gc,phases      ] GC(266)   Merge Heap Roots: 0.06ms
[308.182s][info][gc,phases      ] GC(266)   Evacuate Collection Set: 15.48ms
[308.182s][info][gc,phases      ] GC(266)   Post Evacuate Collection Set: 1.07ms
[308.182s][info][gc,phases      ] GC(266)   Other: 0.06ms
[308.182s][info][gc,heap        ] GC(266) Eden regions: 325->0(200)
[308.182s][info][gc,heap        ] GC(266) Survivor regions: 29->45(45)
[308.182s][info][gc,heap        ] GC(266) Old regions: 261->429
[308.182s][info][gc,heap        ] GC(266) Humongous regions: 630->571
[308.182s][info][gc,metaspace   ] GC(266) Metaspace: 100211K(101248K)->100211K(101248K) NonClass: 78283K(78720K)->78283K(78720K) Class: 21928K(22528K)->21928K(22528K)
[308.182s][info][gc             ] GC(266) Pause Young (Mixed) (G1 Evacuation Pause) (Evacuation Failure: Allocation) 2488M->2089M(2868M) 16.931ms
[308.182s][info][gc,cpu         ] GC(266) User=0.06s Sys=0.00s Real=0.02s
[308.194s][info][gc,start       ] GC(267) Pause Young (Concurrent Start) (G1 Humongous Allocation)
[308.194s][info][gc,task        ] GC(267) Using 4 workers of 4 for evacuation
[308.200s][info][gc,phases      ] GC(267)   Pre Evacuate Collection Set: 0.20ms
[308.200s][info][gc,phases      ] GC(267)   Merge Heap Roots: 0.07ms
[308.200s][info][gc,phases      ] GC(267)   Evacuate Collection Set: 4.34ms
[308.200s][info][gc,phases      ] GC(267)   Post Evacuate Collection Set: 0.50ms
[308.200s][info][gc,phases      ] GC(267)   Other: 0.05ms
[308.200s][info][gc,heap        ] GC(267) Eden regions: 31->0(203)
[308.200s][info][gc,heap        ] GC(267) Survivor regions: 45->16(31)
[308.200s][info][gc,heap        ] GC(267) Old regions: 429->435
[308.200s][info][gc,heap        ] GC(267) Humongous regions: 571->571
[308.200s][info][gc,metaspace   ] GC(267) Metaspace: 100211K(101248K)->100211K(101248K) NonClass: 78283K(78720K)->78283K(78720K) Class: 21928K(22528K)->21928K(22528K)
[308.200s][info][gc             ] GC(267) Pause Young (Concurrent Start) (G1 Humongous Allocation) 2151M->2042M(2868M) 5.267ms
[308.200s][info][gc,cpu         ] GC(267) User=0.02s Sys=0.00s Real=0.01s
[308.200s][info][gc             ] GC(268) Concurrent Mark Cycle
[308.200s][info][gc,marking     ] GC(268) Concurrent Scan Root Regions
[308.204s][info][gc,marking     ] GC(268) Concurrent Scan Root Regions 4.431ms
[308.204s][info][gc,marking     ] GC(268) Concurrent Mark
[308.204s][info][gc,marking     ] GC(268) Concurrent Mark From Roots
[308.204s][info][gc,task        ] GC(268) Using 1 workers of 1 for marking
[308.256s][info][gc,start       ] GC(269) Pause Young (Normal) (G1 Humongous Allocation)
[308.256s][info][gc,task        ] GC(269) Using 4 workers of 4 for evacuation
[308.259s][info][gc,phases      ] GC(269)   Pre Evacuate Collection Set: 0.13ms
[308.259s][info][gc,phases      ] GC(269)   Merge Heap Roots: 0.04ms
[308.259s][info][gc,phases      ] GC(269)   Evacuate Collection Set: 1.54ms
[308.259s][info][gc,phases      ] GC(269)   Post Evacuate Collection Set: 0.96ms
[308.259s][info][gc,phases      ] GC(269)   Other: 0.04ms
[308.259s][info][gc,heap        ] GC(269) Eden regions: 56->0(109)
[308.259s][info][gc,heap        ] GC(269) Survivor regions: 16->6(10)
[308.259s][info][gc,heap        ] GC(269) Old regions: 435->509
[308.259s][info][gc,heap        ] GC(269) Humongous regions: 917->703
[308.259s][info][gc,metaspace   ] GC(269) Metaspace: 100211K(101248K)->100211K(101248K) NonClass: 78283K(78720K)->78283K(78720K) Class: 21928K(22528K)->21928K(22528K)
[308.259s][info][gc             ] GC(269) Pause Young (Normal) (G1 Humongous Allocation) (Evacuation Failure: Allocation) 2846M->2435M(2868M) 2.809ms
[308.259s][info][gc,cpu         ] GC(269) User=0.01s Sys=0.00s Real=0.00s
[308.270s][info][gc,marking     ] GC(268) Concurrent Mark From Roots 66.239ms
[308.270s][info][gc,marking     ] GC(268) Concurrent Preclean
[308.271s][info][gc,marking     ] GC(268) Concurrent Preclean 0.108ms
[308.271s][info][gc,start       ] GC(268) Pause Remark
[308.273s][info][gc             ] GC(268) Pause Remark 2617M->2319M(2868M) 2.377ms
[308.273s][info][gc,cpu         ] GC(268) User=0.00s Sys=0.00s Real=0.00s
[308.273s][info][gc,marking     ] GC(268) Concurrent Mark 68.882ms
[308.273s][info][gc,marking     ] GC(268) Concurrent Rebuild Remembered Sets and Scrub Regions
[308.306s][info][gc,marking     ] GC(268) Concurrent Rebuild Remembered Sets and Scrub Regions 32.515ms
[308.306s][info][gc,start       ] GC(268) Pause Cleanup
[308.306s][info][gc             ] GC(268) Pause Cleanup 2551M->2551M(2868M) 0.120ms
[308.306s][info][gc,cpu         ] GC(268) User=0.00s Sys=0.00s Real=0.00s
[308.306s][info][gc,marking     ] GC(268) Concurrent Clear Claimed Marks
[308.306s][info][gc,marking     ] GC(268) Concurrent Clear Claimed Marks 0.130ms
[308.306s][info][gc,marking     ] GC(268) Concurrent Cleanup for Next Mark
[308.307s][info][gc,marking     ] GC(268) Concurrent Cleanup for Next Mark 1.307ms
[308.307s][info][gc             ] GC(268) Concurrent Mark Cycle 107.628ms
[308.314s][info][gc,start       ] GC(270) Pause Young (Prepare Mixed) (G1 Humongous Allocation)
[308.314s][info][gc,task        ] GC(270) Using 4 workers of 4 for evacuation
[308.319s][info][gc,phases      ] GC(270)   Pre Evacuate Collection Set: 0.35ms
[308.319s][info][gc,phases      ] GC(270)   Merge Heap Roots: 0.12ms
[308.319s][info][gc,phases      ] GC(270)   Evacuate Collection Set: 3.39ms
[308.319s][info][gc,phases      ] GC(270)   Post Evacuate Collection Set: 0.66ms
[308.319s][info][gc,phases      ] GC(270)   Other: 0.08ms
[308.319s][info][gc,heap        ] GC(270) Eden regions: 31->0(165)
[308.319s][info][gc,heap        ] GC(270) Survivor regions: 6->15(15)
[308.319s][info][gc,heap        ] GC(270) Old regions: 369->331
[308.319s][info][gc,heap        ] GC(270) Humongous regions: 957->782
[308.319s][info][gc,metaspace   ] GC(270) Metaspace: 100211K(101248K)->100211K(101248K) NonClass: 78283K(78720K)->78283K(78720K) Class: 21928K(22528K)->21928K(22528K)
[308.319s][info][gc             ] GC(270) Pause Young (Prepare Mixed) (G1 Humongous Allocation) 2725M->2255M(2868M) 4.707ms
[308.319s][info][gc,cpu         ] GC(270) User=0.02s Sys=0.00s Real=0.01s
[308.361s][info][gc,start       ] GC(271) Pause Young (Mixed) (G1 Humongous Allocation)
[308.361s][info][gc,task        ] GC(271) Using 4 workers of 4 for evacuation
[308.364s][info][gc,phases      ] GC(271)   Pre Evacuate Collection Set: 0.16ms
[308.364s][info][gc,phases      ] GC(271)   Merge Heap Roots: 0.09ms
[308.364s][info][gc,phases      ] GC(271)   Evacuate Collection Set: 2.06ms
[308.364s][info][gc,phases      ] GC(271)   Post Evacuate Collection Set: 0.58ms
[308.364s][info][gc,phases      ] GC(271)   Other: 0.05ms
[308.364s][info][gc,heap        ] GC(271) Eden regions: 16->0(151)
[308.364s][info][gc,heap        ] GC(271) Survivor regions: 15->15(23)
[308.364s][info][gc,heap        ] GC(271) Old regions: 331->329
[308.364s][info][gc,heap        ] GC(271) Humongous regions: 1028->810
[308.364s][info][gc,metaspace   ] GC(271) Metaspace: 100211K(101248K)->100211K(101248K) NonClass: 78283K(78720K)->78283K(78720K) Class: 21928K(22528K)->21928K(22528K)
[308.364s][info][gc             ] GC(271) Pause Young (Mixed) (G1 Humongous Allocation) 2779M->2306M(2868M) 3.032ms
[308.364s][info][gc,cpu         ] GC(271) User=0.01s Sys=0.00s Real=0.00s
[308.365s][info][gc,start       ] GC(272) Pause Young (Concurrent Start) (G1 Humongous Allocation)
[308.365s][info][gc,task        ] GC(272) Using 4 workers of 4 for evacuation
[308.367s][info][gc,phases      ] GC(272)   Pre Evacuate Collection Set: 0.23ms
[308.367s][info][gc,phases      ] GC(272)   Merge Heap Roots: 0.04ms
[308.367s][info][gc,phases      ] GC(272)   Evacuate Collection Set: 1.14ms
[308.367s][info][gc,phases      ] GC(272)   Post Evacuate Collection Set: 0.35ms
[308.367s][info][gc,phases      ] GC(272)   Other: 0.04ms
[308.367s][info][gc,heap        ] GC(272) Eden regions: 1->0(150)
[308.367s][info][gc,heap        ] GC(272) Survivor regions: 15->6(21)
[308.367s][info][gc,heap        ] GC(272) Old regions: 329->340
[308.367s][info][gc,heap        ] GC(272) Humongous regions: 819->819
[308.367s][info][gc,metaspace   ] GC(272) Metaspace: 100211K(101248K)->100211K(101248K) NonClass: 78283K(78720K)->78283K(78720K) Class: 21928K(22528K)->21928K(22528K)
[308.367s][info][gc             ] GC(272) Pause Young (Concurrent Start) (G1 Humongous Allocation) 2326M->2327M(2868M) 1.854ms
[308.367s][info][gc,cpu         ] GC(272) User=0.00s Sys=0.00s Real=0.01s
[308.367s][info][gc             ] GC(273) Concurrent Mark Cycle
[308.367s][info][gc,marking     ] GC(273) Concurrent Scan Root Regions
[308.369s][info][gc,marking     ] GC(273) Concurrent Scan Root Regions 2.513ms
[308.369s][info][gc,marking     ] GC(273) Concurrent Mark
[308.369s][info][gc,marking     ] GC(273) Concurrent Mark From Roots
[308.369s][info][gc,task        ] GC(273) Using 1 workers of 1 for marking
[308.416s][info][gc,marking     ] GC(273) Concurrent Mark From Roots 46.735ms
[308.416s][info][gc,marking     ] GC(273) Concurrent Preclean
[308.416s][info][gc,marking     ] GC(273) Concurrent Preclean 0.108ms
[308.416s][info][gc,start       ] GC(273) Pause Remark
[308.419s][info][gc             ] GC(273) Pause Remark 2516M->1906M(2868M) 3.004ms
[308.419s][info][gc,cpu         ] GC(273) User=0.01s Sys=0.00s Real=0.00s
[308.419s][info][gc,marking     ] GC(273) Concurrent Mark 50.011ms
[308.419s][info][gc,marking     ] GC(273) Concurrent Rebuild Remembered Sets and Scrub Regions
[308.443s][info][gc,marking     ] GC(273) Concurrent Rebuild Remembered Sets and Scrub Regions 23.348ms
[308.443s][info][gc,start       ] GC(273) Pause Cleanup
[308.443s][info][gc             ] GC(273) Pause Cleanup 1906M->1906M(2868M) 0.085ms
[308.443s][info][gc,cpu         ] GC(273) User=0.00s Sys=0.00s Real=0.00s
[308.443s][info][gc,marking     ] GC(273) Concurrent Clear Claimed Marks
[308.443s][info][gc,marking     ] GC(273) Concurrent Clear Claimed Marks 0.109ms
[308.443s][info][gc,marking     ] GC(273) Concurrent Cleanup for Next Mark
[308.444s][info][gc,marking     ] GC(273) Concurrent Cleanup for Next Mark 1.190ms
[308.444s][info][gc             ] GC(273) Concurrent Mark Cycle 77.501ms
[310.167s][info][gc,start       ] GC(274) Pause Young (Prepare Mixed) (G1 Humongous Allocation)
[310.167s][info][gc,task        ] GC(274) Using 4 workers of 4 for evacuation
[310.172s][info][gc,phases      ] GC(274)   Pre Evacuate Collection Set: 0.11ms
[310.172s][info][gc,phases      ] GC(274)   Merge Heap Roots: 0.06ms
[310.172s][info][gc,phases      ] GC(274)   Evacuate Collection Set: 3.81ms
[310.172s][info][gc,phases      ] GC(274)   Post Evacuate Collection Set: 0.53ms
[310.172s][info][gc,phases      ] GC(274)   Other: 0.05ms
[310.172s][info][gc,heap        ] GC(274) Eden regions: 131->0(273)
[310.172s][info][gc,heap        ] GC(274) Survivor regions: 6->20(20)
[310.172s][info][gc,heap        ] GC(274) Old regions: 278->300
[310.172s][info][gc,heap        ] GC(274) Humongous regions: 977->627
[310.172s][info][gc,metaspace   ] GC(274) Metaspace: 100244K(101248K)->100244K(101248K) NonClass: 78315K(78720K)->78315K(78720K) Class: 21928K(22528K)->21928K(22528K)
[310.172s][info][gc             ] GC(274) Pause Young (Prepare Mixed) (G1 Humongous Allocation) 2780M->1893M(2868M) 4.651ms
[310.172s][info][gc,cpu         ] GC(274) User=0.01s Sys=0.00s Real=0.00s
[310.401s][info][gc,start       ] GC(275) Pause Young (Mixed) (G1 Evacuation Pause)
[310.401s][info][gc,task        ] GC(275) Using 4 workers of 4 for evacuation
[310.415s][info][gc,phases      ] GC(275)   Pre Evacuate Collection Set: 0.12ms
[310.415s][info][gc,phases      ] GC(275)   Merge Heap Roots: 0.05ms
[310.415s][info][gc,phases      ] GC(275)   Evacuate Collection Set: 13.27ms
[310.415s][info][gc,phases      ] GC(275)   Post Evacuate Collection Set: 0.71ms
[310.415s][info][gc,phases      ] GC(275)   Other: 0.06ms
[310.415s][info][gc,heap        ] GC(275) Eden regions: 273->0(201)
[310.415s][info][gc,heap        ] GC(275) Survivor regions: 20->37(37)
[310.415s][info][gc,heap        ] GC(275) Old regions: 300->391
[310.415s][info][gc,heap        ] GC(275) Humongous regions: 676->616
[310.415s][info][gc,metaspace   ] GC(275) Metaspace: 100244K(101248K)->100244K(101248K) NonClass: 78315K(78720K)->78315K(78720K) Class: 21928K(22528K)->21928K(22528K)
[310.415s][info][gc             ] GC(275) Pause Young (Mixed) (G1 Evacuation Pause) 2537M->2087M(2868M) 14.335ms
[310.415s][info][gc,cpu         ] GC(275) User=0.06s Sys=0.00s Real=0.01s
[310.450s][info][gc,start       ] GC(276) Pause Young (Concurrent Start) (G1 Humongous Allocation)
[310.450s][info][gc,task        ] GC(276) Using 4 workers of 4 for evacuation
[310.456s][info][gc,phases      ] GC(276)   Pre Evacuate Collection Set: 0.25ms
[310.456s][info][gc,phases      ] GC(276)   Merge Heap Roots: 0.04ms
[310.456s][info][gc,phases      ] GC(276)   Evacuate Collection Set: 4.85ms
[310.456s][info][gc,phases      ] GC(276)   Post Evacuate Collection Set: 0.38ms
[310.456s][info][gc,phases      ] GC(276)   Other: 0.06ms
[310.456s][info][gc,heap        ] GC(276) Eden regions: 57->0(177)
[310.456s][info][gc,heap        ] GC(276) Survivor regions: 37->29(30)
[310.456s][info][gc,heap        ] GC(276) Old regions: 391->430
[310.456s][info][gc,heap        ] GC(276) Humongous regions: 616->616
[310.456s][info][gc,metaspace   ] GC(276) Metaspace: 100244K(101248K)->100244K(101248K) NonClass: 78315K(78720K)->78315K(78720K) Class: 21928K(22528K)->21928K(22528K)
[310.456s][info][gc             ] GC(276) Pause Young (Concurrent Start) (G1 Humongous Allocation) 2200M->2147M(2868M) 5.665ms
[310.456s][info][gc,cpu         ] GC(276) User=0.02s Sys=0.00s Real=0.01s
[310.456s][info][gc             ] GC(277) Concurrent Mark Cycle
[310.456s][info][gc,marking     ] GC(277) Concurrent Scan Root Regions
[310.462s][info][gc,marking     ] GC(277) Concurrent Scan Root Regions 5.808ms
[310.462s][info][gc,marking     ] GC(277) Concurrent Mark
[310.462s][info][gc,marking     ] GC(277) Concurrent Mark From Roots
[310.462s][info][gc,task        ] GC(277) Using 1 workers of 1 for marking
[310.514s][info][gc,marking     ] GC(277) Concurrent Mark From Roots 51.905ms
[310.514s][info][gc,marking     ] GC(277) Concurrent Preclean
[310.514s][info][gc,marking     ] GC(277) Concurrent Preclean 0.108ms
[310.514s][info][gc,start       ] GC(277) Pause Remark
[310.517s][info][gc             ] GC(277) Pause Remark 2312M->1830M(2868M) 3.510ms
[310.517s][info][gc,cpu         ] GC(277) User=0.00s Sys=0.00s Real=0.01s
[310.518s][info][gc,marking     ] GC(277) Concurrent Mark 55.670ms
[310.518s][info][gc,marking     ] GC(277) Concurrent Rebuild Remembered Sets and Scrub Regions
[310.547s][info][gc,marking     ] GC(277) Concurrent Rebuild Remembered Sets and Scrub Regions 29.027ms
[310.547s][info][gc,start       ] GC(277) Pause Cleanup
[310.547s][info][gc             ] GC(277) Pause Cleanup 1922M->1922M(2868M) 0.084ms
[310.547s][info][gc,cpu         ] GC(277) User=0.00s Sys=0.00s Real=0.00s
[310.547s][info][gc,marking     ] GC(277) Concurrent Clear Claimed Marks
[310.547s][info][gc,marking     ] GC(277) Concurrent Clear Claimed Marks 0.118ms
[310.547s][info][gc,marking     ] GC(277) Concurrent Cleanup for Next Mark
[310.548s][info][gc,marking     ] GC(277) Concurrent Cleanup for Next Mark 1.151ms
[310.548s][info][gc             ] GC(277) Concurrent Mark Cycle 92.400ms
[310.599s][info][gc,start       ] GC(278) Pause Young (Prepare Mixed) (G1 Humongous Allocation)
[310.599s][info][gc,task        ] GC(278) Using 4 workers of 4 for evacuation
[310.607s][info][gc,phases      ] GC(278)   Pre Evacuate Collection Set: 0.14ms
[310.607s][info][gc,phases      ] GC(278)   Merge Heap Roots: 0.07ms
[310.607s][info][gc,phases      ] GC(278)   Evacuate Collection Set: 5.49ms
[310.607s][info][gc,phases      ] GC(278)   Post Evacuate Collection Set: 2.25ms
[310.607s][info][gc,phases      ] GC(278)   Other: 0.05ms
[310.607s][info][gc,heap        ] GC(278) Eden regions: 162->0(132)
[310.607s][info][gc,heap        ] GC(278) Survivor regions: 29->26(26)
[310.607s][info][gc,heap        ] GC(278) Old regions: 243->459
[310.607s][info][gc,heap        ] GC(278) Humongous regions: 943->693
[310.607s][info][gc,metaspace   ] GC(278) Metaspace: 100244K(101248K)->100244K(101248K) NonClass: 78315K(78720K)->78315K(78720K) Class: 21928K(22528K)->21928K(22528K)
[310.607s][info][gc             ] GC(278) Pause Young (Prepare Mixed) (G1 Humongous Allocation) (Evacuation Failure: Allocation) 2750M->2354M(2868M) 8.086ms
[310.607s][info][gc,cpu         ] GC(278) User=0.03s Sys=0.00s Real=0.01s
[310.611s][info][gc,start       ] GC(279) Pause Young (Mixed) (G1 Humongous Allocation)
[310.611s][info][gc,task        ] GC(279) Using 4 workers of 4 for evacuation
[310.618s][info][gc,phases      ] GC(279)   Pre Evacuate Collection Set: 0.16ms
[310.618s][info][gc,phases      ] GC(279)   Merge Heap Roots: 0.07ms
[310.618s][info][gc,phases      ] GC(279)   Evacuate Collection Set: 5.73ms
[310.618s][info][gc,phases      ] GC(279)   Post Evacuate Collection Set: 0.56ms
[310.618s][info][gc,phases      ] GC(279)   Other: 0.05ms
[310.618s][info][gc,heap        ] GC(279) Eden regions: 9->0(216)
[310.618s][info][gc,heap        ] GC(279) Survivor regions: 26->3(20)
[310.618s][info][gc,heap        ] GC(279) Old regions: 459->337
[310.618s][info][gc,heap        ] GC(279) Humongous regions: 747->679
[310.618s][info][gc,metaspace   ] GC(279) Metaspace: 100244K(101248K)->100244K(101248K) NonClass: 78315K(78720K)->78315K(78720K) Class: 21928K(22528K)->21928K(22528K)
[310.618s][info][gc             ] GC(279) Pause Young (Mixed) (G1 Humongous Allocation) 2479M->2037M(2868M) 6.660ms
[310.618s][info][gc,cpu         ] GC(279) User=0.02s Sys=0.01s Real=0.01s
[310.619s][info][gc,start       ] GC(280) Pause Young (Concurrent Start) (G1 Humongous Allocation)
[310.619s][info][gc,task        ] GC(280) Using 4 workers of 4 for evacuation
[310.621s][info][gc,phases      ] GC(280)   Pre Evacuate Collection Set: 0.30ms
[310.621s][info][gc,phases      ] GC(280)   Merge Heap Roots: 0.07ms
[310.621s][info][gc,phases      ] GC(280)   Evacuate Collection Set: 0.79ms
[310.621s][info][gc,phases      ] GC(280)   Post Evacuate Collection Set: 0.31ms
[310.621s][info][gc,phases      ] GC(280)   Other: 0.05ms
[310.621s][info][gc,heap        ] GC(280) Eden regions: 2->0(235)
[310.621s][info][gc,heap        ] GC(280) Survivor regions: 3->3(28)
[310.621s][info][gc,heap        ] GC(280) Old regions: 337->337
[310.621s][info][gc,heap        ] GC(280) Humongous regions: 688->685
[310.621s][info][gc,metaspace   ] GC(280) Metaspace: 100244K(101248K)->100244K(101248K) NonClass: 78315K(78720K)->78315K(78720K) Class: 21928K(22528K)->21928K(22528K)
[310.621s][info][gc             ] GC(280) Pause Young (Concurrent Start) (G1 Humongous Allocation) 2059M->2049M(2868M) 1.597ms
[310.621s][info][gc,cpu         ] GC(280) User=0.00s Sys=0.00s Real=0.00s
[310.621s][info][gc             ] GC(281) Concurrent Mark Cycle
[310.621s][info][gc,marking     ] GC(281) Concurrent Scan Root Regions
[310.622s][info][gc,marking     ] GC(281) Concurrent Scan Root Regions 1.033ms
[310.622s][info][gc,marking     ] GC(281) Concurrent Mark
[310.622s][info][gc,marking     ] GC(281) Concurrent Mark From Roots
[310.622s][info][gc,task        ] GC(281) Using 1 workers of 1 for marking
[310.669s][info][gc,marking     ] GC(281) Concurrent Mark From Roots 47.055ms
[310.669s][info][gc,marking     ] GC(281) Concurrent Preclean
[310.669s][info][gc,marking     ] GC(281) Concurrent Preclean 0.100ms
[310.669s][info][gc,start       ] GC(281) Pause Remark
[310.671s][info][gc             ] GC(281) Pause Remark 2263M->1903M(2868M) 2.435ms
[310.671s][info][gc,cpu         ] GC(281) User=0.01s Sys=0.00s Real=0.00s
[310.671s][info][gc,marking     ] GC(281) Concurrent Mark 49.742ms
[310.671s][info][gc,marking     ] GC(281) Concurrent Rebuild Remembered Sets and Scrub Regions
[310.700s][info][gc,marking     ] GC(281) Concurrent Rebuild Remembered Sets and Scrub Regions 28.506ms
[310.700s][info][gc,start       ] GC(281) Pause Cleanup
[310.700s][info][gc             ] GC(281) Pause Cleanup 2353M->2353M(2868M) 0.106ms
[310.700s][info][gc,cpu         ] GC(281) User=0.00s Sys=0.00s Real=0.00s
[310.700s][info][gc,marking     ] GC(281) Concurrent Clear Claimed Marks
[310.701s][info][gc,marking     ] GC(281) Concurrent Clear Claimed Marks 0.213ms
[310.701s][info][gc,marking     ] GC(281) Concurrent Cleanup for Next Mark
[310.703s][info][gc,marking     ] GC(281) Concurrent Cleanup for Next Mark 2.547ms
[310.703s][info][gc             ] GC(281) Concurrent Mark Cycle 82.628ms
[310.718s][info][gc,start       ] GC(282) Pause Young (Prepare Mixed) (G1 Humongous Allocation)
[310.718s][info][gc,task        ] GC(282) Using 4 workers of 4 for evacuation
[310.722s][info][gc,phases      ] GC(282)   Pre Evacuate Collection Set: 0.17ms
[310.722s][info][gc,phases      ] GC(282)   Merge Heap Roots: 0.08ms
[310.722s][info][gc,phases      ] GC(282)   Evacuate Collection Set: 2.50ms
[310.722s][info][gc,phases      ] GC(282)   Post Evacuate Collection Set: 0.69ms
[310.722s][info][gc,phases      ] GC(282)   Other: 0.05ms
[310.722s][info][gc,heap        ] GC(282) Eden regions: 61->0(241)
[310.722s][info][gc,heap        ] GC(282) Survivor regions: 3->27(30)
[310.722s][info][gc,heap        ] GC(282) Old regions: 247->247
[310.722s][info][gc,heap        ] GC(282) Humongous regions: 1076->738
[310.722s][info][gc,metaspace   ] GC(282) Metaspace: 100244K(101248K)->100244K(101248K) NonClass: 78315K(78720K)->78315K(78720K) Class: 21928K(22528K)->21928K(22528K)
[310.722s][info][gc             ] GC(282) Pause Young (Prepare Mixed) (G1 Humongous Allocation) 2772M->2023M(2868M) 3.603ms
[310.722s][info][gc,cpu         ] GC(282) User=0.01s Sys=0.00s Real=0.00s
[312.207s][info][gc,start       ] GC(283) Pause Young (Mixed) (G1 Humongous Allocation)
[312.207s][info][gc,task        ] GC(283) Using 4 workers of 4 for evacuation
[312.212s][info][gc,phases      ] GC(283)   Pre Evacuate Collection Set: 0.24ms
[312.212s][info][gc,phases      ] GC(283)   Merge Heap Roots: 0.08ms
[312.212s][info][gc,phases      ] GC(283)   Evacuate Collection Set: 4.24ms
[312.212s][info][gc,phases      ] GC(283)   Post Evacuate Collection Set: 0.56ms
[312.212s][info][gc,phases      ] GC(283)   Other: 0.05ms
[312.212s][info][gc,heap        ] GC(283) Eden regions: 74->0(270)
[312.212s][info][gc,heap        ] GC(283) Survivor regions: 27->27(34)
[312.212s][info][gc,heap        ] GC(283) Old regions: 247->253
[312.212s][info][gc,heap        ] GC(283) Humongous regions: 1012->681
[312.212s][info][gc,metaspace   ] GC(283) Metaspace: 100245K(101248K)->100245K(101248K) NonClass: 78316K(78720K)->78316K(78720K) Class: 21928K(22528K)->21928K(22528K)
[312.212s][info][gc             ] GC(283) Pause Young (Mixed) (G1 Humongous Allocation) 2718M->1921M(2868M) 5.268ms
[312.212s][info][gc,cpu         ] GC(283) User=0.01s Sys=0.00s Real=0.00s
[312.213s][info][gc,start       ] GC(284) Pause Young (Concurrent Start) (G1 Humongous Allocation)
[312.213s][info][gc,task        ] GC(284) Using 4 workers of 4 for evacuation
[312.216s][info][gc,phases      ] GC(284)   Pre Evacuate Collection Set: 0.31ms
[312.216s][info][gc,phases      ] GC(284)   Merge Heap Roots: 0.05ms
[312.216s][info][gc,phases      ] GC(284)   Evacuate Collection Set: 2.15ms
[312.216s][info][gc,phases      ] GC(284)   Post Evacuate Collection Set: 0.52ms
[312.216s][info][gc,phases      ] GC(284)   Other: 0.08ms
[312.216s][info][gc,heap        ] GC(284) Eden regions: 2->0(288)
[312.216s][info][gc,heap        ] GC(284) Survivor regions: 27->2(38)
[312.216s][info][gc,heap        ] GC(284) Old regions: 253->280
[312.216s][info][gc,heap        ] GC(284) Humongous regions: 684->682
[312.216s][info][gc,metaspace   ] GC(284) Metaspace: 100245K(101248K)->100245K(101248K) NonClass: 78316K(78720K)->78316K(78720K) Class: 21928K(22528K)->21928K(22528K)
[312.216s][info][gc             ] GC(284) Pause Young (Concurrent Start) (G1 Humongous Allocation) 1929M->1926M(2868M) 3.210ms
[312.216s][info][gc,cpu         ] GC(284) User=0.01s Sys=0.00s Real=0.01s
[312.216s][info][gc             ] GC(285) Concurrent Mark Cycle
[312.216s][info][gc,marking     ] GC(285) Concurrent Scan Root Regions
[312.219s][info][gc,marking     ] GC(285) Concurrent Scan Root Regions 3.028ms
[312.219s][info][gc,marking     ] GC(285) Concurrent Mark
[312.219s][info][gc,marking     ] GC(285) Concurrent Mark From Roots
[312.219s][info][gc,task        ] GC(285) Using 1 workers of 1 for marking
[312.265s][info][gc,marking     ] GC(285) Concurrent Mark From Roots 45.475ms
[312.265s][info][gc,marking     ] GC(285) Concurrent Preclean
[312.265s][info][gc,marking     ] GC(285) Concurrent Preclean 0.081ms
[312.265s][info][gc,start       ] GC(285) Pause Remark
[312.267s][info][gc             ] GC(285) Pause Remark 1973M->1327M(2868M) 1.967ms
[312.267s][info][gc,cpu         ] GC(285) User=0.00s Sys=0.01s Real=0.01s
[312.267s][info][gc,marking     ] GC(285) Concurrent Mark 47.639ms
[312.267s][info][gc,marking     ] GC(285) Concurrent Rebuild Remembered Sets and Scrub Regions
[312.283s][info][gc,marking     ] GC(285) Concurrent Rebuild Remembered Sets and Scrub Regions 15.908ms
[312.283s][info][gc,start       ] GC(285) Pause Cleanup
[312.283s][info][gc             ] GC(285) Pause Cleanup 1328M->1328M(2868M) 0.064ms
[312.283s][info][gc,cpu         ] GC(285) User=0.00s Sys=0.00s Real=0.00s
[312.283s][info][gc,marking     ] GC(285) Concurrent Clear Claimed Marks
[312.283s][info][gc,marking     ] GC(285) Concurrent Clear Claimed Marks 0.094ms
[312.283s][info][gc,marking     ] GC(285) Concurrent Cleanup for Next Mark
[312.284s][info][gc,marking     ] GC(285) Concurrent Cleanup for Next Mark 1.069ms
[312.284s][info][gc             ] GC(285) Concurrent Mark Cycle 67.972ms
[312.802s][info][gc,start       ] GC(286) Pause Young (Prepare Mixed) (G1 Evacuation Pause)
[312.802s][info][gc,task        ] GC(286) Using 4 workers of 4 for evacuation
[312.815s][info][gc,phases      ] GC(286)   Pre Evacuate Collection Set: 0.12ms
[312.815s][info][gc,phases      ] GC(286)   Merge Heap Roots: 0.10ms
[312.815s][info][gc,phases      ] GC(286)   Evacuate Collection Set: 12.36ms
[312.815s][info][gc,phases      ] GC(286)   Post Evacuate Collection Set: 0.55ms
[312.815s][info][gc,phases      ] GC(286)   Other: 0.06ms
[312.815s][info][gc,heap        ] GC(286) Eden regions: 288->0(341)
[312.815s][info][gc,heap        ] GC(286) Survivor regions: 2->37(37)
[312.815s][info][gc,heap        ] GC(286) Old regions: 74->180
[312.815s][info][gc,heap        ] GC(286) Humongous regions: 663->598
[312.815s][info][gc,metaspace   ] GC(286) Metaspace: 100266K(101248K)->100266K(101248K) NonClass: 78337K(78720K)->78337K(78720K) Class: 21928K(22528K)->21928K(22528K)
[312.815s][info][gc             ] GC(286) Pause Young (Prepare Mixed) (G1 Evacuation Pause) 2052M->1629M(2868M) 13.307ms
[312.815s][info][gc,cpu         ] GC(286) User=0.05s Sys=0.00s Real=0.01s
[313.022s][info][gc,start       ] GC(287) Pause Young (Mixed) (G1 Humongous Allocation)
[313.022s][info][gc,task        ] GC(287) Using 4 workers of 4 for evacuation
[313.032s][info][gc,phases      ] GC(287)   Pre Evacuate Collection Set: 0.11ms
[313.032s][info][gc,phases      ] GC(287)   Merge Heap Roots: 0.05ms
[313.032s][info][gc,phases      ] GC(287)   Evacuate Collection Set: 4.90ms
[313.032s][info][gc,phases      ] GC(287)   Post Evacuate Collection Set: 4.68ms
[313.032s][info][gc,phases      ] GC(287)   Other: 0.05ms
[313.032s][info][gc,heap        ] GC(287) Eden regions: 246->0(133)
[313.032s][info][gc,heap        ] GC(287) Survivor regions: 37->22(34)
[313.032s][info][gc,heap        ] GC(287) Old regions: 180->470
[313.032s][info][gc,heap        ] GC(287) Humongous regions: 937->711
[313.032s][info][gc,metaspace   ] GC(287) Metaspace: 100266K(101248K)->100266K(101248K) NonClass: 78337K(78720K)->78337K(78720K) Class: 21928K(22528K)->21928K(22528K)
[313.032s][info][gc             ] GC(287) Pause Young (Mixed) (G1 Humongous Allocation) (Evacuation Failure: Allocation) 2799M->2405M(2868M) 9.886ms
[313.032s][info][gc,cpu         ] GC(287) User=0.04s Sys=0.01s Real=0.01s
[313.033s][info][gc,start       ] GC(288) Pause Young (Concurrent Start) (G1 Humongous Allocation)
[313.033s][info][gc,task        ] GC(288) Using 4 workers of 4 for evacuation
[313.044s][info][gc,phases      ] GC(288)   Pre Evacuate Collection Set: 0.25ms
[313.044s][info][gc,phases      ] GC(288)   Merge Heap Roots: 0.06ms
[313.044s][info][gc,phases      ] GC(288)   Evacuate Collection Set: 10.09ms
[313.044s][info][gc,phases      ] GC(288)   Post Evacuate Collection Set: 0.61ms
[313.044s][info][gc,phases      ] GC(288)   Other: 0.05ms
[313.044s][info][gc,heap        ] GC(288) Eden regions: 1->0(238)
[313.044s][info][gc,heap        ] GC(288) Survivor regions: 22->2(20)
[313.044s][info][gc,heap        ] GC(288) Old regions: 470->332
[313.044s][info][gc,heap        ] GC(288) Humongous regions: 726->726
[313.044s][info][gc,metaspace   ] GC(288) Metaspace: 100266K(101248K)->100266K(101248K) NonClass: 78337K(78720K)->78337K(78720K) Class: 21928K(22528K)->21928K(22528K)
[313.044s][info][gc             ] GC(288) Pause Young (Concurrent Start) (G1 Humongous Allocation) 2437M->2118M(2868M) 11.147ms
[313.044s][info][gc,cpu         ] GC(288) User=0.04s Sys=0.00s Real=0.01s
[313.044s][info][gc             ] GC(289) Concurrent Mark Cycle
[313.044s][info][gc,marking     ] GC(289) Concurrent Scan Root Regions
[313.058s][info][gc,marking     ] GC(289) Concurrent Scan Root Regions 14.062ms
[313.058s][info][gc,marking     ] GC(289) Concurrent Mark
[313.058s][info][gc,marking     ] GC(289) Concurrent Mark From Roots
[313.058s][info][gc,task        ] GC(289) Using 1 workers of 1 for marking
[313.104s][info][gc,marking     ] GC(289) Concurrent Mark From Roots 45.960ms
[313.104s][info][gc,marking     ] GC(289) Concurrent Preclean
[313.104s][info][gc,marking     ] GC(289) Concurrent Preclean 0.091ms
[313.104s][info][gc,start       ] GC(289) Pause Remark
[313.107s][info][gc             ] GC(289) Pause Remark 2562M->2282M(2868M) 2.914ms
[313.107s][info][gc,cpu         ] GC(289) User=0.00s Sys=0.00s Real=0.01s
[313.108s][info][gc,marking     ] GC(289) Concurrent Mark 49.233ms
[313.108s][info][gc,marking     ] GC(289) Concurrent Rebuild Remembered Sets and Scrub Regions
[313.138s][info][gc,marking     ] GC(289) Concurrent Rebuild Remembered Sets and Scrub Regions 29.964ms
[313.138s][info][gc,start       ] GC(289) Pause Cleanup
[313.138s][info][gc             ] GC(289) Pause Cleanup 2372M->2372M(2868M) 0.089ms
[313.138s][info][gc,cpu         ] GC(289) User=0.00s Sys=0.00s Real=0.00s
[313.138s][info][gc,marking     ] GC(289) Concurrent Clear Claimed Marks
[313.138s][info][gc,marking     ] GC(289) Concurrent Clear Claimed Marks 0.106ms
[313.138s][info][gc,marking     ] GC(289) Concurrent Cleanup for Next Mark
[313.139s][info][gc,marking     ] GC(289) Concurrent Cleanup for Next Mark 1.168ms
[313.139s][info][gc             ] GC(289) Concurrent Mark Cycle 94.835ms
[313.178s][info][gc,start       ] GC(290) Pause Young (Prepare Mixed) (G1 Humongous Allocation)
[313.178s][info][gc,task        ] GC(290) Using 4 workers of 4 for evacuation
[313.181s][info][gc,phases      ] GC(290)   Pre Evacuate Collection Set: 0.10ms
[313.181s][info][gc,phases      ] GC(290)   Merge Heap Roots: 0.06ms
[313.181s][info][gc,phases      ] GC(290)   Evacuate Collection Set: 1.33ms
[313.181s][info][gc,phases      ] GC(290)   Post Evacuate Collection Set: 1.31ms
[313.181s][info][gc,phases      ] GC(290)   Other: 0.04ms
[313.181s][info][gc,heap        ] GC(290) Eden regions: 77->0(186)
[313.181s][info][gc,heap        ] GC(290) Survivor regions: 2->6(6)
[313.181s][info][gc,heap        ] GC(290) Old regions: 327->401
[313.181s][info][gc,heap        ] GC(290) Humongous regions: 1022->736
[313.181s][info][gc,metaspace   ] GC(290) Metaspace: 100267K(101248K)->100267K(101248K) NonClass: 78338K(78720K)->78338K(78720K) Class: 21928K(22528K)->21928K(22528K)
[313.181s][info][gc             ] GC(290) Pause Young (Prepare Mixed) (G1 Humongous Allocation) (Evacuation Failure: Allocation) 2853M->2285M(2868M) 2.936ms
[313.181s][info][gc,cpu         ] GC(290) User=0.01s Sys=0.00s Real=0.00s
[313.886s][info][gc,start       ] GC(291) Pause Young (Mixed) (G1 Humongous Allocation)
[313.887s][info][gc,task        ] GC(291) Using 4 workers of 4 for evacuation
[313.890s][info][gc,phases      ] GC(291)   Pre Evacuate Collection Set: 0.16ms
[313.890s][info][gc,phases      ] GC(291)   Merge Heap Roots: 0.06ms
[313.890s][info][gc,phases      ] GC(291)   Evacuate Collection Set: 2.43ms
[313.890s][info][gc,phases      ] GC(291)   Post Evacuate Collection Set: 1.10ms
[313.890s][info][gc,phases      ] GC(291)   Other: 0.04ms
[313.890s][info][gc,heap        ] GC(291) Eden regions: 16->0(148)
[313.890s][info][gc,heap        ] GC(291) Survivor regions: 6->8(23)
[313.890s][info][gc,heap        ] GC(291) Old regions: 401->419
[313.890s][info][gc,heap        ] GC(291) Humongous regions: 988->775
[313.890s][info][gc,metaspace   ] GC(291) Metaspace: 100288K(101248K)->100288K(101248K) NonClass: 78359K(78720K)->78359K(78720K) Class: 21928K(22528K)->21928K(22528K)
[313.890s][info][gc             ] GC(291) Pause Young (Mixed) (G1 Humongous Allocation) (Evacuation Failure: Allocation) 2821M->2403M(2868M) 3.894ms
[313.890s][info][gc,cpu         ] GC(291) User=0.01s Sys=0.00s Real=0.00s
[313.891s][info][gc,start       ] GC(292) Pause Young (Concurrent Start) (G1 Humongous Allocation)
[313.891s][info][gc,task        ] GC(292) Using 4 workers of 4 for evacuation
[313.893s][info][gc,phases      ] GC(292)   Pre Evacuate Collection Set: 0.17ms
[313.893s][info][gc,phases      ] GC(292)   Merge Heap Roots: 0.04ms
[313.893s][info][gc,phases      ] GC(292)   Evacuate Collection Set: 1.83ms
[313.893s][info][gc,phases      ] GC(292)   Post Evacuate Collection Set: 0.37ms
[313.893s][info][gc,phases      ] GC(292)   Other: 0.04ms
[313.893s][info][gc,heap        ] GC(292) Eden regions: 2->0(203)
[313.893s][info][gc,heap        ] GC(292) Survivor regions: 8->9(20)
[313.893s][info][gc,heap        ] GC(292) Old regions: 419->352
[313.893s][info][gc,heap        ] GC(292) Humongous regions: 778->778
[313.893s][info][gc,metaspace   ] GC(292) Metaspace: 100288K(101248K)->100288K(101248K) NonClass: 78359K(78720K)->78359K(78720K) Class: 21928K(22528K)->21928K(22528K)
[313.893s][info][gc             ] GC(292) Pause Young (Concurrent Start) (G1 Humongous Allocation) 2412M->2276M(2868M) 2.505ms
[313.893s][info][gc,cpu         ] GC(292) User=0.01s Sys=0.00s Real=0.00s
[313.893s][info][gc             ] GC(293) Concurrent Mark Cycle
[313.894s][info][gc,marking     ] GC(293) Concurrent Scan Root Regions
[313.896s][info][gc,marking     ] GC(293) Concurrent Scan Root Regions 2.913ms
[313.896s][info][gc,marking     ] GC(293) Concurrent Mark
[313.896s][info][gc,marking     ] GC(293) Concurrent Mark From Roots
[313.896s][info][gc,task        ] GC(293) Using 1 workers of 1 for marking
[313.939s][info][gc,marking     ] GC(293) Concurrent Mark From Roots 42.155ms
[313.939s][info][gc,marking     ] GC(293) Concurrent Preclean
[313.939s][info][gc,marking     ] GC(293) Concurrent Preclean 0.113ms
[313.939s][info][gc,start       ] GC(293) Pause Remark
[313.941s][info][gc             ] GC(293) Pause Remark 2338M->1718M(2868M) 2.251ms
[313.941s][info][gc,cpu         ] GC(293) User=0.01s Sys=0.00s Real=0.00s
[313.941s][info][gc,marking     ] GC(293) Concurrent Mark 44.885ms
[313.941s][info][gc,marking     ] GC(293) Concurrent Rebuild Remembered Sets and Scrub Regions
[313.962s][info][gc,marking     ] GC(293) Concurrent Rebuild Remembered Sets and Scrub Regions 20.783ms
[313.962s][info][gc,start       ] GC(293) Pause Cleanup
[313.962s][info][gc             ] GC(293) Pause Cleanup 1733M->1733M(2868M) 0.071ms
[313.962s][info][gc,cpu         ] GC(293) User=0.00s Sys=0.00s Real=0.00s
[313.962s][info][gc,marking     ] GC(293) Concurrent Clear Claimed Marks
[313.962s][info][gc,marking     ] GC(293) Concurrent Clear Claimed Marks 0.103ms
[313.962s][info][gc,marking     ] GC(293) Concurrent Cleanup for Next Mark
[313.963s][info][gc,marking     ] GC(293) Concurrent Cleanup for Next Mark 1.114ms
[313.964s][info][gc             ] GC(293) Concurrent Mark Cycle 70.013ms
[315.048s][info][gc,start       ] GC(294) Pause Young (Prepare Mixed) (G1 Evacuation Pause)
[315.048s][info][gc,task        ] GC(294) Using 4 workers of 4 for evacuation
[315.055s][info][gc,phases      ] GC(294)   Pre Evacuate Collection Set: 0.16ms
[315.055s][info][gc,phases      ] GC(294)   Merge Heap Roots: 0.06ms
[315.055s][info][gc,phases      ] GC(294)   Evacuate Collection Set: 5.71ms
[315.055s][info][gc,phases      ] GC(294)   Post Evacuate Collection Set: 0.56ms
[315.055s][info][gc,phases      ] GC(294)   Other: 0.05ms
[315.055s][info][gc,heap        ] GC(294) Eden regions: 203->0(336)
[315.055s][info][gc,heap        ] GC(294) Survivor regions: 9->27(27)
[315.055s][info][gc,heap        ] GC(294) Old regions: 255->293
[315.055s][info][gc,heap        ] GC(294) Humongous regions: 824->607
[315.055s][info][gc,metaspace   ] GC(294) Metaspace: 100295K(101248K)->100295K(101248K) NonClass: 78366K(78720K)->78366K(78720K) Class: 21928K(22528K)->21928K(22528K)
[315.055s][info][gc             ] GC(294) Pause Young (Prepare Mixed) (G1 Evacuation Pause) 2580M->1853M(2868M) 6.653ms
[315.055s][info][gc,cpu         ] GC(294) User=0.02s Sys=0.00s Real=0.00s
[315.310s][info][gc,start       ] GC(295) Pause Young (Mixed) (G1 Evacuation Pause)
[315.310s][info][gc,task        ] GC(295) Using 4 workers of 4 for evacuation
[315.330s][info][gc,phases      ] GC(295)   Pre Evacuate Collection Set: 0.12ms
[315.330s][info][gc,phases      ] GC(295)   Merge Heap Roots: 0.06ms
[315.330s][info][gc,phases      ] GC(295)   Evacuate Collection Set: 14.17ms
[315.330s][info][gc,phases      ] GC(295)   Post Evacuate Collection Set: 4.82ms
[315.330s][info][gc,phases      ] GC(295)   Other: 0.05ms
[315.330s][info][gc,heap        ] GC(295) Eden regions: 336->0(31)
[315.330s][info][gc,heap        ] GC(295) Survivor regions: 27->46(46)
[315.330s][info][gc,heap        ] GC(295) Old regions: 293->742
[315.330s][info][gc,heap        ] GC(295) Humongous regions: 619->589
[315.330s][info][gc,metaspace   ] GC(295) Metaspace: 100295K(101248K)->100295K(101248K) NonClass: 78366K(78720K)->78366K(78720K) Class: 21928K(22528K)->21928K(22528K)
[315.330s][info][gc             ] GC(295) Pause Young (Mixed) (G1 Evacuation Pause) (Evacuation Failure: Allocation) 2549M->2753M(2868M) 19.323ms
[315.330s][info][gc,cpu         ] GC(295) User=0.07s Sys=0.00s Real=0.02s
[315.336s][info][gc,start       ] GC(296) Pause Young (Concurrent Start) (G1 Humongous Allocation)
[315.336s][info][gc,task        ] GC(296) Using 4 workers of 4 for evacuation
[315.345s][info][gc,phases      ] GC(296)   Pre Evacuate Collection Set: 0.42ms
[315.345s][info][gc,phases      ] GC(296)   Merge Heap Roots: 0.12ms
[315.345s][info][gc,phases      ] GC(296)   Evacuate Collection Set: 3.66ms
[315.345s][info][gc,phases      ] GC(296)   Post Evacuate Collection Set: 4.67ms
[315.345s][info][gc,phases      ] GC(296)   Other: 0.06ms
[315.345s][info][gc,heap        ] GC(296) Eden regions: 23->0(46)
[315.345s][info][gc,heap        ] GC(296) Survivor regions: 46->4(10)
[315.345s][info][gc,heap        ] GC(296) Old regions: 742->795
[315.345s][info][gc,heap        ] GC(296) Humongous regions: 589->589
[315.345s][info][gc,metaspace   ] GC(296) Metaspace: 100295K(101248K)->100295K(101248K) NonClass: 78366K(78720K)->78366K(78720K) Class: 21928K(22528K)->21928K(22528K)
[315.345s][info][gc             ] GC(296) Pause Young (Concurrent Start) (G1 Humongous Allocation) (Evacuation Failure: Allocation) 2799M->2775M(2868M) 9.028ms
[315.346s][info][gc,cpu         ] GC(296) User=0.03s Sys=0.00s Real=0.00s
[315.346s][info][gc             ] GC(297) Concurrent Mark Cycle
[315.346s][info][gc,marking     ] GC(297) Concurrent Scan Root Regions
[315.347s][info][gc,start       ] GC(298) Pause Young (Normal) (G1 Humongous Allocation)
[315.347s][info][gc,task        ] GC(298) Using 4 workers of 4 for evacuation
[315.352s][info][gc,marking     ] GC(297) Concurrent Scan Root Regions 6.154ms
[315.352s][info][gc,marking     ] GC(297) Concurrent Mark
[315.352s][info][gc,marking     ] GC(297) Concurrent Mark From Roots
[315.352s][info][gc,task        ] GC(297) Using 1 workers of 1 for marking
[315.358s][info][gc,phases      ] GC(298)   Pre Evacuate Collection Set: 0.30ms
[315.358s][info][gc,phases      ] GC(298)   Merge Heap Roots: 0.08ms
[315.358s][info][gc,phases      ] GC(298)   Evacuate Collection Set: 2.64ms
[315.358s][info][gc,phases      ] GC(298)   Post Evacuate Collection Set: 3.45ms
[315.358s][info][gc,phases      ] GC(298)   Other: 4.75ms
[315.358s][info][gc,heap        ] GC(298) Eden regions: 4->0(71)
[315.358s][info][gc,heap        ] GC(298) Survivor regions: 4->2(7)
[315.358s][info][gc,heap        ] GC(298) Old regions: 795->694
[315.358s][info][gc,heap        ] GC(298) Humongous regions: 604->597
[315.358s][info][gc,metaspace   ] GC(298) Metaspace: 100295K(101248K)->100295K(101248K) NonClass: 78366K(78720K)->78366K(78720K) Class: 21928K(22528K)->21928K(22528K)
[315.358s][info][gc             ] GC(298) Pause Young (Normal) (G1 Humongous Allocation) (Evacuation Failure: Allocation) 2813M->2585M(2868M) 11.317ms
[315.358s][info][gc,cpu         ] GC(298) User=0.02s Sys=0.00s Real=0.01s
[315.361s][info][gc,start       ] GC(299) Pause Young (Normal) (G1 Humongous Allocation)
[315.361s][info][gc,task        ] GC(299) Using 4 workers of 4 for evacuation
[315.364s][info][gc,phases      ] GC(299)   Pre Evacuate Collection Set: 0.16ms
[315.364s][info][gc,phases      ] GC(299)   Merge Heap Roots: 0.11ms
[315.364s][info][gc,phases      ] GC(299)   Evacuate Collection Set: 1.93ms
[315.364s][info][gc,phases      ] GC(299)   Post Evacuate Collection Set: 0.61ms
[315.364s][info][gc,phases      ] GC(299)   Other: 0.05ms
[315.364s][info][gc,heap        ] GC(299) Eden regions: 6->0(209)
[315.364s][info][gc,heap        ] GC(299) Survivor regions: 2->4(10)
[315.364s][info][gc,heap        ] GC(299) Old regions: 694->471
[315.364s][info][gc,heap        ] GC(299) Humongous regions: 639->625
[315.364s][info][gc,metaspace   ] GC(299) Metaspace: 100295K(101248K)->100295K(101248K) NonClass: 78366K(78720K)->78366K(78720K) Class: 21928K(22528K)->21928K(22528K)
[315.364s][info][gc             ] GC(299) Pause Young (Normal) (G1 Humongous Allocation) 2681M->2198M(2868M) 2.942ms
[315.364s][info][gc,cpu         ] GC(299) User=0.01s Sys=0.00s Real=0.00s
[315.390s][info][gc,start       ] GC(300) Pause Young (Normal) (G1 Humongous Allocation)
[315.390s][info][gc,task        ] GC(300) Using 4 workers of 4 for evacuation
[315.392s][info][gc,phases      ] GC(300)   Pre Evacuate Collection Set: 0.14ms
[315.392s][info][gc,phases      ] GC(300)   Merge Heap Roots: 0.06ms
[315.392s][info][gc,phases      ] GC(300)   Evacuate Collection Set: 1.53ms
[315.392s][info][gc,phases      ] GC(300)   Post Evacuate Collection Set: 0.45ms
[315.392s][info][gc,phases      ] GC(300)   Other: 0.05ms
[315.392s][info][gc,heap        ] GC(300) Eden regions: 32->0(129)
[315.392s][info][gc,heap        ] GC(300) Survivor regions: 4->16(27)
[315.392s][info][gc,heap        ] GC(300) Old regions: 471->471
[315.392s][info][gc,heap        ] GC(300) Humongous regions: 893->729
[315.392s][info][gc,metaspace   ] GC(300) Metaspace: 100295K(101248K)->100295K(101248K) NonClass: 78366K(78720K)->78366K(78720K) Class: 21928K(22528K)->21928K(22528K)
[315.392s][info][gc             ] GC(300) Pause Young (Normal) (G1 Humongous Allocation) 2796M->2430M(2868M) 2.303ms
[315.392s][info][gc,cpu         ] GC(300) User=0.00s Sys=0.00s Real=0.00s
[315.401s][info][gc,start       ] GC(301) Pause Young (Normal) (G1 Humongous Allocation)
[315.401s][info][gc,task        ] GC(301) Using 4 workers of 4 for evacuation
[315.403s][info][gc,phases      ] GC(301)   Pre Evacuate Collection Set: 0.12ms
[315.403s][info][gc,phases      ] GC(301)   Merge Heap Roots: 0.03ms
[315.403s][info][gc,phases      ] GC(301)   Evacuate Collection Set: 1.34ms
[315.403s][info][gc,phases      ] GC(301)   Post Evacuate Collection Set: 0.32ms
[315.403s][info][gc,phases      ] GC(301)   Other: 0.05ms
[315.403s][info][gc,heap        ] GC(301) Eden regions: 9->0(71)
[315.403s][info][gc,heap        ] GC(301) Survivor regions: 16->3(19)
[315.403s][info][gc,heap        ] GC(301) Old regions: 471->487
[315.403s][info][gc,heap        ] GC(301) Humongous regions: 848->804
[315.403s][info][gc,metaspace   ] GC(301) Metaspace: 100295K(101248K)->100295K(101248K) NonClass: 78366K(78720K)->78366K(78720K) Class: 21928K(22528K)->21928K(22528K)
[315.403s][info][gc             ] GC(301) Pause Young (Normal) (G1 Humongous Allocation) 2686M->2585M(2868M) 1.959ms
[315.403s][info][gc,cpu         ] GC(301) User=0.00s Sys=0.00s Real=0.00s
[315.406s][info][gc,start       ] GC(302) Pause Young (Normal) (G1 Humongous Allocation)
[315.406s][info][gc,task        ] GC(302) Using 4 workers of 4 for evacuation
[315.407s][info][gc,phases      ] GC(302)   Pre Evacuate Collection Set: 0.12ms
[315.407s][info][gc,phases      ] GC(302)   Merge Heap Roots: 0.04ms
[315.407s][info][gc,phases      ] GC(302)   Evacuate Collection Set: 0.56ms
[315.407s][info][gc,phases      ] GC(302)   Post Evacuate Collection Set: 0.39ms
[315.407s][info][gc,phases      ] GC(302)   Other: 0.04ms
[315.407s][info][gc,heap        ] GC(302) Eden regions: 2->0(71)
[315.407s][info][gc,heap        ] GC(302) Survivor regions: 3->3(10)
[315.407s][info][gc,heap        ] GC(302) Old regions: 487->487
[315.407s][info][gc,heap        ] GC(302) Humongous regions: 827->810
[315.407s][info][gc,metaspace   ] GC(302) Metaspace: 100295K(101248K)->100295K(101248K) NonClass: 78366K(78720K)->78366K(78720K) Class: 21928K(22528K)->21928K(22528K)
[315.407s][info][gc             ] GC(302) Pause Young (Normal) (G1 Humongous Allocation) 2635M->2597M(2868M) 1.225ms
[315.407s][info][gc,cpu         ] GC(302) User=0.00s Sys=0.00s Real=0.00s
[315.407s][info][gc,ergo        ] Attempting full compaction
[315.407s][info][gc,start       ] GC(303) Pause Full (G1 Compaction Pause)
[315.407s][info][gc,task        ] GC(303) Using 4 workers of 4 for full compaction
[315.408s][info][gc,phases,start] GC(303) Phase 1: Mark live objects
[315.420s][info][gc,phases      ] GC(303) Phase 1: Mark live objects 11.560ms
[315.420s][info][gc,phases,start] GC(303) Phase 2: Prepare compaction
[315.421s][info][gc,phases      ] GC(303) Phase 2: Prepare compaction 1.514ms
[315.421s][info][gc,phases,start] GC(303) Phase 3: Adjust pointers
[315.429s][info][gc,phases      ] GC(303) Phase 3: Adjust pointers 7.555ms
[315.429s][info][gc,phases,start] GC(303) Phase 4: Compact heap
[315.433s][info][gc,phases      ] GC(303) Phase 4: Compact heap 4.574ms
[315.433s][info][gc,phases,start] GC(303) Phase 5: Reset Metadata
[315.436s][info][gc,phases      ] GC(303) Phase 5: Reset Metadata 2.322ms
[315.438s][info][gc,heap        ] GC(303) Eden regions: 0->0(460)
[315.438s][info][gc,heap        ] GC(303) Survivor regions: 3->0(10)
[315.438s][info][gc,heap        ] GC(303) Old regions: 487->130
[315.438s][info][gc,heap        ] GC(303) Humongous regions: 810->621
[315.438s][info][gc,metaspace   ] GC(303) Metaspace: 100295K(101248K)->100295K(101248K) NonClass: 78366K(78720K)->78366K(78720K) Class: 21928K(22528K)->21928K(22528K)
[315.438s][info][gc             ] GC(303) Pause Full (G1 Compaction Pause) 2597M->1497M(2868M) 30.365ms
[315.438s][info][gc,cpu         ] GC(303) User=0.11s Sys=0.00s Real=0.03s
[315.438s][info][gc,marking     ] GC(297) Concurrent Mark From Roots 86.110ms
[315.438s][info][gc,marking     ] GC(297) Concurrent Mark Abort
[315.438s][info][gc             ] GC(297) Concurrent Mark Cycle 92.351ms
[315.444s][info][gc,start       ] GC(304) Pause Young (Concurrent Start) (G1 Humongous Allocation)
[315.444s][info][gc,task        ] GC(304) Using 4 workers of 4 for evacuation
[315.445s][info][gc,phases      ] GC(304)   Pre Evacuate Collection Set: 0.19ms
[315.445s][info][gc,phases      ] GC(304)   Merge Heap Roots: 0.04ms
[315.445s][info][gc,phases      ] GC(304)   Evacuate Collection Set: 0.71ms
[315.445s][info][gc,phases      ] GC(304)   Post Evacuate Collection Set: 0.51ms
[315.445s][info][gc,phases      ] GC(304)   Other: 0.05ms
[315.445s][info][gc,heap        ] GC(304) Eden regions: 2->0(489)
[315.445s][info][gc,heap        ] GC(304) Survivor regions: 0->1(58)
[315.445s][info][gc,heap        ] GC(304) Old regions: 130->130
[315.445s][info][gc,heap        ] GC(304) Humongous regions: 630->630
[315.446s][info][gc,metaspace   ] GC(304) Metaspace: 100295K(101248K)->100295K(101248K) NonClass: 78366K(78720K)->78366K(78720K) Class: 21928K(22528K)->21928K(22528K)
[315.446s][info][gc             ] GC(304) Pause Young (Concurrent Start) (G1 Humongous Allocation) 1519M->1516M(2868M) 1.579ms
[315.446s][info][gc,cpu         ] GC(304) User=0.00s Sys=0.00s Real=0.00s
[315.446s][info][gc             ] GC(305) Concurrent Mark Cycle
[315.446s][info][gc,marking     ] GC(305) Concurrent Scan Root Regions
[315.447s][info][gc,marking     ] GC(305) Concurrent Scan Root Regions 1.740ms
[315.447s][info][gc,marking     ] GC(305) Concurrent Mark
[315.447s][info][gc,marking     ] GC(305) Concurrent Mark From Roots
[315.447s][info][gc,task        ] GC(305) Using 1 workers of 1 for marking
[315.507s][info][gc,marking     ] GC(305) Concurrent Mark From Roots 60.134ms
[315.507s][info][gc,marking     ] GC(305) Concurrent Preclean
[315.508s][info][gc,marking     ] GC(305) Concurrent Preclean 0.090ms
[315.508s][info][gc,start       ] GC(305) Pause Remark
[315.510s][info][gc             ] GC(305) Pause Remark 1948M->1836M(2868M) 2.204ms
[315.510s][info][gc,cpu         ] GC(305) User=0.01s Sys=0.00s Real=0.00s
[315.510s][info][gc,marking     ] GC(305) Concurrent Mark 62.548ms
[315.510s][info][gc,marking     ] GC(305) Concurrent Rebuild Remembered Sets and Scrub Regions
[315.533s][info][gc,marking     ] GC(305) Concurrent Rebuild Remembered Sets and Scrub Regions 22.811ms
[315.533s][info][gc,start       ] GC(305) Pause Cleanup
[315.533s][info][gc             ] GC(305) Pause Cleanup 2064M->2064M(2868M) 0.089ms
[315.533s][info][gc,cpu         ] GC(305) User=0.00s Sys=0.00s Real=0.00s
[315.533s][info][gc,marking     ] GC(305) Concurrent Clear Claimed Marks
[315.533s][info][gc,marking     ] GC(305) Concurrent Clear Claimed Marks 0.120ms
[315.533s][info][gc,marking     ] GC(305) Concurrent Cleanup for Next Mark
[315.534s][info][gc,marking     ] GC(305) Concurrent Cleanup for Next Mark 1.071ms
[315.534s][info][gc             ] GC(305) Concurrent Mark Cycle 88.542ms
[316.533s][info][gc,start       ] GC(306) Pause Young (Prepare Mixed) (G1 Humongous Allocation)
[316.534s][info][gc,task        ] GC(306) Using 4 workers of 4 for evacuation
[316.538s][info][gc,phases      ] GC(306)   Pre Evacuate Collection Set: 0.11ms
[316.538s][info][gc,phases      ] GC(306)   Merge Heap Roots: 0.06ms
[316.538s][info][gc,phases      ] GC(306)   Evacuate Collection Set: 2.69ms
[316.538s][info][gc,phases      ] GC(306)   Post Evacuate Collection Set: 1.15ms
[316.538s][info][gc,phases      ] GC(306)   Other: 0.04ms
[316.538s][info][gc,heap        ] GC(306) Eden regions: 99->0(360)
[316.538s][info][gc,heap        ] GC(306) Survivor regions: 1->22(22)
[316.538s][info][gc,heap        ] GC(306) Old regions: 130->209
[316.538s][info][gc,heap        ] GC(306) Humongous regions: 1182->706
[316.538s][info][gc,metaspace   ] GC(306) Metaspace: 100314K(101312K)->100314K(101312K) NonClass: 78385K(78784K)->78385K(78784K) Class: 21928K(22528K)->21928K(22528K)
[316.538s][info][gc             ] GC(306) Pause Young (Prepare Mixed) (G1 Humongous Allocation) (Evacuation Failure: Allocation) 2817M->1867M(2868M) 4.145ms
[316.538s][info][gc,cpu         ] GC(306) User=0.01s Sys=0.00s Real=0.01s
[317.577s][info][gc,start       ] GC(307) Pause Young (Mixed) (G1 Evacuation Pause)
[317.577s][info][gc,task        ] GC(307) Using 4 workers of 4 for evacuation
[317.587s][info][gc,phases      ] GC(307)   Pre Evacuate Collection Set: 0.23ms
[317.587s][info][gc,phases      ] GC(307)   Merge Heap Roots: 0.08ms
[317.587s][info][gc,phases      ] GC(307)   Evacuate Collection Set: 3.63ms
[317.587s][info][gc,phases      ] GC(307)   Post Evacuate Collection Set: 5.83ms
[317.587s][info][gc,phases      ] GC(307)   Other: 0.06ms
[317.587s][info][gc,heap        ] GC(307) Eden regions: 313->0(133)
[317.587s][info][gc,heap        ] GC(307) Survivor regions: 22->0(0)
[317.587s][info][gc,heap        ] GC(307) Old regions: 209->495
[317.587s][info][gc,heap        ] GC(307) Humongous regions: 890->733
[317.587s][info][gc,metaspace   ] GC(307) Metaspace: 100315K(101376K)->100315K(101376K) NonClass: 78386K(78848K)->78386K(78848K) Class: 21928K(22528K)->21928K(22528K)
[317.587s][info][gc             ] GC(307) Pause Young (Mixed) (G1 Evacuation Pause) (Evacuation Failure: Allocation) 2861M->2450M(2868M) 9.954ms
[317.587s][info][gc,cpu         ] GC(307) User=0.04s Sys=0.00s Real=0.01s
[317.590s][info][gc,start       ] GC(308) Pause Young (Concurrent Start) (G1 Humongous Allocation)
[317.590s][info][gc,task        ] GC(308) Using 4 workers of 4 for evacuation
[317.605s][info][gc,phases      ] GC(308)   Pre Evacuate Collection Set: 0.24ms
[317.605s][info][gc,phases      ] GC(308)   Merge Heap Roots: 0.08ms
[317.605s][info][gc,phases      ] GC(308)   Evacuate Collection Set: 13.49ms
[317.605s][info][gc,phases      ] GC(308)   Post Evacuate Collection Set: 0.65ms
[317.605s][info][gc,phases      ] GC(308)   Other: 0.06ms
[317.605s][info][gc,heap        ] GC(308) Eden regions: 17->0(240)
[317.605s][info][gc,heap        ] GC(308) Survivor regions: 0->9(17)
[317.605s][info][gc,heap        ] GC(308) Old regions: 495->284
[317.605s][info][gc,heap        ] GC(308) Humongous regions: 733->733
[317.605s][info][gc,metaspace   ] GC(308) Metaspace: 100315K(101376K)->100315K(101376K) NonClass: 78386K(78848K)->78386K(78848K) Class: 21928K(22528K)->21928K(22528K)
[317.605s][info][gc             ] GC(308) Pause Young (Concurrent Start) (G1 Humongous Allocation) 2484M->2049M(2868M) 14.697ms
[317.605s][info][gc,cpu         ] GC(308) User=0.06s Sys=0.00s Real=0.01s
[317.605s][info][gc             ] GC(309) Concurrent Mark Cycle
[317.605s][info][gc,marking     ] GC(309) Concurrent Scan Root Regions
[317.615s][info][gc,marking     ] GC(309) Concurrent Scan Root Regions 10.354ms
[317.615s][info][gc,marking     ] GC(309) Concurrent Mark
[317.615s][info][gc,marking     ] GC(309) Concurrent Mark From Roots
[317.615s][info][gc,task        ] GC(309) Using 1 workers of 1 for marking
[317.659s][info][gc,marking     ] GC(309) Concurrent Mark From Roots 43.826ms
[317.659s][info][gc,marking     ] GC(309) Concurrent Preclean
[317.659s][info][gc,marking     ] GC(309) Concurrent Preclean 0.117ms
[317.659s][info][gc,start       ] GC(309) Pause Remark
[317.663s][info][gc             ] GC(309) Pause Remark 2216M->1874M(2868M) 3.885ms
[317.663s][info][gc,cpu         ] GC(309) User=0.01s Sys=0.00s Real=0.00s
[317.663s][info][gc,marking     ] GC(309) Concurrent Mark 48.057ms
[317.663s][info][gc,marking     ] GC(309) Concurrent Rebuild Remembered Sets and Scrub Regions
[317.692s][info][gc,marking     ] GC(309) Concurrent Rebuild Remembered Sets and Scrub Regions 28.882ms
[317.693s][info][gc,start       ] GC(309) Pause Cleanup
[317.693s][info][gc             ] GC(309) Pause Cleanup 1942M->1942M(2868M) 0.074ms
[317.693s][info][gc,cpu         ] GC(309) User=0.00s Sys=0.00s Real=0.00s
[317.693s][info][gc,marking     ] GC(309) Concurrent Clear Claimed Marks
[317.693s][info][gc,marking     ] GC(309) Concurrent Clear Claimed Marks 0.111ms
[317.693s][info][gc,marking     ] GC(309) Concurrent Cleanup for Next Mark
[317.694s][info][gc,marking     ] GC(309) Concurrent Cleanup for Next Mark 1.300ms
[317.695s][info][gc             ] GC(309) Concurrent Mark Cycle 89.480ms
[317.808s][info][gc,start       ] GC(310) Pause Young (Prepare Mixed) (G1 Evacuation Pause)
[317.808s][info][gc,task        ] GC(310) Using 4 workers of 4 for evacuation
[317.819s][info][gc,phases      ] GC(310)   Pre Evacuate Collection Set: 0.15ms
[317.819s][info][gc,phases      ] GC(310)   Merge Heap Roots: 0.08ms
[317.819s][info][gc,phases      ] GC(310)   Evacuate Collection Set: 10.65ms
[317.819s][info][gc,phases      ] GC(310)   Post Evacuate Collection Set: 0.64ms
[317.819s][info][gc,phases      ] GC(310)   Other: 0.08ms
[317.819s][info][gc,heap        ] GC(310) Eden regions: 240->0(242)
[317.819s][info][gc,heap        ] GC(310) Survivor regions: 9->32(32)
[317.819s][info][gc,heap        ] GC(310) Old regions: 284->381
[317.819s][info][gc,heap        ] GC(310) Humongous regions: 574->562
[317.819s][info][gc,metaspace   ] GC(310) Metaspace: 100315K(101376K)->100315K(101376K) NonClass: 78386K(78848K)->78386K(78848K) Class: 21928K(22528K)->21928K(22528K)
[317.819s][info][gc             ] GC(310) Pause Young (Prepare Mixed) (G1 Evacuation Pause) 2211M->1947M(2868M) 11.702ms
[317.819s][info][gc,cpu         ] GC(310) User=0.05s Sys=0.01s Real=0.01s
[317.875s][info][gc,start       ] GC(311) Pause Young (Mixed) (G1 Humongous Allocation)
[317.875s][info][gc,task        ] GC(311) Using 4 workers of 4 for evacuation
[317.877s][info][gc,phases      ] GC(311)   Pre Evacuate Collection Set: 0.26ms
[317.877s][info][gc,phases      ] GC(311)   Merge Heap Roots: 0.08ms
[317.877s][info][gc,phases      ] GC(311)   Evacuate Collection Set: 1.30ms
[317.877s][info][gc,phases      ] GC(311)   Post Evacuate Collection Set: 0.98ms
[317.877s][info][gc,phases      ] GC(311)   Other: 0.05ms
[317.877s][info][gc,heap        ] GC(311) Eden regions: 41->0(149)
[317.877s][info][gc,heap        ] GC(311) Survivor regions: 32->2(2)
[317.877s][info][gc,heap        ] GC(311) Old regions: 381->453
[317.877s][info][gc,heap        ] GC(311) Humongous regions: 978->700
[317.877s][info][gc,metaspace   ] GC(311) Metaspace: 100315K(101376K)->100315K(101376K) NonClass: 78386K(78848K)->78386K(78848K) Class: 21928K(22528K)->21928K(22528K)
[317.877s][info][gc             ] GC(311) Pause Young (Mixed) (G1 Humongous Allocation) (Evacuation Failure: Allocation) 2860M->2308M(2868M) 2.768ms
[317.877s][info][gc,cpu         ] GC(311) User=0.01s Sys=0.01s Real=0.01s
[317.878s][info][gc,start       ] GC(312) Pause Young (Concurrent Start) (G1 Humongous Allocation)
[317.878s][info][gc,task        ] GC(312) Using 4 workers of 4 for evacuation
[317.881s][info][gc,phases      ] GC(312)   Pre Evacuate Collection Set: 0.33ms
[317.881s][info][gc,phases      ] GC(312)   Merge Heap Roots: 0.09ms
[317.881s][info][gc,phases      ] GC(312)   Evacuate Collection Set: 1.91ms
[317.881s][info][gc,phases      ] GC(312)   Post Evacuate Collection Set: 0.45ms
[317.881s][info][gc,phases      ] GC(312)   Other: 0.05ms
[317.881s][info][gc,heap        ] GC(312) Eden regions: 2->0(178)
[317.881s][info][gc,heap        ] GC(312) Survivor regions: 2->3(19)
[317.881s][info][gc,heap        ] GC(312) Old regions: 453->424
[317.881s][info][gc,heap        ] GC(312) Humongous regions: 705->702
[317.881s][info][gc,metaspace   ] GC(312) Metaspace: 100315K(101376K)->100315K(101376K) NonClass: 78386K(78848K)->78386K(78848K) Class: 21928K(22528K)->21928K(22528K)
[317.881s][info][gc             ] GC(312) Pause Young (Concurrent Start) (G1 Humongous Allocation) 2321M->2256M(2868M) 2.927ms
[317.881s][info][gc             ] GC(313) Concurrent Mark Cycle
[317.881s][info][gc,cpu         ] GC(312) User=0.01s Sys=0.00s Real=0.00s
[317.881s][info][gc,marking     ] GC(313) Concurrent Scan Root Regions
[317.884s][info][gc,marking     ] GC(313) Concurrent Scan Root Regions 2.489ms
[317.884s][info][gc,marking     ] GC(313) Concurrent Mark
[317.884s][info][gc,marking     ] GC(313) Concurrent Mark From Roots
[317.884s][info][gc,task        ] GC(313) Using 1 workers of 1 for marking
[317.942s][info][gc,marking     ] GC(313) Concurrent Mark From Roots 58.256ms
[317.942s][info][gc,marking     ] GC(313) Concurrent Preclean
[317.942s][info][gc,marking     ] GC(313) Concurrent Preclean 0.165ms
[317.942s][info][gc,start       ] GC(313) Pause Remark
[317.944s][info][gc             ] GC(313) Pause Remark 2762M->2426M(2868M) 2.369ms
[317.944s][info][gc,cpu         ] GC(313) User=0.00s Sys=0.00s Real=0.00s
[317.944s][info][gc,marking     ] GC(313) Concurrent Mark 60.963ms
[317.944s][info][gc,marking     ] GC(313) Concurrent Rebuild Remembered Sets and Scrub Regions
[317.976s][info][gc,marking     ] GC(313) Concurrent Rebuild Remembered Sets and Scrub Regions 31.277ms
[317.977s][info][gc,start       ] GC(313) Pause Cleanup
[317.977s][info][gc             ] GC(313) Pause Cleanup 2521M->2521M(2868M) 0.113ms
[317.977s][info][gc,cpu         ] GC(313) User=0.00s Sys=0.00s Real=0.00s
[317.977s][info][gc,marking     ] GC(313) Concurrent Clear Claimed Marks
[317.977s][info][gc,marking     ] GC(313) Concurrent Clear Claimed Marks 0.138ms
[317.977s][info][gc,marking     ] GC(313) Concurrent Cleanup for Next Mark
[317.979s][info][gc,marking     ] GC(313) Concurrent Cleanup for Next Mark 1.540ms
[317.979s][info][gc             ] GC(313) Concurrent Mark Cycle 97.997ms
[318.000s][info][gc,start       ] GC(314) Pause Young (Prepare Mixed) (G1 Humongous Allocation)
[318.000s][info][gc,task        ] GC(314) Using 4 workers of 4 for evacuation
[318.003s][info][gc,phases      ] GC(314)   Pre Evacuate Collection Set: 0.19ms
[318.003s][info][gc,phases      ] GC(314)   Merge Heap Roots: 0.09ms
[318.003s][info][gc,phases      ] GC(314)   Evacuate Collection Set: 1.81ms
[318.003s][info][gc,phases      ] GC(314)   Post Evacuate Collection Set: 0.63ms
[318.003s][info][gc,phases      ] GC(314)   Other: 0.05ms
[318.003s][info][gc,heap        ] GC(314) Eden regions: 40->0(172)
[318.003s][info][gc,heap        ] GC(314) Survivor regions: 3->18(23)
[318.003s][info][gc,heap        ] GC(314) Old regions: 391->391
[318.003s][info][gc,heap        ] GC(314) Humongous regions: 975->702
[318.003s][info][gc,metaspace   ] GC(314) Metaspace: 100315K(101376K)->100315K(101376K) NonClass: 78386K(78848K)->78386K(78848K) Class: 21928K(22528K)->21928K(22528K)
[318.003s][info][gc             ] GC(314) Pause Young (Prepare Mixed) (G1 Humongous Allocation) 2816M->2220M(2868M) 2.845ms
[318.003s][info][gc,cpu         ] GC(314) User=0.00s Sys=0.00s Real=0.00s
[318.920s][info][gc,start       ] GC(315) Pause Young (Mixed) (G1 Humongous Allocation)
[318.921s][info][gc,task        ] GC(315) Using 4 workers of 4 for evacuation
[318.924s][info][gc,phases      ] GC(315)   Pre Evacuate Collection Set: 0.21ms
[318.924s][info][gc,phases      ] GC(315)   Merge Heap Roots: 0.14ms
[318.924s][info][gc,phases      ] GC(315)   Evacuate Collection Set: 2.60ms
[318.924s][info][gc,phases      ] GC(315)   Post Evacuate Collection Set: 0.62ms
[318.924s][info][gc,phases      ] GC(315)   Other: 0.06ms
[318.924s][info][gc,heap        ] GC(315) Eden regions: 26->0(181)
[318.924s][info][gc,heap        ] GC(315) Survivor regions: 18->12(24)
[318.924s][info][gc,heap        ] GC(315) Old regions: 391->392
[318.924s][info][gc,heap        ] GC(315) Humongous regions: 959->688
[318.924s][info][gc,metaspace   ] GC(315) Metaspace: 100321K(101376K)->100321K(101376K) NonClass: 78392K(78848K)->78392K(78848K) Class: 21928K(22528K)->21928K(22528K)
[318.924s][info][gc             ] GC(315) Pause Young (Mixed) (G1 Humongous Allocation) 2786M->2182M(2868M) 3.741ms
[318.924s][info][gc,cpu         ] GC(315) User=0.01s Sys=0.00s Real=0.00s
[318.925s][info][gc,start       ] GC(316) Pause Young (Concurrent Start) (G1 Humongous Allocation)
[318.925s][info][gc,task        ] GC(316) Using 4 workers of 4 for evacuation
[318.927s][info][gc,phases      ] GC(316)   Pre Evacuate Collection Set: 0.23ms
[318.927s][info][gc,phases      ] GC(316)   Merge Heap Roots: 0.03ms
[318.927s][info][gc,phases      ] GC(316)   Evacuate Collection Set: 1.28ms
[318.927s][info][gc,phases      ] GC(316)   Post Evacuate Collection Set: 0.43ms
[318.927s][info][gc,phases      ] GC(316)   Other: 0.04ms
[318.927s][info][gc,heap        ] GC(316) Eden regions: 1->0(199)
[318.927s][info][gc,heap        ] GC(316) Survivor regions: 12->11(25)
[318.927s][info][gc,heap        ] GC(316) Old regions: 392->392
[318.927s][info][gc,heap        ] GC(316) Humongous regions: 691->691
[318.927s][info][gc,metaspace   ] GC(316) Metaspace: 100321K(101376K)->100321K(101376K) NonClass: 78392K(78848K)->78392K(78848K) Class: 21928K(22528K)->21928K(22528K)
[318.927s][info][gc             ] GC(316) Pause Young (Concurrent Start) (G1 Humongous Allocation) 2190M->2187M(2868M) 2.090ms
[318.927s][info][gc,cpu         ] GC(316) User=0.01s Sys=0.00s Real=0.01s
[318.927s][info][gc             ] GC(317) Concurrent Mark Cycle
[318.927s][info][gc,marking     ] GC(317) Concurrent Scan Root Regions
[318.929s][info][gc,marking     ] GC(317) Concurrent Scan Root Regions 1.933ms
[318.929s][info][gc,marking     ] GC(317) Concurrent Mark
[318.929s][info][gc,marking     ] GC(317) Concurrent Mark From Roots
[318.929s][info][gc,task        ] GC(317) Using 1 workers of 1 for marking
[318.967s][info][gc,marking     ] GC(317) Concurrent Mark From Roots 38.639ms
[318.967s][info][gc,marking     ] GC(317) Concurrent Preclean
[318.967s][info][gc,marking     ] GC(317) Concurrent Preclean 0.101ms
[318.967s][info][gc,start       ] GC(317) Pause Remark
[318.970s][info][gc             ] GC(317) Pause Remark 2211M->1417M(2868M) 2.744ms
[318.970s][info][gc,cpu         ] GC(317) User=0.01s Sys=0.00s Real=0.00s
[318.970s][info][gc,marking     ] GC(317) Concurrent Mark 41.613ms
[318.970s][info][gc,marking     ] GC(317) Concurrent Rebuild Remembered Sets and Scrub Regions
[318.987s][info][gc,marking     ] GC(317) Concurrent Rebuild Remembered Sets and Scrub Regions 16.475ms
[318.987s][info][gc,start       ] GC(317) Pause Cleanup
[318.987s][info][gc             ] GC(317) Pause Cleanup 1419M->1419M(2868M) 0.077ms
[318.987s][info][gc,cpu         ] GC(317) User=0.00s Sys=0.00s Real=0.00s
[318.987s][info][gc,marking     ] GC(317) Concurrent Clear Claimed Marks
[318.987s][info][gc,marking     ] GC(317) Concurrent Clear Claimed Marks 0.106ms
[318.987s][info][gc,marking     ] GC(317) Concurrent Cleanup for Next Mark
[318.988s][info][gc,marking     ] GC(317) Concurrent Cleanup for Next Mark 1.110ms
[318.988s][info][gc             ] GC(317) Concurrent Mark Cycle 61.493ms
[319.948s][info][gc,start       ] GC(318) Pause Young (Prepare Mixed) (G1 Evacuation Pause)
[319.948s][info][gc,task        ] GC(318) Using 4 workers of 4 for evacuation
[319.955s][info][gc,phases      ] GC(318)   Pre Evacuate Collection Set: 0.13ms
[319.955s][info][gc,phases      ] GC(318)   Merge Heap Roots: 0.06ms
[319.955s][info][gc,phases      ] GC(318)   Evacuate Collection Set: 6.16ms
[319.955s][info][gc,phases      ] GC(318)   Post Evacuate Collection Set: 0.48ms
[319.955s][info][gc,phases      ] GC(318)   Other: 0.05ms
[319.955s][info][gc,heap        ] GC(318) Eden regions: 199->0(382)
[319.955s][info][gc,heap        ] GC(318) Survivor regions: 11->27(27)
[319.955s][info][gc,heap        ] GC(318) Old regions: 121->161
[319.955s][info][gc,heap        ] GC(318) Humongous regions: 784->607
[319.955s][info][gc,metaspace   ] GC(318) Metaspace: 100321K(101376K)->100321K(101376K) NonClass: 78392K(78848K)->78392K(78848K) Class: 21928K(22528K)->21928K(22528K)
[319.955s][info][gc             ] GC(318) Pause Young (Prepare Mixed) (G1 Evacuation Pause) 2229M->1589M(2868M) 6.964ms
[319.955s][info][gc,cpu         ] GC(318) User=0.03s Sys=0.00s Real=0.00s
[320.230s][info][gc,start       ] GC(319) Pause Young (Mixed) (G1 Evacuation Pause)
[320.230s][info][gc,task        ] GC(319) Using 4 workers of 4 for evacuation
[320.249s][info][gc,phases      ] GC(319)   Pre Evacuate Collection Set: 0.12ms
[320.249s][info][gc,phases      ] GC(319)   Merge Heap Roots: 0.08ms
[320.249s][info][gc,phases      ] GC(319)   Evacuate Collection Set: 17.61ms
[320.249s][info][gc,phases      ] GC(319)   Post Evacuate Collection Set: 0.66ms
[320.249s][info][gc,phases      ] GC(319)   Other: 0.18ms
[320.249s][info][gc,heap        ] GC(319) Eden regions: 382->0(259)
[320.249s][info][gc,heap        ] GC(319) Survivor regions: 27->52(52)
[320.249s][info][gc,heap        ] GC(319) Old regions: 161->314
[320.249s][info][gc,heap        ] GC(319) Humongous regions: 619->571
[320.249s][info][gc,metaspace   ] GC(319) Metaspace: 100321K(101376K)->100321K(101376K) NonClass: 78392K(78848K)->78392K(78848K) Class: 21928K(22528K)->21928K(22528K)
[320.249s][info][gc             ] GC(319) Pause Young (Mixed) (G1 Evacuation Pause) 2377M->1873M(2868M) 18.751ms
[320.249s][info][gc,cpu         ] GC(319) User=0.07s Sys=0.00s Real=0.02s
[320.250s][info][gc,start       ] GC(320) Pause Young (Concurrent Start) (G1 Humongous Allocation)
[320.250s][info][gc,task        ] GC(320) Using 4 workers of 4 for evacuation
[320.255s][info][gc,phases      ] GC(320)   Pre Evacuate Collection Set: 0.24ms
[320.255s][info][gc,phases      ] GC(320)   Merge Heap Roots: 0.07ms
[320.255s][info][gc,phases      ] GC(320)   Evacuate Collection Set: 3.80ms
[320.255s][info][gc,phases      ] GC(320)   Post Evacuate Collection Set: 0.39ms
[320.255s][info][gc,phases      ] GC(320)   Other: 0.05ms
[320.255s][info][gc,heap        ] GC(320) Eden regions: 8->0(242)
[320.255s][info][gc,heap        ] GC(320) Survivor regions: 52->5(39)
[320.255s][info][gc,heap        ] GC(320) Old regions: 314->367
[320.255s][info][gc,heap        ] GC(320) Humongous regions: 571->571
[320.255s][info][gc,metaspace   ] GC(320) Metaspace: 100321K(101376K)->100321K(101376K) NonClass: 78392K(78848K)->78392K(78848K) Class: 21928K(22528K)->21928K(22528K)
[320.255s][info][gc             ] GC(320) Pause Young (Concurrent Start) (G1 Humongous Allocation) 1889M->1885M(2868M) 4.626ms
[320.255s][info][gc             ] GC(321) Concurrent Mark Cycle
[320.255s][info][gc,marking     ] GC(321) Concurrent Scan Root Regions
[320.255s][info][gc,cpu         ] GC(320) User=0.02s Sys=0.00s Real=0.00s
[320.261s][info][gc,marking     ] GC(321) Concurrent Scan Root Regions 6.322ms
[320.261s][info][gc,marking     ] GC(321) Concurrent Mark
[320.261s][info][gc,marking     ] GC(321) Concurrent Mark From Roots
[320.261s][info][gc,task        ] GC(321) Using 1 workers of 1 for marking
[320.317s][info][gc,start       ] GC(322) Pause Young (Normal) (G1 Humongous Allocation)
[320.317s][info][gc,task        ] GC(322) Using 4 workers of 4 for evacuation
[320.319s][info][gc,phases      ] GC(322)   Pre Evacuate Collection Set: 0.13ms
[320.319s][info][gc,phases      ] GC(322)   Merge Heap Roots: 0.04ms
[320.319s][info][gc,phases      ] GC(322)   Evacuate Collection Set: 0.92ms
[320.319s][info][gc,phases      ] GC(322)   Post Evacuate Collection Set: 0.72ms
[320.319s][info][gc,phases      ] GC(322)   Other: 0.05ms
[320.319s][info][gc,heap        ] GC(322) Eden regions: 45->0(144)
[320.319s][info][gc,heap        ] GC(322) Survivor regions: 5->3(3)
[320.319s][info][gc,heap        ] GC(322) Old regions: 367->416
[320.319s][info][gc,heap        ] GC(322) Humongous regions: 1014->725
[320.319s][info][gc,metaspace   ] GC(322) Metaspace: 100321K(101376K)->100321K(101376K) NonClass: 78392K(78848K)->78392K(78848K) Class: 21928K(22528K)->21928K(22528K)
[320.319s][info][gc             ] GC(322) Pause Young (Normal) (G1 Humongous Allocation) (Evacuation Failure: Allocation) 2861M->2287M(2868M) 1.942ms
[320.319s][info][gc,cpu         ] GC(322) User=0.00s Sys=0.00s Real=0.00s
[320.328s][info][gc,marking     ] GC(321) Concurrent Mark From Roots 66.986ms
[320.328s][info][gc,marking     ] GC(321) Concurrent Preclean
[320.329s][info][gc,marking     ] GC(321) Concurrent Preclean 0.156ms
[320.329s][info][gc,start       ] GC(321) Pause Remark
[320.331s][info][gc             ] GC(321) Pause Remark 2609M->2461M(2868M) 2.249ms
[320.331s][info][gc,cpu         ] GC(321) User=0.00s Sys=0.00s Real=0.00s
[320.331s][info][gc,marking     ] GC(321) Concurrent Mark 69.969ms
[320.331s][info][gc,marking     ] GC(321) Concurrent Rebuild Remembered Sets and Scrub Regions
[320.363s][info][gc,marking     ] GC(321) Concurrent Rebuild Remembered Sets and Scrub Regions 31.683ms
[320.363s][info][gc,start       ] GC(321) Pause Cleanup
[320.363s][info][gc             ] GC(321) Pause Cleanup 2600M->2600M(2868M) 0.113ms
[320.363s][info][gc,cpu         ] GC(321) User=0.00s Sys=0.00s Real=0.00s
[320.363s][info][gc,marking     ] GC(321) Concurrent Clear Claimed Marks
[320.363s][info][gc,marking     ] GC(321) Concurrent Clear Claimed Marks 0.109ms
[320.363s][info][gc,marking     ] GC(321) Concurrent Cleanup for Next Mark
[320.365s][info][gc,marking     ] GC(321) Concurrent Cleanup for Next Mark 1.265ms
[320.365s][info][gc             ] GC(321) Concurrent Mark Cycle 109.712ms
[320.387s][info][gc,start       ] GC(323) Pause Young (Prepare Mixed) (G1 Humongous Allocation)
[320.387s][info][gc,task        ] GC(323) Using 4 workers of 4 for evacuation
[320.390s][info][gc,phases      ] GC(323)   Pre Evacuate Collection Set: 0.13ms
[320.390s][info][gc,phases      ] GC(323)   Merge Heap Roots: 0.06ms
[320.390s][info][gc,phases      ] GC(323)   Evacuate Collection Set: 2.60ms
[320.390s][info][gc,phases      ] GC(323)   Post Evacuate Collection Set: 0.48ms
[320.390s][info][gc,phases      ] GC(323)   Other: 0.04ms
[320.390s][info][gc,heap        ] GC(323) Eden regions: 27->0(144)
[320.390s][info][gc,heap        ] GC(323) Survivor regions: 3->13(19)
[320.390s][info][gc,heap        ] GC(323) Old regions: 351->320
[320.390s][info][gc,heap        ] GC(323) Humongous regions: 994->817
[320.390s][info][gc,metaspace   ] GC(323) Metaspace: 100321K(101376K)->100321K(101376K) NonClass: 78392K(78848K)->78392K(78848K) Class: 21928K(22528K)->21928K(22528K)
[320.390s][info][gc             ] GC(323) Pause Young (Prepare Mixed) (G1 Humongous Allocation) 2748M->2298M(2868M) 3.393ms
[320.390s][info][gc,cpu         ] GC(323) User=0.01s Sys=0.01s Real=0.00s
[321.145s][info][gc,start       ] GC(324) Pause Young (Mixed) (G1 Humongous Allocation)
[321.145s][info][gc,task        ] GC(324) Using 4 workers of 4 for evacuation
[321.147s][info][gc,phases      ] GC(324)   Pre Evacuate Collection Set: 0.10ms
[321.147s][info][gc,phases      ] GC(324)   Merge Heap Roots: 0.04ms
[321.147s][info][gc,phases      ] GC(324)   Evacuate Collection Set: 1.79ms
[321.147s][info][gc,phases      ] GC(324)   Post Evacuate Collection Set: 0.45ms
[321.147s][info][gc,phases      ] GC(324)   Other: 0.04ms
[321.147s][info][gc,heap        ] GC(324) Eden regions: 24->0(140)
[321.147s][info][gc,heap        ] GC(324) Survivor regions: 13->19(20)
[321.147s][info][gc,heap        ] GC(324) Old regions: 320->319
[321.147s][info][gc,heap        ] GC(324) Humongous regions: 1045->820
[321.147s][info][gc,metaspace   ] GC(324) Metaspace: 100321K(101376K)->100321K(101376K) NonClass: 78392K(78848K)->78392K(78848K) Class: 21928K(22528K)->21928K(22528K)
[321.147s][info][gc             ] GC(324) Pause Young (Mixed) (G1 Humongous Allocation) 2801M->2314M(2868M) 2.498ms
[321.147s][info][gc,cpu         ] GC(324) User=0.01s Sys=0.00s Real=0.01s
[321.151s][info][gc,start       ] GC(325) Pause Young (Concurrent Start) (G1 Humongous Allocation)
[321.151s][info][gc,task        ] GC(325) Using 4 workers of 4 for evacuation
[321.153s][info][gc,phases      ] GC(325)   Pre Evacuate Collection Set: 0.18ms
[321.153s][info][gc,phases      ] GC(325)   Merge Heap Roots: 0.05ms
[321.153s][info][gc,phases      ] GC(325)   Evacuate Collection Set: 1.45ms
[321.153s][info][gc,phases      ] GC(325)   Post Evacuate Collection Set: 0.43ms
[321.153s][info][gc,phases      ] GC(325)   Other: 0.05ms
[321.153s][info][gc,heap        ] GC(325) Eden regions: 2->0(157)
[321.153s][info][gc,heap        ] GC(325) Survivor regions: 19->10(20)
[321.153s][info][gc,heap        ] GC(325) Old regions: 319->328
[321.153s][info][gc,heap        ] GC(325) Humongous regions: 823->814
[321.153s][info][gc,metaspace   ] GC(325) Metaspace: 100321K(101376K)->100321K(101376K) NonClass: 78392K(78848K)->78392K(78848K) Class: 21928K(22528K)->21928K(22528K)
[321.153s][info][gc             ] GC(325) Pause Young (Concurrent Start) (G1 Humongous Allocation) 2324M->2303M(2868M) 2.246ms
[321.153s][info][gc,cpu         ] GC(325) User=0.01s Sys=0.00s Real=0.00s
[321.153s][info][gc             ] GC(326) Concurrent Mark Cycle
[321.153s][info][gc,marking     ] GC(326) Concurrent Scan Root Regions
[321.157s][info][gc,marking     ] GC(326) Concurrent Scan Root Regions 3.362ms
[321.157s][info][gc,marking     ] GC(326) Concurrent Mark
[321.157s][info][gc,marking     ] GC(326) Concurrent Mark From Roots
[321.157s][info][gc,task        ] GC(326) Using 1 workers of 1 for marking
[321.198s][info][gc,marking     ] GC(326) Concurrent Mark From Roots 41.761ms
[321.198s][info][gc,marking     ] GC(326) Concurrent Preclean
[321.199s][info][gc,marking     ] GC(326) Concurrent Preclean 0.090ms
[321.199s][info][gc,start       ] GC(326) Pause Remark
[321.201s][info][gc             ] GC(326) Pause Remark 2467M->1837M(2868M) 2.650ms
[321.201s][info][gc,cpu         ] GC(326) User=0.01s Sys=0.00s Real=0.00s
[321.201s][info][gc,marking     ] GC(326) Concurrent Mark 44.626ms
[321.201s][info][gc,marking     ] GC(326) Concurrent Rebuild Remembered Sets and Scrub Regions
[321.222s][info][gc,marking     ] GC(326) Concurrent Rebuild Remembered Sets and Scrub Regions 20.814ms
[321.222s][info][gc,start       ] GC(326) Pause Cleanup
[321.222s][info][gc             ] GC(326) Pause Cleanup 1851M->1851M(2868M) 0.073ms
[321.222s][info][gc,cpu         ] GC(326) User=0.00s Sys=0.00s Real=0.00s
[321.222s][info][gc,marking     ] GC(326) Concurrent Clear Claimed Marks
[321.222s][info][gc,marking     ] GC(326) Concurrent Clear Claimed Marks 0.107ms
[321.222s][info][gc,marking     ] GC(326) Concurrent Cleanup for Next Mark
[321.224s][info][gc,marking     ] GC(326) Concurrent Cleanup for Next Mark 1.073ms
[321.224s][info][gc             ] GC(326) Concurrent Mark Cycle 70.323ms
[322.216s][info][gc,start       ] GC(327) Pause Young (Prepare Mixed) (G1 Evacuation Pause)
[322.216s][info][gc,task        ] GC(327) Using 4 workers of 4 for evacuation
[322.222s][info][gc,phases      ] GC(327)   Pre Evacuate Collection Set: 0.23ms
[322.222s][info][gc,phases      ] GC(327)   Merge Heap Roots: 0.19ms
[322.222s][info][gc,phases      ] GC(327)   Evacuate Collection Set: 4.16ms
[322.222s][info][gc,phases      ] GC(327)   Post Evacuate Collection Set: 0.65ms
[322.222s][info][gc,phases      ] GC(327)   Other: 0.09ms
[322.222s][info][gc,heap        ] GC(327) Eden regions: 157->0(304)
[322.222s][info][gc,heap        ] GC(327) Survivor regions: 10->21(21)
[322.222s][info][gc,heap        ] GC(327) Old regions: 265->289
[322.222s][info][gc,heap        ] GC(327) Humongous regions: 878->607
[322.222s][info][gc,metaspace   ] GC(327) Metaspace: 100328K(101376K)->100328K(101376K) NonClass: 78399K(78848K)->78399K(78848K) Class: 21928K(22528K)->21928K(22528K)
[322.222s][info][gc             ] GC(327) Pause Young (Prepare Mixed) (G1 Evacuation Pause) 2619M->1833M(2868M) 5.429ms
[322.222s][info][gc,cpu         ] GC(327) User=0.01s Sys=0.00s Real=0.00s
[322.479s][info][gc,start       ] GC(328) Pause Young (Mixed) (G1 Evacuation Pause)
[322.479s][info][gc,task        ] GC(328) Using 4 workers of 4 for evacuation
[322.495s][info][gc,phases      ] GC(328)   Pre Evacuate Collection Set: 0.42ms
[322.495s][info][gc,phases      ] GC(328)   Merge Heap Roots: 0.30ms
[322.495s][info][gc,phases      ] GC(328)   Evacuate Collection Set: 15.16ms
[322.495s][info][gc,phases      ] GC(328)   Post Evacuate Collection Set: 0.44ms
[322.495s][info][gc,phases      ] GC(328)   Other: 0.06ms
[322.495s][info][gc,heap        ] GC(328) Eden regions: 304->0(224)
[322.495s][info][gc,heap        ] GC(328) Survivor regions: 21->41(41)
[322.495s][info][gc,heap        ] GC(328) Old regions: 289->383
[322.495s][info][gc,heap        ] GC(328) Humongous regions: 619->580
[322.495s][info][gc,metaspace   ] GC(328) Metaspace: 100328K(101376K)->100328K(101376K) NonClass: 78399K(78848K)->78399K(78848K) Class: 21928K(22528K)->21928K(22528K)
[322.495s][info][gc             ] GC(328) Pause Young (Mixed) (G1 Evacuation Pause) 2465M->2007M(2868M) 16.507ms
[322.495s][info][gc,cpu         ] GC(328) User=0.06s Sys=0.00s Real=0.01s
[322.583s][info][gc,start       ] GC(329) Pause Young (Concurrent Start) (G1 Humongous Allocation)
[322.583s][info][gc,task        ] GC(329) Using 4 workers of 4 for evacuation
[322.593s][info][gc,phases      ] GC(329)   Pre Evacuate Collection Set: 0.20ms
[322.593s][info][gc,phases      ] GC(329)   Merge Heap Roots: 0.07ms
[322.593s][info][gc,phases      ] GC(329)   Evacuate Collection Set: 8.36ms
[322.593s][info][gc,phases      ] GC(329)   Post Evacuate Collection Set: 1.26ms
[322.593s][info][gc,phases      ] GC(329)   Other: 0.05ms
[322.593s][info][gc,heap        ] GC(329) Eden regions: 134->0(178)
[322.593s][info][gc,heap        ] GC(329) Survivor regions: 41->34(34)
[322.593s][info][gc,heap        ] GC(329) Old regions: 383->458
[322.593s][info][gc,heap        ] GC(329) Humongous regions: 580->580
[322.593s][info][gc,metaspace   ] GC(329) Metaspace: 100328K(101376K)->100328K(101376K) NonClass: 78399K(78848K)->78399K(78848K) Class: 21928K(22528K)->21928K(22528K)
[322.593s][info][gc             ] GC(329) Pause Young (Concurrent Start) (G1 Humongous Allocation) 2274M->2142M(2868M) 10.042ms
[322.593s][info][gc,cpu         ] GC(329) User=0.03s Sys=0.00s Real=0.01s
[322.593s][info][gc             ] GC(330) Concurrent Mark Cycle
[322.593s][info][gc,marking     ] GC(330) Concurrent Scan Root Regions
[322.607s][info][gc,marking     ] GC(330) Concurrent Scan Root Regions 14.096ms
[322.607s][info][gc,marking     ] GC(330) Concurrent Mark
[322.607s][info][gc,marking     ] GC(330) Concurrent Mark From Roots
[322.607s][info][gc,task        ] GC(330) Using 1 workers of 1 for marking
[322.618s][info][gc,start       ] GC(331) Pause Young (Normal) (G1 Humongous Allocation)
[322.618s][info][gc,task        ] GC(331) Using 4 workers of 4 for evacuation
[322.621s][info][gc,phases      ] GC(331)   Pre Evacuate Collection Set: 0.12ms
[322.621s][info][gc,phases      ] GC(331)   Merge Heap Roots: 0.04ms
[322.621s][info][gc,phases      ] GC(331)   Evacuate Collection Set: 1.19ms
[322.621s][info][gc,phases      ] GC(331)   Post Evacuate Collection Set: 1.11ms
[322.621s][info][gc,phases      ] GC(331)   Other: 0.05ms
[322.621s][info][gc,heap        ] GC(331) Eden regions: 19->0(91)
[322.621s][info][gc,heap        ] GC(331) Survivor regions: 34->3(6)
[322.621s][info][gc,heap        ] GC(331) Old regions: 458->512
[322.621s][info][gc,heap        ] GC(331) Humongous regions: 917->732
[322.621s][info][gc,metaspace   ] GC(331) Metaspace: 100328K(101376K)->100328K(101376K) NonClass: 78399K(78848K)->78399K(78848K) Class: 21928K(22528K)->21928K(22528K)
[322.621s][info][gc             ] GC(331) Pause Young (Normal) (G1 Humongous Allocation) (Evacuation Failure: Allocation) 2854M->2493M(2868M) 2.588ms
[322.621s][info][gc,cpu         ] GC(331) User=0.00s Sys=0.00s Real=0.00s
[322.669s][info][gc,marking     ] GC(330) Concurrent Mark From Roots 61.793ms
[322.669s][info][gc,marking     ] GC(330) Concurrent Preclean
[322.669s][info][gc,marking     ] GC(330) Concurrent Preclean 0.105ms
[322.669s][info][gc,start       ] GC(330) Pause Remark
[322.672s][info][gc             ] GC(330) Pause Remark 2812M->2408M(2868M) 3.250ms
[322.672s][info][gc,cpu         ] GC(330) User=0.01s Sys=0.00s Real=0.00s
[322.672s][info][gc,marking     ] GC(330) Concurrent Mark 65.400ms
[322.672s][info][gc,marking     ] GC(330) Concurrent Rebuild Remembered Sets and Scrub Regions
[322.692s][info][gc,start       ] GC(332) Pause Young (Normal) (G1 Humongous Allocation)
[322.692s][info][gc,task        ] GC(332) Using 4 workers of 4 for evacuation
[322.695s][info][gc,phases      ] GC(332)   Pre Evacuate Collection Set: 0.20ms
[322.695s][info][gc,phases      ] GC(332)   Merge Heap Roots: 0.05ms
[322.695s][info][gc,phases      ] GC(332)   Evacuate Collection Set: 2.29ms
[322.695s][info][gc,phases      ] GC(332)   Post Evacuate Collection Set: 0.46ms
[322.695s][info][gc,phases      ] GC(332)   Other: 0.04ms
[322.695s][info][gc,heap        ] GC(332) Eden regions: 34->0(160)
[322.695s][info][gc,heap        ] GC(332) Survivor regions: 3->12(12)
[322.695s][info][gc,heap        ] GC(332) Old regions: 328->315
[322.695s][info][gc,heap        ] GC(332) Humongous regions: 974->783
[322.695s][info][gc,metaspace   ] GC(332) Metaspace: 100328K(101376K)->100328K(101376K) NonClass: 78399K(78848K)->78399K(78848K) Class: 21928K(22528K)->21928K(22528K)
[322.695s][info][gc             ] GC(332) Pause Young (Normal) (G1 Humongous Allocation) 2676M->2218M(2868M) 3.118ms
[322.695s][info][gc,cpu         ] GC(332) User=0.01s Sys=0.00s Real=0.00s
[322.710s][info][gc,marking     ] GC(330) Concurrent Rebuild Remembered Sets and Scrub Regions 37.295ms
[322.710s][info][gc,start       ] GC(330) Pause Cleanup
[322.710s][info][gc             ] GC(330) Pause Cleanup 2349M->2349M(2868M) 0.099ms
[322.710s][info][gc,cpu         ] GC(330) User=0.00s Sys=0.00s Real=0.00s
[322.710s][info][gc,marking     ] GC(330) Concurrent Clear Claimed Marks
[322.710s][info][gc,marking     ] GC(330) Concurrent Clear Claimed Marks 0.113ms
[322.710s][info][gc,marking     ] GC(330) Concurrent Cleanup for Next Mark
[322.711s][info][gc,marking     ] GC(330) Concurrent Cleanup for Next Mark 1.303ms
[322.711s][info][gc             ] GC(330) Concurrent Mark Cycle 118.540ms
[322.747s][info][gc,start       ] GC(333) Pause Young (Prepare Mixed) (G1 Humongous Allocation)
[322.747s][info][gc,task        ] GC(333) Using 4 workers of 4 for evacuation
[322.749s][info][gc,phases      ] GC(333)   Pre Evacuate Collection Set: 0.12ms
[322.749s][info][gc,phases      ] GC(333)   Merge Heap Roots: 0.06ms
[322.749s][info][gc,phases      ] GC(333)   Evacuate Collection Set: 1.61ms
[322.749s][info][gc,phases      ] GC(333)   Post Evacuate Collection Set: 0.53ms
[322.749s][info][gc,phases      ] GC(333)   Other: 0.05ms
[322.749s][info][gc,heap        ] GC(333) Eden regions: 19->0(134)
[322.749s][info][gc,heap        ] GC(333) Survivor regions: 12->18(22)
[322.749s][info][gc,heap        ] GC(333) Old regions: 315->317
[322.749s][info][gc,heap        ] GC(333) Humongous regions: 983->837
[322.749s][info][gc,metaspace   ] GC(333) Metaspace: 100328K(101376K)->100328K(101376K) NonClass: 78399K(78848K)->78399K(78848K) Class: 21928K(22528K)->21928K(22528K)
[322.749s][info][gc             ] GC(333) Pause Young (Prepare Mixed) (G1 Humongous Allocation) 2656M->2343M(2868M) 2.446ms
[322.749s][info][gc,cpu         ] GC(333) User=0.01s Sys=0.00s Real=0.00s
[322.765s][info][gc,start       ] GC(334) Pause Young (Mixed) (G1 Humongous Allocation)
[322.765s][info][gc,task        ] GC(334) Using 4 workers of 4 for evacuation
[322.767s][info][gc,phases      ] GC(334)   Pre Evacuate Collection Set: 0.11ms
[322.767s][info][gc,phases      ] GC(334)   Merge Heap Roots: 0.03ms
[322.767s][info][gc,phases      ] GC(334)   Evacuate Collection Set: 1.28ms
[322.767s][info][gc,phases      ] GC(334)   Post Evacuate Collection Set: 0.31ms
[322.767s][info][gc,phases      ] GC(334)   Other: 0.04ms
[322.767s][info][gc,heap        ] GC(334) Eden regions: 4->0(160)
[322.767s][info][gc,heap        ] GC(334) Survivor regions: 18->9(19)
[322.767s][info][gc,heap        ] GC(334) Old regions: 317->322
[322.767s][info][gc,heap        ] GC(334) Humongous regions: 927->792
[322.767s][info][gc,metaspace   ] GC(334) Metaspace: 100328K(101376K)->100328K(101376K) NonClass: 78399K(78848K)->78399K(78848K) Class: 21928K(22528K)->21928K(22528K)
[322.767s][info][gc             ] GC(334) Pause Young (Mixed) (G1 Humongous Allocation) 2531M->2244M(2868M) 1.875ms
[322.767s][info][gc,cpu         ] GC(334) User=0.01s Sys=0.00s Real=0.01s
[322.769s][info][gc,start       ] GC(335) Pause Young (Concurrent Start) (G1 Humongous Allocation)
[322.769s][info][gc,task        ] GC(335) Using 4 workers of 4 for evacuation
[322.770s][info][gc,phases      ] GC(335)   Pre Evacuate Collection Set: 0.15ms
[322.770s][info][gc,phases      ] GC(335)   Merge Heap Roots: 0.03ms
[322.770s][info][gc,phases      ] GC(335)   Evacuate Collection Set: 0.71ms
[322.770s][info][gc,phases      ] GC(335)   Post Evacuate Collection Set: 0.32ms
[322.770s][info][gc,phases      ] GC(335)   Other: 0.04ms
[322.770s][info][gc,heap        ] GC(335) Eden regions: 2->0(173)
[322.770s][info][gc,heap        ] GC(335) Survivor regions: 9->9(22)
[322.770s][info][gc,heap        ] GC(335) Old regions: 322->322
[322.770s][info][gc,heap        ] GC(335) Humongous regions: 801->796
[322.770s][info][gc,metaspace   ] GC(335) Metaspace: 100328K(101376K)->100328K(101376K) NonClass: 78399K(78848K)->78399K(78848K) Class: 21928K(22528K)->21928K(22528K)
[322.770s][info][gc             ] GC(335) Pause Young (Concurrent Start) (G1 Humongous Allocation) 2265M->2252M(2868M) 1.321ms
[322.770s][info][gc,cpu         ] GC(335) User=0.01s Sys=0.00s Real=0.00s
[322.770s][info][gc             ] GC(336) Concurrent Mark Cycle
[322.770s][info][gc,marking     ] GC(336) Concurrent Scan Root Regions
[322.772s][info][gc,marking     ] GC(336) Concurrent Scan Root Regions 1.572ms
[322.772s][info][gc,marking     ] GC(336) Concurrent Mark
[322.772s][info][gc,marking     ] GC(336) Concurrent Mark From Roots
[322.772s][info][gc,task        ] GC(336) Using 1 workers of 1 for marking
[322.812s][info][gc,marking     ] GC(336) Concurrent Mark From Roots 40.693ms
[322.813s][info][gc,marking     ] GC(336) Concurrent Preclean
[322.813s][info][gc,marking     ] GC(336) Concurrent Preclean 0.099ms
[322.813s][info][gc,start       ] GC(336) Pause Remark
[322.815s][info][gc             ] GC(336) Pause Remark 2361M->1643M(2868M) 2.321ms
[322.815s][info][gc,cpu         ] GC(336) User=0.01s Sys=0.00s Real=0.00s
[322.815s][info][gc,marking     ] GC(336) Concurrent Mark 43.270ms
[322.815s][info][gc,marking     ] GC(336) Concurrent Rebuild Remembered Sets and Scrub Regions
[322.834s][info][gc,marking     ] GC(336) Concurrent Rebuild Remembered Sets and Scrub Regions 18.844ms
[322.834s][info][gc,start       ] GC(336) Pause Cleanup
[322.834s][info][gc             ] GC(336) Pause Cleanup 1643M->1643M(2868M) 0.089ms
[322.834s][info][gc,cpu         ] GC(336) User=0.00s Sys=0.00s Real=0.00s
[322.834s][info][gc,marking     ] GC(336) Concurrent Clear Claimed Marks
[322.834s][info][gc,marking     ] GC(336) Concurrent Clear Claimed Marks 0.109ms
[322.834s][info][gc,marking     ] GC(336) Concurrent Cleanup for Next Mark
[322.835s][info][gc,marking     ] GC(336) Concurrent Cleanup for Next Mark 1.108ms
[322.835s][info][gc             ] GC(336) Concurrent Mark Cycle 65.129ms
[324.608s][info][gc,start       ] GC(337) Pause Young (Prepare Mixed) (G1 Humongous Allocation)
[324.608s][info][gc,task        ] GC(337) Using 4 workers of 4 for evacuation
[324.613s][info][gc,phases      ] GC(337)   Pre Evacuate Collection Set: 0.11ms
[324.613s][info][gc,phases      ] GC(337)   Merge Heap Roots: 0.08ms
[324.613s][info][gc,phases      ] GC(337)   Evacuate Collection Set: 4.97ms
[324.613s][info][gc,phases      ] GC(337)   Post Evacuate Collection Set: 0.51ms
[324.613s][info][gc,phases      ] GC(337)   Other: 0.05ms
[324.613s][info][gc,heap        ] GC(337) Eden regions: 173->0(326)
[324.613s][info][gc,heap        ] GC(337) Survivor regions: 9->23(23)
[324.613s][info][gc,heap        ] GC(337) Old regions: 197->232
[324.613s][info][gc,heap        ] GC(337) Humongous regions: 938->612
[324.613s][info][gc,metaspace   ] GC(337) Metaspace: 100333K(101376K)->100333K(101376K) NonClass: 78403K(78848K)->78403K(78848K) Class: 21929K(22528K)->21929K(22528K)
[324.614s][info][gc             ] GC(337) Pause Young (Prepare Mixed) (G1 Humongous Allocation) 2632M->1733M(2868M) 5.814ms
[324.614s][info][gc,cpu         ] GC(337) User=0.02s Sys=0.00s Real=0.00s
[324.905s][info][gc,start       ] GC(338) Pause Young (Mixed) (G1 Evacuation Pause)
[324.905s][info][gc,task        ] GC(338) Using 4 workers of 4 for evacuation
[324.921s][info][gc,phases      ] GC(338)   Pre Evacuate Collection Set: 0.21ms
[324.921s][info][gc,phases      ] GC(338)   Merge Heap Roots: 0.07ms
[324.921s][info][gc,phases      ] GC(338)   Evacuate Collection Set: 15.72ms
[324.921s][info][gc,phases      ] GC(338)   Post Evacuate Collection Set: 0.45ms
[324.921s][info][gc,phases      ] GC(338)   Other: 0.05ms
[324.921s][info][gc,heap        ] GC(338) Eden regions: 326->0(233)
[324.921s][info][gc,heap        ] GC(338) Survivor regions: 23->44(44)
[324.921s][info][gc,heap        ] GC(338) Old regions: 232->350
[324.921s][info][gc,heap        ] GC(338) Humongous regions: 639->589
[324.921s][info][gc,metaspace   ] GC(338) Metaspace: 100333K(101376K)->100333K(101376K) NonClass: 78403K(78848K)->78403K(78848K) Class: 21929K(22528K)->21929K(22528K)
[324.921s][info][gc             ] GC(338) Pause Young (Mixed) (G1 Evacuation Pause) 2439M->1964M(2868M) 16.605ms
[324.921s][info][gc,cpu         ] GC(338) User=0.06s Sys=0.00s Real=0.02s
[324.982s][info][gc,start       ] GC(339) Pause Young (Concurrent Start) (G1 Humongous Allocation)
[324.982s][info][gc,task        ] GC(339) Using 4 workers of 4 for evacuation
[324.990s][info][gc,phases      ] GC(339)   Pre Evacuate Collection Set: 0.26ms
[324.990s][info][gc,phases      ] GC(339)   Merge Heap Roots: 0.04ms
[324.990s][info][gc,phases      ] GC(339)   Evacuate Collection Set: 6.83ms
[324.990s][info][gc,phases      ] GC(339)   Post Evacuate Collection Set: 0.58ms
[324.990s][info][gc,phases      ] GC(339)   Other: 0.04ms
[324.990s][info][gc,heap        ] GC(339) Eden regions: 95->0(198)
[324.990s][info][gc,heap        ] GC(339) Survivor regions: 44->35(35)
[324.990s][info][gc,heap        ] GC(339) Old regions: 350->407
[324.990s][info][gc,heap        ] GC(339) Humongous regions: 589->589
[324.990s][info][gc,metaspace   ] GC(339) Metaspace: 100333K(101376K)->100333K(101376K) NonClass: 78403K(78848K)->78403K(78848K) Class: 21929K(22528K)->21929K(22528K)
[324.990s][info][gc             ] GC(339) Pause Young (Concurrent Start) (G1 Humongous Allocation) 2154M->2061M(2868M) 7.848ms
[324.990s][info][gc,cpu         ] GC(339) User=0.03s Sys=0.00s Real=0.01s
[324.990s][info][gc             ] GC(340) Concurrent Mark Cycle
[324.990s][info][gc,marking     ] GC(340) Concurrent Scan Root Regions
[325.000s][info][gc,marking     ] GC(340) Concurrent Scan Root Regions 9.726ms
[325.000s][info][gc,marking     ] GC(340) Concurrent Mark
[325.000s][info][gc,marking     ] GC(340) Concurrent Mark From Roots
[325.000s][info][gc,task        ] GC(340) Using 1 workers of 1 for marking
[325.018s][info][gc,start       ] GC(341) Pause Young (Normal) (G1 Humongous Allocation)
[325.018s][info][gc,task        ] GC(341) Using 4 workers of 4 for evacuation
[325.021s][info][gc,phases      ] GC(341)   Pre Evacuate Collection Set: 0.11ms
[325.021s][info][gc,phases      ] GC(341)   Merge Heap Roots: 0.04ms
[325.021s][info][gc,phases      ] GC(341)   Evacuate Collection Set: 1.78ms
[325.021s][info][gc,phases      ] GC(341)   Post Evacuate Collection Set: 0.87ms
[325.021s][info][gc,phases      ] GC(341)   Other: 0.04ms
[325.021s][info][gc,heap        ] GC(341) Eden regions: 19->0(106)
[325.021s][info][gc,heap        ] GC(341) Survivor regions: 35->3(15)
[325.021s][info][gc,heap        ] GC(341) Old regions: 407->469
[325.021s][info][gc,heap        ] GC(341) Humongous regions: 958->745
[325.021s][info][gc,metaspace   ] GC(341) Metaspace: 100333K(101376K)->100333K(101376K) NonClass: 78403K(78848K)->78403K(78848K) Class: 21929K(22528K)->21929K(22528K)
[325.021s][info][gc             ] GC(341) Pause Young (Normal) (G1 Humongous Allocation) (Evacuation Failure: Allocation) 2837M->2433M(2868M) 2.925ms
[325.021s][info][gc,cpu         ] GC(341) User=0.01s Sys=0.00s Real=0.00s
[325.061s][info][gc,marking     ] GC(340) Concurrent Mark From Roots 61.285ms
[325.061s][info][gc,marking     ] GC(340) Concurrent Preclean
[325.061s][info][gc,marking     ] GC(340) Concurrent Preclean 0.089ms
[325.061s][info][gc,start       ] GC(340) Pause Remark
[325.064s][info][gc             ] GC(340) Pause Remark 2684M->2358M(2868M) 2.860ms
[325.064s][info][gc,cpu         ] GC(340) User=0.01s Sys=0.00s Real=0.00s
[325.064s][info][gc,marking     ] GC(340) Concurrent Mark 64.417ms
[325.064s][info][gc,marking     ] GC(340) Concurrent Rebuild Remembered Sets and Scrub Regions
[325.094s][info][gc,marking     ] GC(340) Concurrent Rebuild Remembered Sets and Scrub Regions 29.621ms
[325.094s][info][gc,start       ] GC(340) Pause Cleanup
[325.094s][info][gc             ] GC(340) Pause Cleanup 2456M->2456M(2868M) 0.103ms
[325.094s][info][gc,cpu         ] GC(340) User=0.00s Sys=0.00s Real=0.00s
[325.094s][info][gc,marking     ] GC(340) Concurrent Clear Claimed Marks
[325.094s][info][gc,marking     ] GC(340) Concurrent Clear Claimed Marks 0.112ms
[325.094s][info][gc,marking     ] GC(340) Concurrent Cleanup for Next Mark
[325.096s][info][gc,marking     ] GC(340) Concurrent Cleanup for Next Mark 1.227ms
[325.096s][info][gc             ] GC(340) Concurrent Mark Cycle 105.932ms
[325.110s][info][gc,start       ] GC(342) Pause Young (Prepare Mixed) (G1 Humongous Allocation)
[325.110s][info][gc,task        ] GC(342) Using 4 workers of 4 for evacuation
[325.114s][info][gc,phases      ] GC(342)   Pre Evacuate Collection Set: 0.22ms
[325.114s][info][gc,phases      ] GC(342)   Merge Heap Roots: 0.08ms
[325.114s][info][gc,phases      ] GC(342)   Evacuate Collection Set: 3.10ms
[325.114s][info][gc,phases      ] GC(342)   Post Evacuate Collection Set: 0.61ms
[325.114s][info][gc,phases      ] GC(342)   Other: 0.05ms
[325.114s][info][gc,heap        ] GC(342) Eden regions: 53->0(172)
[325.114s][info][gc,heap        ] GC(342) Survivor regions: 3->14(14)
[325.114s][info][gc,heap        ] GC(342) Old regions: 333->320
[325.114s][info][gc,heap        ] GC(342) Humongous regions: 952->774
[325.114s][info][gc,metaspace   ] GC(342) Metaspace: 100338K(101376K)->100338K(101376K) NonClass: 78406K(78848K)->78406K(78848K) Class: 21931K(22528K)->21931K(22528K)
[325.114s][info][gc             ] GC(342) Pause Young (Prepare Mixed) (G1 Humongous Allocation) 2680M->2214M(2868M) 4.166ms
[325.114s][info][gc,cpu         ] GC(342) User=0.02s Sys=0.00s Real=0.00s
[325.175s][info][gc,start       ] GC(343) Pause Young (Mixed) (G1 Humongous Allocation)
[325.175s][info][gc,task        ] GC(343) Using 4 workers of 4 for evacuation
[325.178s][info][gc,phases      ] GC(343)   Pre Evacuate Collection Set: 0.15ms
[325.178s][info][gc,phases      ] GC(343)   Merge Heap Roots: 0.04ms
[325.178s][info][gc,phases      ] GC(343)   Evacuate Collection Set: 1.84ms
[325.178s][info][gc,phases      ] GC(343)   Post Evacuate Collection Set: 0.38ms
[325.178s][info][gc,phases      ] GC(343)   Other: 0.04ms
[325.178s][info][gc,heap        ] GC(343) Eden regions: 22->0(176)
[325.178s][info][gc,heap        ] GC(343) Survivor regions: 14->21(24)
[325.178s][info][gc,heap        ] GC(343) Old regions: 320->317
[325.178s][info][gc,heap        ] GC(343) Humongous regions: 994->764
[325.178s][info][gc,metaspace   ] GC(343) Metaspace: 100342K(101376K)->100342K(101376K) NonClass: 78410K(78848K)->78410K(78848K) Class: 21931K(22528K)->21931K(22528K)
[325.178s][info][gc             ] GC(343) Pause Young (Mixed) (G1 Humongous Allocation) 2698M->2202M(2868M) 2.555ms
[325.178s][info][gc,cpu         ] GC(343) User=0.01s Sys=0.00s Real=0.01s
[325.179s][info][gc,start       ] GC(344) Pause Young (Concurrent Start) (G1 Humongous Allocation)
[325.179s][info][gc,task        ] GC(344) Using 4 workers of 4 for evacuation
[325.181s][info][gc,phases      ] GC(344)   Pre Evacuate Collection Set: 0.13ms
[325.181s][info][gc,phases      ] GC(344)   Merge Heap Roots: 0.03ms
[325.181s][info][gc,phases      ] GC(344)   Evacuate Collection Set: 1.47ms
[325.181s][info][gc,phases      ] GC(344)   Post Evacuate Collection Set: 0.49ms
[325.181s][info][gc,phases      ] GC(344)   Other: 0.07ms
[325.181s][info][gc,heap        ] GC(344) Eden regions: 2->0(192)
[325.181s][info][gc,heap        ] GC(344) Survivor regions: 21->9(25)
[325.181s][info][gc,heap        ] GC(344) Old regions: 317->330
[325.181s][info][gc,heap        ] GC(344) Humongous regions: 773->768
[325.181s][info][gc,metaspace   ] GC(344) Metaspace: 100342K(101376K)->100342K(101376K) NonClass: 78410K(78848K)->78410K(78848K) Class: 21931K(22528K)->21931K(22528K)
[325.181s][info][gc             ] GC(344) Pause Young (Concurrent Start) (G1 Humongous Allocation) 2224M->2212M(2868M) 2.281ms
[325.181s][info][gc,cpu         ] GC(344) User=0.01s Sys=0.00s Real=0.00s
[325.181s][info][gc             ] GC(345) Concurrent Mark Cycle
[325.181s][info][gc,marking     ] GC(345) Concurrent Scan Root Regions
[325.183s][info][gc,marking     ] GC(345) Concurrent Scan Root Regions 1.724ms
[325.183s][info][gc,marking     ] GC(345) Concurrent Mark
[325.183s][info][gc,marking     ] GC(345) Concurrent Mark From Roots
[325.183s][info][gc,task        ] GC(345) Using 1 workers of 1 for marking
[325.227s][info][gc,marking     ] GC(345) Concurrent Mark From Roots 44.297ms
[325.227s][info][gc,marking     ] GC(345) Concurrent Preclean
[325.227s][info][gc,marking     ] GC(345) Concurrent Preclean 0.101ms
[325.227s][info][gc,start       ] GC(345) Pause Remark
[325.230s][info][gc             ] GC(345) Pause Remark 2414M->1900M(2868M) 2.786ms
[325.230s][info][gc,cpu         ] GC(345) User=0.01s Sys=0.00s Real=0.00s
[325.230s][info][gc,marking     ] GC(345) Concurrent Mark 47.329ms
[325.230s][info][gc,marking     ] GC(345) Concurrent Rebuild Remembered Sets and Scrub Regions
[325.252s][info][gc,marking     ] GC(345) Concurrent Rebuild Remembered Sets and Scrub Regions 21.310ms
[325.252s][info][gc,start       ] GC(345) Pause Cleanup
[325.252s][info][gc             ] GC(345) Pause Cleanup 1900M->1900M(2868M) 0.087ms
[325.252s][info][gc,cpu         ] GC(345) User=0.00s Sys=0.00s Real=0.00s
[325.252s][info][gc,marking     ] GC(345) Concurrent Clear Claimed Marks
[325.252s][info][gc,marking     ] GC(345) Concurrent Clear Claimed Marks 0.112ms
[325.252s][info][gc,marking     ] GC(345) Concurrent Cleanup for Next Mark
[325.253s][info][gc,marking     ] GC(345) Concurrent Cleanup for Next Mark 1.142ms
[325.253s][info][gc             ] GC(345) Concurrent Mark Cycle 71.838ms
[326.956s][info][gc,start       ] GC(346) Pause Young (Prepare Mixed) (G1 Humongous Allocation)
[326.957s][info][gc,task        ] GC(346) Using 4 workers of 4 for evacuation
[326.963s][info][gc,phases      ] GC(346)   Pre Evacuate Collection Set: 0.25ms
[326.963s][info][gc,phases      ] GC(346)   Merge Heap Roots: 0.09ms
[326.963s][info][gc,phases      ] GC(346)   Evacuate Collection Set: 4.39ms
[326.963s][info][gc,phases      ] GC(346)   Post Evacuate Collection Set: 1.68ms
[326.963s][info][gc,phases      ] GC(346)   Other: 0.05ms
[326.963s][info][gc,heap        ] GC(346) Eden regions: 156->0(226)
[326.963s][info][gc,heap        ] GC(346) Survivor regions: 9->26(26)
[326.963s][info][gc,heap        ] GC(346) Old regions: 253->400
[326.963s][info][gc,heap        ] GC(346) Humongous regions: 975->636
[326.963s][info][gc,metaspace   ] GC(346) Metaspace: 100363K(101376K)->100363K(101376K) NonClass: 78431K(78848K)->78431K(78848K) Class: 21931K(22528K)->21931K(22528K)
[326.963s][info][gc             ] GC(346) Pause Young (Prepare Mixed) (G1 Humongous Allocation) (Evacuation Failure: Allocation) 2783M->2122M(2868M) 6.559ms
[326.963s][info][gc,cpu         ] GC(346) User=0.03s Sys=0.00s Real=0.00s
[327.176s][info][gc,start       ] GC(347) Pause Young (Mixed) (G1 Evacuation Pause)
[327.176s][info][gc,task        ] GC(347) Using 4 workers of 4 for evacuation
[327.188s][info][gc,phases      ] GC(347)   Pre Evacuate Collection Set: 0.20ms
[327.188s][info][gc,phases      ] GC(347)   Merge Heap Roots: 0.07ms
[327.188s][info][gc,phases      ] GC(347)   Evacuate Collection Set: 8.01ms
[327.188s][info][gc,phases      ] GC(347)   Post Evacuate Collection Set: 3.89ms
[327.188s][info][gc,phases      ] GC(347)   Other: 0.05ms
[327.188s][info][gc,heap        ] GC(347) Eden regions: 226->0(71)
[327.188s][info][gc,heap        ] GC(347) Survivor regions: 26->32(32)
[327.188s][info][gc,heap        ] GC(347) Old regions: 400->633
[327.188s][info][gc,heap        ] GC(347) Humongous regions: 697->628
[327.188s][info][gc,metaspace   ] GC(347) Metaspace: 100366K(101376K)->100366K(101376K) NonClass: 78434K(78848K)->78434K(78848K) Class: 21931K(22528K)->21931K(22528K)
[327.188s][info][gc             ] GC(347) Pause Young (Mixed) (G1 Evacuation Pause) (Evacuation Failure: Allocation) 2696M->2585M(2868M) 12.324ms
[327.188s][info][gc,cpu         ] GC(347) User=0.05s Sys=0.00s Real=0.01s
[327.229s][info][gc,start       ] GC(348) Pause Young (Concurrent Start) (G1 Evacuation Pause)
[327.229s][info][gc,task        ] GC(348) Using 4 workers of 4 for evacuation
[327.241s][info][gc,phases      ] GC(348)   Pre Evacuate Collection Set: 0.30ms
[327.241s][info][gc,phases      ] GC(348)   Merge Heap Roots: 0.09ms
[327.242s][info][gc,phases      ] GC(348)   Evacuate Collection Set: 6.84ms
[327.242s][info][gc,phases      ] GC(348)   Post Evacuate Collection Set: 4.79ms
[327.242s][info][gc,phases      ] GC(348)   Other: 0.05ms
[327.242s][info][gc,heap        ] GC(348) Eden regions: 71->0(31)
[327.242s][info][gc,heap        ] GC(348) Survivor regions: 32->13(13)
[327.242s][info][gc,heap        ] GC(348) Old regions: 633->765
[327.242s][info][gc,heap        ] GC(348) Humongous regions: 628->625
[327.242s][info][gc,metaspace   ] GC(348) Metaspace: 100366K(101376K)->100366K(101376K) NonClass: 78434K(78848K)->78434K(78848K) Class: 21931K(22528K)->21931K(22528K)
[327.242s][info][gc             ] GC(348) Pause Young (Concurrent Start) (G1 Evacuation Pause) (Evacuation Failure: Allocation) 2727M->2805M(2868M) 12.162ms
[327.242s][info][gc,cpu         ] GC(348) User=0.04s Sys=0.01s Real=0.01s
[327.242s][info][gc             ] GC(349) Concurrent Mark Cycle
[327.242s][info][gc,marking     ] GC(349) Concurrent Scan Root Regions
[327.253s][info][gc,marking     ] GC(349) Concurrent Scan Root Regions 11.239ms
[327.253s][info][gc,marking     ] GC(349) Concurrent Mark
[327.253s][info][gc,marking     ] GC(349) Concurrent Mark From Roots
[327.253s][info][gc,task        ] GC(349) Using 1 workers of 1 for marking
[327.258s][info][gc,start       ] GC(350) Pause Young (Normal) (G1 Evacuation Pause)
[327.258s][info][gc,task        ] GC(350) Using 4 workers of 4 for evacuation
[327.265s][info][gc,phases      ] GC(350)   Pre Evacuate Collection Set: 0.37ms
[327.265s][info][gc,phases      ] GC(350)   Merge Heap Roots: 0.16ms
[327.265s][info][gc,phases      ] GC(350)   Evacuate Collection Set: 2.04ms
[327.266s][info][gc,phases      ] GC(350)   Post Evacuate Collection Set: 4.96ms
[327.266s][info][gc,phases      ] GC(350)   Other: 0.06ms
[327.266s][info][gc,heap        ] GC(350) Eden regions: 31->0(1)
[327.266s][info][gc,heap        ] GC(350) Survivor regions: 13->0(0)
[327.266s][info][gc,heap        ] GC(350) Old regions: 765->809
[327.266s][info][gc,heap        ] GC(350) Humongous regions: 625->625
[327.266s][info][gc,metaspace   ] GC(350) Metaspace: 100366K(101376K)->100366K(101376K) NonClass: 78434K(78848K)->78434K(78848K) Class: 21931K(22528K)->21931K(22528K)
[327.266s][info][gc             ] GC(350) Pause Young (Normal) (G1 Evacuation Pause) (Evacuation Failure: Allocation) 2867M->2867M(2868M) 7.699ms
[327.266s][info][gc,cpu         ] GC(350) User=0.03s Sys=0.00s Real=0.00s
[327.266s][info][gc,ergo        ] Attempting full compaction
[327.266s][info][gc,start       ] GC(351) Pause Full (G1 Compaction Pause)
[327.266s][info][gc,task        ] GC(351) Using 4 workers of 4 for full compaction
[327.266s][info][gc,phases,start] GC(351) Phase 1: Mark live objects
[327.283s][info][gc,phases      ] GC(351) Phase 1: Mark live objects 16.857ms
[327.283s][info][gc,phases,start] GC(351) Phase 2: Prepare compaction
[327.285s][info][gc,phases      ] GC(351) Phase 2: Prepare compaction 2.251ms
[327.285s][info][gc,phases,start] GC(351) Phase 3: Adjust pointers
[327.294s][info][gc,phases      ] GC(351) Phase 3: Adjust pointers 8.316ms
[327.294s][info][gc,phases,start] GC(351) Phase 4: Compact heap
[327.300s][info][gc,phases      ] GC(351) Phase 4: Compact heap 6.798ms
[327.301s][info][gc,phases,start] GC(351) Phase 5: Reset Metadata
[327.304s][info][gc,phases      ] GC(351) Phase 5: Reset Metadata 3.561ms
[327.306s][info][gc,heap        ] GC(351) Eden regions: 0->0(389)
[327.306s][info][gc,heap        ] GC(351) Survivor regions: 0->0(0)
[327.306s][info][gc,heap        ] GC(351) Old regions: 809->217
[327.306s][info][gc,heap        ] GC(351) Humongous regions: 625->562
[327.306s][info][gc,metaspace   ] GC(351) Metaspace: 100366K(101376K)->100355K(101376K) NonClass: 78434K(78848K)->78425K(78848K) Class: 21931K(22528K)->21929K(22528K)
[327.306s][info][gc             ] GC(351) Pause Full (G1 Compaction Pause) 2867M->1552M(2868M) 40.662ms
[327.306s][info][gc,cpu         ] GC(351) User=0.15s Sys=0.00s Real=0.05s
[327.310s][info][gc,marking     ] GC(349) Concurrent Mark From Roots 57.074ms
[327.310s][info][gc,marking     ] GC(349) Concurrent Mark Abort
[327.310s][info][gc             ] GC(349) Concurrent Mark Cycle 68.406ms
[327.322s][info][gc,start       ] GC(352) Pause Young (Concurrent Start) (G1 Humongous Allocation)
[327.322s][info][gc,task        ] GC(352) Using 4 workers of 4 for evacuation
[327.326s][info][gc,phases      ] GC(352)   Pre Evacuate Collection Set: 0.17ms
[327.326s][info][gc,phases      ] GC(352)   Merge Heap Roots: 0.05ms
[327.326s][info][gc,phases      ] GC(352)   Evacuate Collection Set: 3.05ms
[327.326s][info][gc,phases      ] GC(352)   Post Evacuate Collection Set: 0.41ms
[327.326s][info][gc,phases      ] GC(352)   Other: 0.05ms
[327.326s][info][gc,heap        ] GC(352) Eden regions: 63->0(329)
[327.326s][info][gc,heap        ] GC(352) Survivor regions: 0->33(49)
[327.326s][info][gc,heap        ] GC(352) Old regions: 217->217
[327.326s][info][gc,heap        ] GC(352) Humongous regions: 562->562
[327.326s][info][gc,metaspace   ] GC(352) Metaspace: 100360K(101376K)->100360K(101376K) NonClass: 78429K(78848K)->78429K(78848K) Class: 21930K(22528K)->21930K(22528K)
[327.326s][info][gc             ] GC(352) Pause Young (Concurrent Start) (G1 Humongous Allocation) 1678M->1617M(2868M) 3.836ms
[327.326s][info][gc,cpu         ] GC(352) User=0.01s Sys=0.00s Real=0.01s
[327.326s][info][gc             ] GC(353) Concurrent Mark Cycle
[327.326s][info][gc,marking     ] GC(353) Concurrent Scan Root Regions
[327.329s][info][gc,marking     ] GC(353) Concurrent Scan Root Regions 3.052ms
[327.329s][info][gc,marking     ] GC(353) Concurrent Mark
[327.329s][info][gc,marking     ] GC(353) Concurrent Mark From Roots
[327.329s][info][gc,task        ] GC(353) Using 1 workers of 1 for marking
[327.388s][info][gc,marking     ] GC(353) Concurrent Mark From Roots 58.984ms
[327.388s][info][gc,marking     ] GC(353) Concurrent Preclean
[327.388s][info][gc,marking     ] GC(353) Concurrent Preclean 0.110ms
[327.389s][info][gc,start       ] GC(353) Pause Remark
[327.391s][info][gc             ] GC(353) Pause Remark 2318M->2318M(2868M) 2.271ms
[327.391s][info][gc,cpu         ] GC(353) User=0.01s Sys=0.00s Real=0.00s
[327.391s][info][gc,marking     ] GC(353) Concurrent Mark 62.329ms
[327.391s][info][gc,marking     ] GC(353) Concurrent Rebuild Remembered Sets and Scrub Regions
[327.420s][info][gc,marking     ] GC(353) Concurrent Rebuild Remembered Sets and Scrub Regions 29.059ms
[327.420s][info][gc,start       ] GC(353) Pause Cleanup
[327.421s][info][gc             ] GC(353) Pause Cleanup 2716M->2716M(2868M) 0.135ms
[327.421s][info][gc,cpu         ] GC(353) User=0.00s Sys=0.00s Real=0.00s
[327.421s][info][gc,marking     ] GC(353) Concurrent Clear Claimed Marks
[327.421s][info][gc,marking     ] GC(353) Concurrent Clear Claimed Marks 0.141ms
[327.421s][info][gc,marking     ] GC(353) Concurrent Cleanup for Next Mark
[327.422s][info][gc,marking     ] GC(353) Concurrent Cleanup for Next Mark 1.341ms
[327.422s][info][gc             ] GC(353) Concurrent Mark Cycle 96.250ms
[327.456s][info][gc,start       ] GC(354) Pause Young (Prepare Mixed) (G1 Humongous Allocation)
[327.456s][info][gc,task        ] GC(354) Using 4 workers of 4 for evacuation
[327.460s][info][gc,phases      ] GC(354)   Pre Evacuate Collection Set: 0.12ms
[327.460s][info][gc,phases      ] GC(354)   Merge Heap Roots: 0.07ms
[327.460s][info][gc,phases      ] GC(354)   Evacuate Collection Set: 2.47ms
[327.460s][info][gc,phases      ] GC(354)   Post Evacuate Collection Set: 1.62ms
[327.460s][info][gc,phases      ] GC(354)   Other: 0.05ms
[327.460s][info][gc,heap        ] GC(354) Eden regions: 95->0(192)
[327.460s][info][gc,heap        ] GC(354) Survivor regions: 33->8(16)
[327.460s][info][gc,heap        ] GC(354) Old regions: 217->348
[327.460s][info][gc,heap        ] GC(354) Humongous regions: 1073->738
[327.460s][info][gc,metaspace   ] GC(354) Metaspace: 100360K(101376K)->100360K(101376K) NonClass: 78429K(78848K)->78429K(78848K) Class: 21930K(22528K)->21930K(22528K)
[327.461s][info][gc             ] GC(354) Pause Young (Prepare Mixed) (G1 Humongous Allocation) (Evacuation Failure: Allocation) 2828M->2181M(2868M) 4.413ms
[327.461s][info][gc,cpu         ] GC(354) User=0.02s Sys=0.00s Real=0.00s
[327.536s][info][gc,start       ] GC(355) Pause Young (Mixed) (G1 Humongous Allocation)
[327.536s][info][gc,task        ] GC(355) Using 4 workers of 4 for evacuation
[327.542s][info][gc,phases      ] GC(355)   Pre Evacuate Collection Set: 0.17ms
[327.542s][info][gc,phases      ] GC(355)   Merge Heap Roots: 0.06ms
[327.542s][info][gc,phases      ] GC(355)   Evacuate Collection Set: 4.73ms
[327.542s][info][gc,phases      ] GC(355)   Post Evacuate Collection Set: 0.44ms
[327.542s][info][gc,phases      ] GC(355)   Other: 0.05ms
[327.542s][info][gc,heap        ] GC(355) Eden regions: 33->0(182)
[327.542s][info][gc,heap        ] GC(355) Survivor regions: 8->22(25)
[327.542s][info][gc,heap        ] GC(355) Old regions: 348->282
[327.542s][info][gc,heap        ] GC(355) Humongous regions: 950->804
[327.542s][info][gc,metaspace   ] GC(355) Metaspace: 100365K(101376K)->100365K(101376K) NonClass: 78433K(78848K)->78433K(78848K) Class: 21932K(22528K)->21932K(22528K)
[327.542s][info][gc             ] GC(355) Pause Young (Mixed) (G1 Humongous Allocation) 2670M->2210M(2868M) 5.556ms
[327.542s][info][gc,cpu         ] GC(355) User=0.02s Sys=0.00s Real=0.00s
[327.543s][info][gc,start       ] GC(356) Pause Young (Concurrent Start) (G1 Humongous Allocation)
[327.543s][info][gc,task        ] GC(356) Using 4 workers of 4 for evacuation
[327.545s][info][gc,phases      ] GC(356)   Pre Evacuate Collection Set: 0.17ms
[327.545s][info][gc,phases      ] GC(356)   Merge Heap Roots: 0.04ms
[327.545s][info][gc,phases      ] GC(356)   Evacuate Collection Set: 1.58ms
[327.545s][info][gc,phases      ] GC(356)   Post Evacuate Collection Set: 0.39ms
[327.545s][info][gc,phases      ] GC(356)   Other: 0.04ms
[327.545s][info][gc,heap        ] GC(356) Eden regions: 3->0(163)
[327.545s][info][gc,heap        ] GC(356) Survivor regions: 22->2(26)
[327.545s][info][gc,heap        ] GC(356) Old regions: 282->304
[327.545s][info][gc,heap        ] GC(356) Humongous regions: 820->812
[327.545s][info][gc,metaspace   ] GC(356) Metaspace: 100365K(101376K)->100365K(101376K) NonClass: 78433K(78848K)->78433K(78848K) Class: 21932K(22528K)->21932K(22528K)
[327.545s][info][gc             ] GC(356) Pause Young (Concurrent Start) (G1 Humongous Allocation) 2247M->2230M(2868M) 2.303ms
[327.545s][info][gc,cpu         ] GC(356) User=0.01s Sys=0.00s Real=0.00s
[327.545s][info][gc             ] GC(357) Concurrent Mark Cycle
[327.545s][info][gc,marking     ] GC(357) Concurrent Scan Root Regions
[327.548s][info][gc,marking     ] GC(357) Concurrent Scan Root Regions 2.988ms
[327.548s][info][gc,marking     ] GC(357) Concurrent Mark
[327.548s][info][gc,marking     ] GC(357) Concurrent Mark From Roots
[327.548s][info][gc,task        ] GC(357) Using 1 workers of 1 for marking
[327.597s][info][gc,marking     ] GC(357) Concurrent Mark From Roots 48.651ms
[327.597s][info][gc,marking     ] GC(357) Concurrent Preclean
[327.597s][info][gc,marking     ] GC(357) Concurrent Preclean 0.104ms
[327.597s][info][gc,start       ] GC(357) Pause Remark
[327.600s][info][gc             ] GC(357) Pause Remark 2662M->2158M(2868M) 2.334ms
[327.600s][info][gc,cpu         ] GC(357) User=0.01s Sys=0.00s Real=0.00s
[327.600s][info][gc,marking     ] GC(357) Concurrent Mark 51.278ms
[327.600s][info][gc,marking     ] GC(357) Concurrent Rebuild Remembered Sets and Scrub Regions
[327.624s][info][gc,marking     ] GC(357) Concurrent Rebuild Remembered Sets and Scrub Regions 24.494ms
[327.625s][info][gc,start       ] GC(357) Pause Cleanup
[327.625s][info][gc             ] GC(357) Pause Cleanup 2200M->2200M(2868M) 0.104ms
[327.625s][info][gc,cpu         ] GC(357) User=0.00s Sys=0.00s Real=0.00s
[327.625s][info][gc,marking     ] GC(357) Concurrent Clear Claimed Marks
[327.625s][info][gc,marking     ] GC(357) Concurrent Clear Claimed Marks 0.118ms
[327.625s][info][gc,marking     ] GC(357) Concurrent Cleanup for Next Mark
[327.627s][info][gc,marking     ] GC(357) Concurrent Cleanup for Next Mark 1.463ms
[327.627s][info][gc             ] GC(357) Concurrent Mark Cycle 81.368ms
[328.629s][info][gc,start       ] GC(358) Pause Young (Prepare Mixed) (G1 Humongous Allocation)
[328.629s][info][gc,task        ] GC(358) Using 4 workers of 4 for evacuation
[328.633s][info][gc,phases      ] GC(358)   Pre Evacuate Collection Set: 0.22ms
[328.633s][info][gc,phases      ] GC(358)   Merge Heap Roots: 0.12ms
[328.633s][info][gc,phases      ] GC(358)   Evacuate Collection Set: 2.70ms
[328.633s][info][gc,phases      ] GC(358)   Post Evacuate Collection Set: 0.69ms
[328.633s][info][gc,phases      ] GC(358)   Other: 0.09ms
[328.633s][info][gc,heap        ] GC(358) Eden regions: 69->0(227)
[328.633s][info][gc,heap        ] GC(358) Survivor regions: 2->21(21)
[328.633s][info][gc,heap        ] GC(358) Old regions: 286->288
[328.633s][info][gc,heap        ] GC(358) Humongous regions: 1054->673
[328.633s][info][gc,metaspace   ] GC(358) Metaspace: 100389K(101440K)->100389K(101440K) NonClass: 78456K(78912K)->78456K(78912K) Class: 21932K(22528K)->21932K(22528K)
[328.633s][info][gc             ] GC(358) Pause Young (Prepare Mixed) (G1 Humongous Allocation) 2816M->1959M(2868M) 3.937ms
[328.633s][info][gc,cpu         ] GC(358) User=0.01s Sys=0.00s Real=0.00s
[329.438s][info][gc,start       ] GC(359) Pause Young (Mixed) (G1 Evacuation Pause)
[329.438s][info][gc,task        ] GC(359) Using 4 workers of 4 for evacuation
[329.449s][info][gc,phases      ] GC(359)   Pre Evacuate Collection Set: 0.12ms
[329.449s][info][gc,phases      ] GC(359)   Merge Heap Roots: 0.05ms
[329.449s][info][gc,phases      ] GC(359)   Evacuate Collection Set: 10.26ms
[329.449s][info][gc,phases      ] GC(359)   Post Evacuate Collection Set: 0.55ms
[329.449s][info][gc,phases      ] GC(359)   Other: 0.05ms
[329.449s][info][gc,heap        ] GC(359) Eden regions: 227->0(204)
[329.449s][info][gc,heap        ] GC(359) Survivor regions: 21->31(31)
[329.449s][info][gc,heap        ] GC(359) Old regions: 288->355
[329.449s][info][gc,heap        ] GC(359) Humongous regions: 766->632
[329.449s][info][gc,metaspace   ] GC(359) Metaspace: 100392K(101440K)->100392K(101440K) NonClass: 78460K(78912K)->78460K(78912K) Class: 21932K(22528K)->21932K(22528K)
[329.449s][info][gc             ] GC(359) Pause Young (Mixed) (G1 Evacuation Pause) 2599M->2035M(2868M) 11.116ms
[329.449s][info][gc,cpu         ] GC(359) User=0.04s Sys=0.00s Real=0.01s
[329.459s][info][gc,start       ] GC(360) Pause Young (Concurrent Start) (G1 Humongous Allocation)
[329.459s][info][gc,task        ] GC(360) Using 4 workers of 4 for evacuation
[329.463s][info][gc,phases      ] GC(360)   Pre Evacuate Collection Set: 0.15ms
[329.463s][info][gc,phases      ] GC(360)   Merge Heap Roots: 0.04ms
[329.463s][info][gc,phases      ] GC(360)   Evacuate Collection Set: 3.04ms
[329.463s][info][gc,phases      ] GC(360)   Post Evacuate Collection Set: 0.33ms
[329.463s][info][gc,phases      ] GC(360)   Other: 0.04ms
[329.463s][info][gc,heap        ] GC(360) Eden regions: 19->0(193)
[329.463s][info][gc,heap        ] GC(360) Survivor regions: 31->11(30)
[329.463s][info][gc,heap        ] GC(360) Old regions: 355->387
[329.463s][info][gc,heap        ] GC(360) Humongous regions: 632->632
[329.463s][info][gc,metaspace   ] GC(360) Metaspace: 100392K(101440K)->100392K(101440K) NonClass: 78460K(78912K)->78460K(78912K) Class: 21932K(22528K)->21932K(22528K)
[329.463s][info][gc             ] GC(360) Pause Young (Concurrent Start) (G1 Humongous Allocation) 2073M->2057M(2868M) 3.694ms
[329.463s][info][gc,cpu         ] GC(360) User=0.01s Sys=0.00s Real=0.00s
[329.463s][info][gc             ] GC(361) Concurrent Mark Cycle
[329.463s][info][gc,marking     ] GC(361) Concurrent Scan Root Regions
[329.466s][info][gc,marking     ] GC(361) Concurrent Scan Root Regions 3.513ms
[329.466s][info][gc,marking     ] GC(361) Concurrent Mark
[329.466s][info][gc,marking     ] GC(361) Concurrent Mark From Roots
[329.466s][info][gc,task        ] GC(361) Using 1 workers of 1 for marking
[329.508s][info][gc,marking     ] GC(361) Concurrent Mark From Roots 41.684ms
[329.508s][info][gc,marking     ] GC(361) Concurrent Preclean
[329.508s][info][gc,marking     ] GC(361) Concurrent Preclean 0.109ms
[329.509s][info][gc,start       ] GC(361) Pause Remark
[329.512s][info][gc             ] GC(361) Pause Remark 2204M->1652M(2868M) 3.330ms
[329.512s][info][gc,cpu         ] GC(361) User=0.01s Sys=0.00s Real=0.00s
[329.512s][info][gc,marking     ] GC(361) Concurrent Mark 46.014ms
[329.512s][info][gc,marking     ] GC(361) Concurrent Rebuild Remembered Sets and Scrub Regions
[329.533s][info][gc,marking     ] GC(361) Concurrent Rebuild Remembered Sets and Scrub Regions 20.917ms
[329.534s][info][gc,start       ] GC(361) Pause Cleanup
[329.534s][info][gc             ] GC(361) Pause Cleanup 1720M->1720M(2868M) 0.082ms
[329.534s][info][gc,cpu         ] GC(361) User=0.00s Sys=0.00s Real=0.00s
[329.534s][info][gc,marking     ] GC(361) Concurrent Clear Claimed Marks
[329.534s][info][gc,marking     ] GC(361) Concurrent Clear Claimed Marks 0.121ms
[329.534s][info][gc,marking     ] GC(361) Concurrent Cleanup for Next Mark
[329.535s][info][gc,marking     ] GC(361) Concurrent Cleanup for Next Mark 1.125ms
[329.535s][info][gc             ] GC(361) Concurrent Mark Cycle 72.643ms
[329.613s][info][gc,start       ] GC(362) Pause Young (Prepare Mixed) (G1 Evacuation Pause)
[329.613s][info][gc,task        ] GC(362) Using 4 workers of 4 for evacuation
[329.622s][info][gc,phases      ] GC(362)   Pre Evacuate Collection Set: 0.13ms
[329.622s][info][gc,phases      ] GC(362)   Merge Heap Roots: 0.08ms
[329.622s][info][gc,phases      ] GC(362)   Evacuate Collection Set: 8.84ms
[329.622s][info][gc,phases      ] GC(362)   Post Evacuate Collection Set: 0.52ms
[329.622s][info][gc,phases      ] GC(362)   Other: 0.05ms
[329.623s][info][gc,heap        ] GC(362) Eden regions: 193->0(278)
[329.623s][info][gc,heap        ] GC(362) Survivor regions: 11->26(26)
[329.623s][info][gc,heap        ] GC(362) Old regions: 181->260
[329.623s][info][gc,heap        ] GC(362) Humongous regions: 574->562
[329.623s][info][gc,metaspace   ] GC(362) Metaspace: 100392K(101440K)->100392K(101440K) NonClass: 78460K(78912K)->78460K(78912K) Class: 21932K(22528K)->21932K(22528K)
[329.623s][info][gc             ] GC(362) Pause Young (Prepare Mixed) (G1 Evacuation Pause) 1915M->1695M(2868M) 9.718ms
[329.623s][info][gc,cpu         ] GC(362) User=0.04s Sys=0.00s Real=0.01s
[329.746s][info][gc,start       ] GC(363) Pause Young (Mixed) (G1 Humongous Allocation)
[329.746s][info][gc,task        ] GC(363) Using 4 workers of 4 for evacuation
[329.750s][info][gc,phases      ] GC(363)   Pre Evacuate Collection Set: 0.11ms
[329.750s][info][gc,phases      ] GC(363)   Merge Heap Roots: 0.04ms
[329.750s][info][gc,phases      ] GC(363)   Evacuate Collection Set: 1.95ms
[329.750s][info][gc,phases      ] GC(363)   Post Evacuate Collection Set: 2.14ms
[329.750s][info][gc,phases      ] GC(363)   Other: 0.05ms
[329.750s][info][gc,heap        ] GC(363) Eden regions: 132->0(173)
[329.750s][info][gc,heap        ] GC(363) Survivor regions: 26->3(5)
[329.750s][info][gc,heap        ] GC(363) Old regions: 260->411
[329.750s][info][gc,heap        ] GC(363) Humongous regions: 1011->676
[329.750s][info][gc,metaspace   ] GC(363) Metaspace: 100395K(101440K)->100395K(101440K) NonClass: 78463K(78912K)->78463K(78912K) Class: 21932K(22528K)->21932K(22528K)
[329.750s][info][gc             ] GC(363) Pause Young (Mixed) (G1 Humongous Allocation) (Evacuation Failure: Allocation) 2856M->2179M(2868M) 4.373ms
[329.750s][info][gc,cpu         ] GC(363) User=0.01s Sys=0.00s Real=0.00s
[329.751s][info][gc,start       ] GC(364) Pause Young (Concurrent Start) (G1 Humongous Allocation)
[329.751s][info][gc,task        ] GC(364) Using 4 workers of 4 for evacuation
[329.757s][info][gc,phases      ] GC(364)   Pre Evacuate Collection Set: 0.21ms
[329.757s][info][gc,phases      ] GC(364)   Merge Heap Roots: 0.09ms
[329.757s][info][gc,phases      ] GC(364)   Evacuate Collection Set: 5.03ms
[329.757s][info][gc,phases      ] GC(364)   Post Evacuate Collection Set: 0.55ms
[329.757s][info][gc,phases      ] GC(364)   Other: 0.09ms
[329.757s][info][gc,heap        ] GC(364) Eden regions: 3->0(231)
[329.757s][info][gc,heap        ] GC(364) Survivor regions: 3->4(22)
[329.757s][info][gc,heap        ] GC(364) Old regions: 411->335
[329.757s][info][gc,heap        ] GC(364) Humongous regions: 679->672
[329.757s][info][gc,metaspace   ] GC(364) Metaspace: 100395K(101440K)->100395K(101440K) NonClass: 78463K(78912K)->78463K(78912K) Class: 21932K(22528K)->21932K(22528K)
[329.757s][info][gc             ] GC(364) Pause Young (Concurrent Start) (G1 Humongous Allocation) 2190M->2020M(2868M) 6.043ms
[329.757s][info][gc,cpu         ] GC(364) User=0.03s Sys=0.00s Real=0.01s
[329.757s][info][gc             ] GC(365) Concurrent Mark Cycle
[329.757s][info][gc,marking     ] GC(365) Concurrent Scan Root Regions
[329.763s][info][gc,marking     ] GC(365) Concurrent Scan Root Regions 6.155ms
[329.763s][info][gc,marking     ] GC(365) Concurrent Mark
[329.763s][info][gc,marking     ] GC(365) Concurrent Mark From Roots
[329.763s][info][gc,task        ] GC(365) Using 1 workers of 1 for marking
[329.815s][info][gc,marking     ] GC(365) Concurrent Mark From Roots 51.479ms
[329.815s][info][gc,marking     ] GC(365) Concurrent Preclean
[329.815s][info][gc,marking     ] GC(365) Concurrent Preclean 0.096ms
[329.815s][info][gc,start       ] GC(365) Pause Remark
[329.818s][info][gc             ] GC(365) Pause Remark 2458M->2264M(2868M) 3.361ms
[329.818s][info][gc,cpu         ] GC(365) User=0.01s Sys=0.00s Real=0.01s
[329.818s][info][gc,marking     ] GC(365) Concurrent Mark 55.066ms
[329.818s][info][gc,marking     ] GC(365) Concurrent Rebuild Remembered Sets and Scrub Regions
[329.847s][info][gc,marking     ] GC(365) Concurrent Rebuild Remembered Sets and Scrub Regions 28.665ms
[329.847s][info][gc,start       ] GC(365) Pause Cleanup
[329.847s][info][gc             ] GC(365) Pause Cleanup 2442M->2442M(2868M) 0.106ms
[329.847s][info][gc,cpu         ] GC(365) User=0.00s Sys=0.00s Real=0.00s
[329.847s][info][gc,marking     ] GC(365) Concurrent Clear Claimed Marks
[329.847s][info][gc,marking     ] GC(365) Concurrent Clear Claimed Marks 0.109ms
[329.847s][info][gc,marking     ] GC(365) Concurrent Cleanup for Next Mark
[329.848s][info][gc,marking     ] GC(365) Concurrent Cleanup for Next Mark 1.157ms
[329.848s][info][gc             ] GC(365) Concurrent Mark Cycle 91.441ms
[329.909s][info][gc,start       ] GC(366) Pause Young (Prepare Mixed) (G1 Humongous Allocation)
[329.909s][info][gc,task        ] GC(366) Using 4 workers of 4 for evacuation
[329.913s][info][gc,phases      ] GC(366)   Pre Evacuate Collection Set: 0.26ms
[329.913s][info][gc,phases      ] GC(366)   Merge Heap Roots: 0.11ms
[329.913s][info][gc,phases      ] GC(366)   Evacuate Collection Set: 1.93ms
[329.913s][info][gc,phases      ] GC(366)   Post Evacuate Collection Set: 1.10ms
[329.913s][info][gc,phases      ] GC(366)   Other: 0.04ms
[329.913s][info][gc,heap        ] GC(366) Eden regions: 57->0(188)
[329.913s][info][gc,heap        ] GC(366) Survivor regions: 4->18(18)
[329.913s][info][gc,heap        ] GC(366) Old regions: 328->386
[329.913s][info][gc,heap        ] GC(366) Humongous regions: 1027->706
[329.913s][info][gc,metaspace   ] GC(366) Metaspace: 100395K(101440K)->100395K(101440K) NonClass: 78463K(78912K)->78463K(78912K) Class: 21932K(22528K)->21932K(22528K)
[329.913s][info][gc             ] GC(366) Pause Young (Prepare Mixed) (G1 Humongous Allocation) (Evacuation Failure: Allocation) 2829M->2219M(2868M) 3.531ms
[329.913s][info][gc,cpu         ] GC(366) User=0.01s Sys=0.00s Real=0.00s
[330.751s][info][gc,start       ] GC(367) Pause Young (Mixed) (G1 Humongous Allocation)
[330.751s][info][gc,task        ] GC(367) Using 4 workers of 4 for evacuation
[330.755s][info][gc,phases      ] GC(367)   Pre Evacuate Collection Set: 0.20ms
[330.755s][info][gc,phases      ] GC(367)   Merge Heap Roots: 0.06ms
[330.755s][info][gc,phases      ] GC(367)   Evacuate Collection Set: 3.11ms
[330.755s][info][gc,phases      ] GC(367)   Post Evacuate Collection Set: 0.47ms
[330.755s][info][gc,phases      ] GC(367)   Other: 0.05ms
[330.755s][info][gc,heap        ] GC(367) Eden regions: 36->0(197)
[330.755s][info][gc,heap        ] GC(367) Survivor regions: 18->17(26)
[330.755s][info][gc,heap        ] GC(367) Old regions: 386->346
[330.755s][info][gc,heap        ] GC(367) Humongous regions: 949->727
[330.755s][info][gc,metaspace   ] GC(367) Metaspace: 100395K(101440K)->100395K(101440K) NonClass: 78463K(78912K)->78463K(78912K) Class: 21932K(22528K)->21932K(22528K)
[330.755s][info][gc             ] GC(367) Pause Young (Mixed) (G1 Humongous Allocation) 2776M->2178M(2868M) 3.972ms
[330.755s][info][gc,cpu         ] GC(367) User=0.01s Sys=0.00s Real=0.00s
[330.775s][info][gc,start       ] GC(368) Pause Young (Concurrent Start) (G1 Humongous Allocation)
[330.775s][info][gc,task        ] GC(368) Using 4 workers of 4 for evacuation
[330.777s][info][gc,phases      ] GC(368)   Pre Evacuate Collection Set: 0.15ms
[330.777s][info][gc,phases      ] GC(368)   Merge Heap Roots: 0.04ms
[330.777s][info][gc,phases      ] GC(368)   Evacuate Collection Set: 1.30ms
[330.777s][info][gc,phases      ] GC(368)   Post Evacuate Collection Set: 0.33ms
[330.777s][info][gc,phases      ] GC(368)   Other: 0.04ms
[330.777s][info][gc,heap        ] GC(368) Eden regions: 4->0(200)
[330.777s][info][gc,heap        ] GC(368) Survivor regions: 17->3(27)
[330.777s][info][gc,heap        ] GC(368) Old regions: 346->363
[330.777s][info][gc,heap        ] GC(368) Humongous regions: 730->724
[330.777s][info][gc,metaspace   ] GC(368) Metaspace: 100395K(101440K)->100395K(101440K) NonClass: 78463K(78912K)->78463K(78912K) Class: 21932K(22528K)->21932K(22528K)
[330.777s][info][gc             ] GC(368) Pause Young (Concurrent Start) (G1 Humongous Allocation) 2192M->2177M(2868M) 1.948ms
[330.777s][info][gc,cpu         ] GC(368) User=0.01s Sys=0.00s Real=0.01s
[330.777s][info][gc             ] GC(369) Concurrent Mark Cycle
[330.777s][info][gc,marking     ] GC(369) Concurrent Scan Root Regions
[330.779s][info][gc,marking     ] GC(369) Concurrent Scan Root Regions 2.072ms
[330.779s][info][gc,marking     ] GC(369) Concurrent Mark
[330.779s][info][gc,marking     ] GC(369) Concurrent Mark From Roots
[330.779s][info][gc,task        ] GC(369) Using 1 workers of 1 for marking
[330.815s][info][gc,marking     ] GC(369) Concurrent Mark From Roots 36.379ms
[330.815s][info][gc,marking     ] GC(369) Concurrent Preclean
[330.815s][info][gc,marking     ] GC(369) Concurrent Preclean 0.090ms
[330.815s][info][gc,start       ] GC(369) Pause Remark
[330.818s][info][gc             ] GC(369) Pause Remark 2215M->1449M(2868M) 2.381ms
[330.818s][info][gc,cpu         ] GC(369) User=0.00s Sys=0.00s Real=0.01s
[330.818s][info][gc,marking     ] GC(369) Concurrent Mark 38.964ms
[330.818s][info][gc,marking     ] GC(369) Concurrent Rebuild Remembered Sets and Scrub Regions
[330.835s][info][gc,marking     ] GC(369) Concurrent Rebuild Remembered Sets and Scrub Regions 17.152ms
[330.835s][info][gc,start       ] GC(369) Pause Cleanup
[330.835s][info][gc             ] GC(369) Pause Cleanup 1489M->1489M(2868M) 0.072ms
[330.835s][info][gc,cpu         ] GC(369) User=0.00s Sys=0.00s Real=0.00s
[330.835s][info][gc,marking     ] GC(369) Concurrent Clear Claimed Marks
[330.835s][info][gc,marking     ] GC(369) Concurrent Clear Claimed Marks 0.104ms
[330.835s][info][gc,marking     ] GC(369) Concurrent Cleanup for Next Mark
[330.836s][info][gc,marking     ] GC(369) Concurrent Cleanup for Next Mark 1.303ms
[330.836s][info][gc             ] GC(369) Concurrent Mark Cycle 59.807ms
[331.841s][info][gc,start       ] GC(370) Pause Young (Prepare Mixed) (G1 Evacuation Pause)
[331.841s][info][gc,task        ] GC(370) Using 4 workers of 4 for evacuation
[331.850s][info][gc,phases      ] GC(370)   Pre Evacuate Collection Set: 0.27ms
[331.850s][info][gc,phases      ] GC(370)   Merge Heap Roots: 0.12ms
[331.850s][info][gc,phases      ] GC(370)   Evacuate Collection Set: 8.39ms
[331.850s][info][gc,phases      ] GC(370)   Post Evacuate Collection Set: 0.56ms
[331.850s][info][gc,phases      ] GC(370)   Other: 0.06ms
[331.850s][info][gc,heap        ] GC(370) Eden regions: 200->0(332)
[331.850s][info][gc,heap        ] GC(370) Survivor regions: 3->26(26)
[331.850s][info][gc,heap        ] GC(370) Old regions: 142->207
[331.850s][info][gc,heap        ] GC(370) Humongous regions: 740->607
[331.850s][info][gc,metaspace   ] GC(370) Metaspace: 100401K(101440K)->100401K(101440K) NonClass: 78469K(78912K)->78469K(78912K) Class: 21932K(22528K)->21932K(22528K)
[331.850s][info][gc             ] GC(370) Pause Young (Prepare Mixed) (G1 Evacuation Pause) 2167M->1679M(2868M) 9.493ms
[331.850s][info][gc,cpu         ] GC(370) User=0.03s Sys=0.00s Real=0.01s
[332.117s][info][gc,start       ] GC(371) Pause Young (Mixed) (G1 Evacuation Pause)
[332.117s][info][gc,task        ] GC(371) Using 4 workers of 4 for evacuation
[332.133s][info][gc,phases      ] GC(371)   Pre Evacuate Collection Set: 0.13ms
[332.133s][info][gc,phases      ] GC(371)   Merge Heap Roots: 0.08ms
[332.133s][info][gc,phases      ] GC(371)   Evacuate Collection Set: 15.45ms
[332.133s][info][gc,phases      ] GC(371)   Post Evacuate Collection Set: 0.70ms
[332.133s][info][gc,phases      ] GC(371)   Other: 0.06ms
[332.133s][info][gc,heap        ] GC(371) Eden regions: 332->0(224)
[332.133s][info][gc,heap        ] GC(371) Survivor regions: 26->45(45)
[332.133s][info][gc,heap        ] GC(371) Old regions: 207->341
[332.133s][info][gc,heap        ] GC(371) Humongous regions: 677->607
[332.133s][info][gc,metaspace   ] GC(371) Metaspace: 100401K(101440K)->100401K(101440K) NonClass: 78469K(78912K)->78469K(78912K) Class: 21932K(22528K)->21932K(22528K)
[332.133s][info][gc             ] GC(371) Pause Young (Mixed) (G1 Evacuation Pause) 2483M->1984M(2868M) 16.515ms
[332.134s][info][gc,cpu         ] GC(371) User=0.06s Sys=0.00s Real=0.01s
[332.135s][info][gc,start       ] GC(372) Pause Young (Concurrent Start) (G1 Humongous Allocation)
[332.135s][info][gc,task        ] GC(372) Using 4 workers of 4 for evacuation
[332.139s][info][gc,phases      ] GC(372)   Pre Evacuate Collection Set: 0.28ms
[332.139s][info][gc,phases      ] GC(372)   Merge Heap Roots: 0.09ms
[332.139s][info][gc,phases      ] GC(372)   Evacuate Collection Set: 3.32ms
[332.139s][info][gc,phases      ] GC(372)   Post Evacuate Collection Set: 0.39ms
[332.139s][info][gc,phases      ] GC(372)   Other: 0.06ms
[332.139s][info][gc,heap        ] GC(372) Eden regions: 12->0(211)
[332.139s][info][gc,heap        ] GC(372) Survivor regions: 45->6(34)
[332.139s][info][gc,heap        ] GC(372) Old regions: 341->387
[332.139s][info][gc,heap        ] GC(372) Humongous regions: 607->607
[332.139s][info][gc,metaspace   ] GC(372) Metaspace: 100401K(101440K)->100401K(101440K) NonClass: 78469K(78912K)->78469K(78912K) Class: 21932K(22528K)->21932K(22528K)
[332.139s][info][gc             ] GC(372) Pause Young (Concurrent Start) (G1 Humongous Allocation) 2007M->1998M(2868M) 4.221ms
[332.139s][info][gc,cpu         ] GC(372) User=0.02s Sys=0.00s Real=0.01s
[332.139s][info][gc             ] GC(373) Concurrent Mark Cycle
[332.139s][info][gc,marking     ] GC(373) Concurrent Scan Root Regions
[332.145s][info][gc,marking     ] GC(373) Concurrent Scan Root Regions 5.917ms
[332.145s][info][gc,marking     ] GC(373) Concurrent Mark
[332.145s][info][gc,marking     ] GC(373) Concurrent Mark From Roots
[332.145s][info][gc,task        ] GC(373) Using 1 workers of 1 for marking
[332.198s][info][gc,marking     ] GC(373) Concurrent Mark From Roots 53.151ms
[332.198s][info][gc,marking     ] GC(373) Concurrent Preclean
[332.199s][info][gc,marking     ] GC(373) Concurrent Preclean 0.263ms
[332.200s][info][gc,start       ] GC(373) Pause Remark
[332.203s][info][gc             ] GC(373) Pause Remark 2497M->2271M(2868M) 3.300ms
[332.203s][info][gc,cpu         ] GC(373) User=0.01s Sys=0.00s Real=0.00s
[332.203s][info][gc,marking     ] GC(373) Concurrent Mark 58.292ms
[332.204s][info][gc,marking     ] GC(373) Concurrent Rebuild Remembered Sets and Scrub Regions
[332.221s][info][gc,start       ] GC(374) Pause Young (Normal) (G1 Humongous Allocation)
[332.221s][info][gc,task        ] GC(374) Using 4 workers of 4 for evacuation
[332.225s][info][gc,phases      ] GC(374)   Pre Evacuate Collection Set: 0.18ms
[332.225s][info][gc,phases      ] GC(374)   Merge Heap Roots: 0.07ms
[332.225s][info][gc,phases      ] GC(374)   Evacuate Collection Set: 2.81ms
[332.225s][info][gc,phases      ] GC(374)   Post Evacuate Collection Set: 0.59ms
[332.225s][info][gc,phases      ] GC(374)   Other: 0.09ms
[332.225s][info][gc,heap        ] GC(374) Eden regions: 65->0(165)
[332.225s][info][gc,heap        ] GC(374) Survivor regions: 6->28(28)
[332.225s][info][gc,heap        ] GC(374) Old regions: 319->323
[332.225s][info][gc,heap        ] GC(374) Humongous regions: 1007->744
[332.225s][info][gc,metaspace   ] GC(374) Metaspace: 100401K(101440K)->100401K(101440K) NonClass: 78469K(78912K)->78469K(78912K) Class: 21932K(22528K)->21932K(22528K)
[332.225s][info][gc             ] GC(374) Pause Young (Normal) (G1 Humongous Allocation) 2792M->2188M(2868M) 3.860ms
[332.225s][info][gc,cpu         ] GC(374) User=0.01s Sys=0.00s Real=0.00s
[332.247s][info][gc,marking     ] GC(373) Concurrent Rebuild Remembered Sets and Scrub Regions 43.095ms
[332.247s][info][gc,start       ] GC(373) Pause Cleanup
[332.247s][info][gc             ] GC(373) Pause Cleanup 2488M->2488M(2868M) 0.109ms
[332.247s][info][gc,cpu         ] GC(373) User=0.00s Sys=0.00s Real=0.00s
[332.247s][info][gc,marking     ] GC(373) Concurrent Clear Claimed Marks
[332.247s][info][gc,marking     ] GC(373) Concurrent Clear Claimed Marks 0.131ms
[332.247s][info][gc,marking     ] GC(373) Concurrent Cleanup for Next Mark
[332.248s][info][gc,marking     ] GC(373) Concurrent Cleanup for Next Mark 1.398ms
[332.248s][info][gc             ] GC(373) Concurrent Mark Cycle 109.163ms
[332.303s][info][gc,start       ] GC(375) Pause Young (Prepare Mixed) (G1 Humongous Allocation)
[332.303s][info][gc,task        ] GC(375) Using 4 workers of 4 for evacuation
[332.307s][info][gc,phases      ] GC(375)   Pre Evacuate Collection Set: 0.24ms
[332.307s][info][gc,phases      ] GC(375)   Merge Heap Roots: 0.07ms
[332.307s][info][gc,phases      ] GC(375)   Evacuate Collection Set: 2.91ms
[332.307s][info][gc,phases      ] GC(375)   Post Evacuate Collection Set: 0.43ms
[332.307s][info][gc,phases      ] GC(375)   Other: 0.05ms
[332.307s][info][gc,heap        ] GC(375) Eden regions: 27->0(142)
[332.307s][info][gc,heap        ] GC(375) Survivor regions: 28->12(25)
[332.307s][info][gc,heap        ] GC(375) Old regions: 323->352
[332.307s][info][gc,heap        ] GC(375) Humongous regions: 1011->790
[332.307s][info][gc,metaspace   ] GC(375) Metaspace: 100401K(101440K)->100401K(101440K) NonClass: 78469K(78912K)->78469K(78912K) Class: 21932K(22528K)->21932K(22528K)
[332.307s][info][gc             ] GC(375) Pause Young (Prepare Mixed) (G1 Humongous Allocation) 2776M->2305M(2868M) 3.783ms
[332.307s][info][gc,cpu         ] GC(375) User=0.01s Sys=0.00s Real=0.01s
[332.962s][info][gc,start       ] GC(376) Pause Young (Mixed) (G1 Humongous Allocation)
[332.962s][info][gc,task        ] GC(376) Using 4 workers of 4 for evacuation
[332.965s][info][gc,phases      ] GC(376)   Pre Evacuate Collection Set: 0.11ms
[332.965s][info][gc,phases      ] GC(376)   Merge Heap Roots: 0.04ms
[332.965s][info][gc,phases      ] GC(376)   Evacuate Collection Set: 1.96ms
[332.965s][info][gc,phases      ] GC(376)   Post Evacuate Collection Set: 0.38ms
[332.965s][info][gc,phases      ] GC(376)   Other: 0.04ms
[332.965s][info][gc,heap        ] GC(376) Eden regions: 34->0(140)
[332.965s][info][gc,heap        ] GC(376) Survivor regions: 12->15(20)
[332.965s][info][gc,heap        ] GC(376) Old regions: 352->348
[332.965s][info][gc,heap        ] GC(376) Humongous regions: 1007->796
[332.965s][info][gc,metaspace   ] GC(376) Metaspace: 100401K(101440K)->100401K(101440K) NonClass: 78469K(78912K)->78469K(78912K) Class: 21932K(22528K)->21932K(22528K)
[332.965s][info][gc             ] GC(376) Pause Young (Mixed) (G1 Humongous Allocation) 2806M->2316M(2868M) 2.608ms
[332.965s][info][gc,cpu         ] GC(376) User=0.01s Sys=0.00s Real=0.00s
[332.966s][info][gc,start       ] GC(377) Pause Young (Concurrent Start) (G1 Humongous Allocation)
[332.966s][info][gc,task        ] GC(377) Using 4 workers of 4 for evacuation
[332.968s][info][gc,phases      ] GC(377)   Pre Evacuate Collection Set: 0.13ms
[332.968s][info][gc,phases      ] GC(377)   Merge Heap Roots: 0.03ms
[332.968s][info][gc,phases      ] GC(377)   Evacuate Collection Set: 1.08ms
[332.968s][info][gc,phases      ] GC(377)   Post Evacuate Collection Set: 0.28ms
[332.968s][info][gc,phases      ] GC(377)   Other: 0.03ms
[332.968s][info][gc,heap        ] GC(377) Eden regions: 1->0(149)
[332.968s][info][gc,heap        ] GC(377) Survivor regions: 15->2(20)
[332.968s][info][gc,heap        ] GC(377) Old regions: 348->363
[332.968s][info][gc,heap        ] GC(377) Humongous regions: 799->799
[332.968s][info][gc,metaspace   ] GC(377) Metaspace: 100401K(101440K)->100401K(101440K) NonClass: 78469K(78912K)->78469K(78912K) Class: 21932K(22528K)->21932K(22528K)
[332.968s][info][gc             ] GC(377) Pause Young (Concurrent Start) (G1 Humongous Allocation) 2324M->2327M(2868M) 1.602ms
[332.968s][info][gc,cpu         ] GC(377) User=0.01s Sys=0.00s Real=0.00s
[332.968s][info][gc             ] GC(378) Concurrent Mark Cycle
[332.968s][info][gc,marking     ] GC(378) Concurrent Scan Root Regions
[332.969s][info][gc,marking     ] GC(378) Concurrent Scan Root Regions 1.672ms
[332.969s][info][gc,marking     ] GC(378) Concurrent Mark
[332.969s][info][gc,marking     ] GC(378) Concurrent Mark From Roots
[332.969s][info][gc,task        ] GC(378) Using 1 workers of 1 for marking
[333.007s][info][gc,marking     ] GC(378) Concurrent Mark From Roots 37.960ms
[333.007s][info][gc,marking     ] GC(378) Concurrent Preclean
[333.007s][info][gc,marking     ] GC(378) Concurrent Preclean 0.085ms
[333.008s][info][gc,start       ] GC(378) Pause Remark
[333.010s][info][gc             ] GC(378) Pause Remark 2350M->1550M(2868M) 2.787ms
[333.010s][info][gc,cpu         ] GC(378) User=0.00s Sys=0.00s Real=0.00s
[333.010s][info][gc,marking     ] GC(378) Concurrent Mark 40.935ms
[333.010s][info][gc,marking     ] GC(378) Concurrent Rebuild Remembered Sets and Scrub Regions
[333.028s][info][gc,marking     ] GC(378) Concurrent Rebuild Remembered Sets and Scrub Regions 17.642ms
[333.028s][info][gc,start       ] GC(378) Pause Cleanup
[333.028s][info][gc             ] GC(378) Pause Cleanup 1552M->1552M(2868M) 0.061ms
[333.028s][info][gc,cpu         ] GC(378) User=0.00s Sys=0.00s Real=0.00s
[333.028s][info][gc,marking     ] GC(378) Concurrent Clear Claimed Marks
[333.028s][info][gc,marking     ] GC(378) Concurrent Clear Claimed Marks 0.092ms
[333.028s][info][gc,marking     ] GC(378) Concurrent Cleanup for Next Mark
[333.029s][info][gc,marking     ] GC(378) Concurrent Cleanup for Next Mark 1.016ms
[333.029s][info][gc             ] GC(378) Concurrent Mark Cycle 61.542ms
[334.179s][info][gc,start       ] GC(379) Pause Young (Prepare Mixed) (G1 Evacuation Pause)
[334.179s][info][gc,task        ] GC(379) Using 4 workers of 4 for evacuation
[334.184s][info][gc,phases      ] GC(379)   Pre Evacuate Collection Set: 0.16ms
[334.184s][info][gc,phases      ] GC(379)   Merge Heap Roots: 0.10ms
[334.184s][info][gc,phases      ] GC(379)   Evacuate Collection Set: 4.38ms
[334.184s][info][gc,phases      ] GC(379)   Post Evacuate Collection Set: 0.46ms
[334.184s][info][gc,phases      ] GC(379)   Other: 0.05ms
[334.184s][info][gc,heap        ] GC(379) Eden regions: 149->0(342)
[334.184s][info][gc,heap        ] GC(379) Survivor regions: 2->19(19)
[334.184s][info][gc,heap        ] GC(379) Old regions: 197->227
[334.184s][info][gc,heap        ] GC(379) Humongous regions: 902->607
[334.184s][info][gc,metaspace   ] GC(379) Metaspace: 100407K(101440K)->100407K(101440K) NonClass: 78475K(78912K)->78475K(78912K) Class: 21932K(22528K)->21932K(22528K)
[334.184s][info][gc             ] GC(379) Pause Young (Prepare Mixed) (G1 Evacuation Pause) 2499M->1705M(2868M) 5.236ms
[334.184s][info][gc,cpu         ] GC(379) User=0.01s Sys=0.00s Real=0.00s
[334.495s][info][gc,start       ] GC(380) Pause Young (Mixed) (G1 Evacuation Pause)
[334.495s][info][gc,task        ] GC(380) Using 4 workers of 4 for evacuation
[334.511s][info][gc,phases      ] GC(380)   Pre Evacuate Collection Set: 0.13ms
[334.511s][info][gc,phases      ] GC(380)   Merge Heap Roots: 0.08ms
[334.511s][info][gc,phases      ] GC(380)   Evacuate Collection Set: 15.58ms
[334.511s][info][gc,phases      ] GC(380)   Post Evacuate Collection Set: 0.50ms
[334.511s][info][gc,phases      ] GC(380)   Other: 0.05ms
[334.511s][info][gc,heap        ] GC(380) Eden regions: 342->0(250)
[334.511s][info][gc,heap        ] GC(380) Survivor regions: 19->46(46)
[334.511s][info][gc,heap        ] GC(380) Old regions: 227->337
[334.511s][info][gc,heap        ] GC(380) Humongous regions: 619->571
[334.511s][info][gc,metaspace   ] GC(380) Metaspace: 100407K(101440K)->100407K(101440K) NonClass: 78475K(78912K)->78475K(78912K) Class: 21932K(22528K)->21932K(22528K)
[334.511s][info][gc             ] GC(380) Pause Young (Mixed) (G1 Evacuation Pause) 2413M->1907M(2868M) 16.438ms
[334.511s][info][gc,cpu         ] GC(380) User=0.06s Sys=0.00s Real=0.02s
[334.518s][info][gc,start       ] GC(381) Pause Young (Concurrent Start) (G1 Humongous Allocation)
[334.518s][info][gc,task        ] GC(381) Using 4 workers of 4 for evacuation
[334.523s][info][gc,phases      ] GC(381)   Pre Evacuate Collection Set: 0.28ms
[334.523s][info][gc,phases      ] GC(381)   Merge Heap Roots: 0.07ms
[334.523s][info][gc,phases      ] GC(381)   Evacuate Collection Set: 3.93ms
[334.523s][info][gc,phases      ] GC(381)   Post Evacuate Collection Set: 0.43ms
[334.523s][info][gc,phases      ] GC(381)   Other: 0.05ms
[334.523s][info][gc,heap        ] GC(381) Eden regions: 21->0(230)
[334.523s][info][gc,heap        ] GC(381) Survivor regions: 46->12(37)
[334.523s][info][gc,heap        ] GC(381) Old regions: 337->385
[334.523s][info][gc,heap        ] GC(381) Humongous regions: 571->571
[334.523s][info][gc,metaspace   ] GC(381) Metaspace: 100407K(101440K)->100407K(101440K) NonClass: 78475K(78912K)->78475K(78912K) Class: 21932K(22528K)->21932K(22528K)
[334.523s][info][gc             ] GC(381) Pause Young (Concurrent Start) (G1 Humongous Allocation) 1949M->1933M(2868M) 4.863ms
[334.523s][info][gc             ] GC(382) Concurrent Mark Cycle
[334.523s][info][gc,marking     ] GC(382) Concurrent Scan Root Regions
[334.523s][info][gc,cpu         ] GC(381) User=0.02s Sys=0.00s Real=0.00s
[334.528s][info][gc,marking     ] GC(382) Concurrent Scan Root Regions 5.746ms
[334.528s][info][gc,marking     ] GC(382) Concurrent Mark
[334.528s][info][gc,marking     ] GC(382) Concurrent Mark From Roots
[334.528s][info][gc,task        ] GC(382) Using 1 workers of 1 for marking
[334.579s][info][gc,marking     ] GC(382) Concurrent Mark From Roots 50.209ms
[334.579s][info][gc,marking     ] GC(382) Concurrent Preclean
[334.579s][info][gc,marking     ] GC(382) Concurrent Preclean 0.107ms
[334.579s][info][gc,start       ] GC(382) Pause Remark
[334.582s][info][gc             ] GC(382) Pause Remark 2224M->1994M(2868M) 2.750ms
[334.582s][info][gc,cpu         ] GC(382) User=0.01s Sys=0.01s Real=0.00s
[334.582s][info][gc,marking     ] GC(382) Concurrent Mark 53.218ms
[334.582s][info][gc,marking     ] GC(382) Concurrent Rebuild Remembered Sets and Scrub Regions
[334.615s][info][gc,marking     ] GC(382) Concurrent Rebuild Remembered Sets and Scrub Regions 33.298ms
[334.616s][info][gc,start       ] GC(382) Pause Cleanup
[334.616s][info][gc             ] GC(382) Pause Cleanup 2417M->2417M(2868M) 0.177ms
[334.616s][info][gc,cpu         ] GC(382) User=0.00s Sys=0.00s Real=0.00s
[334.616s][info][gc,marking     ] GC(382) Concurrent Clear Claimed Marks
[334.616s][info][gc,marking     ] GC(382) Concurrent Clear Claimed Marks 0.217ms
[334.616s][info][gc,marking     ] GC(382) Concurrent Cleanup for Next Mark
[334.619s][info][gc,marking     ] GC(382) Concurrent Cleanup for Next Mark 2.304ms
[334.619s][info][gc             ] GC(382) Concurrent Mark Cycle 96.259ms
[334.633s][info][gc,start       ] GC(383) Pause Young (Prepare Mixed) (G1 Humongous Allocation)
[334.633s][info][gc,task        ] GC(383) Using 4 workers of 4 for evacuation
[334.638s][info][gc,phases      ] GC(383)   Pre Evacuate Collection Set: 0.11ms
[334.638s][info][gc,phases      ] GC(383)   Merge Heap Roots: 0.07ms
[334.638s][info][gc,phases      ] GC(383)   Evacuate Collection Set: 2.65ms
[334.638s][info][gc,phases      ] GC(383)   Post Evacuate Collection Set: 1.61ms
[334.638s][info][gc,phases      ] GC(383)   Other: 0.06ms
[334.638s][info][gc,heap        ] GC(383) Eden regions: 101->0(153)
[334.638s][info][gc,heap        ] GC(383) Survivor regions: 12->20(20)
[334.638s][info][gc,heap        ] GC(383) Old regions: 279->388
[334.638s][info][gc,heap        ] GC(383) Humongous regions: 1022->734
[334.638s][info][gc,metaspace   ] GC(383) Metaspace: 100407K(101440K)->100407K(101440K) NonClass: 78475K(78912K)->78475K(78912K) Class: 21932K(22528K)->21932K(22528K)
[334.638s][info][gc             ] GC(383) Pause Young (Prepare Mixed) (G1 Humongous Allocation) (Evacuation Failure: Allocation) 2824M->2283M(2868M) 4.631ms
[334.638s][info][gc,cpu         ] GC(383) User=0.01s Sys=0.00s Real=0.01s
[334.686s][info][gc,start       ] GC(384) Pause Young (Mixed) (G1 Humongous Allocation)
[334.686s][info][gc,task        ] GC(384) Using 4 workers of 4 for evacuation
[334.692s][info][gc,phases      ] GC(384)   Pre Evacuate Collection Set: 0.20ms
[334.692s][info][gc,phases      ] GC(384)   Merge Heap Roots: 0.15ms
[334.692s][info][gc,phases      ] GC(384)   Evacuate Collection Set: 4.17ms
[334.692s][info][gc,phases      ] GC(384)   Post Evacuate Collection Set: 1.50ms
[334.692s][info][gc,phases      ] GC(384)   Other: 0.04ms
[334.692s][info][gc,heap        ] GC(384) Eden regions: 20->0(126)
[334.692s][info][gc,heap        ] GC(384) Survivor regions: 20->7(22)
[334.692s][info][gc,heap        ] GC(384) Old regions: 388->422
[334.692s][info][gc,heap        ] GC(384) Humongous regions: 956->764
[334.692s][info][gc,metaspace   ] GC(384) Metaspace: 100407K(101440K)->100407K(101440K) NonClass: 78475K(78912K)->78475K(78912K) Class: 21932K(22528K)->21932K(22528K)
[334.692s][info][gc             ] GC(384) Pause Young (Mixed) (G1 Humongous Allocation) (Evacuation Failure: Allocation) 2767M->2385M(2868M) 6.157ms
[334.692s][info][gc,cpu         ] GC(384) User=0.02s Sys=0.00s Real=0.00s
[334.693s][info][gc,start       ] GC(385) Pause Young (Concurrent Start) (G1 Humongous Allocation)
[334.693s][info][gc,task        ] GC(385) Using 4 workers of 4 for evacuation
[334.696s][info][gc,phases      ] GC(385)   Pre Evacuate Collection Set: 0.35ms
[334.696s][info][gc,phases      ] GC(385)   Merge Heap Roots: 0.04ms
[334.696s][info][gc,phases      ] GC(385)   Evacuate Collection Set: 1.41ms
[334.696s][info][gc,phases      ] GC(385)   Post Evacuate Collection Set: 0.58ms
[334.696s][info][gc,phases      ] GC(385)   Other: 0.22ms
[334.696s][info][gc,heap        ] GC(385) Eden regions: 3->0(170)
[334.696s][info][gc,heap        ] GC(385) Survivor regions: 7->8(17)
[334.696s][info][gc,heap        ] GC(385) Old regions: 422->327
[334.696s][info][gc,heap        ] GC(385) Humongous regions: 773->773
[334.696s][info][gc,metaspace   ] GC(385) Metaspace: 100407K(101440K)->100407K(101440K) NonClass: 78475K(78912K)->78475K(78912K) Class: 21932K(22528K)->21932K(22528K)
[334.696s][info][gc             ] GC(385) Pause Young (Concurrent Start) (G1 Humongous Allocation) 2408M->2214M(2868M) 2.700ms
[334.696s][info][gc,cpu         ] GC(385) User=0.01s Sys=0.00s Real=0.00s
[334.696s][info][gc             ] GC(386) Concurrent Mark Cycle
[334.696s][info][gc,marking     ] GC(386) Concurrent Scan Root Regions
[334.697s][info][gc,marking     ] GC(386) Concurrent Scan Root Regions 1.587ms
[334.697s][info][gc,marking     ] GC(386) Concurrent Mark
[334.697s][info][gc,marking     ] GC(386) Concurrent Mark From Roots
[334.697s][info][gc,task        ] GC(386) Using 1 workers of 1 for marking
[334.747s][info][gc,marking     ] GC(386) Concurrent Mark From Roots 49.666ms
[334.747s][info][gc,marking     ] GC(386) Concurrent Preclean
[334.747s][info][gc,marking     ] GC(386) Concurrent Preclean 0.107ms
[334.747s][info][gc,start       ] GC(386) Pause Remark
[334.750s][info][gc             ] GC(386) Pause Remark 2436M->1986M(2868M) 3.063ms
[334.750s][info][gc,cpu         ] GC(386) User=0.01s Sys=0.00s Real=0.00s
[334.750s][info][gc,marking     ] GC(386) Concurrent Mark 53.023ms
[334.750s][info][gc,marking     ] GC(386) Concurrent Rebuild Remembered Sets and Scrub Regions
[334.775s][info][gc,marking     ] GC(386) Concurrent Rebuild Remembered Sets and Scrub Regions 24.437ms
[334.775s][info][gc,start       ] GC(386) Pause Cleanup
[334.775s][info][gc             ] GC(386) Pause Cleanup 2050M->2050M(2868M) 0.094ms
[334.775s][info][gc,cpu         ] GC(386) User=0.00s Sys=0.00s Real=0.00s
[334.775s][info][gc,marking     ] GC(386) Concurrent Clear Claimed Marks
[334.775s][info][gc,marking     ] GC(386) Concurrent Clear Claimed Marks 0.118ms
[334.775s][info][gc,marking     ] GC(386) Concurrent Cleanup for Next Mark
[334.776s][info][gc,marking     ] GC(386) Concurrent Cleanup for Next Mark 1.230ms
[334.776s][info][gc             ] GC(386) Concurrent Mark Cycle 80.695ms
[335.599s][info][gc,start       ] GC(387) Pause Young (Prepare Mixed) (G1 Humongous Allocation)
[335.599s][info][gc,task        ] GC(387) Using 4 workers of 4 for evacuation
[335.603s][info][gc,phases      ] GC(387)   Pre Evacuate Collection Set: 0.11ms
[335.603s][info][gc,phases      ] GC(387)   Merge Heap Roots: 0.06ms
[335.603s][info][gc,phases      ] GC(387)   Evacuate Collection Set: 3.15ms
[335.603s][info][gc,phases      ] GC(387)   Post Evacuate Collection Set: 0.46ms
[335.603s][info][gc,phases      ] GC(387)   Other: 0.05ms
[335.603s][info][gc,heap        ] GC(387) Eden regions: 68->0(236)
[335.603s][info][gc,heap        ] GC(387) Survivor regions: 8->23(23)
[335.603s][info][gc,heap        ] GC(387) Old regions: 291->306
[335.603s][info][gc,heap        ] GC(387) Humongous regions: 1005->661
[335.603s][info][gc,metaspace   ] GC(387) Metaspace: 100421K(101440K)->100421K(101440K) NonClass: 78489K(78912K)->78489K(78912K) Class: 21932K(22528K)->21932K(22528K)
[335.603s][info][gc             ] GC(387) Pause Young (Prepare Mixed) (G1 Humongous Allocation) 2741M->1978M(2868M) 3.928ms
[335.603s][info][gc,cpu         ] GC(387) User=0.02s Sys=0.00s Real=0.00s
[336.657s][info][gc,start       ] GC(388) Pause Young (Mixed) (G1 Evacuation Pause)
[336.657s][info][gc,task        ] GC(388) Using 4 workers of 4 for evacuation
[336.664s][info][gc,phases      ] GC(388)   Pre Evacuate Collection Set: 0.12ms
[336.664s][info][gc,phases      ] GC(388)   Merge Heap Roots: 0.05ms
[336.664s][info][gc,phases      ] GC(388)   Evacuate Collection Set: 3.11ms
[336.664s][info][gc,phases      ] GC(388)   Post Evacuate Collection Set: 3.53ms
[336.664s][info][gc,phases      ] GC(388)   Other: 0.05ms
[336.664s][info][gc,heap        ] GC(388) Eden regions: 236->0(166)
[336.664s][info][gc,heap        ] GC(388) Survivor regions: 23->10(12)
[336.664s][info][gc,heap        ] GC(388) Old regions: 306->526
[336.664s][info][gc,heap        ] GC(388) Humongous regions: 857->607
[336.664s][info][gc,metaspace   ] GC(388) Metaspace: 100421K(101440K)->100421K(101440K) NonClass: 78489K(78912K)->78489K(78912K) Class: 21932K(22528K)->21932K(22528K)
[336.664s][info][gc             ] GC(388) Pause Young (Mixed) (G1 Evacuation Pause) (Evacuation Failure: Allocation) 2842M->2285M(2868M) 6.956ms
[336.664s][info][gc,cpu         ] GC(388) User=0.02s Sys=0.00s Real=0.00s
[336.669s][info][gc,start       ] GC(389) Pause Young (Concurrent Start) (G1 Humongous Allocation)
[336.669s][info][gc,task        ] GC(389) Using 4 workers of 4 for evacuation
[336.678s][info][gc,phases      ] GC(389)   Pre Evacuate Collection Set: 0.25ms
[336.678s][info][gc,phases      ] GC(389)   Merge Heap Roots: 0.07ms
[336.678s][info][gc,phases      ] GC(389)   Evacuate Collection Set: 7.86ms
[336.678s][info][gc,phases      ] GC(389)   Post Evacuate Collection Set: 0.58ms
[336.678s][info][gc,phases      ] GC(389)   Other: 0.08ms
[336.678s][info][gc,heap        ] GC(389) Eden regions: 11->0(228)
[336.678s][info][gc,heap        ] GC(389) Survivor regions: 10->16(22)
[336.678s][info][gc,heap        ] GC(389) Old regions: 526->376
[336.678s][info][gc,heap        ] GC(389) Humongous regions: 607->607
[336.678s][info][gc,metaspace   ] GC(389) Metaspace: 100421K(101440K)->100421K(101440K) NonClass: 78489K(78912K)->78489K(78912K) Class: 21932K(22528K)->21932K(22528K)
[336.678s][info][gc             ] GC(389) Pause Young (Concurrent Start) (G1 Humongous Allocation) 2306M->1995M(2868M) 8.910ms
[336.678s][info][gc             ] GC(390) Concurrent Mark Cycle
[336.678s][info][gc,marking     ] GC(390) Concurrent Scan Root Regions
[336.678s][info][gc,cpu         ] GC(389) User=0.03s Sys=0.00s Real=0.01s
[336.685s][info][gc,marking     ] GC(390) Concurrent Scan Root Regions 6.657ms
[336.685s][info][gc,marking     ] GC(390) Concurrent Mark
[336.685s][info][gc,marking     ] GC(390) Concurrent Mark From Roots
[336.685s][info][gc,task        ] GC(390) Using 1 workers of 1 for marking
[336.724s][info][gc,marking     ] GC(390) Concurrent Mark From Roots 39.656ms
[336.724s][info][gc,marking     ] GC(390) Concurrent Preclean
[336.725s][info][gc,marking     ] GC(390) Concurrent Preclean 0.094ms
[336.725s][info][gc,start       ] GC(390) Pause Remark
[336.728s][info][gc             ] GC(390) Pause Remark 2129M->1735M(2868M) 2.584ms
[336.728s][info][gc,cpu         ] GC(390) User=0.01s Sys=0.00s Real=0.01s
[336.728s][info][gc,marking     ] GC(390) Concurrent Mark 42.950ms
[336.728s][info][gc,marking     ] GC(390) Concurrent Rebuild Remembered Sets and Scrub Regions
[336.751s][info][gc,marking     ] GC(390) Concurrent Rebuild Remembered Sets and Scrub Regions 22.829ms
[336.751s][info][gc,start       ] GC(390) Pause Cleanup
[336.751s][info][gc             ] GC(390) Pause Cleanup 1800M->1800M(2868M) 0.069ms
[336.751s][info][gc,cpu         ] GC(390) User=0.01s Sys=0.00s Real=0.00s
[336.751s][info][gc,marking     ] GC(390) Concurrent Clear Claimed Marks
[336.751s][info][gc,marking     ] GC(390) Concurrent Clear Claimed Marks 0.137ms
[336.751s][info][gc,marking     ] GC(390) Concurrent Cleanup for Next Mark
[336.752s][info][gc,marking     ] GC(390) Concurrent Cleanup for Next Mark 1.156ms
[336.752s][info][gc             ] GC(390) Concurrent Mark Cycle 73.959ms
[336.858s][info][gc,start       ] GC(391) Pause Young (Prepare Mixed) (G1 Evacuation Pause)
[336.858s][info][gc,task        ] GC(391) Using 4 workers of 4 for evacuation
[336.869s][info][gc,phases      ] GC(391)   Pre Evacuate Collection Set: 0.16ms
[336.869s][info][gc,phases      ] GC(391)   Merge Heap Roots: 0.09ms
[336.869s][info][gc,phases      ] GC(391)   Evacuate Collection Set: 10.44ms
[336.869s][info][gc,phases      ] GC(391)   Post Evacuate Collection Set: 0.50ms
[336.869s][info][gc,phases      ] GC(391)   Other: 0.05ms
[336.869s][info][gc,heap        ] GC(391) Eden regions: 228->0(258)
[336.869s][info][gc,heap        ] GC(391) Survivor regions: 16->31(31)
[336.869s][info][gc,heap        ] GC(391) Old regions: 224->321
[336.869s][info][gc,heap        ] GC(391) Humongous regions: 574->562
[336.869s][info][gc,metaspace   ] GC(391) Metaspace: 100421K(101440K)->100421K(101440K) NonClass: 78489K(78912K)->78489K(78912K) Class: 21932K(22528K)->21932K(22528K)
[336.869s][info][gc             ] GC(391) Pause Young (Prepare Mixed) (G1 Evacuation Pause) 2081M->1827M(2868M) 11.330ms
[336.869s][info][gc,cpu         ] GC(391) User=0.04s Sys=0.00s Real=0.01s
[336.982s][info][gc,start       ] GC(392) Pause Young (Mixed) (G1 Humongous Allocation)
[336.982s][info][gc,task        ] GC(392) Using 4 workers of 4 for evacuation
[336.987s][info][gc,phases      ] GC(392)   Pre Evacuate Collection Set: 0.11ms
[336.987s][info][gc,phases      ] GC(392)   Merge Heap Roots: 0.04ms
[336.987s][info][gc,phases      ] GC(392)   Evacuate Collection Set: 2.71ms
[336.987s][info][gc,phases      ] GC(392)   Post Evacuate Collection Set: 2.03ms
[336.987s][info][gc,phases      ] GC(392)   Other: 0.05ms
[336.987s][info][gc,heap        ] GC(392) Eden regions: 121->0(151)
[336.987s][info][gc,heap        ] GC(392) Survivor regions: 31->11(20)
[336.987s][info][gc,heap        ] GC(392) Old regions: 321->473
[336.987s][info][gc,heap        ] GC(392) Humongous regions: 941->663
[336.987s][info][gc,metaspace   ] GC(392) Metaspace: 100421K(101440K)->100421K(101440K) NonClass: 78489K(78912K)->78489K(78912K) Class: 21932K(22528K)->21932K(22528K)
[336.987s][info][gc             ] GC(392) Pause Young (Mixed) (G1 Humongous Allocation) (Evacuation Failure: Allocation) 2826M->2293M(2868M) 5.046ms
[336.987s][info][gc,cpu         ] GC(392) User=0.02s Sys=0.00s Real=0.01s
[336.988s][info][gc,start       ] GC(393) Pause Young (Concurrent Start) (G1 Humongous Allocation)
[336.988s][info][gc,task        ] GC(393) Using 4 workers of 4 for evacuation
[336.994s][info][gc,phases      ] GC(393)   Pre Evacuate Collection Set: 0.17ms
[336.994s][info][gc,phases      ] GC(393)   Merge Heap Roots: 0.05ms
[336.994s][info][gc,phases      ] GC(393)   Evacuate Collection Set: 4.85ms
[336.994s][info][gc,phases      ] GC(393)   Post Evacuate Collection Set: 0.42ms
[336.994s][info][gc,phases      ] GC(393)   Other: 0.04ms
[336.994s][info][gc,heap        ] GC(393) Eden regions: 2->0(218)
[336.994s][info][gc,heap        ] GC(393) Survivor regions: 11->2(21)
[336.994s][info][gc,heap        ] GC(393) Old regions: 473->394
[336.994s][info][gc,heap        ] GC(393) Humongous regions: 666->658
[336.994s][info][gc,metaspace   ] GC(393) Metaspace: 100421K(101440K)->100421K(101440K) NonClass: 78489K(78912K)->78489K(78912K) Class: 21932K(22528K)->21932K(22528K)
[336.994s][info][gc             ] GC(393) Pause Young (Concurrent Start) (G1 Humongous Allocation) 2302M->2107M(2868M) 5.593ms
[336.994s][info][gc,cpu         ] GC(393) User=0.02s Sys=0.00s Real=0.00s
[336.994s][info][gc             ] GC(394) Concurrent Mark Cycle
[336.994s][info][gc,marking     ] GC(394) Concurrent Scan Root Regions
[337.001s][info][gc,marking     ] GC(394) Concurrent Scan Root Regions 7.681ms
[337.001s][info][gc,marking     ] GC(394) Concurrent Mark
[337.001s][info][gc,marking     ] GC(394) Concurrent Mark From Roots
[337.001s][info][gc,task        ] GC(394) Using 1 workers of 1 for marking
[337.054s][info][gc,marking     ] GC(394) Concurrent Mark From Roots 53.142ms
[337.054s][info][gc,marking     ] GC(394) Concurrent Preclean
[337.055s][info][gc,marking     ] GC(394) Concurrent Preclean 0.091ms
[337.055s][info][gc,start       ] GC(394) Pause Remark
[337.057s][info][gc             ] GC(394) Pause Remark 2826M->2472M(2868M) 2.571ms
[337.057s][info][gc,cpu         ] GC(394) User=0.00s Sys=0.00s Real=0.01s
[337.057s][info][gc,marking     ] GC(394) Concurrent Mark 55.935ms
[337.057s][info][gc,marking     ] GC(394) Concurrent Rebuild Remembered Sets and Scrub Regions
[337.086s][info][gc,marking     ] GC(394) Concurrent Rebuild Remembered Sets and Scrub Regions 28.252ms
[337.086s][info][gc,start       ] GC(394) Pause Cleanup
[337.086s][info][gc             ] GC(394) Pause Cleanup 2552M->2552M(2868M) 0.103ms
[337.086s][info][gc,cpu         ] GC(394) User=0.00s Sys=0.00s Real=0.00s
[337.086s][info][gc,marking     ] GC(394) Concurrent Clear Claimed Marks
[337.086s][info][gc,marking     ] GC(394) Concurrent Clear Claimed Marks 0.111ms
[337.086s][info][gc,marking     ] GC(394) Concurrent Cleanup for Next Mark
[337.087s][info][gc,marking     ] GC(394) Concurrent Cleanup for Next Mark 1.124ms
[337.087s][info][gc             ] GC(394) Concurrent Mark Cycle 93.409ms
[337.188s][info][gc,start       ] GC(395) Pause Young (Prepare Mixed) (G1 Humongous Allocation)
[337.188s][info][gc,task        ] GC(395) Using 4 workers of 4 for evacuation
[337.192s][info][gc,phases      ] GC(395)   Pre Evacuate Collection Set: 0.16ms
[337.192s][info][gc,phases      ] GC(395)   Merge Heap Roots: 0.09ms
[337.192s][info][gc,phases      ] GC(395)   Evacuate Collection Set: 2.30ms
[337.192s][info][gc,phases      ] GC(395)   Post Evacuate Collection Set: 0.68ms
[337.192s][info][gc,phases      ] GC(395)   Other: 0.05ms
[337.192s][info][gc,heap        ] GC(395) Eden regions: 58->0(206)
[337.192s][info][gc,heap        ] GC(395) Survivor regions: 2->25(28)
[337.192s][info][gc,heap        ] GC(395) Old regions: 307->307
[337.192s][info][gc,heap        ] GC(395) Humongous regions: 995->711
[337.192s][info][gc,metaspace   ] GC(395) Metaspace: 100421K(101440K)->100421K(101440K) NonClass: 78489K(78912K)->78489K(78912K) Class: 21932K(22528K)->21932K(22528K)
[337.192s][info][gc             ] GC(395) Pause Young (Prepare Mixed) (G1 Humongous Allocation) 2723M->2084M(2868M) 3.371ms
[337.192s][info][gc,cpu         ] GC(395) User=0.01s Sys=0.00s Real=0.00s
[337.921s][info][gc,start       ] GC(396) Pause Young (Mixed) (G1 Humongous Allocation)
[337.921s][info][gc,task        ] GC(396) Using 4 workers of 4 for evacuation
[337.924s][info][gc,phases      ] GC(396)   Pre Evacuate Collection Set: 0.16ms
[337.924s][info][gc,phases      ] GC(396)   Merge Heap Roots: 0.04ms
[337.924s][info][gc,phases      ] GC(396)   Evacuate Collection Set: 2.81ms
[337.924s][info][gc,phases      ] GC(396)   Post Evacuate Collection Set: 0.46ms
[337.924s][info][gc,phases      ] GC(396)   Other: 0.04ms
[337.924s][info][gc,heap        ] GC(396) Eden regions: 33->0(206)
[337.924s][info][gc,heap        ] GC(396) Survivor regions: 25->16(29)
[337.924s][info][gc,heap        ] GC(396) Old regions: 307->327
[337.924s][info][gc,heap        ] GC(396) Humongous regions: 974->697
[337.924s][info][gc,metaspace   ] GC(396) Metaspace: 100421K(101440K)->100421K(101440K) NonClass: 78489K(78912K)->78489K(78912K) Class: 21932K(22528K)->21932K(22528K)
[337.924s][info][gc             ] GC(396) Pause Young (Mixed) (G1 Humongous Allocation) 2676M->2078M(2868M) 3.602ms
[337.924s][info][gc,cpu         ] GC(396) User=0.01s Sys=0.00s Real=0.00s
[337.925s][info][gc,start       ] GC(397) Pause Young (Concurrent Start) (G1 Humongous Allocation)
[337.925s][info][gc,task        ] GC(397) Using 4 workers of 4 for evacuation
[337.927s][info][gc,phases      ] GC(397)   Pre Evacuate Collection Set: 0.13ms
[337.927s][info][gc,phases      ] GC(397)   Merge Heap Roots: 0.03ms
[337.927s][info][gc,phases      ] GC(397)   Evacuate Collection Set: 1.16ms
[337.927s][info][gc,phases      ] GC(397)   Post Evacuate Collection Set: 0.27ms
[337.927s][info][gc,phases      ] GC(397)   Other: 0.04ms
[337.927s][info][gc,heap        ] GC(397) Eden regions: 2->0(222)
[337.927s][info][gc,heap        ] GC(397) Survivor regions: 16->2(28)
[337.927s][info][gc,heap        ] GC(397) Old regions: 327->343
[337.927s][info][gc,heap        ] GC(397) Humongous regions: 700->700
[337.927s][info][gc,metaspace   ] GC(397) Metaspace: 100421K(101440K)->100421K(101440K) NonClass: 78489K(78912K)->78489K(78912K) Class: 21932K(22528K)->21932K(22528K)
[337.927s][info][gc             ] GC(397) Pause Young (Concurrent Start) (G1 Humongous Allocation) 2087M->2088M(2868M) 1.698ms
[337.927s][info][gc,cpu         ] GC(397) User=0.00s Sys=0.00s Real=0.01s
[337.927s][info][gc             ] GC(398) Concurrent Mark Cycle
[337.927s][info][gc,marking     ] GC(398) Concurrent Scan Root Regions
[337.929s][info][gc,marking     ] GC(398) Concurrent Scan Root Regions 1.942ms
[337.929s][info][gc,marking     ] GC(398) Concurrent Mark
[337.929s][info][gc,marking     ] GC(398) Concurrent Mark From Roots
[337.929s][info][gc,task        ] GC(398) Using 1 workers of 1 for marking
[337.966s][info][gc,marking     ] GC(398) Concurrent Mark From Roots 37.062ms
[337.966s][info][gc,marking     ] GC(398) Concurrent Preclean
[337.966s][info][gc,marking     ] GC(398) Concurrent Preclean 0.089ms
[337.966s][info][gc,start       ] GC(398) Pause Remark
[337.968s][info][gc             ] GC(398) Pause Remark 2129M->1439M(2868M) 2.153ms
[337.968s][info][gc,cpu         ] GC(398) User=0.00s Sys=0.00s Real=0.01s
[337.968s][info][gc,marking     ] GC(398) Concurrent Mark 39.433ms
[337.968s][info][gc,marking     ] GC(398) Concurrent Rebuild Remembered Sets and Scrub Regions
[337.985s][info][gc,marking     ] GC(398) Concurrent Rebuild Remembered Sets and Scrub Regions 17.269ms
[337.985s][info][gc,start       ] GC(398) Pause Cleanup
[337.985s][info][gc             ] GC(398) Pause Cleanup 1456M->1456M(2868M) 0.061ms
[337.985s][info][gc,cpu         ] GC(398) User=0.00s Sys=0.00s Real=0.00s
[337.985s][info][gc,marking     ] GC(398) Concurrent Clear Claimed Marks
[337.986s][info][gc,marking     ] GC(398) Concurrent Clear Claimed Marks 0.098ms
[337.986s][info][gc,marking     ] GC(398) Concurrent Cleanup for Next Mark
[337.987s][info][gc,marking     ] GC(398) Concurrent Cleanup for Next Mark 1.077ms
[337.987s][info][gc             ] GC(398) Concurrent Mark Cycle 60.006ms
[338.977s][info][gc,start       ] GC(399) Pause Young (Prepare Mixed) (G1 Evacuation Pause)
[338.977s][info][gc,task        ] GC(399) Using 4 workers of 4 for evacuation
[338.987s][info][gc,phases      ] GC(399)   Pre Evacuate Collection Set: 0.10ms
[338.987s][info][gc,phases      ] GC(399)   Merge Heap Roots: 0.07ms
[338.987s][info][gc,phases      ] GC(399)   Evacuate Collection Set: 8.67ms
[338.987s][info][gc,phases      ] GC(399)   Post Evacuate Collection Set: 0.60ms
[338.987s][info][gc,phases      ] GC(399)   Other: 0.07ms
[338.987s][info][gc,heap        ] GC(399) Eden regions: 222->0(321)
[338.987s][info][gc,heap        ] GC(399) Survivor regions: 2->28(28)
[338.987s][info][gc,heap        ] GC(399) Old regions: 133->206
[338.987s][info][gc,heap        ] GC(399) Humongous regions: 771->607
[338.987s][info][gc,metaspace   ] GC(399) Metaspace: 100433K(101440K)->100433K(101440K) NonClass: 78500K(78912K)->78500K(78912K) Class: 21932K(22528K)->21932K(22528K)
[338.987s][info][gc             ] GC(399) Pause Young (Prepare Mixed) (G1 Evacuation Pause) 2254M->1681M(2868M) 9.602ms
[338.987s][info][gc,cpu         ] GC(399) User=0.03s Sys=0.00s Real=0.01s
[339.255s][info][gc,start       ] GC(400) Pause Young (Mixed) (G1 Evacuation Pause)
[339.255s][info][gc,task        ] GC(400) Using 4 workers of 4 for evacuation
[339.272s][info][gc,phases      ] GC(400)   Pre Evacuate Collection Set: 0.21ms
[339.272s][info][gc,phases      ] GC(400)   Merge Heap Roots: 0.07ms
[339.272s][info][gc,phases      ] GC(400)   Evacuate Collection Set: 14.78ms
[339.272s][info][gc,phases      ] GC(400)   Post Evacuate Collection Set: 1.85ms
[339.272s][info][gc,phases      ] GC(400)   Other: 0.06ms
[339.272s][info][gc,heap        ] GC(400) Eden regions: 321->0(162)
[339.272s][info][gc,heap        ] GC(400) Survivor regions: 28->44(44)
[339.272s][info][gc,heap        ] GC(400) Old regions: 206->450
[339.272s][info][gc,heap        ] GC(400) Humongous regions: 703->616
[339.272s][info][gc,metaspace   ] GC(400) Metaspace: 100433K(101440K)->100433K(101440K) NonClass: 78500K(78912K)->78500K(78912K) Class: 21932K(22528K)->21932K(22528K)
[339.272s][info][gc             ] GC(400) Pause Young (Mixed) (G1 Evacuation Pause) (Evacuation Failure: Allocation) 2515M->2219M(2868M) 17.065ms
[339.272s][info][gc,cpu         ] GC(400) User=0.06s Sys=0.00s Real=0.02s
[339.274s][info][gc,start       ] GC(401) Pause Young (Concurrent Start) (G1 Humongous Allocation)
[339.274s][info][gc,task        ] GC(401) Using 4 workers of 4 for evacuation
[339.279s][info][gc,phases      ] GC(401)   Pre Evacuate Collection Set: 0.22ms
[339.279s][info][gc,phases      ] GC(401)   Merge Heap Roots: 0.06ms
[339.279s][info][gc,phases      ] GC(401)   Evacuate Collection Set: 3.66ms
[339.279s][info][gc,phases      ] GC(401)   Post Evacuate Collection Set: 0.64ms
[339.279s][info][gc,phases      ] GC(401)   Other: 0.05ms
[339.279s][info][gc,heap        ] GC(401) Eden regions: 16->0(211)
[339.279s][info][gc,heap        ] GC(401) Survivor regions: 44->9(26)
[339.279s][info][gc,heap        ] GC(401) Old regions: 450->374
[339.279s][info][gc,heap        ] GC(401) Humongous regions: 616->616
[339.279s][info][gc,metaspace   ] GC(401) Metaspace: 100433K(101440K)->100433K(101440K) NonClass: 78500K(78912K)->78500K(78912K) Class: 21932K(22528K)->21932K(22528K)
[339.279s][info][gc             ] GC(401) Pause Young (Concurrent Start) (G1 Humongous Allocation) 2251M->1997M(2868M) 4.728ms
[339.279s][info][gc,cpu         ] GC(401) User=0.01s Sys=0.00s Real=0.01s
[339.279s][info][gc             ] GC(402) Concurrent Mark Cycle
[339.279s][info][gc,marking     ] GC(402) Concurrent Scan Root Regions
[339.284s][info][gc,marking     ] GC(402) Concurrent Scan Root Regions 5.114ms
[339.284s][info][gc,marking     ] GC(402) Concurrent Mark
[339.284s][info][gc,marking     ] GC(402) Concurrent Mark From Roots
[339.284s][info][gc,task        ] GC(402) Using 1 workers of 1 for marking
[339.322s][info][gc,start       ] GC(403) Pause Young (Normal) (G1 Humongous Allocation)
[339.322s][info][gc,task        ] GC(403) Using 4 workers of 4 for evacuation
[339.324s][info][gc,phases      ] GC(403)   Pre Evacuate Collection Set: 0.12ms
[339.324s][info][gc,phases      ] GC(403)   Merge Heap Roots: 0.04ms
[339.324s][info][gc,phases      ] GC(403)   Evacuate Collection Set: 1.13ms
[339.324s][info][gc,phases      ] GC(403)   Post Evacuate Collection Set: 0.86ms
[339.324s][info][gc,phases      ] GC(403)   Other: 0.04ms
[339.324s][info][gc,heap        ] GC(403) Eden regions: 41->0(107)
[339.324s][info][gc,heap        ] GC(403) Survivor regions: 9->6(6)
[339.324s][info][gc,heap        ] GC(403) Old regions: 374->423
[339.324s][info][gc,heap        ] GC(403) Humongous regions: 1004->789
[339.324s][info][gc,metaspace   ] GC(403) Metaspace: 100435K(101440K)->100435K(101440K) NonClass: 78502K(78912K)->78502K(78912K) Class: 21933K(22528K)->21933K(22528K)
[339.324s][info][gc             ] GC(403) Pause Young (Normal) (G1 Humongous Allocation) (Evacuation Failure: Allocation) 2855M->2435M(2868M) 2.286ms
[339.324s][info][gc,cpu         ] GC(403) User=0.00s Sys=0.00s Real=0.00s
[339.349s][info][gc,marking     ] GC(402) Concurrent Mark From Roots 65.071ms
[339.349s][info][gc,marking     ] GC(402) Concurrent Preclean
[339.349s][info][gc,marking     ] GC(402) Concurrent Preclean 0.201ms
[339.349s][info][gc,start       ] GC(402) Pause Remark
[339.352s][info][gc             ] GC(402) Pause Remark 2740M->2488M(2868M) 2.910ms
[339.352s][info][gc,cpu         ] GC(402) User=0.01s Sys=0.00s Real=0.00s
[339.352s][info][gc,marking     ] GC(402) Concurrent Mark 68.418ms
[339.352s][info][gc,marking     ] GC(402) Concurrent Rebuild Remembered Sets and Scrub Regions
[339.378s][info][gc,start       ] GC(404) Pause Young (Normal) (G1 Humongous Allocation)
[339.378s][info][gc,task        ] GC(404) Using 4 workers of 4 for evacuation
[339.381s][info][gc,phases      ] GC(404)   Pre Evacuate Collection Set: 0.12ms
[339.381s][info][gc,phases      ] GC(404)   Merge Heap Roots: 0.06ms
[339.381s][info][gc,phases      ] GC(404)   Evacuate Collection Set: 2.42ms
[339.381s][info][gc,phases      ] GC(404)   Post Evacuate Collection Set: 0.45ms
[339.381s][info][gc,phases      ] GC(404)   Other: 0.04ms
[339.381s][info][gc,heap        ] GC(404) Eden regions: 21->0(158)
[339.381s][info][gc,heap        ] GC(404) Survivor regions: 6->14(15)
[339.381s][info][gc,heap        ] GC(404) Old regions: 351->319
[339.381s][info][gc,heap        ] GC(404) Humongous regions: 994->781
[339.381s][info][gc,metaspace   ] GC(404) Metaspace: 100435K(101440K)->100435K(101440K) NonClass: 78502K(78912K)->78502K(78912K) Class: 21933K(22528K)->21933K(22528K)
[339.381s][info][gc             ] GC(404) Pause Young (Normal) (G1 Humongous Allocation) 2743M->2226M(2868M) 3.174ms
[339.381s][info][gc,cpu         ] GC(404) User=0.01s Sys=0.00s Real=0.00s
[339.385s][info][gc,marking     ] GC(402) Concurrent Rebuild Remembered Sets and Scrub Regions 32.651ms
[339.385s][info][gc,start       ] GC(402) Pause Cleanup
[339.385s][info][gc             ] GC(402) Pause Cleanup 2237M->2237M(2868M) 0.079ms
[339.385s][info][gc,cpu         ] GC(402) User=0.00s Sys=0.00s Real=0.00s
[339.385s][info][gc,marking     ] GC(402) Concurrent Clear Claimed Marks
[339.385s][info][gc,marking     ] GC(402) Concurrent Clear Claimed Marks 0.159ms
[339.385s][info][gc,marking     ] GC(402) Concurrent Cleanup for Next Mark
[339.386s][info][gc,marking     ] GC(402) Concurrent Cleanup for Next Mark 1.111ms
[339.386s][info][gc             ] GC(402) Concurrent Mark Cycle 107.673ms
[339.561s][info][gc,start       ] GC(405) Pause Young (Prepare Mixed) (G1 Humongous Allocation)
[339.561s][info][gc,task        ] GC(405) Using 4 workers of 4 for evacuation
[339.564s][info][gc,phases      ] GC(405)   Pre Evacuate Collection Set: 0.11ms
[339.564s][info][gc,phases      ] GC(405)   Merge Heap Roots: 0.05ms
[339.564s][info][gc,phases      ] GC(405)   Evacuate Collection Set: 2.44ms
[339.564s][info][gc,phases      ] GC(405)   Post Evacuate Collection Set: 0.43ms
[339.564s][info][gc,phases      ] GC(405)   Other: 0.05ms
[339.564s][info][gc,heap        ] GC(405) Eden regions: 39->0(115)
[339.564s][info][gc,heap        ] GC(405) Survivor regions: 14->22(22)
[339.564s][info][gc,heap        ] GC(405) Old regions: 319->327
[339.564s][info][gc,heap        ] GC(405) Humongous regions: 987->849
[339.564s][info][gc,metaspace   ] GC(405) Metaspace: 100435K(101440K)->100435K(101440K) NonClass: 78502K(78912K)->78502K(78912K) Class: 21933K(22528K)->21933K(22528K)
[339.564s][info][gc             ] GC(405) Pause Young (Prepare Mixed) (G1 Humongous Allocation) 2716M->2395M(2868M) 3.163ms
[339.564s][info][gc,cpu         ] GC(405) User=0.02s Sys=0.00s Real=0.00s
[340.344s][info][gc,start       ] GC(406) Pause Young (Mixed) (G1 Humongous Allocation)
[340.344s][info][gc,task        ] GC(406) Using 4 workers of 4 for evacuation
[340.347s][info][gc,phases      ] GC(406)   Pre Evacuate Collection Set: 0.16ms
[340.347s][info][gc,phases      ] GC(406)   Merge Heap Roots: 0.04ms
[340.347s][info][gc,phases      ] GC(406)   Evacuate Collection Set: 2.42ms
[340.347s][info][gc,phases      ] GC(406)   Post Evacuate Collection Set: 0.47ms
[340.347s][info][gc,phases      ] GC(406)   Other: 0.05ms
[340.347s][info][gc,heap        ] GC(406) Eden regions: 25->0(155)
[340.347s][info][gc,heap        ] GC(406) Survivor regions: 22->13(18)
[340.347s][info][gc,heap        ] GC(406) Old regions: 327->339
[340.347s][info][gc,heap        ] GC(406) Humongous regions: 988->760
[340.347s][info][gc,metaspace   ] GC(406) Metaspace: 100435K(101440K)->100435K(101440K) NonClass: 78502K(78912K)->78502K(78912K) Class: 21933K(22528K)->21933K(22528K)
[340.347s][info][gc             ] GC(406) Pause Young (Mixed) (G1 Humongous Allocation) 2722M->2222M(2868M) 3.223ms
[340.347s][info][gc,cpu         ] GC(406) User=0.01s Sys=0.00s Real=0.01s
[340.348s][info][gc,start       ] GC(407) Pause Young (Concurrent Start) (G1 Humongous Allocation)
[340.348s][info][gc,task        ] GC(407) Using 4 workers of 4 for evacuation
[340.349s][info][gc,phases      ] GC(407)   Pre Evacuate Collection Set: 0.14ms
[340.349s][info][gc,phases      ] GC(407)   Merge Heap Roots: 0.03ms
[340.349s][info][gc,phases      ] GC(407)   Evacuate Collection Set: 1.00ms
[340.349s][info][gc,phases      ] GC(407)   Post Evacuate Collection Set: 0.25ms
[340.349s][info][gc,phases      ] GC(407)   Other: 0.04ms
[340.349s][info][gc,heap        ] GC(407) Eden regions: 1->0(168)
[340.349s][info][gc,heap        ] GC(407) Survivor regions: 13->2(21)
[340.349s][info][gc,heap        ] GC(407) Old regions: 339->351
[340.349s][info][gc,heap        ] GC(407) Humongous regions: 763->763
[340.349s][info][gc,metaspace   ] GC(407) Metaspace: 100435K(101440K)->100435K(101440K) NonClass: 78502K(78912K)->78502K(78912K) Class: 21933K(22528K)->21933K(22528K)
[340.350s][info][gc             ] GC(407) Pause Young (Concurrent Start) (G1 Humongous Allocation) 2230M->2230M(2868M) 1.525ms
[340.350s][info][gc,cpu         ] GC(407) User=0.01s Sys=0.00s Real=0.00s
[340.350s][info][gc             ] GC(408) Concurrent Mark Cycle
[340.350s][info][gc,marking     ] GC(408) Concurrent Scan Root Regions
[340.352s][info][gc,marking     ] GC(408) Concurrent Scan Root Regions 2.009ms
[340.352s][info][gc,marking     ] GC(408) Concurrent Mark
[340.352s][info][gc,marking     ] GC(408) Concurrent Mark From Roots
[340.352s][info][gc,task        ] GC(408) Using 1 workers of 1 for marking
[340.388s][info][gc,marking     ] GC(408) Concurrent Mark From Roots 35.989ms
[340.388s][info][gc,marking     ] GC(408) Concurrent Preclean
[340.388s][info][gc,marking     ] GC(408) Concurrent Preclean 0.091ms
[340.388s][info][gc,start       ] GC(408) Pause Remark
[340.390s][info][gc             ] GC(408) Pause Remark 2268M->1368M(2868M) 2.586ms
[340.390s][info][gc,cpu         ] GC(408) User=0.00s Sys=0.00s Real=0.00s
[340.390s][info][gc,marking     ] GC(408) Concurrent Mark 38.794ms
[340.390s][info][gc,marking     ] GC(408) Concurrent Rebuild Remembered Sets and Scrub Regions
[340.406s][info][gc,marking     ] GC(408) Concurrent Rebuild Remembered Sets and Scrub Regions 15.846ms
[340.406s][info][gc,start       ] GC(408) Pause Cleanup
[340.406s][info][gc             ] GC(408) Pause Cleanup 1396M->1396M(2868M) 0.063ms
[340.406s][info][gc,cpu         ] GC(408) User=0.00s Sys=0.00s Real=0.00s
[340.406s][info][gc,marking     ] GC(408) Concurrent Clear Claimed Marks
[340.406s][info][gc,marking     ] GC(408) Concurrent Clear Claimed Marks 0.101ms
[340.406s][info][gc,marking     ] GC(408) Concurrent Cleanup for Next Mark
[340.408s][info][gc,marking     ] GC(408) Concurrent Cleanup for Next Mark 1.535ms
[340.408s][info][gc             ] GC(408) Concurrent Mark Cycle 58.517ms
[341.428s][info][gc,start       ] GC(409) Pause Young (Prepare Mixed) (G1 Evacuation Pause)
[341.428s][info][gc,task        ] GC(409) Using 4 workers of 4 for evacuation
[341.435s][info][gc,phases      ] GC(409)   Pre Evacuate Collection Set: 0.10ms
[341.435s][info][gc,phases      ] GC(409)   Merge Heap Roots: 0.08ms
[341.435s][info][gc,phases      ] GC(409)   Evacuate Collection Set: 6.22ms
[341.435s][info][gc,phases      ] GC(409)   Post Evacuate Collection Set: 0.57ms
[341.435s][info][gc,phases      ] GC(409)   Other: 0.05ms
[341.435s][info][gc,heap        ] GC(409) Eden regions: 168->0(352)
[341.435s][info][gc,heap        ] GC(409) Survivor regions: 2->22(22)
[341.435s][info][gc,heap        ] GC(409) Old regions: 90->143
[341.435s][info][gc,heap        ] GC(409) Humongous regions: 823->607
[341.435s][info][gc,metaspace   ] GC(409) Metaspace: 100446K(101440K)->100446K(101440K) NonClass: 78513K(78912K)->78513K(78912K) Class: 21933K(22528K)->21933K(22528K)
[341.435s][info][gc             ] GC(409) Pause Young (Prepare Mixed) (G1 Evacuation Pause) 2164M->1542M(2868M) 7.105ms
[341.435s][info][gc,cpu         ] GC(409) User=0.03s Sys=0.00s Real=0.00s
[341.750s][info][gc,start       ] GC(410) Pause Young (Mixed) (G1 Evacuation Pause)
[341.750s][info][gc,task        ] GC(410) Using 4 workers of 4 for evacuation
[341.767s][info][gc,phases      ] GC(410)   Pre Evacuate Collection Set: 0.12ms
[341.767s][info][gc,phases      ] GC(410)   Merge Heap Roots: 0.07ms
[341.767s][info][gc,phases      ] GC(410)   Evacuate Collection Set: 16.28ms
[341.767s][info][gc,phases      ] GC(410)   Post Evacuate Collection Set: 0.49ms
[341.767s][info][gc,phases      ] GC(410)   Other: 0.06ms
[341.767s][info][gc,heap        ] GC(410) Eden regions: 352->0(240)
[341.767s][info][gc,heap        ] GC(410) Survivor regions: 22->47(47)
[341.767s][info][gc,heap        ] GC(410) Old regions: 143->285
[341.767s][info][gc,heap        ] GC(410) Humongous regions: 677->616
[341.767s][info][gc,metaspace   ] GC(410) Metaspace: 100447K(101440K)->100447K(101440K) NonClass: 78513K(78912K)->78513K(78912K) Class: 21934K(22528K)->21934K(22528K)
[341.767s][info][gc             ] GC(410) Pause Young (Mixed) (G1 Evacuation Pause) 2386M->1895M(2868M) 17.116ms
[341.767s][info][gc,cpu         ] GC(410) User=0.06s Sys=0.00s Real=0.02s
[341.768s][info][gc,start       ] GC(411) Pause Young (Concurrent Start) (G1 Humongous Allocation)
[341.768s][info][gc,task        ] GC(411) Using 4 workers of 4 for evacuation
[341.772s][info][gc,phases      ] GC(411)   Pre Evacuate Collection Set: 0.14ms
[341.772s][info][gc,phases      ] GC(411)   Merge Heap Roots: 0.04ms
[341.772s][info][gc,phases      ] GC(411)   Evacuate Collection Set: 3.46ms
[341.772s][info][gc,phases      ] GC(411)   Post Evacuate Collection Set: 0.37ms
[341.772s][info][gc,phases      ] GC(411)   Other: 0.04ms
[341.772s][info][gc,heap        ] GC(411) Eden regions: 11->0(229)
[341.772s][info][gc,heap        ] GC(411) Survivor regions: 47->7(36)
[341.772s][info][gc,heap        ] GC(411) Old regions: 285->334
[341.772s][info][gc,heap        ] GC(411) Humongous regions: 616->616
[341.772s][info][gc,metaspace   ] GC(411) Metaspace: 100447K(101440K)->100447K(101440K) NonClass: 78513K(78912K)->78513K(78912K) Class: 21934K(22528K)->21934K(22528K)
[341.772s][info][gc             ] GC(411) Pause Young (Concurrent Start) (G1 Humongous Allocation) 1917M->1912M(2868M) 4.136ms
[341.772s][info][gc,cpu         ] GC(411) User=0.01s Sys=0.00s Real=0.00s
[341.772s][info][gc             ] GC(412) Concurrent Mark Cycle
[341.772s][info][gc,marking     ] GC(412) Concurrent Scan Root Regions
[341.777s][info][gc,marking     ] GC(412) Concurrent Scan Root Regions 4.831ms
[341.777s][info][gc,marking     ] GC(412) Concurrent Mark
[341.777s][info][gc,marking     ] GC(412) Concurrent Mark From Roots
[341.777s][info][gc,task        ] GC(412) Using 1 workers of 1 for marking
[341.826s][info][gc,marking     ] GC(412) Concurrent Mark From Roots 49.161ms
[341.826s][info][gc,marking     ] GC(412) Concurrent Preclean
[341.826s][info][gc,marking     ] GC(412) Concurrent Preclean 0.127ms
[341.827s][info][gc,start       ] GC(412) Pause Remark
[341.829s][info][gc             ] GC(412) Pause Remark 2284M->2122M(2868M) 2.454ms
[341.829s][info][gc,cpu         ] GC(412) User=0.01s Sys=0.00s Real=0.00s
[341.830s][info][gc,marking     ] GC(412) Concurrent Mark 52.397ms
[341.830s][info][gc,marking     ] GC(412) Concurrent Rebuild Remembered Sets and Scrub Regions
[341.864s][info][gc,marking     ] GC(412) Concurrent Rebuild Remembered Sets and Scrub Regions 34.286ms
[341.864s][info][gc,start       ] GC(412) Pause Cleanup
[341.864s][info][gc             ] GC(412) Pause Cleanup 2839M->2839M(2868M) 0.118ms
[341.864s][info][gc,cpu         ] GC(412) User=0.00s Sys=0.00s Real=0.00s
[341.864s][info][gc,marking     ] GC(412) Concurrent Clear Claimed Marks
[341.864s][info][gc,marking     ] GC(412) Concurrent Clear Claimed Marks 0.145ms
[341.864s][info][gc,marking     ] GC(412) Concurrent Cleanup for Next Mark
[341.865s][info][gc,start       ] GC(413) Pause Young (Prepare Mixed) (G1 Humongous Allocation)
[341.865s][info][gc,task        ] GC(413) Using 4 workers of 4 for evacuation
[341.868s][info][gc,phases      ] GC(413)   Pre Evacuate Collection Set: 0.19ms
[341.868s][info][gc,phases      ] GC(413)   Merge Heap Roots: 0.08ms
[341.868s][info][gc,phases      ] GC(413)   Evacuate Collection Set: 1.72ms
[341.868s][info][gc,phases      ] GC(413)   Post Evacuate Collection Set: 1.03ms
[341.868s][info][gc,phases      ] GC(413)   Other: 0.06ms
[341.868s][info][gc,heap        ] GC(413) Eden regions: 78->0(164)
[341.868s][info][gc,heap        ] GC(413) Survivor regions: 7->11(11)
[341.868s][info][gc,heap        ] GC(413) Old regions: 307->391
[341.868s][info][gc,heap        ] GC(413) Humongous regions: 1031->716
[341.868s][info][gc,metaspace   ] GC(413) Metaspace: 100447K(101440K)->100447K(101440K) NonClass: 78513K(78912K)->78513K(78912K) Class: 21934K(22528K)->21934K(22528K)
[341.868s][info][gc             ] GC(413) Pause Young (Prepare Mixed) (G1 Humongous Allocation) (Evacuation Failure: Allocation) 2843M->2235M(2868M) 3.157ms
[341.868s][info][gc,cpu         ] GC(413) User=0.01s Sys=0.01s Real=0.01s
[341.869s][info][gc,marking     ] GC(412) Concurrent Cleanup for Next Mark 4.713ms
[341.869s][info][gc             ] GC(412) Concurrent Mark Cycle 96.751ms
[341.972s][info][gc,start       ] GC(414) Pause Young (Mixed) (G1 Humongous Allocation)
[341.972s][info][gc,task        ] GC(414) Using 4 workers of 4 for evacuation
[341.977s][info][gc,phases      ] GC(414)   Pre Evacuate Collection Set: 0.18ms
[341.977s][info][gc,phases      ] GC(414)   Merge Heap Roots: 0.06ms
[341.977s][info][gc,phases      ] GC(414)   Evacuate Collection Set: 3.06ms
[341.977s][info][gc,phases      ] GC(414)   Post Evacuate Collection Set: 1.38ms
[341.977s][info][gc,phases      ] GC(414)   Other: 0.05ms
[341.977s][info][gc,heap        ] GC(414) Eden regions: 34->0(152)
[341.977s][info][gc,heap        ] GC(414) Survivor regions: 11->17(22)
[341.977s][info][gc,heap        ] GC(414) Old regions: 391->425
[341.977s][info][gc,heap        ] GC(414) Humongous regions: 966->702
[341.977s][info][gc,metaspace   ] GC(414) Metaspace: 100447K(101440K)->100447K(101440K) NonClass: 78513K(78912K)->78513K(78912K) Class: 21934K(22528K)->21934K(22528K)
[341.977s][info][gc             ] GC(414) Pause Young (Mixed) (G1 Humongous Allocation) (Evacuation Failure: Allocation) 2803M->2287M(2868M) 4.823ms
[341.977s][info][gc,cpu         ] GC(414) User=0.02s Sys=0.00s Real=0.01s
[341.979s][info][gc,start       ] GC(415) Pause Young (Concurrent Start) (G1 Humongous Allocation)
[341.979s][info][gc,task        ] GC(415) Using 4 workers of 4 for evacuation
[341.982s][info][gc,phases      ] GC(415)   Pre Evacuate Collection Set: 0.18ms
[341.982s][info][gc,phases      ] GC(415)   Merge Heap Roots: 0.05ms
[341.982s][info][gc,phases      ] GC(415)   Evacuate Collection Set: 2.61ms
[341.982s][info][gc,phases      ] GC(415)   Post Evacuate Collection Set: 0.41ms
[341.982s][info][gc,phases      ] GC(415)   Other: 0.04ms
[341.982s][info][gc,heap        ] GC(415) Eden regions: 3->0(194)
[341.982s][info][gc,heap        ] GC(415) Survivor regions: 17->10(22)
[341.982s][info][gc,heap        ] GC(415) Old regions: 425->337
[341.982s][info][gc,heap        ] GC(415) Humongous regions: 711->706
[341.982s][info][gc,metaspace   ] GC(415) Metaspace: 100447K(101440K)->100447K(101440K) NonClass: 78513K(78912K)->78513K(78912K) Class: 21934K(22528K)->21934K(22528K)
[341.982s][info][gc             ] GC(415) Pause Young (Concurrent Start) (G1 Humongous Allocation) 2310M->2105M(2868M) 3.364ms
[341.982s][info][gc,cpu         ] GC(415) User=0.02s Sys=0.00s Real=0.00s
[341.982s][info][gc             ] GC(416) Concurrent Mark Cycle
[341.982s][info][gc,marking     ] GC(416) Concurrent Scan Root Regions
[341.986s][info][gc,marking     ] GC(416) Concurrent Scan Root Regions 3.240ms
[341.986s][info][gc,marking     ] GC(416) Concurrent Mark
[341.986s][info][gc,marking     ] GC(416) Concurrent Mark From Roots
[341.986s][info][gc,task        ] GC(416) Using 1 workers of 1 for marking
[342.031s][info][gc,marking     ] GC(416) Concurrent Mark From Roots 45.727ms
[342.031s][info][gc,marking     ] GC(416) Concurrent Preclean
[342.032s][info][gc,marking     ] GC(416) Concurrent Preclean 0.094ms
[342.032s][info][gc,start       ] GC(416) Pause Remark
[342.034s][info][gc             ] GC(416) Pause Remark 2191M->1847M(2868M) 2.638ms
[342.034s][info][gc,cpu         ] GC(416) User=0.01s Sys=0.00s Real=0.00s
[342.034s][info][gc,marking     ] GC(416) Concurrent Mark 48.596ms
[342.034s][info][gc,marking     ] GC(416) Concurrent Rebuild Remembered Sets and Scrub Regions
[342.060s][info][gc,marking     ] GC(416) Concurrent Rebuild Remembered Sets and Scrub Regions 25.575ms
[342.061s][info][gc,start       ] GC(416) Pause Cleanup
[342.061s][info][gc             ] GC(416) Pause Cleanup 2000M->2000M(2868M) 0.089ms
[342.061s][info][gc,cpu         ] GC(416) User=0.00s Sys=0.00s Real=0.00s
[342.061s][info][gc,marking     ] GC(416) Concurrent Clear Claimed Marks
[342.061s][info][gc,marking     ] GC(416) Concurrent Clear Claimed Marks 0.133ms
[342.061s][info][gc,marking     ] GC(416) Concurrent Cleanup for Next Mark
[342.063s][info][gc,marking     ] GC(416) Concurrent Cleanup for Next Mark 1.900ms
[342.063s][info][gc             ] GC(416) Concurrent Mark Cycle 80.701ms
[343.018s][info][gc,start       ] GC(417) Pause Young (Prepare Mixed) (G1 Humongous Allocation)
[343.018s][info][gc,task        ] GC(417) Using 4 workers of 4 for evacuation
[343.021s][info][gc,phases      ] GC(417)   Pre Evacuate Collection Set: 0.10ms
[343.021s][info][gc,phases      ] GC(417)   Merge Heap Roots: 0.06ms
[343.021s][info][gc,phases      ] GC(417)   Evacuate Collection Set: 2.38ms
[343.021s][info][gc,phases      ] GC(417)   Post Evacuate Collection Set: 0.53ms
[343.021s][info][gc,phases      ] GC(417)   Other: 0.04ms
[343.021s][info][gc,heap        ] GC(417) Eden regions: 77->0(233)
[343.021s][info][gc,heap        ] GC(417) Survivor regions: 10->26(26)
[343.021s][info][gc,heap        ] GC(417) Old regions: 309->311
[343.021s][info][gc,heap        ] GC(417) Humongous regions: 1000->634
[343.021s][info][gc,metaspace   ] GC(417) Metaspace: 100447K(101440K)->100447K(101440K) NonClass: 78513K(78912K)->78513K(78912K) Class: 21934K(22528K)->21934K(22528K)
[343.021s][info][gc             ] GC(417) Pause Young (Prepare Mixed) (G1 Humongous Allocation) 2791M->1940M(2868M) 3.200ms
[343.021s][info][gc,cpu         ] GC(417) User=0.01s Sys=0.00s Real=0.00s
[343.931s][info][gc,start       ] GC(418) Pause Young (Mixed) (G1 Evacuation Pause)
[343.931s][info][gc,task        ] GC(418) Using 4 workers of 4 for evacuation
[343.943s][info][gc,phases      ] GC(418)   Pre Evacuate Collection Set: 0.12ms
[343.943s][info][gc,phases      ] GC(418)   Merge Heap Roots: 0.06ms
[343.943s][info][gc,phases      ] GC(418)   Evacuate Collection Set: 10.21ms
[343.943s][info][gc,phases      ] GC(418)   Post Evacuate Collection Set: 1.60ms
[343.943s][info][gc,phases      ] GC(418)   Other: 0.05ms
[343.943s][info][gc,heap        ] GC(418) Eden regions: 233->0(150)
[343.943s][info][gc,heap        ] GC(418) Survivor regions: 26->33(33)
[343.943s][info][gc,heap        ] GC(418) Old regions: 311->480
[343.943s][info][gc,heap        ] GC(418) Humongous regions: 744->616
[343.943s][info][gc,metaspace   ] GC(418) Metaspace: 100447K(101440K)->100447K(101440K) NonClass: 78513K(78912K)->78513K(78912K) Class: 21934K(22528K)->21934K(22528K)
[343.943s][info][gc             ] GC(418) Pause Young (Mixed) (G1 Evacuation Pause) (Evacuation Failure: Allocation) 2626M->2257M(2868M) 12.143ms
[343.943s][info][gc,cpu         ] GC(418) User=0.05s Sys=0.00s Real=0.01s
[343.946s][info][gc,start       ] GC(419) Pause Young (Concurrent Start) (G1 Humongous Allocation)
[343.946s][info][gc,task        ] GC(419) Using 4 workers of 4 for evacuation
[343.950s][info][gc,phases      ] GC(419)   Pre Evacuate Collection Set: 0.30ms
[343.950s][info][gc,phases      ] GC(419)   Merge Heap Roots: 0.08ms
[343.950s][info][gc,phases      ] GC(419)   Evacuate Collection Set: 3.01ms
[343.950s][info][gc,phases      ] GC(419)   Post Evacuate Collection Set: 0.59ms
[343.950s][info][gc,phases      ] GC(419)   Other: 0.04ms
[343.950s][info][gc,heap        ] GC(419) Eden regions: 12->0(200)
[343.950s][info][gc,heap        ] GC(419) Survivor regions: 33->7(23)
[343.950s][info][gc,heap        ] GC(419) Old regions: 480->413
[343.950s][info][gc,heap        ] GC(419) Humongous regions: 616->616
[343.950s][info][gc,metaspace   ] GC(419) Metaspace: 100447K(101440K)->100447K(101440K) NonClass: 78513K(78912K)->78513K(78912K) Class: 21934K(22528K)->21934K(22528K)
[343.950s][info][gc             ] GC(419) Pause Young (Concurrent Start) (G1 Humongous Allocation) 2281M->2070M(2868M) 4.117ms
[343.950s][info][gc,cpu         ] GC(419) User=0.02s Sys=0.00s Real=0.00s
[343.950s][info][gc             ] GC(420) Concurrent Mark Cycle
[343.950s][info][gc,marking     ] GC(420) Concurrent Scan Root Regions
[343.954s][info][gc,marking     ] GC(420) Concurrent Scan Root Regions 3.546ms
[343.954s][info][gc,marking     ] GC(420) Concurrent Mark
[343.954s][info][gc,marking     ] GC(420) Concurrent Mark From Roots
[343.954s][info][gc,task        ] GC(420) Using 1 workers of 1 for marking
[343.994s][info][gc,marking     ] GC(420) Concurrent Mark From Roots 40.209ms
[343.994s][info][gc,marking     ] GC(420) Concurrent Preclean
[343.994s][info][gc,marking     ] GC(420) Concurrent Preclean 0.093ms
[343.995s][info][gc,start       ] GC(420) Pause Remark
[343.998s][info][gc             ] GC(420) Pause Remark 2210M->1628M(2868M) 2.472ms
[343.998s][info][gc,cpu         ] GC(420) User=0.01s Sys=0.00s Real=0.01s
[343.998s][info][gc,marking     ] GC(420) Concurrent Mark 43.881ms
[343.998s][info][gc,marking     ] GC(420) Concurrent Rebuild Remembered Sets and Scrub Regions
[344.019s][info][gc,marking     ] GC(420) Concurrent Rebuild Remembered Sets and Scrub Regions 20.942ms
[344.019s][info][gc,start       ] GC(420) Pause Cleanup
[344.019s][info][gc             ] GC(420) Pause Cleanup 1687M->1687M(2868M) 0.068ms
[344.019s][info][gc,cpu         ] GC(420) User=0.00s Sys=0.00s Real=0.00s
[344.019s][info][gc,marking     ] GC(420) Concurrent Clear Claimed Marks
[344.019s][info][gc,marking     ] GC(420) Concurrent Clear Claimed Marks 0.113ms
[344.019s][info][gc,marking     ] GC(420) Concurrent Cleanup for Next Mark
[344.020s][info][gc,marking     ] GC(420) Concurrent Cleanup for Next Mark 1.241ms
[344.020s][info][gc             ] GC(420) Concurrent Mark Cycle 69.951ms
[344.109s][info][gc,start       ] GC(421) Pause Young (Prepare Mixed) (G1 Evacuation Pause)
[344.109s][info][gc,task        ] GC(421) Using 4 workers of 4 for evacuation
[344.119s][info][gc,phases      ] GC(421)   Pre Evacuate Collection Set: 0.12ms
[344.119s][info][gc,phases      ] GC(421)   Merge Heap Roots: 0.07ms
[344.119s][info][gc,phases      ] GC(421)   Evacuate Collection Set: 8.95ms
[344.119s][info][gc,phases      ] GC(421)   Post Evacuate Collection Set: 0.52ms
[344.119s][info][gc,phases      ] GC(421)   Other: 0.06ms
[344.119s][info][gc,heap        ] GC(421) Eden regions: 200->0(297)
[344.119s][info][gc,heap        ] GC(421) Survivor regions: 7->26(26)
[344.119s][info][gc,heap        ] GC(421) Old regions: 176->256
[344.119s][info][gc,heap        ] GC(421) Humongous regions: 568->562
[344.119s][info][gc,metaspace   ] GC(421) Metaspace: 100447K(101440K)->100447K(101440K) NonClass: 78513K(78912K)->78513K(78912K) Class: 21934K(22528K)->21934K(22528K)
[344.119s][info][gc             ] GC(421) Pause Young (Prepare Mixed) (G1 Evacuation Pause) 1900M->1686M(2868M) 9.839ms
[344.119s][info][gc,cpu         ] GC(421) User=0.04s Sys=0.00s Real=0.01s
[344.250s][info][gc,start       ] GC(422) Pause Young (Mixed) (G1 Humongous Allocation)
[344.250s][info][gc,task        ] GC(422) Using 4 workers of 4 for evacuation
[344.255s][info][gc,phases      ] GC(422)   Pre Evacuate Collection Set: 0.13ms
[344.255s][info][gc,phases      ] GC(422)   Merge Heap Roots: 0.05ms
[344.255s][info][gc,phases      ] GC(422)   Evacuate Collection Set: 2.53ms
[344.255s][info][gc,phases      ] GC(422)   Post Evacuate Collection Set: 2.32ms
[344.255s][info][gc,phases      ] GC(422)   Other: 0.05ms
[344.255s][info][gc,heap        ] GC(422) Eden regions: 130->0(157)
[344.255s][info][gc,heap        ] GC(422) Survivor regions: 26->8(15)
[344.255s][info][gc,heap        ] GC(422) Old regions: 256->411
[344.255s][info][gc,heap        ] GC(422) Humongous regions: 1007->714
[344.255s][info][gc,metaspace   ] GC(422) Metaspace: 100447K(101440K)->100447K(101440K) NonClass: 78513K(78912K)->78513K(78912K) Class: 21934K(22528K)->21934K(22528K)
[344.255s][info][gc             ] GC(422) Pause Young (Mixed) (G1 Humongous Allocation) (Evacuation Failure: Allocation) 2835M->2265M(2868M) 5.182ms
[344.255s][info][gc,cpu         ] GC(422) User=0.02s Sys=0.00s Real=0.00s
[344.256s][info][gc,start       ] GC(423) Pause Young (Concurrent Start) (G1 Humongous Allocation)
[344.256s][info][gc,task        ] GC(423) Using 4 workers of 4 for evacuation
[344.263s][info][gc,phases      ] GC(423)   Pre Evacuate Collection Set: 0.29ms
[344.263s][info][gc,phases      ] GC(423)   Merge Heap Roots: 0.09ms
[344.263s][info][gc,phases      ] GC(423)   Evacuate Collection Set: 5.39ms
[344.263s][info][gc,phases      ] GC(423)   Post Evacuate Collection Set: 0.86ms
[344.263s][info][gc,phases      ] GC(423)   Other: 0.05ms
[344.263s][info][gc,heap        ] GC(423) Eden regions: 3->0(222)
[344.263s][info][gc,heap        ] GC(423) Survivor regions: 8->10(21)
[344.263s][info][gc,heap        ] GC(423) Old regions: 411->323
[344.263s][info][gc,heap        ] GC(423) Humongous regions: 717->709
[344.263s][info][gc,metaspace   ] GC(423) Metaspace: 100447K(101440K)->100447K(101440K) NonClass: 78513K(78912K)->78513K(78912K) Class: 21934K(22528K)->21934K(22528K)
[344.263s][info][gc             ] GC(423) Pause Young (Concurrent Start) (G1 Humongous Allocation) 2276M->2081M(2868M) 6.775ms
[344.263s][info][gc,cpu         ] GC(423) User=0.02s Sys=0.01s Real=0.00s
[344.263s][info][gc             ] GC(424) Concurrent Mark Cycle
[344.263s][info][gc,marking     ] GC(424) Concurrent Scan Root Regions
[344.270s][info][gc,marking     ] GC(424) Concurrent Scan Root Regions 6.790ms
[344.270s][info][gc,marking     ] GC(424) Concurrent Mark
[344.270s][info][gc,marking     ] GC(424) Concurrent Mark From Roots
[344.270s][info][gc,task        ] GC(424) Using 1 workers of 1 for marking
[344.327s][info][gc,marking     ] GC(424) Concurrent Mark From Roots 57.153ms
[344.327s][info][gc,marking     ] GC(424) Concurrent Preclean
[344.327s][info][gc,marking     ] GC(424) Concurrent Preclean 0.100ms
[344.327s][info][gc,start       ] GC(424) Pause Remark
[344.330s][info][gc             ] GC(424) Pause Remark 2701M->2459M(2868M) 3.361ms
[344.330s][info][gc,cpu         ] GC(424) User=0.01s Sys=0.00s Real=0.00s
[344.330s][info][gc,marking     ] GC(424) Concurrent Mark 60.760ms
[344.330s][info][gc,marking     ] GC(424) Concurrent Rebuild Remembered Sets and Scrub Regions
[344.358s][info][gc,marking     ] GC(424) Concurrent Rebuild Remembered Sets and Scrub Regions 27.346ms
[344.358s][info][gc,start       ] GC(424) Pause Cleanup
[344.358s][info][gc             ] GC(424) Pause Cleanup 2538M->2538M(2868M) 0.122ms
[344.358s][info][gc,cpu         ] GC(424) User=0.00s Sys=0.00s Real=0.00s
[344.358s][info][gc,marking     ] GC(424) Concurrent Clear Claimed Marks
[344.358s][info][gc,marking     ] GC(424) Concurrent Clear Claimed Marks 0.105ms
[344.358s][info][gc,marking     ] GC(424) Concurrent Cleanup for Next Mark
[344.359s][info][gc,marking     ] GC(424) Concurrent Cleanup for Next Mark 1.168ms
[344.359s][info][gc             ] GC(424) Concurrent Mark Cycle 96.464ms
[344.446s][info][gc,start       ] GC(425) Pause Young (Prepare Mixed) (G1 Humongous Allocation)
[344.446s][info][gc,task        ] GC(425) Using 4 workers of 4 for evacuation
[344.451s][info][gc,phases      ] GC(425)   Pre Evacuate Collection Set: 0.34ms
[344.451s][info][gc,phases      ] GC(425)   Merge Heap Roots: 0.20ms
[344.451s][info][gc,phases      ] GC(425)   Evacuate Collection Set: 3.38ms
[344.451s][info][gc,phases      ] GC(425)   Post Evacuate Collection Set: 0.68ms
[344.451s][info][gc,phases      ] GC(425)   Other: 0.10ms
[344.451s][info][gc,heap        ] GC(425) Eden regions: 53->0(223)
[344.451s][info][gc,heap        ] GC(425) Survivor regions: 10->29(29)
[344.451s][info][gc,heap        ] GC(425) Old regions: 319->319
[344.451s][info][gc,heap        ] GC(425) Humongous regions: 1010->706
[344.451s][info][gc,metaspace   ] GC(425) Metaspace: 100451K(101440K)->100451K(101440K) NonClass: 78517K(78912K)->78517K(78912K) Class: 21934K(22528K)->21934K(22528K)
[344.451s][info][gc             ] GC(425) Pause Young (Prepare Mixed) (G1 Humongous Allocation) 2780M->2107M(2868M) 4.807ms
[344.451s][info][gc,cpu         ] GC(425) User=0.01s Sys=0.00s Real=0.00s
[345.385s][info][gc,start       ] GC(426) Pause Young (Mixed) (G1 Humongous Allocation)
[345.385s][info][gc,task        ] GC(426) Using 4 workers of 4 for evacuation
[345.390s][info][gc,phases      ] GC(426)   Pre Evacuate Collection Set: 0.11ms
[345.390s][info][gc,phases      ] GC(426)   Merge Heap Roots: 0.04ms
[345.390s][info][gc,phases      ] GC(426)   Evacuate Collection Set: 3.52ms
[345.390s][info][gc,phases      ] GC(426)   Post Evacuate Collection Set: 0.96ms
[345.390s][info][gc,phases      ] GC(426)   Other: 0.04ms
[345.390s][info][gc,heap        ] GC(426) Eden regions: 55->0(175)
[345.390s][info][gc,heap        ] GC(426) Survivor regions: 29->15(32)
[345.390s][info][gc,heap        ] GC(426) Old regions: 319->388
[345.390s][info][gc,heap        ] GC(426) Humongous regions: 987->731
[345.390s][info][gc,metaspace   ] GC(426) Metaspace: 100456K(101440K)->100456K(101440K) NonClass: 78522K(78912K)->78522K(78912K) Class: 21934K(22528K)->21934K(22528K)
[345.390s][info][gc             ] GC(426) Pause Young (Mixed) (G1 Humongous Allocation) (Evacuation Failure: Allocation) 2778M->2267M(2868M) 4.755ms
[345.390s][info][gc,cpu         ] GC(426) User=0.01s Sys=0.00s Real=0.01s
[345.391s][info][gc,start       ] GC(427) Pause Young (Concurrent Start) (G1 Humongous Allocation)
[345.391s][info][gc,task        ] GC(427) Using 4 workers of 4 for evacuation
[345.394s][info][gc,phases      ] GC(427)   Pre Evacuate Collection Set: 0.19ms
[345.394s][info][gc,phases      ] GC(427)   Merge Heap Roots: 0.05ms
[345.394s][info][gc,phases      ] GC(427)   Evacuate Collection Set: 2.27ms
[345.394s][info][gc,phases      ] GC(427)   Post Evacuate Collection Set: 0.72ms
[345.394s][info][gc,phases      ] GC(427)   Other: 0.05ms
[345.394s][info][gc,heap        ] GC(427) Eden regions: 2->0(203)
[345.394s][info][gc,heap        ] GC(427) Survivor regions: 15->2(24)
[345.394s][info][gc,heap        ] GC(427) Old regions: 388->365
[345.394s][info][gc,heap        ] GC(427) Humongous regions: 734->734
[345.394s][info][gc,metaspace   ] GC(427) Metaspace: 100456K(101440K)->100456K(101440K) NonClass: 78522K(78912K)->78522K(78912K) Class: 21934K(22528K)->21934K(22528K)
[345.394s][info][gc             ] GC(427) Pause Young (Concurrent Start) (G1 Humongous Allocation) 2276M->2201M(2868M) 3.373ms
[345.394s][info][gc,cpu         ] GC(427) User=0.01s Sys=0.01s Real=0.00s
[345.394s][info][gc             ] GC(428) Concurrent Mark Cycle
[345.395s][info][gc,marking     ] GC(428) Concurrent Scan Root Regions
[345.397s][info][gc,marking     ] GC(428) Concurrent Scan Root Regions 2.928ms
[345.400s][info][gc,marking     ] GC(428) Concurrent Mark
[345.400s][info][gc,marking     ] GC(428) Concurrent Mark From Roots
[345.400s][info][gc,task        ] GC(428) Using 1 workers of 1 for marking
[345.438s][info][gc,marking     ] GC(428) Concurrent Mark From Roots 38.214ms
[345.438s][info][gc,marking     ] GC(428) Concurrent Preclean
[345.439s][info][gc,marking     ] GC(428) Concurrent Preclean 0.088ms
[345.439s][info][gc,start       ] GC(428) Pause Remark
[345.441s][info][gc             ] GC(428) Pause Remark 2324M->1552M(2868M) 2.378ms
[345.441s][info][gc,cpu         ] GC(428) User=0.00s Sys=0.00s Real=0.00s
[345.441s][info][gc,marking     ] GC(428) Concurrent Mark 40.841ms
[345.441s][info][gc,marking     ] GC(428) Concurrent Rebuild Remembered Sets and Scrub Regions
[345.459s][info][gc,marking     ] GC(428) Concurrent Rebuild Remembered Sets and Scrub Regions 17.581ms
[345.459s][info][gc,start       ] GC(428) Pause Cleanup
[345.459s][info][gc             ] GC(428) Pause Cleanup 1557M->1557M(2868M) 0.074ms
[345.459s][info][gc,cpu         ] GC(428) User=0.00s Sys=0.00s Real=0.00s
[345.459s][info][gc,marking     ] GC(428) Concurrent Clear Claimed Marks
[345.459s][info][gc,marking     ] GC(428) Concurrent Clear Claimed Marks 0.113ms
[345.459s][info][gc,marking     ] GC(428) Concurrent Cleanup for Next Mark
[345.460s][info][gc,marking     ] GC(428) Concurrent Cleanup for Next Mark 1.083ms
[345.460s][info][gc             ] GC(428) Concurrent Mark Cycle 65.511ms
[346.315s][info][gc,start       ] GC(429) Pause Young (Prepare Mixed) (G1 Evacuation Pause)
[346.315s][info][gc,task        ] GC(429) Using 4 workers of 4 for evacuation
[346.324s][info][gc,phases      ] GC(429)   Pre Evacuate Collection Set: 0.12ms
[346.324s][info][gc,phases      ] GC(429)   Merge Heap Roots: 0.08ms
[346.324s][info][gc,phases      ] GC(429)   Evacuate Collection Set: 8.18ms
[346.324s][info][gc,phases      ] GC(429)   Post Evacuate Collection Set: 0.51ms
[346.324s][info][gc,phases      ] GC(429)   Other: 0.08ms
[346.324s][info][gc,heap        ] GC(429) Eden regions: 203->0(332)
[346.324s][info][gc,heap        ] GC(429) Survivor regions: 2->26(26)
[346.324s][info][gc,heap        ] GC(429) Old regions: 148->222
[346.324s][info][gc,heap        ] GC(429) Humongous regions: 742->607
[346.324s][info][gc,metaspace   ] GC(429) Metaspace: 100456K(101440K)->100456K(101440K) NonClass: 78522K(78912K)->78522K(78912K) Class: 21934K(22528K)->21934K(22528K)
[346.324s][info][gc             ] GC(429) Pause Young (Prepare Mixed) (G1 Evacuation Pause) 2189M->1709M(2868M) 9.064ms
[346.324s][info][gc,cpu         ] GC(429) User=0.04s Sys=0.00s Real=0.01s
[346.606s][info][gc,start       ] GC(430) Pause Young (Mixed) (G1 Evacuation Pause)
[346.606s][info][gc,task        ] GC(430) Using 4 workers of 4 for evacuation
[346.621s][info][gc,phases      ] GC(430)   Pre Evacuate Collection Set: 0.17ms
[346.621s][info][gc,phases      ] GC(430)   Merge Heap Roots: 0.07ms
[346.621s][info][gc,phases      ] GC(430)   Evacuate Collection Set: 10.91ms
[346.621s][info][gc,phases      ] GC(430)   Post Evacuate Collection Set: 3.81ms
[346.621s][info][gc,phases      ] GC(430)   Other: 0.06ms
[346.621s][info][gc,heap        ] GC(430) Eden regions: 332->0(83)
[346.621s][info][gc,heap        ] GC(430) Survivor regions: 26->45(45)
[346.621s][info][gc,heap        ] GC(430) Old regions: 222->626
[346.621s][info][gc,heap        ] GC(430) Humongous regions: 735->607
[346.621s][info][gc,metaspace   ] GC(430) Metaspace: 100456K(101440K)->100456K(101440K) NonClass: 78522K(78912K)->78522K(78912K) Class: 21934K(22528K)->21934K(22528K)
[346.621s][info][gc             ] GC(430) Pause Young (Mixed) (G1 Evacuation Pause) (Evacuation Failure: Allocation) 2629M->2555M(2868M) 15.121ms
[346.621s][info][gc,cpu         ] GC(430) User=0.05s Sys=0.00s Real=0.01s
[346.636s][info][gc,start       ] GC(431) Pause Young (Concurrent Start) (G1 Humongous Allocation)
[346.636s][info][gc,task        ] GC(431) Using 4 workers of 4 for evacuation
[346.647s][info][gc,phases      ] GC(431)   Pre Evacuate Collection Set: 0.33ms
[346.648s][info][gc,phases      ] GC(431)   Merge Heap Roots: 0.08ms
[346.648s][info][gc,phases      ] GC(431)   Evacuate Collection Set: 9.76ms
[346.648s][info][gc,phases      ] GC(431)   Post Evacuate Collection Set: 0.92ms
[346.648s][info][gc,phases      ] GC(431)   Other: 0.05ms
[346.648s][info][gc,heap        ] GC(431) Eden regions: 29->0(205)
[346.648s][info][gc,heap        ] GC(431) Survivor regions: 45->14(16)
[346.648s][info][gc,heap        ] GC(431) Old regions: 626->413
[346.648s][info][gc,heap        ] GC(431) Humongous regions: 607->607
[346.648s][info][gc,metaspace   ] GC(431) Metaspace: 100456K(101440K)->100456K(101440K) NonClass: 78522K(78912K)->78522K(78912K) Class: 21934K(22528K)->21934K(22528K)
[346.648s][info][gc             ] GC(431) Pause Young (Concurrent Start) (G1 Humongous Allocation) (Evacuation Failure: Allocation) 2612M->2067M(2868M) 11.230ms
[346.648s][info][gc,cpu         ] GC(431) User=0.04s Sys=0.00s Real=0.01s
[346.648s][info][gc             ] GC(432) Concurrent Mark Cycle
[346.648s][info][gc,marking     ] GC(432) Concurrent Scan Root Regions
[346.662s][info][gc,marking     ] GC(432) Concurrent Scan Root Regions 14.107ms
[346.662s][info][gc,marking     ] GC(432) Concurrent Mark
[346.662s][info][gc,marking     ] GC(432) Concurrent Mark From Roots
[346.662s][info][gc,task        ] GC(432) Using 1 workers of 1 for marking
[346.673s][info][gc,start       ] GC(433) Pause Young (Normal) (G1 Humongous Allocation)
[346.673s][info][gc,task        ] GC(433) Using 4 workers of 4 for evacuation
[346.675s][info][gc,phases      ] GC(433)   Pre Evacuate Collection Set: 0.11ms
[346.675s][info][gc,phases      ] GC(433)   Merge Heap Roots: 0.04ms
[346.675s][info][gc,phases      ] GC(433)   Evacuate Collection Set: 1.35ms
[346.675s][info][gc,phases      ] GC(433)   Post Evacuate Collection Set: 0.78ms
[346.675s][info][gc,phases      ] GC(433)   Other: 0.04ms
[346.675s][info][gc,heap        ] GC(433) Eden regions: 22->0(121)
[346.675s][info][gc,heap        ] GC(433) Survivor regions: 14->9(12)
[346.675s][info][gc,heap        ] GC(433) Old regions: 413->434
[346.675s][info][gc,heap        ] GC(433) Humongous regions: 973->758
[346.675s][info][gc,metaspace   ] GC(433) Metaspace: 100456K(101440K)->100456K(101440K) NonClass: 78522K(78912K)->78522K(78912K) Class: 21934K(22528K)->21934K(22528K)
[346.675s][info][gc             ] GC(433) Pause Young (Normal) (G1 Humongous Allocation) (Evacuation Failure: Allocation) 2843M->2401M(2868M) 2.400ms
[346.675s][info][gc,cpu         ] GC(433) User=0.01s Sys=0.00s Real=0.00s
[346.700s][info][gc,start       ] GC(434) Pause Young (Normal) (G1 Humongous Allocation)
[346.700s][info][gc,task        ] GC(434) Using 4 workers of 4 for evacuation
[346.703s][info][gc,phases      ] GC(434)   Pre Evacuate Collection Set: 0.15ms
[346.703s][info][gc,phases      ] GC(434)   Merge Heap Roots: 0.04ms
[346.703s][info][gc,phases      ] GC(434)   Evacuate Collection Set: 1.75ms
[346.703s][info][gc,phases      ] GC(434)   Post Evacuate Collection Set: 0.39ms
[346.703s][info][gc,phases      ] GC(434)   Other: 0.04ms
[346.703s][info][gc,heap        ] GC(434) Eden regions: 13->0(115)
[346.703s][info][gc,heap        ] GC(434) Survivor regions: 9->8(17)
[346.703s][info][gc,heap        ] GC(434) Old regions: 434->417
[346.703s][info][gc,heap        ] GC(434) Humongous regions: 921->786
[346.703s][info][gc,metaspace   ] GC(434) Metaspace: 100456K(101440K)->100456K(101440K) NonClass: 78522K(78912K)->78522K(78912K) Class: 21934K(22528K)->21934K(22528K)
[346.703s][info][gc             ] GC(434) Pause Young (Normal) (G1 Humongous Allocation) 2753M->2419M(2868M) 2.450ms
[346.703s][info][gc,cpu         ] GC(434) User=0.00s Sys=0.00s Real=0.00s
[346.728s][info][gc,marking     ] GC(432) Concurrent Mark From Roots 65.817ms
[346.728s][info][gc,marking     ] GC(432) Concurrent Preclean
[346.728s][info][gc,marking     ] GC(432) Concurrent Preclean 0.096ms
[346.728s][info][gc,start       ] GC(432) Pause Remark
[346.731s][info][gc             ] GC(432) Pause Remark 2650M->2422M(2868M) 3.706ms
[346.731s][info][gc,cpu         ] GC(432) User=0.01s Sys=0.00s Real=0.00s
[346.731s][info][gc,marking     ] GC(432) Concurrent Mark 69.738ms
[346.731s][info][gc,marking     ] GC(432) Concurrent Rebuild Remembered Sets and Scrub Regions
[346.760s][info][gc,marking     ] GC(432) Concurrent Rebuild Remembered Sets and Scrub Regions 28.322ms
[346.760s][info][gc,start       ] GC(432) Pause Cleanup
[346.760s][info][gc             ] GC(432) Pause Cleanup 2499M->2499M(2868M) 0.095ms
[346.760s][info][gc,cpu         ] GC(432) User=0.00s Sys=0.00s Real=0.00s
[346.760s][info][gc,marking     ] GC(432) Concurrent Clear Claimed Marks
[346.760s][info][gc,marking     ] GC(432) Concurrent Clear Claimed Marks 0.106ms
[346.760s][info][gc,marking     ] GC(432) Concurrent Cleanup for Next Mark
[346.761s][info][gc,marking     ] GC(432) Concurrent Cleanup for Next Mark 1.106ms
[346.761s][info][gc             ] GC(432) Concurrent Mark Cycle 113.642ms
[346.872s][info][gc,start       ] GC(435) Pause Young (Prepare Mixed) (G1 Humongous Allocation)
[346.872s][info][gc,task        ] GC(435) Using 4 workers of 4 for evacuation
[346.875s][info][gc,phases      ] GC(435)   Pre Evacuate Collection Set: 0.21ms
[346.875s][info][gc,phases      ] GC(435)   Merge Heap Roots: 0.11ms
[346.875s][info][gc,phases      ] GC(435)   Evacuate Collection Set: 1.97ms
[346.875s][info][gc,phases      ] GC(435)   Post Evacuate Collection Set: 0.65ms
[346.875s][info][gc,phases      ] GC(435)   Other: 0.06ms
[346.875s][info][gc,heap        ] GC(435) Eden regions: 36->0(130)
[346.875s][info][gc,heap        ] GC(435) Survivor regions: 8->16(16)
[346.875s][info][gc,heap        ] GC(435) Old regions: 348->355
[346.875s][info][gc,heap        ] GC(435) Humongous regions: 970->810
[346.875s][info][gc,metaspace   ] GC(435) Metaspace: 100456K(101440K)->100456K(101440K) NonClass: 78522K(78912K)->78522K(78912K) Class: 21934K(22528K)->21934K(22528K)
[346.875s][info][gc             ] GC(435) Pause Young (Prepare Mixed) (G1 Humongous Allocation) 2721M->2360M(2868M) 3.095ms
[346.875s][info][gc,cpu         ] GC(435) User=0.01s Sys=0.00s Real=0.00s
[347.574s][info][gc,start       ] GC(436) Pause Young (Mixed) (G1 Humongous Allocation)
[347.574s][info][gc,task        ] GC(436) Using 4 workers of 4 for evacuation
[347.577s][info][gc,phases      ] GC(436)   Pre Evacuate Collection Set: 0.11ms
[347.577s][info][gc,phases      ] GC(436)   Merge Heap Roots: 0.04ms
[347.577s][info][gc,phases      ] GC(436)   Evacuate Collection Set: 2.47ms
[347.577s][info][gc,phases      ] GC(436)   Post Evacuate Collection Set: 0.45ms
[347.577s][info][gc,phases      ] GC(436)   Other: 0.05ms
[347.577s][info][gc,heap        ] GC(436) Eden regions: 31->0(158)
[347.577s][info][gc,heap        ] GC(436) Survivor regions: 16->15(19)
[347.577s][info][gc,heap        ] GC(436) Old regions: 355->362
[347.577s][info][gc,heap        ] GC(436) Humongous regions: 966->748
[347.577s][info][gc,metaspace   ] GC(436) Metaspace: 100456K(101440K)->100456K(101440K) NonClass: 78522K(78912K)->78522K(78912K) Class: 21934K(22528K)->21934K(22528K)
[347.577s][info][gc             ] GC(436) Pause Young (Mixed) (G1 Humongous Allocation) 2734M->2247M(2868M) 3.205ms
[347.577s][info][gc,cpu         ] GC(436) User=0.01s Sys=0.00s Real=0.01s
[347.579s][info][gc,start       ] GC(437) Pause Young (Concurrent Start) (G1 Humongous Allocation)
[347.579s][info][gc,task        ] GC(437) Using 4 workers of 4 for evacuation
[347.581s][info][gc,phases      ] GC(437)   Pre Evacuate Collection Set: 0.20ms
[347.581s][info][gc,phases      ] GC(437)   Merge Heap Roots: 0.04ms
[347.581s][info][gc,phases      ] GC(437)   Evacuate Collection Set: 1.19ms
[347.581s][info][gc,phases      ] GC(437)   Post Evacuate Collection Set: 0.32ms
[347.581s][info][gc,phases      ] GC(437)   Other: 0.04ms
[347.581s][info][gc,heap        ] GC(437) Eden regions: 3->0(171)
[347.581s][info][gc,heap        ] GC(437) Survivor regions: 15->2(22)
[347.581s][info][gc,heap        ] GC(437) Old regions: 362->377
[347.581s][info][gc,heap        ] GC(437) Humongous regions: 751->748
[347.581s][info][gc,metaspace   ] GC(437) Metaspace: 100456K(101440K)->100456K(101440K) NonClass: 78522K(78912K)->78522K(78912K) Class: 21934K(22528K)->21934K(22528K)
[347.581s][info][gc             ] GC(437) Pause Young (Concurrent Start) (G1 Humongous Allocation) 2257M->2252M(2868M) 1.882ms
[347.581s][info][gc,cpu         ] GC(437) User=0.01s Sys=0.00s Real=0.00s
[347.581s][info][gc             ] GC(438) Concurrent Mark Cycle
[347.581s][info][gc,marking     ] GC(438) Concurrent Scan Root Regions
[347.584s][info][gc,marking     ] GC(438) Concurrent Scan Root Regions 2.632ms
[347.584s][info][gc,marking     ] GC(438) Concurrent Mark
[347.584s][info][gc,marking     ] GC(438) Concurrent Mark From Roots
[347.584s][info][gc,task        ] GC(438) Using 1 workers of 1 for marking
[347.624s][info][gc,marking     ] GC(438) Concurrent Mark From Roots 40.471ms
[347.624s][info][gc,marking     ] GC(438) Concurrent Preclean
[347.624s][info][gc,marking     ] GC(438) Concurrent Preclean 0.103ms
[347.624s][info][gc,start       ] GC(438) Pause Remark
[347.627s][info][gc             ] GC(438) Pause Remark 2420M->1578M(2868M) 3.096ms
[347.627s][info][gc,cpu         ] GC(438) User=0.01s Sys=0.00s Real=0.01s
[347.627s][info][gc,marking     ] GC(438) Concurrent Mark 43.808ms
[347.627s][info][gc,marking     ] GC(438) Concurrent Rebuild Remembered Sets and Scrub Regions
[347.645s][info][gc,marking     ] GC(438) Concurrent Rebuild Remembered Sets and Scrub Regions 17.861ms
[347.645s][info][gc,start       ] GC(438) Pause Cleanup
[347.645s][info][gc             ] GC(438) Pause Cleanup 1618M->1618M(2868M) 0.124ms
[347.646s][info][gc,cpu         ] GC(438) User=0.00s Sys=0.00s Real=0.00s
[347.646s][info][gc,marking     ] GC(438) Concurrent Clear Claimed Marks
[347.646s][info][gc,marking     ] GC(438) Concurrent Clear Claimed Marks 0.102ms
[347.646s][info][gc,marking     ] GC(438) Concurrent Cleanup for Next Mark
[347.647s][info][gc,marking     ] GC(438) Concurrent Cleanup for Next Mark 1.226ms
[347.647s][info][gc             ] GC(438) Concurrent Mark Cycle 65.964ms
[348.621s][info][gc,start       ] GC(439) Pause Young (Prepare Mixed) (G1 Evacuation Pause)
[348.621s][info][gc,task        ] GC(439) Using 4 workers of 4 for evacuation
[348.629s][info][gc,phases      ] GC(439)   Pre Evacuate Collection Set: 0.13ms
[348.629s][info][gc,phases      ] GC(439)   Merge Heap Roots: 0.08ms
[348.629s][info][gc,phases      ] GC(439)   Evacuate Collection Set: 6.55ms
[348.629s][info][gc,phases      ] GC(439)   Post Evacuate Collection Set: 0.46ms
[348.629s][info][gc,phases      ] GC(439)   Other: 0.05ms
[348.629s][info][gc,heap        ] GC(439) Eden regions: 171->0(325)
[348.629s][info][gc,heap        ] GC(439) Survivor regions: 2->22(22)
[348.629s][info][gc,heap        ] GC(439) Old regions: 136->189
[348.629s][info][gc,heap        ] GC(439) Humongous regions: 862->607
[348.629s][info][gc,metaspace   ] GC(439) Metaspace: 100459K(101440K)->100459K(101440K) NonClass: 78525K(78912K)->78525K(78912K) Class: 21934K(22528K)->21934K(22528K)
[348.629s][info][gc             ] GC(439) Pause Young (Prepare Mixed) (G1 Evacuation Pause) 2340M->1635M(2868M) 7.362ms
[348.629s][info][gc,cpu         ] GC(439) User=0.03s Sys=0.00s Real=0.01s
[348.908s][info][gc,start       ] GC(440) Pause Young (Mixed) (G1 Evacuation Pause)
[348.908s][info][gc,task        ] GC(440) Using 4 workers of 4 for evacuation
[348.924s][info][gc,phases      ] GC(440)   Pre Evacuate Collection Set: 0.15ms
[348.924s][info][gc,phases      ] GC(440)   Merge Heap Roots: 0.08ms
[348.924s][info][gc,phases      ] GC(440)   Evacuate Collection Set: 14.43ms
[348.924s][info][gc,phases      ] GC(440)   Post Evacuate Collection Set: 0.48ms
[348.924s][info][gc,phases      ] GC(440)   Other: 0.06ms
[348.924s][info][gc,heap        ] GC(440) Eden regions: 325->0(247)
[348.924s][info][gc,heap        ] GC(440) Survivor regions: 22->44(44)
[348.924s][info][gc,heap        ] GC(440) Old regions: 189->308
[348.924s][info][gc,heap        ] GC(440) Humongous regions: 677->589
[348.924s][info][gc,metaspace   ] GC(440) Metaspace: 100466K(101440K)->100466K(101440K) NonClass: 78532K(78912K)->78532K(78912K) Class: 21934K(22528K)->21934K(22528K)
[348.924s][info][gc             ] GC(440) Pause Young (Mixed) (G1 Evacuation Pause) 2425M->1880M(2868M) 15.285ms
[348.924s][info][gc,cpu         ] GC(440) User=0.06s Sys=0.00s Real=0.01s
[348.936s][info][gc,start       ] GC(441) Pause Young (Concurrent Start) (G1 Humongous Allocation)
[348.936s][info][gc,task        ] GC(441) Using 4 workers of 4 for evacuation
[348.940s][info][gc,phases      ] GC(441)   Pre Evacuate Collection Set: 0.23ms
[348.940s][info][gc,phases      ] GC(441)   Merge Heap Roots: 0.07ms
[348.940s][info][gc,phases      ] GC(441)   Evacuate Collection Set: 3.99ms
[348.940s][info][gc,phases      ] GC(441)   Post Evacuate Collection Set: 0.44ms
[348.940s][info][gc,phases      ] GC(441)   Other: 0.05ms
[348.940s][info][gc,heap        ] GC(441) Eden regions: 27->0(231)
[348.940s][info][gc,heap        ] GC(441) Survivor regions: 44->14(37)
[348.940s][info][gc,heap        ] GC(441) Old regions: 308->353
[348.940s][info][gc,heap        ] GC(441) Humongous regions: 589->589
[348.940s][info][gc,metaspace   ] GC(441) Metaspace: 100466K(101440K)->100466K(101440K) NonClass: 78532K(78912K)->78532K(78912K) Class: 21934K(22528K)->21934K(22528K)
[348.940s][info][gc             ] GC(441) Pause Young (Concurrent Start) (G1 Humongous Allocation) 1934M->1911M(2868M) 4.887ms
[348.940s][info][gc,cpu         ] GC(441) User=0.01s Sys=0.00s Real=0.01s
[348.940s][info][gc             ] GC(442) Concurrent Mark Cycle
[348.940s][info][gc,marking     ] GC(442) Concurrent Scan Root Regions
[348.946s][info][gc,marking     ] GC(442) Concurrent Scan Root Regions 5.479ms
[348.946s][info][gc,marking     ] GC(442) Concurrent Mark
[348.946s][info][gc,marking     ] GC(442) Concurrent Mark From Roots
[348.946s][info][gc,task        ] GC(442) Using 1 workers of 1 for marking
[348.999s][info][gc,marking     ] GC(442) Concurrent Mark From Roots 53.412ms
[348.999s][info][gc,marking     ] GC(442) Concurrent Preclean
[348.999s][info][gc,marking     ] GC(442) Concurrent Preclean 0.097ms
[349.000s][info][gc,start       ] GC(442) Pause Remark
[349.002s][info][gc             ] GC(442) Pause Remark 2157M->1959M(2868M) 2.334ms
[349.002s][info][gc,cpu         ] GC(442) User=0.00s Sys=0.00s Real=0.00s
[349.002s][info][gc,marking     ] GC(442) Concurrent Mark 56.002ms
[349.002s][info][gc,marking     ] GC(442) Concurrent Rebuild Remembered Sets and Scrub Regions
[349.035s][info][gc,start       ] GC(443) Pause Young (Normal) (G1 Humongous Allocation)
[349.035s][info][gc,task        ] GC(443) Using 4 workers of 4 for evacuation
[349.039s][info][gc,phases      ] GC(443)   Pre Evacuate Collection Set: 0.12ms
[349.039s][info][gc,phases      ] GC(443)   Merge Heap Roots: 0.06ms
[349.039s][info][gc,phases      ] GC(443)   Evacuate Collection Set: 3.47ms
[349.039s][info][gc,phases      ] GC(443)   Post Evacuate Collection Set: 1.13ms
[349.039s][info][gc,phases      ] GC(443)   Other: 0.05ms
[349.039s][info][gc,heap        ] GC(443) Eden regions: 88->0(145)
[349.039s][info][gc,heap        ] GC(443) Survivor regions: 14->31(31)
[349.039s][info][gc,heap        ] GC(443) Old regions: 281->380
[349.039s][info][gc,heap        ] GC(443) Humongous regions: 1013->730
[349.039s][info][gc,metaspace   ] GC(443) Metaspace: 100467K(101440K)->100467K(101440K) NonClass: 78533K(78912K)->78533K(78912K) Class: 21934K(22528K)->21934K(22528K)
[349.039s][info][gc             ] GC(443) Pause Young (Normal) (G1 Humongous Allocation) (Evacuation Failure: Allocation) 2790M->2281M(2868M) 4.924ms
[349.039s][info][gc,cpu         ] GC(443) User=0.02s Sys=0.00s Real=0.01s
[349.048s][info][gc,marking     ] GC(442) Concurrent Rebuild Remembered Sets and Scrub Regions 46.065ms
[349.048s][info][gc,start       ] GC(442) Pause Cleanup
[349.048s][info][gc             ] GC(442) Pause Cleanup 2388M->2388M(2868M) 0.108ms
[349.048s][info][gc,cpu         ] GC(442) User=0.00s Sys=0.00s Real=0.00s
[349.048s][info][gc,marking     ] GC(442) Concurrent Clear Claimed Marks
[349.048s][info][gc,marking     ] GC(442) Concurrent Clear Claimed Marks 0.112ms
[349.048s][info][gc,marking     ] GC(442) Concurrent Cleanup for Next Mark
[349.049s][info][gc,marking     ] GC(442) Concurrent Cleanup for Next Mark 1.147ms
[349.049s][info][gc             ] GC(442) Concurrent Mark Cycle 109.070ms
[349.086s][info][gc,start       ] GC(444) Pause Young (Prepare Mixed) (G1 Humongous Allocation)
[349.086s][info][gc,task        ] GC(444) Using 4 workers of 4 for evacuation
[349.091s][info][gc,phases      ] GC(444)   Pre Evacuate Collection Set: 0.24ms
[349.091s][info][gc,phases      ] GC(444)   Merge Heap Roots: 0.08ms
[349.091s][info][gc,phases      ] GC(444)   Evacuate Collection Set: 3.16ms
[349.091s][info][gc,phases      ] GC(444)   Post Evacuate Collection Set: 1.16ms
[349.091s][info][gc,phases      ] GC(444)   Other: 0.06ms
[349.091s][info][gc,heap        ] GC(444) Eden regions: 19->0(144)
[349.091s][info][gc,heap        ] GC(444) Survivor regions: 31->5(22)
[349.091s][info][gc,heap        ] GC(444) Old regions: 380->362
[349.091s][info][gc,heap        ] GC(444) Humongous regions: 965->792
[349.091s][info][gc,metaspace   ] GC(444) Metaspace: 100467K(101440K)->100467K(101440K) NonClass: 78533K(78912K)->78533K(78912K) Class: 21934K(22528K)->21934K(22528K)
[349.091s][info][gc             ] GC(444) Pause Young (Prepare Mixed) (G1 Humongous Allocation) (Evacuation Failure: Allocation) 2789M->2317M(2868M) 4.804ms
[349.091s][info][gc,cpu         ] GC(444) User=0.02s Sys=0.00s Real=0.00s
[349.353s][info][gc,start       ] GC(445) Pause Young (Mixed) (G1 Humongous Allocation)
[349.353s][info][gc,task        ] GC(445) Using 4 workers of 4 for evacuation
[349.356s][info][gc,phases      ] GC(445)   Pre Evacuate Collection Set: 0.14ms
[349.356s][info][gc,phases      ] GC(445)   Merge Heap Roots: 0.05ms
[349.356s][info][gc,phases      ] GC(445)   Evacuate Collection Set: 2.16ms
[349.356s][info][gc,phases      ] GC(445)   Post Evacuate Collection Set: 0.42ms
[349.356s][info][gc,phases      ] GC(445)   Other: 0.05ms
[349.356s][info][gc,heap        ] GC(445) Eden regions: 34->0(178)
[349.356s][info][gc,heap        ] GC(445) Survivor regions: 5->19(19)
[349.356s][info][gc,heap        ] GC(445) Old regions: 362->325
[349.356s][info][gc,heap        ] GC(445) Humongous regions: 980->747
[349.356s][info][gc,metaspace   ] GC(445) Metaspace: 100467K(101440K)->100467K(101440K) NonClass: 78533K(78912K)->78533K(78912K) Class: 21934K(22528K)->21934K(22528K)
[349.356s][info][gc             ] GC(445) Pause Young (Mixed) (G1 Humongous Allocation) 2761M->2180M(2868M) 2.898ms
[349.356s][info][gc,cpu         ] GC(445) User=0.01s Sys=0.00s Real=0.00s
[349.357s][info][gc,start       ] GC(446) Pause Young (Concurrent Start) (G1 Humongous Allocation)
[349.357s][info][gc,task        ] GC(446) Using 4 workers of 4 for evacuation
[349.359s][info][gc,phases      ] GC(446)   Pre Evacuate Collection Set: 0.16ms
[349.359s][info][gc,phases      ] GC(446)   Merge Heap Roots: 0.05ms
[349.359s][info][gc,phases      ] GC(446)   Evacuate Collection Set: 1.34ms
[349.359s][info][gc,phases      ] GC(446)   Post Evacuate Collection Set: 0.31ms
[349.359s][info][gc,phases      ] GC(446)   Other: 0.04ms
[349.359s][info][gc,heap        ] GC(446) Eden regions: 2->0(189)
[349.359s][info][gc,heap        ] GC(446) Survivor regions: 19->2(25)
[349.359s][info][gc,heap        ] GC(446) Old regions: 325->345
[349.359s][info][gc,heap        ] GC(446) Humongous regions: 756->751
[349.359s][info][gc,metaspace   ] GC(446) Metaspace: 100467K(101440K)->100467K(101440K) NonClass: 78533K(78912K)->78533K(78912K) Class: 21934K(22528K)->21934K(22528K)
[349.359s][info][gc             ] GC(446) Pause Young (Concurrent Start) (G1 Humongous Allocation) 2201M->2194M(2868M) 1.980ms
[349.359s][info][gc,cpu         ] GC(446) User=0.01s Sys=0.00s Real=0.00s
[349.359s][info][gc             ] GC(447) Concurrent Mark Cycle
[349.359s][info][gc,marking     ] GC(447) Concurrent Scan Root Regions
[349.361s][info][gc,marking     ] GC(447) Concurrent Scan Root Regions 2.066ms
[349.361s][info][gc,marking     ] GC(447) Concurrent Mark
[349.361s][info][gc,marking     ] GC(447) Concurrent Mark From Roots
[349.361s][info][gc,task        ] GC(447) Using 1 workers of 1 for marking
[349.402s][info][gc,marking     ] GC(447) Concurrent Mark From Roots 40.546ms
[349.402s][info][gc,marking     ] GC(447) Concurrent Preclean
[349.402s][info][gc,marking     ] GC(447) Concurrent Preclean 0.105ms
[349.402s][info][gc,start       ] GC(447) Pause Remark
[349.404s][info][gc             ] GC(447) Pause Remark 2210M->1630M(2868M) 2.148ms
[349.404s][info][gc,cpu         ] GC(447) User=0.01s Sys=0.00s Real=0.00s
[349.404s][info][gc,marking     ] GC(447) Concurrent Mark 42.907ms
[349.404s][info][gc,marking     ] GC(447) Concurrent Rebuild Remembered Sets and Scrub Regions
[349.424s][info][gc,marking     ] GC(447) Concurrent Rebuild Remembered Sets and Scrub Regions 19.958ms
[349.424s][info][gc,start       ] GC(447) Pause Cleanup
[349.424s][info][gc             ] GC(447) Pause Cleanup 1632M->1632M(2868M) 0.058ms
[349.424s][info][gc,cpu         ] GC(447) User=0.00s Sys=0.00s Real=0.00s
[349.425s][info][gc,marking     ] GC(447) Concurrent Clear Claimed Marks
[349.425s][info][gc,marking     ] GC(447) Concurrent Clear Claimed Marks 0.103ms
[349.425s][info][gc,marking     ] GC(447) Concurrent Cleanup for Next Mark
[349.426s][info][gc,marking     ] GC(447) Concurrent Cleanup for Next Mark 1.070ms
[349.426s][info][gc             ] GC(447) Concurrent Mark Cycle 66.288ms
[350.920s][info][gc,start       ] GC(448) Pause Young (Prepare Mixed) (G1 Evacuation Pause)
[350.920s][info][gc,task        ] GC(448) Using 4 workers of 4 for evacuation
[350.927s][info][gc,phases      ] GC(448)   Pre Evacuate Collection Set: 0.14ms
[350.927s][info][gc,phases      ] GC(448)   Merge Heap Roots: 0.08ms
[350.927s][info][gc,phases      ] GC(448)   Evacuate Collection Set: 6.36ms
[350.927s][info][gc,phases      ] GC(448)   Post Evacuate Collection Set: 0.74ms
[350.927s][info][gc,phases      ] GC(448)   Other: 0.06ms
[350.927s][info][gc,heap        ] GC(448) Eden regions: 189->0(286)
[350.927s][info][gc,heap        ] GC(448) Survivor regions: 2->24(24)
[350.927s][info][gc,heap        ] GC(448) Old regions: 244->287
[350.927s][info][gc,heap        ] GC(448) Humongous regions: 918->607
[350.927s][info][gc,metaspace   ] GC(448) Metaspace: 100472K(101440K)->100472K(101440K) NonClass: 78537K(78912K)->78537K(78912K) Class: 21935K(22528K)->21935K(22528K)
[350.927s][info][gc             ] GC(448) Pause Young (Prepare Mixed) (G1 Evacuation Pause) 2704M->1834M(2868M) 7.492ms
[350.927s][info][gc,cpu         ] GC(448) User=0.03s Sys=0.00s Real=0.01s
[351.202s][info][gc,start       ] GC(449) Pause Young (Mixed) (G1 Evacuation Pause)
[351.202s][info][gc,task        ] GC(449) Using 4 workers of 4 for evacuation
[351.217s][info][gc,phases      ] GC(449)   Pre Evacuate Collection Set: 0.16ms
[351.217s][info][gc,phases      ] GC(449)   Merge Heap Roots: 0.07ms
[351.217s][info][gc,phases      ] GC(449)   Evacuate Collection Set: 13.53ms
[351.217s][info][gc,phases      ] GC(449)   Post Evacuate Collection Set: 0.78ms
[351.217s][info][gc,phases      ] GC(449)   Other: 0.05ms
[351.217s][info][gc,heap        ] GC(449) Eden regions: 286->0(214)
[351.217s][info][gc,heap        ] GC(449) Survivor regions: 24->39(39)
[351.217s][info][gc,heap        ] GC(449) Old regions: 287->386
[351.217s][info][gc,heap        ] GC(449) Humongous regions: 619->589
[351.217s][info][gc,metaspace   ] GC(449) Metaspace: 100472K(101440K)->100472K(101440K) NonClass: 78537K(78912K)->78537K(78912K) Class: 21935K(22528K)->21935K(22528K)
[351.217s][info][gc             ] GC(449) Pause Young (Mixed) (G1 Evacuation Pause) 2430M->2026M(2868M) 14.685ms
[351.217s][info][gc,cpu         ] GC(449) User=0.06s Sys=0.00s Real=0.02s
[351.270s][info][gc,start       ] GC(450) Pause Young (Concurrent Start) (G1 Humongous Allocation)
[351.270s][info][gc,task        ] GC(450) Using 4 workers of 4 for evacuation
[351.276s][info][gc,phases      ] GC(450)   Pre Evacuate Collection Set: 0.31ms
[351.276s][info][gc,phases      ] GC(450)   Merge Heap Roots: 0.07ms
[351.276s][info][gc,phases      ] GC(450)   Evacuate Collection Set: 5.88ms
[351.276s][info][gc,phases      ] GC(450)   Post Evacuate Collection Set: 0.39ms
[351.276s][info][gc,phases      ] GC(450)   Other: 0.05ms
[351.276s][info][gc,heap        ] GC(450) Eden regions: 82->0(185)
[351.276s][info][gc,heap        ] GC(450) Survivor regions: 39->32(32)
[351.276s][info][gc,heap        ] GC(450) Old regions: 386->434
[351.276s][info][gc,heap        ] GC(450) Humongous regions: 589->589
[351.276s][info][gc,metaspace   ] GC(450) Metaspace: 100472K(101440K)->100472K(101440K) NonClass: 78537K(78912K)->78537K(78912K) Class: 21935K(22528K)->21935K(22528K)
[351.276s][info][gc             ] GC(450) Pause Young (Concurrent Start) (G1 Humongous Allocation) 2190M->2109M(2868M) 6.791ms
[351.276s][info][gc,cpu         ] GC(450) User=0.03s Sys=0.00s Real=0.01s
[351.276s][info][gc             ] GC(451) Concurrent Mark Cycle
[351.276s][info][gc,marking     ] GC(451) Concurrent Scan Root Regions
[351.282s][info][gc,marking     ] GC(451) Concurrent Scan Root Regions 5.967ms
[351.282s][info][gc,marking     ] GC(451) Concurrent Mark
[351.282s][info][gc,marking     ] GC(451) Concurrent Mark From Roots
[351.282s][info][gc,task        ] GC(451) Using 1 workers of 1 for marking
[351.332s][info][gc,start       ] GC(452) Pause Young (Normal) (G1 Humongous Allocation)
[351.332s][info][gc,task        ] GC(452) Using 4 workers of 4 for evacuation
[351.335s][info][gc,phases      ] GC(452)   Pre Evacuate Collection Set: 0.11ms
[351.335s][info][gc,phases      ] GC(452)   Merge Heap Roots: 0.08ms
[351.335s][info][gc,phases      ] GC(452)   Evacuate Collection Set: 1.47ms
[351.335s][info][gc,phases      ] GC(452)   Post Evacuate Collection Set: 1.52ms
[351.335s][info][gc,phases      ] GC(452)   Other: 0.04ms
[351.335s][info][gc,heap        ] GC(452) Eden regions: 52->0(104)
[351.335s][info][gc,heap        ] GC(452) Survivor regions: 32->2(3)
[351.335s][info][gc,heap        ] GC(452) Old regions: 434->518
[351.335s][info][gc,heap        ] GC(452) Humongous regions: 913->707
[351.335s][info][gc,metaspace   ] GC(452) Metaspace: 100472K(101440K)->100472K(101440K) NonClass: 78537K(78912K)->78537K(78912K) Class: 21935K(22528K)->21935K(22528K)
[351.335s][info][gc             ] GC(452) Pause Young (Normal) (G1 Humongous Allocation) (Evacuation Failure: Allocation) 2860M->2453M(2868M) 3.314ms
[351.335s][info][gc,cpu         ] GC(452) User=0.01s Sys=0.00s Real=0.00s
[351.347s][info][gc,marking     ] GC(451) Concurrent Mark From Roots 64.459ms
[351.347s][info][gc,marking     ] GC(451) Concurrent Preclean
[351.347s][info][gc,marking     ] GC(451) Concurrent Preclean 0.180ms
[351.348s][info][gc,start       ] GC(451) Pause Remark
[351.350s][info][gc             ] GC(451) Pause Remark 2790M->2382M(2868M) 2.218ms
[351.350s][info][gc,cpu         ] GC(451) User=0.00s Sys=0.00s Real=0.00s
[351.350s][info][gc,marking     ] GC(451) Concurrent Mark 67.822ms
[351.350s][info][gc,marking     ] GC(451) Concurrent Rebuild Remembered Sets and Scrub Regions
[351.382s][info][gc,marking     ] GC(451) Concurrent Rebuild Remembered Sets and Scrub Regions 31.333ms
[351.382s][info][gc,start       ] GC(451) Pause Cleanup
[351.382s][info][gc             ] GC(451) Pause Cleanup 2644M->2644M(2868M) 0.099ms
[351.382s][info][gc,cpu         ] GC(451) User=0.00s Sys=0.00s Real=0.00s
[351.382s][info][gc,marking     ] GC(451) Concurrent Clear Claimed Marks
[351.382s][info][gc,marking     ] GC(451) Concurrent Clear Claimed Marks 0.151ms
[351.382s][info][gc,marking     ] GC(451) Concurrent Cleanup for Next Mark
[351.383s][info][gc,marking     ] GC(451) Concurrent Cleanup for Next Mark 1.128ms
[351.383s][info][gc             ] GC(451) Concurrent Mark Cycle 106.798ms
[351.404s][info][gc,start       ] GC(453) Pause Young (Prepare Mixed) (G1 Humongous Allocation)
[351.404s][info][gc,task        ] GC(453) Using 4 workers of 4 for evacuation
[351.408s][info][gc,phases      ] GC(453)   Pre Evacuate Collection Set: 0.17ms
[351.408s][info][gc,phases      ] GC(453)   Merge Heap Roots: 0.14ms
[351.408s][info][gc,phases      ] GC(453)   Evacuate Collection Set: 3.26ms
[351.408s][info][gc,phases      ] GC(453)   Post Evacuate Collection Set: 0.64ms
[351.408s][info][gc,phases      ] GC(453)   Other: 0.05ms
[351.408s][info][gc,heap        ] GC(453) Eden regions: 31->0(180)
[351.408s][info][gc,heap        ] GC(453) Survivor regions: 2->14(14)
[351.408s][info][gc,heap        ] GC(453) Old regions: 341->309
[351.408s][info][gc,heap        ] GC(453) Humongous regions: 966->763
[351.408s][info][gc,metaspace   ] GC(453) Metaspace: 100472K(101440K)->100472K(101440K) NonClass: 78537K(78912K)->78537K(78912K) Class: 21935K(22528K)->21935K(22528K)
[351.408s][info][gc             ] GC(453) Pause Young (Prepare Mixed) (G1 Humongous Allocation) 2678M->2171M(2868M) 4.339ms
[351.408s][info][gc,cpu         ] GC(453) User=0.01s Sys=0.00s Real=0.01s
[351.619s][info][gc,start       ] GC(454) Pause Young (Mixed) (G1 Humongous Allocation)
[351.619s][info][gc,task        ] GC(454) Using 4 workers of 4 for evacuation
[351.623s][info][gc,phases      ] GC(454)   Pre Evacuate Collection Set: 0.11ms
[351.623s][info][gc,phases      ] GC(454)   Merge Heap Roots: 0.04ms
[351.623s][info][gc,phases      ] GC(454)   Evacuate Collection Set: 2.80ms
[351.623s][info][gc,phases      ] GC(454)   Post Evacuate Collection Set: 0.59ms
[351.623s][info][gc,phases      ] GC(454)   Other: 0.05ms
[351.623s][info][gc,heap        ] GC(454) Eden regions: 44->0(157)
[351.623s][info][gc,heap        ] GC(454) Survivor regions: 14->25(25)
[351.623s][info][gc,heap        ] GC(454) Old regions: 309->311
[351.623s][info][gc,heap        ] GC(454) Humongous regions: 1008->792
[351.623s][info][gc,metaspace   ] GC(454) Metaspace: 100474K(101504K)->100474K(101504K) NonClass: 78539K(78976K)->78539K(78976K) Class: 21935K(22528K)->21935K(22528K)
[351.623s][info][gc             ] GC(454) Pause Young (Mixed) (G1 Humongous Allocation) 2749M->2254M(2868M) 3.672ms
[351.623s][info][gc,cpu         ] GC(454) User=0.01s Sys=0.00s Real=0.00s
[351.624s][info][gc,start       ] GC(455) Pause Young (Concurrent Start) (G1 Humongous Allocation)
[351.624s][info][gc,task        ] GC(455) Using 4 workers of 4 for evacuation
[351.626s][info][gc,phases      ] GC(455)   Pre Evacuate Collection Set: 0.14ms
[351.626s][info][gc,phases      ] GC(455)   Merge Heap Roots: 0.03ms
[351.626s][info][gc,phases      ] GC(455)   Evacuate Collection Set: 1.71ms
[351.626s][info][gc,phases      ] GC(455)   Post Evacuate Collection Set: 0.25ms
[351.626s][info][gc,phases      ] GC(455)   Other: 0.03ms
[351.626s][info][gc,heap        ] GC(455) Eden regions: 3->0(160)
[351.626s][info][gc,heap        ] GC(455) Survivor regions: 25->2(23)
[351.626s][info][gc,heap        ] GC(455) Old regions: 311->337
[351.626s][info][gc,heap        ] GC(455) Humongous regions: 801->796
[351.626s][info][gc,metaspace   ] GC(455) Metaspace: 100474K(101504K)->100474K(101504K) NonClass: 78539K(78976K)->78539K(78976K) Class: 21935K(22528K)->21935K(22528K)
[351.626s][info][gc             ] GC(455) Pause Young (Concurrent Start) (G1 Humongous Allocation) 2277M->2268M(2868M) 2.222ms
[351.626s][info][gc,cpu         ] GC(455) User=0.01s Sys=0.00s Real=0.01s
[351.626s][info][gc             ] GC(456) Concurrent Mark Cycle
[351.626s][info][gc,marking     ] GC(456) Concurrent Scan Root Regions
[351.630s][info][gc,marking     ] GC(456) Concurrent Scan Root Regions 3.379ms
[351.630s][info][gc,marking     ] GC(456) Concurrent Mark
[351.630s][info][gc,marking     ] GC(456) Concurrent Mark From Roots
[351.630s][info][gc,task        ] GC(456) Using 1 workers of 1 for marking
[351.672s][info][gc,marking     ] GC(456) Concurrent Mark From Roots 42.479ms
[351.672s][info][gc,marking     ] GC(456) Concurrent Preclean
[351.672s][info][gc,marking     ] GC(456) Concurrent Preclean 0.091ms
[351.673s][info][gc,start       ] GC(456) Pause Remark
[351.677s][info][gc             ] GC(456) Pause Remark 2363M->1819M(2868M) 4.686ms
[351.677s][info][gc,cpu         ] GC(456) User=0.02s Sys=0.00s Real=0.01s
[351.677s][info][gc,marking     ] GC(456) Concurrent Mark 47.494ms
[351.677s][info][gc,marking     ] GC(456) Concurrent Rebuild Remembered Sets and Scrub Regions
[351.701s][info][gc,marking     ] GC(456) Concurrent Rebuild Remembered Sets and Scrub Regions 23.727ms
[351.701s][info][gc,start       ] GC(456) Pause Cleanup
[351.701s][info][gc             ] GC(456) Pause Cleanup 1874M->1874M(2868M) 0.076ms
[351.701s][info][gc,cpu         ] GC(456) User=0.00s Sys=0.00s Real=0.00s
[351.701s][info][gc,marking     ] GC(456) Concurrent Clear Claimed Marks
[351.701s][info][gc,marking     ] GC(456) Concurrent Clear Claimed Marks 0.102ms
[351.701s][info][gc,marking     ] GC(456) Concurrent Cleanup for Next Mark
[351.702s][info][gc,marking     ] GC(456) Concurrent Cleanup for Next Mark 1.059ms
[351.702s][info][gc             ] GC(456) Concurrent Mark Cycle 75.972ms
[353.056s][info][gc,start       ] GC(457) Pause Young (Prepare Mixed) (G1 Humongous Allocation)
[353.056s][info][gc,task        ] GC(457) Using 4 workers of 4 for evacuation
[353.059s][info][gc,phases      ] GC(457)   Pre Evacuate Collection Set: 0.13ms
[353.059s][info][gc,phases      ] GC(457)   Merge Heap Roots: 0.08ms
[353.059s][info][gc,phases      ] GC(457)   Evacuate Collection Set: 2.34ms
[353.059s][info][gc,phases      ] GC(457)   Post Evacuate Collection Set: 0.44ms
[353.059s][info][gc,phases      ] GC(457)   Other: 0.05ms
[353.059s][info][gc,heap        ] GC(457) Eden regions: 86->0(271)
[353.059s][info][gc,heap        ] GC(457) Survivor regions: 2->21(21)
[353.059s][info][gc,heap        ] GC(457) Old regions: 290->294
[353.059s][info][gc,heap        ] GC(457) Humongous regions: 999->637
[353.059s][info][gc,metaspace   ] GC(457) Metaspace: 100474K(101504K)->100474K(101504K) NonClass: 78539K(78976K)->78539K(78976K) Class: 21935K(22528K)->21935K(22528K)
[353.059s][info][gc             ] GC(457) Pause Young (Prepare Mixed) (G1 Humongous Allocation) 2752M->1902M(2868M) 3.143ms
[353.059s][info][gc,cpu         ] GC(457) User=0.01s Sys=0.00s Real=0.00s
[353.469s][info][gc,start       ] GC(458) Pause Young (Mixed) (G1 Evacuation Pause)
[353.469s][info][gc,task        ] GC(458) Using 4 workers of 4 for evacuation
[353.482s][info][gc,phases      ] GC(458)   Pre Evacuate Collection Set: 0.20ms
[353.482s][info][gc,phases      ] GC(458)   Merge Heap Roots: 0.06ms
[353.482s][info][gc,phases      ] GC(458)   Evacuate Collection Set: 11.92ms
[353.482s][info][gc,phases      ] GC(458)   Post Evacuate Collection Set: 0.43ms
[353.482s][info][gc,phases      ] GC(458)   Other: 0.05ms
[353.482s][info][gc,heap        ] GC(458) Eden regions: 271->0(205)
[353.482s][info][gc,heap        ] GC(458) Survivor regions: 21->37(37)
[353.482s][info][gc,heap        ] GC(458) Old regions: 294->384
[353.482s][info][gc,heap        ] GC(458) Humongous regions: 678->616
[353.482s][info][gc,metaspace   ] GC(458) Metaspace: 100474K(101504K)->100474K(101504K) NonClass: 78539K(78976K)->78539K(78976K) Class: 21935K(22528K)->21935K(22528K)
[353.482s][info][gc             ] GC(458) Pause Young (Mixed) (G1 Evacuation Pause) 2526M->2073M(2868M) 12.769ms
[353.482s][info][gc,cpu         ] GC(458) User=0.05s Sys=0.00s Real=0.01s
[353.630s][info][gc,start       ] GC(459) Pause Young (Concurrent Start) (G1 Evacuation Pause)
[353.630s][info][gc,task        ] GC(459) Using 4 workers of 4 for evacuation
[353.642s][info][gc,phases      ] GC(459)   Pre Evacuate Collection Set: 0.20ms
[353.642s][info][gc,phases      ] GC(459)   Merge Heap Roots: 0.05ms
[353.642s][info][gc,phases      ] GC(459)   Evacuate Collection Set: 11.16ms
[353.642s][info][gc,phases      ] GC(459)   Post Evacuate Collection Set: 0.48ms
[353.642s][info][gc,phases      ] GC(459)   Other: 0.05ms
[353.642s][info][gc,heap        ] GC(459) Eden regions: 205->0(144)
[353.642s][info][gc,heap        ] GC(459) Survivor regions: 37->31(31)
[353.642s][info][gc,heap        ] GC(459) Old regions: 384->493
[353.642s][info][gc,heap        ] GC(459) Humongous regions: 616->616
[353.642s][info][gc,metaspace   ] GC(459) Metaspace: 100474K(101504K)->100474K(101504K) NonClass: 78539K(78976K)->78539K(78976K) Class: 21935K(22528K)->21935K(22528K)
[353.642s][info][gc             ] GC(459) Pause Young (Concurrent Start) (G1 Evacuation Pause) 2483M->2279M(2868M) 12.014ms
[353.642s][info][gc,cpu         ] GC(459) User=0.04s Sys=0.00s Real=0.01s
[353.642s][info][gc             ] GC(460) Concurrent Mark Cycle
[353.642s][info][gc,marking     ] GC(460) Concurrent Scan Root Regions
[353.651s][info][gc,marking     ] GC(460) Concurrent Scan Root Regions 9.191ms
[353.651s][info][gc,marking     ] GC(460) Concurrent Mark
[353.651s][info][gc,marking     ] GC(460) Concurrent Mark From Roots
[353.651s][info][gc,task        ] GC(460) Using 1 workers of 1 for marking
[353.674s][info][gc,start       ] GC(461) Pause Young (Normal) (G1 Humongous Allocation)
[353.674s][info][gc,task        ] GC(461) Using 4 workers of 4 for evacuation
[353.677s][info][gc,phases      ] GC(461)   Pre Evacuate Collection Set: 0.17ms
[353.677s][info][gc,phases      ] GC(461)   Merge Heap Roots: 0.09ms
[353.677s][info][gc,phases      ] GC(461)   Evacuate Collection Set: 1.68ms
[353.677s][info][gc,phases      ] GC(461)   Post Evacuate Collection Set: 1.17ms
[353.677s][info][gc,phases      ] GC(461)   Other: 0.05ms
[353.677s][info][gc,heap        ] GC(461) Eden regions: 38->0(71)
[353.677s][info][gc,heap        ] GC(461) Survivor regions: 31->4(11)
[353.677s][info][gc,heap        ] GC(461) Old regions: 493->568
[353.677s][info][gc,heap        ] GC(461) Humongous regions: 861->721
[353.677s][info][gc,metaspace   ] GC(461) Metaspace: 100474K(101504K)->100474K(101504K) NonClass: 78539K(78976K)->78539K(78976K) Class: 21935K(22528K)->21935K(22528K)
[353.677s][info][gc             ] GC(461) Pause Young (Normal) (G1 Humongous Allocation) (Evacuation Failure: Allocation) 2845M->2585M(2868M) 3.249ms
[353.677s][info][gc,cpu         ] GC(461) User=0.00s Sys=0.00s Real=0.01s
[353.690s][info][gc,start       ] GC(462) Pause Young (Normal) (G1 Humongous Allocation)
[353.690s][info][gc,task        ] GC(462) Using 4 workers of 4 for evacuation
[353.692s][info][gc,phases      ] GC(462)   Pre Evacuate Collection Set: 0.22ms
[353.692s][info][gc,phases      ] GC(462)   Merge Heap Roots: 0.05ms
[353.692s][info][gc,phases      ] GC(462)   Evacuate Collection Set: 0.92ms
[353.692s][info][gc,phases      ] GC(462)   Post Evacuate Collection Set: 0.83ms
[353.692s][info][gc,phases      ] GC(462)   Other: 0.04ms
[353.692s][info][gc,heap        ] GC(462) Eden regions: 9->0(69)
[353.692s][info][gc,heap        ] GC(462) Survivor regions: 4->2(3)
[353.692s][info][gc,heap        ] GC(462) Old regions: 568->581
[353.692s][info][gc,heap        ] GC(462) Humongous regions: 850->762
[353.692s][info][gc,metaspace   ] GC(462) Metaspace: 100474K(101504K)->100474K(101504K) NonClass: 78539K(78976K)->78539K(78976K) Class: 21935K(22528K)->21935K(22528K)
[353.692s][info][gc             ] GC(462) Pause Young (Normal) (G1 Humongous Allocation) (Evacuation Failure: Allocation) 2861M->2689M(2868M) 2.153ms
[353.692s][info][gc,cpu         ] GC(462) User=0.01s Sys=0.00s Real=0.00s
[353.699s][info][gc,start       ] GC(463) Pause Young (Normal) (G1 Humongous Allocation)
[353.699s][info][gc,task        ] GC(463) Using 4 workers of 4 for evacuation
[353.702s][info][gc,phases      ] GC(463)   Pre Evacuate Collection Set: 0.17ms
[353.702s][info][gc,phases      ] GC(463)   Merge Heap Roots: 0.05ms
[353.702s][info][gc,phases      ] GC(463)   Evacuate Collection Set: 1.45ms
[353.702s][info][gc,phases      ] GC(463)   Post Evacuate Collection Set: 1.00ms
[353.702s][info][gc,phases      ] GC(463)   Other: 0.04ms
[353.702s][info][gc,heap        ] GC(463) Eden regions: 4->0(63)
[353.702s][info][gc,heap        ] GC(463) Survivor regions: 2->2(9)
[353.702s][info][gc,heap        ] GC(463) Old regions: 581->589
[353.702s][info][gc,heap        ] GC(463) Humongous regions: 835->780
[353.702s][info][gc,metaspace   ] GC(463) Metaspace: 100474K(101504K)->100474K(101504K) NonClass: 78539K(78976K)->78539K(78976K) Class: 21935K(22528K)->21935K(22528K)
[353.702s][info][gc             ] GC(463) Pause Young (Normal) (G1 Humongous Allocation) (Evacuation Failure: Allocation) 2843M->2741M(2868M) 2.791ms
[353.702s][info][gc,cpu         ] GC(463) User=0.01s Sys=0.00s Real=0.00s
[353.706s][info][gc,start       ] GC(464) Pause Young (Normal) (G1 Humongous Allocation)
[353.706s][info][gc,task        ] GC(464) Using 4 workers of 4 for evacuation
[353.708s][info][gc,phases      ] GC(464)   Pre Evacuate Collection Set: 0.23ms
[353.708s][info][gc,phases      ] GC(464)   Merge Heap Roots: 0.06ms
[353.708s][info][gc,phases      ] GC(464)   Evacuate Collection Set: 1.43ms
[353.708s][info][gc,phases      ] GC(464)   Post Evacuate Collection Set: 0.57ms
[353.708s][info][gc,phases      ] GC(464)   Other: 0.06ms
[353.708s][info][gc,heap        ] GC(464) Eden regions: 5->0(67)
[353.708s][info][gc,heap        ] GC(464) Survivor regions: 2->4(9)
[353.708s][info][gc,heap        ] GC(464) Old regions: 589->540
[353.708s][info][gc,heap        ] GC(464) Humongous regions: 818->798
[353.708s][info][gc,metaspace   ] GC(464) Metaspace: 100474K(101504K)->100474K(101504K) NonClass: 78539K(78976K)->78539K(78976K) Class: 21935K(22528K)->21935K(22528K)
[353.708s][info][gc             ] GC(464) Pause Young (Normal) (G1 Humongous Allocation) 2827M->2683M(2868M) 2.427ms
[353.708s][info][gc,cpu         ] GC(464) User=0.01s Sys=0.00s Real=0.00s
[353.715s][info][gc,start       ] GC(465) Pause Young (Normal) (G1 Humongous Allocation)
[353.715s][info][gc,task        ] GC(465) Using 4 workers of 4 for evacuation
[353.716s][info][gc,phases      ] GC(465)   Pre Evacuate Collection Set: 0.10ms
[353.716s][info][gc,phases      ] GC(465)   Merge Heap Roots: 0.03ms
[353.716s][info][gc,phases      ] GC(465)   Evacuate Collection Set: 0.56ms
[353.716s][info][gc,phases      ] GC(465)   Post Evacuate Collection Set: 0.35ms
[353.716s][info][gc,phases      ] GC(465)   Other: 0.04ms
[353.716s][info][gc,heap        ] GC(465) Eden regions: 4->0(66)
[353.716s][info][gc,heap        ] GC(465) Survivor regions: 4->5(9)
[353.716s][info][gc,heap        ] GC(465) Old regions: 540->540
[353.716s][info][gc,heap        ] GC(465) Humongous regions: 870->815
[353.716s][info][gc,metaspace   ] GC(465) Metaspace: 100474K(101504K)->100474K(101504K) NonClass: 78539K(78976K)->78539K(78976K) Class: 21935K(22528K)->21935K(22528K)
[353.716s][info][gc             ] GC(465) Pause Young (Normal) (G1 Humongous Allocation) 2835M->2719M(2868M) 1.172ms
[353.716s][info][gc,cpu         ] GC(465) User=0.00s Sys=0.00s Real=0.01s
[353.716s][info][gc,ergo        ] Attempting full compaction
[353.716s][info][gc,start       ] GC(466) Pause Full (G1 Compaction Pause)
[353.716s][info][gc,task        ] GC(466) Using 4 workers of 4 for full compaction
[353.717s][info][gc,phases,start] GC(466) Phase 1: Mark live objects
[353.730s][info][gc,phases      ] GC(466) Phase 1: Mark live objects 13.224ms
[353.730s][info][gc,phases,start] GC(466) Phase 2: Prepare compaction
[353.732s][info][gc,phases      ] GC(466) Phase 2: Prepare compaction 2.041ms
[353.732s][info][gc,phases,start] GC(466) Phase 3: Adjust pointers
[353.740s][info][gc,phases      ] GC(466) Phase 3: Adjust pointers 7.528ms
[353.740s][info][gc,phases,start] GC(466) Phase 4: Compact heap
[353.745s][info][gc,phases      ] GC(466) Phase 4: Compact heap 5.097ms
[353.745s][info][gc,phases,start] GC(466) Phase 5: Reset Metadata
[353.747s][info][gc,phases      ] GC(466) Phase 5: Reset Metadata 2.177ms
[353.749s][info][gc,heap        ] GC(466) Eden regions: 0->0(368)
[353.749s][info][gc,heap        ] GC(466) Survivor regions: 5->0(9)
[353.749s][info][gc,heap        ] GC(466) Old regions: 540->120
[353.749s][info][gc,heap        ] GC(466) Humongous regions: 815->590
[353.749s][info][gc,metaspace   ] GC(466) Metaspace: 100474K(101504K)->100474K(101504K) NonClass: 78539K(78976K)->78539K(78976K) Class: 21935K(22528K)->21935K(22528K)
[353.749s][info][gc             ] GC(466) Pause Full (G1 Compaction Pause) 2719M->1415M(2868M) 33.079ms
[353.749s][info][gc,cpu         ] GC(466) User=0.11s Sys=0.00s Real=0.03s
[353.749s][info][gc,marking     ] GC(460) Concurrent Mark From Roots 97.999ms
[353.749s][info][gc,marking     ] GC(460) Concurrent Mark Abort
[353.749s][info][gc             ] GC(460) Concurrent Mark Cycle 107.245ms
[353.755s][info][gc,start       ] GC(467) Pause Young (Concurrent Start) (G1 Humongous Allocation)
[353.755s][info][gc,task        ] GC(467) Using 4 workers of 4 for evacuation
[353.756s][info][gc,phases      ] GC(467)   Pre Evacuate Collection Set: 0.21ms
[353.756s][info][gc,phases      ] GC(467)   Merge Heap Roots: 0.03ms
[353.756s][info][gc,phases      ] GC(467)   Evacuate Collection Set: 0.89ms
[353.756s][info][gc,phases      ] GC(467)   Post Evacuate Collection Set: 0.40ms
[353.756s][info][gc,phases      ] GC(467)   Other: 0.04ms
[353.756s][info][gc,heap        ] GC(467) Eden regions: 14->0(356)
[353.756s][info][gc,heap        ] GC(467) Survivor regions: 0->7(46)
[353.756s][info][gc,heap        ] GC(467) Old regions: 120->120
[353.756s][info][gc,heap        ] GC(467) Humongous regions: 599->599
[353.756s][info][gc,metaspace   ] GC(467) Metaspace: 100474K(101504K)->100474K(101504K) NonClass: 78539K(78976K)->78539K(78976K) Class: 21935K(22528K)->21935K(22528K)
[353.756s][info][gc             ] GC(467) Pause Young (Concurrent Start) (G1 Humongous Allocation) 1461M->1447M(2868M) 1.637ms
[353.756s][info][gc,cpu         ] GC(467) User=0.00s Sys=0.00s Real=0.01s
[353.756s][info][gc             ] GC(468) Concurrent Mark Cycle
[353.756s][info][gc,marking     ] GC(468) Concurrent Scan Root Regions
[353.758s][info][gc,marking     ] GC(468) Concurrent Scan Root Regions 1.148ms
[353.758s][info][gc,marking     ] GC(468) Concurrent Mark
[353.758s][info][gc,marking     ] GC(468) Concurrent Mark From Roots
[353.758s][info][gc,task        ] GC(468) Using 1 workers of 1 for marking
[353.802s][info][gc,marking     ] GC(468) Concurrent Mark From Roots 44.796ms
[353.802s][info][gc,marking     ] GC(468) Concurrent Preclean
[353.803s][info][gc,marking     ] GC(468) Concurrent Preclean 0.153ms
[353.803s][info][gc,start       ] GC(468) Pause Remark
[353.806s][info][gc             ] GC(468) Pause Remark 1841M->1763M(2868M) 3.178ms
[353.806s][info][gc,cpu         ] GC(468) User=0.01s Sys=0.01s Real=0.01s
[353.806s][info][gc,marking     ] GC(468) Concurrent Mark 48.621ms
[353.806s][info][gc,marking     ] GC(468) Concurrent Rebuild Remembered Sets and Scrub Regions
[353.825s][info][gc,marking     ] GC(468) Concurrent Rebuild Remembered Sets and Scrub Regions 19.186ms
[353.825s][info][gc,start       ] GC(468) Pause Cleanup
[353.826s][info][gc             ] GC(468) Pause Cleanup 1836M->1836M(2868M) 0.091ms
[353.826s][info][gc,cpu         ] GC(468) User=0.00s Sys=0.00s Real=0.00s
[353.826s][info][gc,marking     ] GC(468) Concurrent Clear Claimed Marks
[353.826s][info][gc,marking     ] GC(468) Concurrent Clear Claimed Marks 0.113ms
[353.826s][info][gc,marking     ] GC(468) Concurrent Cleanup for Next Mark
[353.827s][info][gc,marking     ] GC(468) Concurrent Cleanup for Next Mark 1.231ms
[353.827s][info][gc             ] GC(468) Concurrent Mark Cycle 70.531ms
[354.884s][info][gc,start       ] GC(469) Pause Young (Prepare Mixed) (G1 Humongous Allocation)
[354.885s][info][gc,task        ] GC(469) Using 4 workers of 4 for evacuation
[354.889s][info][gc,phases      ] GC(469)   Pre Evacuate Collection Set: 0.12ms
[354.889s][info][gc,phases      ] GC(469)   Merge Heap Roots: 0.07ms
[354.889s][info][gc,phases      ] GC(469)   Evacuate Collection Set: 2.25ms
[354.889s][info][gc,phases      ] GC(469)   Post Evacuate Collection Set: 2.15ms
[354.889s][info][gc,phases      ] GC(469)   Other: 0.08ms
[354.889s][info][gc,heap        ] GC(469) Eden regions: 115->0(258)
[354.889s][info][gc,heap        ] GC(469) Survivor regions: 7->13(13)
[354.889s][info][gc,heap        ] GC(469) Old regions: 118->239
[354.889s][info][gc,heap        ] GC(469) Humongous regions: 1181->704
[354.889s][info][gc,metaspace   ] GC(469) Metaspace: 100493K(101504K)->100493K(101504K) NonClass: 78557K(78976K)->78557K(78976K) Class: 21935K(22528K)->21935K(22528K)
[354.889s][info][gc             ] GC(469) Pause Young (Prepare Mixed) (G1 Humongous Allocation) (Evacuation Failure: Allocation) 2837M->1907M(2868M) 4.779ms
[354.889s][info][gc,cpu         ] GC(469) User=0.01s Sys=0.00s Real=0.01s
[355.826s][info][gc,start       ] GC(470) Pause Young (Mixed) (G1 Evacuation Pause)
[355.826s][info][gc,task        ] GC(470) Using 4 workers of 4 for evacuation
[355.838s][info][gc,phases      ] GC(470)   Pre Evacuate Collection Set: 0.23ms
[355.838s][info][gc,phases      ] GC(470)   Merge Heap Roots: 0.09ms
[355.838s][info][gc,phases      ] GC(470)   Evacuate Collection Set: 8.35ms
[355.838s][info][gc,phases      ] GC(470)   Post Evacuate Collection Set: 3.33ms
[355.838s][info][gc,phases      ] GC(470)   Other: 0.06ms
[355.838s][info][gc,heap        ] GC(470) Eden regions: 258->0(124)
[355.838s][info][gc,heap        ] GC(470) Survivor regions: 13->34(34)
[355.838s][info][gc,heap        ] GC(470) Old regions: 239->462
[355.838s][info][gc,heap        ] GC(470) Humongous regions: 839->715
[355.838s][info][gc,metaspace   ] GC(470) Metaspace: 100493K(101504K)->100493K(101504K) NonClass: 78557K(78976K)->78557K(78976K) Class: 21935K(22528K)->21935K(22528K)
[355.838s][info][gc             ] GC(470) Pause Young (Mixed) (G1 Evacuation Pause) (Evacuation Failure: Allocation) 2693M->2419M(2868M) 12.177ms
[355.838s][info][gc,cpu         ] GC(470) User=0.05s Sys=0.00s Real=0.01s
[355.933s][info][gc,start       ] GC(471) Pause Young (Concurrent Start) (G1 Evacuation Pause)
[355.933s][info][gc,task        ] GC(471) Using 4 workers of 4 for evacuation
[355.946s][info][gc,phases      ] GC(471)   Pre Evacuate Collection Set: 0.29ms
[355.946s][info][gc,phases      ] GC(471)   Merge Heap Roots: 0.11ms
[355.946s][info][gc,phases      ] GC(471)   Evacuate Collection Set: 8.78ms
[355.946s][info][gc,phases      ] GC(471)   Post Evacuate Collection Set: 4.15ms
[355.946s][info][gc,phases      ] GC(471)   Other: 0.06ms
[355.946s][info][gc,heap        ] GC(471) Eden regions: 124->0(45)
[355.946s][info][gc,heap        ] GC(471) Survivor regions: 34->20(20)
[355.946s][info][gc,heap        ] GC(471) Old regions: 462->654
[355.946s][info][gc,heap        ] GC(471) Humongous regions: 715->715
[355.946s][info][gc,metaspace   ] GC(471) Metaspace: 100493K(101504K)->100493K(101504K) NonClass: 78557K(78976K)->78557K(78976K) Class: 21935K(22528K)->21935K(22528K)
[355.946s][info][gc             ] GC(471) Pause Young (Concurrent Start) (G1 Evacuation Pause) (Evacuation Failure: Allocation) 2667M->2775M(2868M) 13.515ms
[355.946s][info][gc,cpu         ] GC(471) User=0.05s Sys=0.00s Real=0.02s
[355.946s][info][gc             ] GC(472) Concurrent Mark Cycle
[355.946s][info][gc,marking     ] GC(472) Concurrent Scan Root Regions
[355.959s][info][gc,marking     ] GC(472) Concurrent Scan Root Regions 12.766ms
[355.959s][info][gc,marking     ] GC(472) Concurrent Mark
[355.959s][info][gc,marking     ] GC(472) Concurrent Mark From Roots
[355.959s][info][gc,task        ] GC(472) Using 1 workers of 1 for marking
[355.971s][info][gc,start       ] GC(473) Pause Young (Normal) (G1 Evacuation Pause)
[355.971s][info][gc,task        ] GC(473) Using 4 workers of 4 for evacuation
[355.978s][info][gc,phases      ] GC(473)   Pre Evacuate Collection Set: 0.31ms
[355.978s][info][gc,phases      ] GC(473)   Merge Heap Roots: 0.08ms
[355.978s][info][gc,phases      ] GC(473)   Evacuate Collection Set: 2.00ms
[355.978s][info][gc,phases      ] GC(473)   Post Evacuate Collection Set: 5.14ms
[355.978s][info][gc,phases      ] GC(473)   Other: 0.05ms
[355.978s][info][gc,heap        ] GC(473) Eden regions: 45->0(1)
[355.978s][info][gc,heap        ] GC(473) Survivor regions: 20->0(0)
[355.978s][info][gc,heap        ] GC(473) Old regions: 654->719
[355.978s][info][gc,heap        ] GC(473) Humongous regions: 715->715
[355.978s][info][gc,metaspace   ] GC(473) Metaspace: 100493K(101504K)->100493K(101504K) NonClass: 78557K(78976K)->78557K(78976K) Class: 21935K(22528K)->21935K(22528K)
[355.978s][info][gc             ] GC(473) Pause Young (Normal) (G1 Evacuation Pause) (Evacuation Failure: Allocation) 2865M->2865M(2868M) 7.683ms
[355.978s][info][gc,cpu         ] GC(473) User=0.03s Sys=0.00s Real=0.01s
[355.978s][info][gc,ergo        ] Attempting full compaction
[355.978s][info][gc,start       ] GC(474) Pause Full (G1 Compaction Pause)
[355.978s][info][gc,task        ] GC(474) Using 4 workers of 4 for full compaction
[355.979s][info][gc,phases,start] GC(474) Phase 1: Mark live objects
[355.996s][info][gc,phases      ] GC(474) Phase 1: Mark live objects 16.629ms
[355.996s][info][gc,phases,start] GC(474) Phase 2: Prepare compaction
[355.998s][info][gc,phases      ] GC(474) Phase 2: Prepare compaction 2.444ms
[355.998s][info][gc,phases,start] GC(474) Phase 3: Adjust pointers
[356.007s][info][gc,phases      ] GC(474) Phase 3: Adjust pointers 8.950ms
[356.007s][info][gc,phases,start] GC(474) Phase 4: Compact heap
[356.014s][info][gc,phases      ] GC(474) Phase 4: Compact heap 7.086ms
[356.014s][info][gc,phases,start] GC(474) Phase 5: Reset Metadata
[356.018s][info][gc,phases      ] GC(474) Phase 5: Reset Metadata 3.292ms
[356.020s][info][gc,heap        ] GC(474) Eden regions: 0->0(378)
[356.020s][info][gc,heap        ] GC(474) Survivor regions: 0->0(0)
[356.020s][info][gc,heap        ] GC(474) Old regions: 719->217
[356.020s][info][gc,heap        ] GC(474) Humongous regions: 715->562
[356.020s][info][gc,metaspace   ] GC(474) Metaspace: 100493K(101504K)->100485K(101504K) NonClass: 78557K(78976K)->78552K(78976K) Class: 21935K(22528K)->21933K(22528K)
[356.020s][info][gc             ] GC(474) Pause Full (G1 Compaction Pause) 2865M->1553M(2868M) 41.591ms
[356.020s][info][gc,cpu         ] GC(474) User=0.15s Sys=0.00s Real=0.04s
[356.020s][info][gc,marking     ] GC(472) Concurrent Mark From Roots 60.934ms
[356.020s][info][gc,marking     ] GC(472) Concurrent Mark Abort
[356.020s][info][gc             ] GC(472) Concurrent Mark Cycle 73.768ms
[356.037s][info][gc,start       ] GC(475) Pause Young (Concurrent Start) (G1 Humongous Allocation)
[356.037s][info][gc,task        ] GC(475) Using 4 workers of 4 for evacuation
[356.041s][info][gc,phases      ] GC(475)   Pre Evacuate Collection Set: 0.23ms
[356.041s][info][gc,phases      ] GC(475)   Merge Heap Roots: 0.04ms
[356.041s][info][gc,phases      ] GC(475)   Evacuate Collection Set: 2.98ms
[356.041s][info][gc,phases      ] GC(475)   Post Evacuate Collection Set: 0.38ms
[356.041s][info][gc,phases      ] GC(475)   Other: 0.04ms
[356.041s][info][gc,heap        ] GC(475) Eden regions: 66->0(327)
[356.041s][info][gc,heap        ] GC(475) Survivor regions: 0->34(48)
[356.041s][info][gc,heap        ] GC(475) Old regions: 217->217
[356.041s][info][gc,heap        ] GC(475) Humongous regions: 562->562
[356.041s][info][gc,metaspace   ] GC(475) Metaspace: 100485K(101504K)->100485K(101504K) NonClass: 78552K(78976K)->78552K(78976K) Class: 21933K(22528K)->21933K(22528K)
[356.041s][info][gc             ] GC(475) Pause Young (Concurrent Start) (G1 Humongous Allocation) 1683M->1620M(2868M) 3.752ms
[356.041s][info][gc,cpu         ] GC(475) User=0.02s Sys=0.00s Real=0.00s
[356.041s][info][gc             ] GC(476) Concurrent Mark Cycle
[356.041s][info][gc,marking     ] GC(476) Concurrent Scan Root Regions
[356.046s][info][gc,marking     ] GC(476) Concurrent Scan Root Regions 5.043ms
[356.046s][info][gc,marking     ] GC(476) Concurrent Mark
[356.046s][info][gc,marking     ] GC(476) Concurrent Mark From Roots
[356.046s][info][gc,task        ] GC(476) Using 1 workers of 1 for marking
[356.100s][info][gc,marking     ] GC(476) Concurrent Mark From Roots 54.284ms
[356.100s][info][gc,marking     ] GC(476) Concurrent Preclean
[356.100s][info][gc,marking     ] GC(476) Concurrent Preclean 0.094ms
[356.100s][info][gc,start       ] GC(476) Pause Remark
[356.103s][info][gc             ] GC(476) Pause Remark 2209M->2209M(2868M) 2.457ms
[356.103s][info][gc,cpu         ] GC(476) User=0.01s Sys=0.00s Real=0.00s
[356.103s][info][gc,marking     ] GC(476) Concurrent Mark 57.009ms
[356.103s][info][gc,marking     ] GC(476) Concurrent Rebuild Remembered Sets and Scrub Regions
[356.133s][info][gc,marking     ] GC(476) Concurrent Rebuild Remembered Sets and Scrub Regions 29.760ms
[356.133s][info][gc,start       ] GC(476) Pause Cleanup
[356.133s][info][gc             ] GC(476) Pause Cleanup 2761M->2761M(2868M) 0.110ms
[356.133s][info][gc,cpu         ] GC(476) User=0.00s Sys=0.00s Real=0.00s
[356.133s][info][gc,marking     ] GC(476) Concurrent Clear Claimed Marks
[356.133s][info][gc,marking     ] GC(476) Concurrent Clear Claimed Marks 0.117ms
[356.133s][info][gc,marking     ] GC(476) Concurrent Cleanup for Next Mark
[356.135s][info][gc,marking     ] GC(476) Concurrent Cleanup for Next Mark 1.753ms
[356.135s][info][gc             ] GC(476) Concurrent Mark Cycle 93.995ms
[356.161s][info][gc,start       ] GC(477) Pause Young (Prepare Mixed) (G1 Humongous Allocation)
[356.161s][info][gc,task        ] GC(477) Using 4 workers of 4 for evacuation
[356.165s][info][gc,phases      ] GC(477)   Pre Evacuate Collection Set: 0.25ms
[356.165s][info][gc,phases      ] GC(477)   Merge Heap Roots: 0.08ms
[356.165s][info][gc,phases      ] GC(477)   Evacuate Collection Set: 2.04ms
[356.165s][info][gc,phases      ] GC(477)   Post Evacuate Collection Set: 1.66ms
[356.165s][info][gc,phases      ] GC(477)   Other: 0.05ms
[356.165s][info][gc,heap        ] GC(477) Eden regions: 79->0(204)
[356.165s][info][gc,heap        ] GC(477) Survivor regions: 34->2(4)
[356.165s][info][gc,heap        ] GC(477) Old regions: 217->331
[356.165s][info][gc,heap        ] GC(477) Humongous regions: 1100->745
[356.165s][info][gc,metaspace   ] GC(477) Metaspace: 100485K(101504K)->100485K(101504K) NonClass: 78552K(78976K)->78552K(78976K) Class: 21933K(22528K)->21933K(22528K)
[356.165s][info][gc             ] GC(477) Pause Young (Prepare Mixed) (G1 Humongous Allocation) (Evacuation Failure: Allocation) 2852M->2150M(2868M) 4.162ms
[356.165s][info][gc,cpu         ] GC(477) User=0.02s Sys=0.00s Real=0.00s
[356.379s][info][gc,start       ] GC(478) Pause Young (Mixed) (G1 Humongous Allocation)
[356.379s][info][gc,task        ] GC(478) Using 4 workers of 4 for evacuation
[356.383s][info][gc,phases      ] GC(478)   Pre Evacuate Collection Set: 0.16ms
[356.383s][info][gc,phases      ] GC(478)   Merge Heap Roots: 0.05ms
[356.383s][info][gc,phases      ] GC(478)   Evacuate Collection Set: 1.77ms
[356.383s][info][gc,phases      ] GC(478)   Post Evacuate Collection Set: 1.48ms
[356.383s][info][gc,phases      ] GC(478)   Other: 0.04ms
[356.383s][info][gc,heap        ] GC(478) Eden regions: 57->0(115)
[356.383s][info][gc,heap        ] GC(478) Survivor regions: 2->4(7)
[356.383s][info][gc,heap        ] GC(478) Old regions: 331->392
[356.383s][info][gc,heap        ] GC(478) Humongous regions: 1037->844
[356.383s][info][gc,metaspace   ] GC(478) Metaspace: 100485K(101504K)->100485K(101504K) NonClass: 78552K(78976K)->78552K(78976K) Class: 21933K(22528K)->21933K(22528K)
[356.383s][info][gc             ] GC(478) Pause Young (Mixed) (G1 Humongous Allocation) (Evacuation Failure: Allocation) 2847M->2474M(2868M) 3.616ms
[356.383s][info][gc,cpu         ] GC(478) User=0.01s Sys=0.00s Real=0.00s
[356.383s][info][gc,start       ] GC(479) Pause Young (Concurrent Start) (G1 Humongous Allocation)
[356.383s][info][gc,task        ] GC(479) Using 4 workers of 4 for evacuation
[356.390s][info][gc,phases      ] GC(479)   Pre Evacuate Collection Set: 0.18ms
[356.390s][info][gc,phases      ] GC(479)   Merge Heap Roots: 0.05ms
[356.390s][info][gc,phases      ] GC(479)   Evacuate Collection Set: 5.76ms
[356.390s][info][gc,phases      ] GC(479)   Post Evacuate Collection Set: 0.96ms
[356.390s][info][gc,phases      ] GC(479)   Other: 0.07ms
[356.390s][info][gc,heap        ] GC(479) Eden regions: 1->0(180)
[356.390s][info][gc,heap        ] GC(479) Survivor regions: 4->5(15)
[356.390s][info][gc,heap        ] GC(479) Old regions: 392->302
[356.390s][info][gc,heap        ] GC(479) Humongous regions: 849->846
[356.390s][info][gc,metaspace   ] GC(479) Metaspace: 100485K(101504K)->100485K(101504K) NonClass: 78552K(78976K)->78552K(78976K) Class: 21933K(22528K)->21933K(22528K)
[356.390s][info][gc             ] GC(479) Pause Young (Concurrent Start) (G1 Humongous Allocation) 2484M->2302M(2868M) 7.160ms
[356.390s][info][gc,cpu         ] GC(479) User=0.03s Sys=0.00s Real=0.01s
[356.390s][info][gc             ] GC(480) Concurrent Mark Cycle
[356.390s][info][gc,marking     ] GC(480) Concurrent Scan Root Regions
[356.396s][info][gc,marking     ] GC(480) Concurrent Scan Root Regions 5.275ms
[356.396s][info][gc,marking     ] GC(480) Concurrent Mark
[356.396s][info][gc,marking     ] GC(480) Concurrent Mark From Roots
[356.396s][info][gc,task        ] GC(480) Using 1 workers of 1 for marking
[356.440s][info][gc,marking     ] GC(480) Concurrent Mark From Roots 44.626ms
[356.440s][info][gc,marking     ] GC(480) Concurrent Preclean
[356.440s][info][gc,marking     ] GC(480) Concurrent Preclean 0.087ms
[356.440s][info][gc,start       ] GC(480) Pause Remark
[356.442s][info][gc             ] GC(480) Pause Remark 2337M->1779M(2868M) 2.120ms
[356.443s][info][gc,cpu         ] GC(480) User=0.01s Sys=0.00s Real=0.00s
[356.443s][info][gc,marking     ] GC(480) Concurrent Mark 46.948ms
[356.443s][info][gc,marking     ] GC(480) Concurrent Rebuild Remembered Sets and Scrub Regions
[356.471s][info][gc,marking     ] GC(480) Concurrent Rebuild Remembered Sets and Scrub Regions 27.999ms
[356.471s][info][gc,start       ] GC(480) Pause Cleanup
[356.471s][info][gc             ] GC(480) Pause Cleanup 1984M->1984M(2868M) 0.080ms
[356.471s][info][gc,cpu         ] GC(480) User=0.00s Sys=0.00s Real=0.00s
[356.471s][info][gc,marking     ] GC(480) Concurrent Clear Claimed Marks
[356.471s][info][gc,marking     ] GC(480) Concurrent Clear Claimed Marks 0.131ms
[356.471s][info][gc,marking     ] GC(480) Concurrent Cleanup for Next Mark
[356.472s][info][gc,marking     ] GC(480) Concurrent Cleanup for Next Mark 1.123ms
[356.472s][info][gc             ] GC(480) Concurrent Mark Cycle 81.820ms
[358.150s][info][gc,start       ] GC(481) Pause Young (Prepare Mixed) (G1 Evacuation Pause)
[358.150s][info][gc,task        ] GC(481) Using 4 workers of 4 for evacuation
[358.153s][info][gc,phases      ] GC(481)   Pre Evacuate Collection Set: 0.15ms
[358.153s][info][gc,phases      ] GC(481)   Merge Heap Roots: 0.08ms
[358.153s][info][gc,phases      ] GC(481)   Evacuate Collection Set: 1.54ms
[358.153s][info][gc,phases      ] GC(481)   Post Evacuate Collection Set: 1.50ms
[358.153s][info][gc,phases      ] GC(481)   Other: 0.05ms
[358.153s][info][gc,heap        ] GC(481) Eden regions: 114->0(262)
[358.153s][info][gc,heap        ] GC(481) Survivor regions: 5->0(0)
[358.153s][info][gc,heap        ] GC(481) Old regions: 302->421
[358.153s][info][gc,heap        ] GC(481) Humongous regions: 1013->634
[358.153s][info][gc,metaspace   ] GC(481) Metaspace: 100498K(101504K)->100498K(101504K) NonClass: 78563K(78976K)->78563K(78976K) Class: 21935K(22528K)->21935K(22528K)
[358.153s][info][gc             ] GC(481) Pause Young (Prepare Mixed) (G1 Evacuation Pause) (Evacuation Failure: Allocation) 2864M->2106M(2868M) 3.414ms
[358.153s][info][gc,cpu         ] GC(481) User=0.01s Sys=0.00s Real=0.00s
[358.461s][info][gc,start       ] GC(482) Pause Young (Mixed) (G1 Evacuation Pause)
[358.461s][info][gc,task        ] GC(482) Using 4 workers of 4 for evacuation
[358.474s][info][gc,phases      ] GC(482)   Pre Evacuate Collection Set: 0.21ms
[358.474s][info][gc,phases      ] GC(482)   Merge Heap Roots: 0.07ms
[358.474s][info][gc,phases      ] GC(482)   Evacuate Collection Set: 8.78ms
[358.474s][info][gc,phases      ] GC(482)   Post Evacuate Collection Set: 4.07ms
[358.474s][info][gc,phases      ] GC(482)   Other: 0.09ms
[358.474s][info][gc,heap        ] GC(482) Eden regions: 262->0(44)
[358.474s][info][gc,heap        ] GC(482) Survivor regions: 0->33(33)
[358.474s][info][gc,heap        ] GC(482) Old regions: 421->704
[358.474s][info][gc,heap        ] GC(482) Humongous regions: 672->634
[358.474s][info][gc,metaspace   ] GC(482) Metaspace: 100498K(101504K)->100498K(101504K) NonClass: 78563K(78976K)->78563K(78976K) Class: 21935K(22528K)->21935K(22528K)
[358.474s][info][gc             ] GC(482) Pause Young (Mixed) (G1 Evacuation Pause) (Evacuation Failure: Allocation) 2706M->2738M(2868M) 13.338ms
[358.474s][info][gc,cpu         ] GC(482) User=0.05s Sys=0.00s Real=0.01s
[358.500s][info][gc,start       ] GC(483) Pause Young (Concurrent Start) (G1 Evacuation Pause)
[358.500s][info][gc,task        ] GC(483) Using 4 workers of 4 for evacuation
[358.512s][info][gc,phases      ] GC(483)   Pre Evacuate Collection Set: 0.47ms
[358.512s][info][gc,phases      ] GC(483)   Merge Heap Roots: 0.18ms
[358.512s][info][gc,phases      ] GC(483)   Evacuate Collection Set: 4.66ms
[358.512s][info][gc,phases      ] GC(483)   Post Evacuate Collection Set: 5.98ms
[358.512s][info][gc,phases      ] GC(483)   Other: 0.07ms
[358.512s][info][gc,heap        ] GC(483) Eden regions: 44->0(1)
[358.512s][info][gc,heap        ] GC(483) Survivor regions: 33->5(10)
[358.512s][info][gc,heap        ] GC(483) Old regions: 704->795
[358.512s][info][gc,heap        ] GC(483) Humongous regions: 634->634
[358.512s][info][gc,metaspace   ] GC(483) Metaspace: 100498K(101504K)->100498K(101504K) NonClass: 78563K(78976K)->78563K(78976K) Class: 21935K(22528K)->21935K(22528K)
[358.512s][info][gc             ] GC(483) Pause Young (Concurrent Start) (G1 Evacuation Pause) (Evacuation Failure: Allocation) 2826M->2864M(2868M) 11.473ms
[358.512s][info][gc,cpu         ] GC(483) User=0.04s Sys=0.00s Real=0.01s
[358.512s][info][gc,ergo        ] Attempting full compaction
[358.512s][info][gc,start       ] GC(484) Pause Full (G1 Compaction Pause)
[358.512s][info][gc,task        ] GC(484) Using 4 workers of 4 for full compaction
[358.512s][info][gc             ] GC(485) Concurrent Mark Cycle
[358.512s][info][gc,marking     ] GC(485) Concurrent Scan Root Regions
[358.513s][info][gc,marking     ] GC(485) Concurrent Scan Root Regions 1.019ms
[358.513s][info][gc,marking     ] GC(485) Concurrent Mark
[358.513s][info][gc,marking     ] GC(485) Concurrent Mark From Roots
[358.513s][info][gc,task        ] GC(485) Using 1 workers of 1 for marking
[358.513s][info][gc,phases,start] GC(484) Phase 1: Mark live objects
[358.530s][info][gc,phases      ] GC(484) Phase 1: Mark live objects 16.623ms
[358.530s][info][gc,phases,start] GC(484) Phase 2: Prepare compaction
[358.533s][info][gc,phases      ] GC(484) Phase 2: Prepare compaction 2.617ms
[358.533s][info][gc,phases,start] GC(484) Phase 3: Adjust pointers
[358.541s][info][gc,phases      ] GC(484) Phase 3: Adjust pointers 8.617ms
[358.541s][info][gc,phases,start] GC(484) Phase 4: Compact heap
[358.548s][info][gc,phases      ] GC(484) Phase 4: Compact heap 6.781ms
[358.548s][info][gc,phases,start] GC(484) Phase 5: Reset Metadata
[358.551s][info][gc,phases      ] GC(484) Phase 5: Reset Metadata 2.904ms
[358.553s][info][gc,heap        ] GC(484) Eden regions: 0->0(453)
[358.553s][info][gc,heap        ] GC(484) Survivor regions: 5->0(10)
[358.553s][info][gc,heap        ] GC(484) Old regions: 795->184
[358.553s][info][gc,heap        ] GC(484) Humongous regions: 634->562
[358.553s][info][gc,metaspace   ] GC(484) Metaspace: 100498K(101504K)->100498K(101504K) NonClass: 78563K(78976K)->78563K(78976K) Class: 21935K(22528K)->21935K(22528K)
[358.553s][info][gc             ] GC(484) Pause Full (G1 Compaction Pause) 2864M->1489M(2868M) 41.458ms
[358.553s][info][gc,cpu         ] GC(484) User=0.14s Sys=0.00s Real=0.04s
[358.553s][info][gc,marking     ] GC(485) Concurrent Mark From Roots 40.560ms
[358.553s][info][gc,marking     ] GC(485) Concurrent Mark Abort
[358.553s][info][gc             ] GC(485) Concurrent Mark Cycle 41.638ms
[358.588s][info][gc,start       ] GC(486) Pause Young (Concurrent Start) (G1 Humongous Allocation)
[358.588s][info][gc,task        ] GC(486) Using 4 workers of 4 for evacuation
[358.593s][info][gc,phases      ] GC(486)   Pre Evacuate Collection Set: 0.15ms
[358.593s][info][gc,phases      ] GC(486)   Merge Heap Roots: 0.04ms
[358.593s][info][gc,phases      ] GC(486)   Evacuate Collection Set: 4.43ms
[358.593s][info][gc,phases      ] GC(486)   Post Evacuate Collection Set: 0.40ms
[358.593s][info][gc,phases      ] GC(486)   Other: 0.05ms
[358.593s][info][gc,heap        ] GC(486) Eden regions: 100->0(357)
[358.593s][info][gc,heap        ] GC(486) Survivor regions: 0->50(57)
[358.593s][info][gc,heap        ] GC(486) Old regions: 184->184
[358.593s][info][gc,heap        ] GC(486) Humongous regions: 562->562
[358.593s][info][gc,metaspace   ] GC(486) Metaspace: 100498K(101504K)->100498K(101504K) NonClass: 78563K(78976K)->78563K(78976K) Class: 21935K(22528K)->21935K(22528K)
[358.593s][info][gc             ] GC(486) Pause Young (Concurrent Start) (G1 Humongous Allocation) 1688M->1589M(2868M) 5.147ms
[358.593s][info][gc,cpu         ] GC(486) User=0.02s Sys=0.00s Real=0.00s
[358.593s][info][gc             ] GC(487) Concurrent Mark Cycle
[358.593s][info][gc,marking     ] GC(487) Concurrent Scan Root Regions
[358.598s][info][gc,marking     ] GC(487) Concurrent Scan Root Regions 4.899ms
[358.601s][info][gc,marking     ] GC(487) Concurrent Mark
[358.601s][info][gc,marking     ] GC(487) Concurrent Mark From Roots
[358.601s][info][gc,task        ] GC(487) Using 1 workers of 1 for marking
[358.662s][info][gc,marking     ] GC(487) Concurrent Mark From Roots 61.344ms
[358.663s][info][gc,marking     ] GC(487) Concurrent Preclean
[358.663s][info][gc,marking     ] GC(487) Concurrent Preclean 0.152ms
[358.663s][info][gc,start       ] GC(487) Pause Remark
[358.665s][info][gc             ] GC(487) Pause Remark 2214M->2214M(2868M) 2.351ms
[358.665s][info][gc,cpu         ] GC(487) User=0.01s Sys=0.00s Real=0.00s
[358.665s][info][gc,marking     ] GC(487) Concurrent Mark 64.292ms
[358.665s][info][gc,marking     ] GC(487) Concurrent Rebuild Remembered Sets and Scrub Regions
[358.696s][info][gc,marking     ] GC(487) Concurrent Rebuild Remembered Sets and Scrub Regions 30.966ms
[358.696s][info][gc,start       ] GC(487) Pause Cleanup
[358.697s][info][gc             ] GC(487) Pause Cleanup 2681M->2681M(2868M) 0.095ms
[358.697s][info][gc,cpu         ] GC(487) User=0.00s Sys=0.00s Real=0.00s
[358.697s][info][gc,marking     ] GC(487) Concurrent Clear Claimed Marks
[358.697s][info][gc,marking     ] GC(487) Concurrent Clear Claimed Marks 0.103ms
[358.697s][info][gc,marking     ] GC(487) Concurrent Cleanup for Next Mark
[358.698s][info][gc,marking     ] GC(487) Concurrent Cleanup for Next Mark 1.392ms
[358.698s][info][gc             ] GC(487) Concurrent Mark Cycle 105.318ms
[358.713s][info][gc,start       ] GC(488) Pause Young (Prepare Mixed) (G1 Humongous Allocation)
[358.713s][info][gc,task        ] GC(488) Using 4 workers of 4 for evacuation
[358.719s][info][gc,phases      ] GC(488)   Pre Evacuate Collection Set: 0.16ms
[358.719s][info][gc,phases      ] GC(488)   Merge Heap Roots: 0.08ms
[358.719s][info][gc,phases      ] GC(488)   Evacuate Collection Set: 2.43ms
[358.719s][info][gc,phases      ] GC(488)   Post Evacuate Collection Set: 2.94ms
[358.719s][info][gc,phases      ] GC(488)   Other: 0.05ms
[358.719s][info][gc,heap        ] GC(488) Eden regions: 100->0(211)
[358.719s][info][gc,heap        ] GC(488) Survivor regions: 50->8(12)
[358.719s][info][gc,heap        ] GC(488) Old regions: 184->338
[358.719s][info][gc,heap        ] GC(488) Humongous regions: 1088->742
[358.719s][info][gc,metaspace   ] GC(488) Metaspace: 100498K(101504K)->100498K(101504K) NonClass: 78563K(78976K)->78563K(78976K) Class: 21935K(22528K)->21935K(22528K)
[358.719s][info][gc             ] GC(488) Pause Young (Prepare Mixed) (G1 Humongous Allocation) (Evacuation Failure: Allocation) 2841M->2173M(2868M) 5.727ms
[358.719s][info][gc,cpu         ] GC(488) User=0.02s Sys=0.00s Real=0.01s
[358.918s][info][gc,start       ] GC(489) Pause Young (Mixed) (G1 Humongous Allocation)
[358.918s][info][gc,task        ] GC(489) Using 4 workers of 4 for evacuation
[358.923s][info][gc,phases      ] GC(489)   Pre Evacuate Collection Set: 0.18ms
[358.923s][info][gc,phases      ] GC(489)   Merge Heap Roots: 0.06ms
[358.923s][info][gc,phases      ] GC(489)   Evacuate Collection Set: 2.44ms
[358.923s][info][gc,phases      ] GC(489)   Post Evacuate Collection Set: 2.42ms
[358.923s][info][gc,phases      ] GC(489)   Other: 0.05ms
[358.923s][info][gc,heap        ] GC(489) Eden regions: 60->0(111)
[358.923s][info][gc,heap        ] GC(489) Survivor regions: 8->3(11)
[358.923s][info][gc,heap        ] GC(489) Old regions: 338->413
[358.923s][info][gc,heap        ] GC(489) Humongous regions: 1017->834
[358.923s][info][gc,metaspace   ] GC(489) Metaspace: 100499K(101504K)->100499K(101504K) NonClass: 78564K(78976K)->78564K(78976K) Class: 21935K(22528K)->21935K(22528K)
[358.923s][info][gc             ] GC(489) Pause Young (Mixed) (G1 Humongous Allocation) (Evacuation Failure: Allocation) 2843M->2497M(2868M) 5.253ms
[358.923s][info][gc,cpu         ] GC(489) User=0.02s Sys=0.01s Real=0.00s
[358.924s][info][gc,start       ] GC(490) Pause Young (Concurrent Start) (G1 Humongous Allocation)
[358.924s][info][gc,task        ] GC(490) Using 4 workers of 4 for evacuation
[358.931s][info][gc,phases      ] GC(490)   Pre Evacuate Collection Set: 0.15ms
[358.931s][info][gc,phases      ] GC(490)   Merge Heap Roots: 0.05ms
[358.931s][info][gc,phases      ] GC(490)   Evacuate Collection Set: 6.76ms
[358.931s][info][gc,phases      ] GC(490)   Post Evacuate Collection Set: 0.48ms
[358.931s][info][gc,phases      ] GC(490)   Other: 0.04ms
[358.931s][info][gc,heap        ] GC(490) Eden regions: 1->0(199)
[358.931s][info][gc,heap        ] GC(490) Survivor regions: 3->4(15)
[358.931s][info][gc,heap        ] GC(490) Old regions: 413->300
[358.931s][info][gc,heap        ] GC(490) Humongous regions: 837->835
[358.931s][info][gc,metaspace   ] GC(490) Metaspace: 100499K(101504K)->100499K(101504K) NonClass: 78564K(78976K)->78564K(78976K) Class: 21935K(22528K)->21935K(22528K)
[358.931s][info][gc             ] GC(490) Pause Young (Concurrent Start) (G1 Humongous Allocation) 2503M->2275M(2868M) 7.547ms
[358.931s][info][gc,cpu         ] GC(490) User=0.02s Sys=0.00s Real=0.01s
[358.931s][info][gc             ] GC(491) Concurrent Mark Cycle
[358.931s][info][gc,marking     ] GC(491) Concurrent Scan Root Regions
[358.936s][info][gc,marking     ] GC(491) Concurrent Scan Root Regions 4.915ms
[358.936s][info][gc,marking     ] GC(491) Concurrent Mark
[358.936s][info][gc,marking     ] GC(491) Concurrent Mark From Roots
[358.936s][info][gc,task        ] GC(491) Using 1 workers of 1 for marking
[358.981s][info][gc,marking     ] GC(491) Concurrent Mark From Roots 44.415ms
[358.981s][info][gc,marking     ] GC(491) Concurrent Preclean
[358.981s][info][gc,marking     ] GC(491) Concurrent Preclean 0.095ms
[358.981s][info][gc,start       ] GC(491) Pause Remark
[358.983s][info][gc             ] GC(491) Pause Remark 2324M->1784M(2868M) 2.131ms
[358.983s][info][gc,cpu         ] GC(491) User=0.01s Sys=0.00s Real=0.00s
[358.983s][info][gc,marking     ] GC(491) Concurrent Mark 46.778ms
[358.983s][info][gc,marking     ] GC(491) Concurrent Rebuild Remembered Sets and Scrub Regions
[359.010s][info][gc,marking     ] GC(491) Concurrent Rebuild Remembered Sets and Scrub Regions 27.123ms
[359.010s][info][gc,start       ] GC(491) Pause Cleanup
[359.010s][info][gc             ] GC(491) Pause Cleanup 1791M->1791M(2868M) 0.069ms
[359.010s][info][gc,cpu         ] GC(491) User=0.00s Sys=0.00s Real=0.00s
[359.010s][info][gc,marking     ] GC(491) Concurrent Clear Claimed Marks
[359.010s][info][gc,marking     ] GC(491) Concurrent Clear Claimed Marks 0.102ms
[359.010s][info][gc,marking     ] GC(491) Concurrent Cleanup for Next Mark
[359.011s][info][gc,marking     ] GC(491) Concurrent Cleanup for Next Mark 1.066ms
[359.011s][info][gc             ] GC(491) Concurrent Mark Cycle 80.178ms
[360.310s][info][gc,start       ] GC(492) Pause Young (Prepare Mixed) (G1 Humongous Allocation)
[360.310s][info][gc,task        ] GC(492) Using 4 workers of 4 for evacuation
[360.314s][info][gc,phases      ] GC(492)   Pre Evacuate Collection Set: 0.18ms
[360.314s][info][gc,phases      ] GC(492)   Merge Heap Roots: 0.09ms
[360.314s][info][gc,phases      ] GC(492)   Evacuate Collection Set: 2.87ms
[360.314s][info][gc,phases      ] GC(492)   Post Evacuate Collection Set: 1.01ms
[360.314s][info][gc,phases      ] GC(492)   Other: 0.05ms
[360.314s][info][gc,heap        ] GC(492) Eden regions: 93->0(240)
[360.314s][info][gc,heap        ] GC(492) Survivor regions: 4->26(26)
[360.314s][info][gc,heap        ] GC(492) Old regions: 300->374
[360.314s][info][gc,heap        ] GC(492) Humongous regions: 1008->639
[360.314s][info][gc,metaspace   ] GC(492) Metaspace: 100499K(101504K)->100499K(101504K) NonClass: 78564K(78976K)->78564K(78976K) Class: 21935K(22528K)->21935K(22528K)
[360.314s][info][gc             ] GC(492) Pause Young (Prepare Mixed) (G1 Humongous Allocation) (Evacuation Failure: Allocation) 2806M->2076M(2868M) 4.295ms
[360.314s][info][gc,cpu         ] GC(492) User=0.02s Sys=0.00s Real=0.00s
[360.818s][info][gc,start       ] GC(493) Pause Young (Mixed) (G1 Evacuation Pause)
[360.818s][info][gc,task        ] GC(493) Using 4 workers of 4 for evacuation
[360.834s][info][gc,phases      ] GC(493)   Pre Evacuate Collection Set: 0.16ms
[360.834s][info][gc,phases      ] GC(493)   Merge Heap Roots: 0.06ms
[360.834s][info][gc,phases      ] GC(493)   Evacuate Collection Set: 10.11ms
[360.834s][info][gc,phases      ] GC(493)   Post Evacuate Collection Set: 6.02ms
[360.834s][info][gc,phases      ] GC(493)   Other: 0.06ms
[360.834s][info][gc,heap        ] GC(493) Eden regions: 240->0(38)
[360.834s][info][gc,heap        ] GC(493) Survivor regions: 26->34(34)
[360.834s][info][gc,heap        ] GC(493) Old regions: 374->686
[360.834s][info][gc,heap        ] GC(493) Humongous regions: 692->652
[360.834s][info][gc,metaspace   ] GC(493) Metaspace: 100505K(101504K)->100505K(101504K) NonClass: 78570K(78976K)->78570K(78976K) Class: 21935K(22528K)->21935K(22528K)
[360.834s][info][gc             ] GC(493) Pause Young (Mixed) (G1 Evacuation Pause) (Evacuation Failure: Allocation) 2662M->2742M(2868M) 16.523ms
[360.834s][info][gc,cpu         ] GC(493) User=0.06s Sys=0.00s Real=0.01s
[360.869s][info][gc,start       ] GC(494) Pause Young (Concurrent Start) (G1 Evacuation Pause)
[360.869s][info][gc,task        ] GC(494) Using 4 workers of 4 for evacuation
[360.878s][info][gc,phases      ] GC(494)   Pre Evacuate Collection Set: 0.42ms
[360.878s][info][gc,phases      ] GC(494)   Merge Heap Roots: 0.11ms
[360.878s][info][gc,phases      ] GC(494)   Evacuate Collection Set: 4.03ms
[360.878s][info][gc,phases      ] GC(494)   Post Evacuate Collection Set: 4.17ms
[360.878s][info][gc,phases      ] GC(494)   Other: 0.06ms
[360.878s][info][gc,heap        ] GC(494) Eden regions: 38->0(29)
[360.878s][info][gc,heap        ] GC(494) Survivor regions: 34->7(9)
[360.878s][info][gc,heap        ] GC(494) Old regions: 686->746
[360.878s][info][gc,heap        ] GC(494) Humongous regions: 652->652
[360.878s][info][gc,metaspace   ] GC(494) Metaspace: 100505K(101504K)->100505K(101504K) NonClass: 78570K(78976K)->78570K(78976K) Class: 21935K(22528K)->21935K(22528K)
[360.878s][info][gc             ] GC(494) Pause Young (Concurrent Start) (G1 Evacuation Pause) (Evacuation Failure: Allocation) 2818M->2808M(2868M) 8.902ms
[360.878s][info][gc,cpu         ] GC(494) User=0.03s Sys=0.00s Real=0.01s
[360.878s][info][gc             ] GC(495) Concurrent Mark Cycle
[360.878s][info][gc,marking     ] GC(495) Concurrent Scan Root Regions
[360.885s][info][gc,marking     ] GC(495) Concurrent Scan Root Regions 7.203ms
[360.885s][info][gc,marking     ] GC(495) Concurrent Mark
[360.885s][info][gc,marking     ] GC(495) Concurrent Mark From Roots
[360.885s][info][gc,task        ] GC(495) Using 1 workers of 1 for marking
[360.907s][info][gc,start       ] GC(496) Pause Young (Normal) (G1 Evacuation Pause)
[360.907s][info][gc,task        ] GC(496) Using 4 workers of 4 for evacuation
[360.913s][info][gc,phases      ] GC(496)   Pre Evacuate Collection Set: 0.24ms
[360.913s][info][gc,phases      ] GC(496)   Merge Heap Roots: 0.08ms
[360.913s][info][gc,phases      ] GC(496)   Evacuate Collection Set: 1.87ms
[360.913s][info][gc,phases      ] GC(496)   Post Evacuate Collection Set: 4.35ms
[360.913s][info][gc,phases      ] GC(496)   Other: 0.05ms
[360.913s][info][gc,heap        ] GC(496) Eden regions: 29->0(1)
[360.913s][info][gc,heap        ] GC(496) Survivor regions: 7->0(0)
[360.913s][info][gc,heap        ] GC(496) Old regions: 746->782
[360.913s][info][gc,heap        ] GC(496) Humongous regions: 652->652
[360.913s][info][gc,metaspace   ] GC(496) Metaspace: 100505K(101504K)->100505K(101504K) NonClass: 78570K(78976K)->78570K(78976K) Class: 21935K(22528K)->21935K(22528K)
[360.913s][info][gc             ] GC(496) Pause Young (Normal) (G1 Evacuation Pause) (Evacuation Failure: Allocation) 2866M->2866M(2868M) 6.692ms
[360.913s][info][gc,cpu         ] GC(496) User=0.03s Sys=0.00s Real=0.00s
[360.913s][info][gc,ergo        ] Attempting full compaction
[360.913s][info][gc,start       ] GC(497) Pause Full (G1 Compaction Pause)
[360.913s][info][gc,task        ] GC(497) Using 4 workers of 4 for full compaction
[360.914s][info][gc,phases,start] GC(497) Phase 1: Mark live objects
[360.930s][info][gc,phases      ] GC(497) Phase 1: Mark live objects 15.786ms
[360.930s][info][gc,phases,start] GC(497) Phase 2: Prepare compaction
[360.932s][info][gc,phases      ] GC(497) Phase 2: Prepare compaction 2.066ms
[360.932s][info][gc,phases,start] GC(497) Phase 3: Adjust pointers
[360.941s][info][gc,phases      ] GC(497) Phase 3: Adjust pointers 8.820ms
[360.941s][info][gc,phases,start] GC(497) Phase 4: Compact heap
[360.946s][info][gc,phases      ] GC(497) Phase 4: Compact heap 5.258ms
[360.946s][info][gc,phases,start] GC(497) Phase 5: Reset Metadata
[360.949s][info][gc,phases      ] GC(497) Phase 5: Reset Metadata 3.171ms
[360.952s][info][gc,heap        ] GC(497) Eden regions: 0->0(426)
[360.952s][info][gc,heap        ] GC(497) Survivor regions: 0->0(0)
[360.952s][info][gc,heap        ] GC(497) Old regions: 782->171
[360.952s][info][gc,heap        ] GC(497) Humongous regions: 652->562
[360.952s][info][gc,metaspace   ] GC(497) Metaspace: 100505K(101504K)->100504K(101504K) NonClass: 78570K(78976K)->78569K(78976K) Class: 21935K(22528K)->21934K(22528K)
[360.952s][info][gc             ] GC(497) Pause Full (G1 Compaction Pause) 2866M->1461M(2868M) 38.523ms
[360.952s][info][gc,cpu         ] GC(497) User=0.13s Sys=0.00s Real=0.04s
[360.952s][info][gc,marking     ] GC(495) Concurrent Mark From Roots 66.978ms
[360.952s][info][gc,marking     ] GC(495) Concurrent Mark Abort
[360.952s][info][gc             ] GC(495) Concurrent Mark Cycle 74.266ms
[361.017s][info][gc,start       ] GC(498) Pause Young (Concurrent Start) (G1 Humongous Allocation)
[361.017s][info][gc,task        ] GC(498) Using 4 workers of 4 for evacuation
[361.023s][info][gc,phases      ] GC(498)   Pre Evacuate Collection Set: 0.23ms
[361.023s][info][gc,phases      ] GC(498)   Merge Heap Roots: 0.04ms
[361.023s][info][gc,phases      ] GC(498)   Evacuate Collection Set: 4.95ms
[361.023s][info][gc,phases      ] GC(498)   Post Evacuate Collection Set: 0.52ms
[361.023s][info][gc,phases      ] GC(498)   Other: 0.06ms
[361.023s][info][gc,heap        ] GC(498) Eden regions: 112->0(347)
[361.023s][info][gc,heap        ] GC(498) Survivor regions: 0->54(54)
[361.023s][info][gc,heap        ] GC(498) Old regions: 171->173
[361.023s][info][gc,heap        ] GC(498) Humongous regions: 562->562
[361.023s][info][gc,metaspace   ] GC(498) Metaspace: 100504K(101504K)->100504K(101504K) NonClass: 78569K(78976K)->78569K(78976K) Class: 21934K(22528K)->21934K(22528K)
[361.023s][info][gc             ] GC(498) Pause Young (Concurrent Start) (G1 Humongous Allocation) 1683M->1573M(2868M) 5.895ms
[361.023s][info][gc,cpu         ] GC(498) User=0.02s Sys=0.00s Real=0.00s
[361.023s][info][gc             ] GC(499) Concurrent Mark Cycle
[361.023s][info][gc,marking     ] GC(499) Concurrent Scan Root Regions
[361.027s][info][gc,marking     ] GC(499) Concurrent Scan Root Regions 4.265ms
[361.027s][info][gc,marking     ] GC(499) Concurrent Mark
[361.027s][info][gc,marking     ] GC(499) Concurrent Mark From Roots
[361.027s][info][gc,task        ] GC(499) Using 1 workers of 1 for marking
[361.073s][info][gc,marking     ] GC(499) Concurrent Mark From Roots 46.100ms
[361.073s][info][gc,marking     ] GC(499) Concurrent Preclean
[361.073s][info][gc,marking     ] GC(499) Concurrent Preclean 0.109ms
[361.073s][info][gc,start       ] GC(499) Pause Remark
[361.076s][info][gc             ] GC(499) Pause Remark 1725M->1725M(2868M) 2.907ms
[361.076s][info][gc,cpu         ] GC(499) User=0.01s Sys=0.00s Real=0.01s
[361.076s][info][gc,marking     ] GC(499) Concurrent Mark 49.324ms
[361.076s][info][gc,marking     ] GC(499) Concurrent Rebuild Remembered Sets and Scrub Regions
[361.106s][info][gc,marking     ] GC(499) Concurrent Rebuild Remembered Sets and Scrub Regions 29.721ms
[361.107s][info][gc,start       ] GC(499) Pause Cleanup
[361.107s][info][gc             ] GC(499) Pause Cleanup 2160M->2160M(2868M) 0.110ms
[361.107s][info][gc,cpu         ] GC(499) User=0.00s Sys=0.00s Real=0.00s
[361.107s][info][gc,marking     ] GC(499) Concurrent Clear Claimed Marks
[361.107s][info][gc,marking     ] GC(499) Concurrent Clear Claimed Marks 0.161ms
[361.107s][info][gc,marking     ] GC(499) Concurrent Cleanup for Next Mark
[361.110s][info][gc,marking     ] GC(499) Concurrent Cleanup for Next Mark 2.685ms
[361.110s][info][gc             ] GC(499) Concurrent Mark Cycle 87.461ms
[361.155s][info][gc,start       ] GC(500) Pause Young (Prepare Mixed) (G1 Humongous Allocation)
[361.155s][info][gc,task        ] GC(500) Using 4 workers of 4 for evacuation
[361.160s][info][gc,phases      ] GC(500)   Pre Evacuate Collection Set: 0.19ms
[361.160s][info][gc,phases      ] GC(500)   Merge Heap Roots: 0.08ms
[361.160s][info][gc,phases      ] GC(500)   Evacuate Collection Set: 2.35ms
[361.160s][info][gc,phases      ] GC(500)   Post Evacuate Collection Set: 2.69ms
[361.160s][info][gc,phases      ] GC(500)   Other: 0.05ms
[361.160s][info][gc,heap        ] GC(500) Eden regions: 115->0(203)
[361.160s][info][gc,heap        ] GC(500) Survivor regions: 54->4(7)
[361.160s][info][gc,heap        ] GC(500) Old regions: 173->345
[361.160s][info][gc,heap        ] GC(500) Humongous regions: 1085->738
[361.160s][info][gc,metaspace   ] GC(500) Metaspace: 100504K(101504K)->100504K(101504K) NonClass: 78569K(78976K)->78569K(78976K) Class: 21934K(22528K)->21934K(22528K)
[361.160s][info][gc             ] GC(500) Pause Young (Prepare Mixed) (G1 Humongous Allocation) (Evacuation Failure: Allocation) 2849M->2169M(2868M) 5.450ms
[361.160s][info][gc,cpu         ] GC(500) User=0.02s Sys=0.00s Real=0.01s
[361.363s][info][gc,start       ] GC(501) Pause Young (Mixed) (G1 Evacuation Pause)
[361.363s][info][gc,task        ] GC(501) Using 4 workers of 4 for evacuation
[361.368s][info][gc,phases      ] GC(501)   Pre Evacuate Collection Set: 0.18ms
[361.368s][info][gc,phases      ] GC(501)   Merge Heap Roots: 0.09ms
[361.368s][info][gc,phases      ] GC(501)   Evacuate Collection Set: 1.91ms
[361.368s][info][gc,phases      ] GC(501)   Post Evacuate Collection Set: 2.91ms
[361.368s][info][gc,phases      ] GC(501)   Other: 0.04ms
[361.368s][info][gc,heap        ] GC(501) Eden regions: 59->0(119)
[361.368s][info][gc,heap        ] GC(501) Survivor regions: 4->0(0)
[361.368s][info][gc,heap        ] GC(501) Old regions: 345->408
[361.368s][info][gc,heap        ] GC(501) Humongous regions: 1026->832
[361.368s][info][gc,metaspace   ] GC(501) Metaspace: 100504K(101504K)->100504K(101504K) NonClass: 78569K(78976K)->78569K(78976K) Class: 21934K(22528K)->21934K(22528K)
[361.369s][info][gc             ] GC(501) Pause Young (Mixed) (G1 Evacuation Pause) (Evacuation Failure: Allocation) 2863M->2475M(2868M) 5.236ms
[361.369s][info][gc,cpu         ] GC(501) User=0.02s Sys=0.00s Real=0.01s
[361.369s][info][gc,start       ] GC(502) Pause Young (Concurrent Start) (G1 Humongous Allocation)
[361.369s][info][gc,task        ] GC(502) Using 4 workers of 4 for evacuation
[361.379s][info][gc,phases      ] GC(502)   Pre Evacuate Collection Set: 0.15ms
[361.379s][info][gc,phases      ] GC(502)   Merge Heap Roots: 0.05ms
[361.379s][info][gc,phases      ] GC(502)   Evacuate Collection Set: 8.82ms
[361.379s][info][gc,phases      ] GC(502)   Post Evacuate Collection Set: 0.64ms
[361.379s][info][gc,phases      ] GC(502)   Other: 0.07ms
[361.379s][info][gc,heap        ] GC(502) Eden regions: 2->0(157)
[361.379s][info][gc,heap        ] GC(502) Survivor regions: 0->1(15)
[361.379s][info][gc,heap        ] GC(502) Old regions: 408->303
[361.379s][info][gc,heap        ] GC(502) Humongous regions: 832->832
[361.379s][info][gc,metaspace   ] GC(502) Metaspace: 100504K(101504K)->100504K(101504K) NonClass: 78569K(78976K)->78569K(78976K) Class: 21934K(22528K)->21934K(22528K)
[361.379s][info][gc             ] GC(502) Pause Young (Concurrent Start) (G1 Humongous Allocation) 2478M->2268M(2868M) 10.064ms
[361.379s][info][gc             ] GC(503) Concurrent Mark Cycle
[361.379s][info][gc,marking     ] GC(503) Concurrent Scan Root Regions
[361.379s][info][gc,cpu         ] GC(502) User=0.03s Sys=0.00s Real=0.01s
[361.386s][info][gc,marking     ] GC(503) Concurrent Scan Root Regions 6.756ms
[361.386s][info][gc,marking     ] GC(503) Concurrent Mark
[361.386s][info][gc,marking     ] GC(503) Concurrent Mark From Roots
[361.386s][info][gc,task        ] GC(503) Using 1 workers of 1 for marking
[361.430s][info][gc,marking     ] GC(503) Concurrent Mark From Roots 43.859ms
[361.431s][info][gc,marking     ] GC(503) Concurrent Preclean
[361.431s][info][gc,marking     ] GC(503) Concurrent Preclean 0.099ms
[361.431s][info][gc,start       ] GC(503) Pause Remark
[361.434s][info][gc             ] GC(503) Pause Remark 2330M->1790M(2868M) 3.296ms
[361.434s][info][gc,cpu         ] GC(503) User=0.01s Sys=0.00s Real=0.00s
[361.434s][info][gc,marking     ] GC(503) Concurrent Mark 48.049ms
[361.434s][info][gc,marking     ] GC(503) Concurrent Rebuild Remembered Sets and Scrub Regions
[361.461s][info][gc,marking     ] GC(503) Concurrent Rebuild Remembered Sets and Scrub Regions 26.670ms
[361.461s][info][gc,start       ] GC(503) Pause Cleanup
[361.461s][info][gc             ] GC(503) Pause Cleanup 1796M->1796M(2868M) 0.074ms
[361.461s][info][gc,cpu         ] GC(503) User=0.00s Sys=0.00s Real=0.00s
[361.461s][info][gc,marking     ] GC(503) Concurrent Clear Claimed Marks
[361.461s][info][gc,marking     ] GC(503) Concurrent Clear Claimed Marks 0.109ms
[361.461s][info][gc,marking     ] GC(503) Concurrent Cleanup for Next Mark
[361.462s][info][gc,marking     ] GC(503) Concurrent Cleanup for Next Mark 1.094ms
[361.462s][info][gc             ] GC(503) Concurrent Mark Cycle 82.989ms
[362.840s][info][gc,start       ] GC(504) Pause Young (Prepare Mixed) (G1 Humongous Allocation)
[362.841s][info][gc,task        ] GC(504) Using 4 workers of 4 for evacuation
[362.844s][info][gc,phases      ] GC(504)   Pre Evacuate Collection Set: 0.10ms
[362.844s][info][gc,phases      ] GC(504)   Merge Heap Roots: 0.09ms
[362.844s][info][gc,phases      ] GC(504)   Evacuate Collection Set: 2.67ms
[362.844s][info][gc,phases      ] GC(504)   Post Evacuate Collection Set: 0.46ms
[362.844s][info][gc,phases      ] GC(504)   Other: 0.05ms
[362.844s][info][gc,heap        ] GC(504) Eden regions: 94->0(243)
[362.844s][info][gc,heap        ] GC(504) Survivor regions: 1->20(20)
[362.844s][info][gc,heap        ] GC(504) Old regions: 303->311
[362.844s][info][gc,heap        ] GC(504) Humongous regions: 1000->643
[362.844s][info][gc,metaspace   ] GC(504) Metaspace: 100504K(101504K)->100504K(101504K) NonClass: 78569K(78976K)->78569K(78976K) Class: 21934K(22528K)->21934K(22528K)
[362.844s][info][gc             ] GC(504) Pause Young (Prepare Mixed) (G1 Humongous Allocation) 2791M->1945M(2868M) 3.463ms
[362.844s][info][gc,cpu         ] GC(504) User=0.01s Sys=0.00s Real=0.00s
[363.254s][info][gc,start       ] GC(505) Pause Young (Mixed) (G1 Evacuation Pause)
[363.254s][info][gc,task        ] GC(505) Using 4 workers of 4 for evacuation
[363.266s][info][gc,phases      ] GC(505)   Pre Evacuate Collection Set: 0.16ms
[363.266s][info][gc,phases      ] GC(505)   Merge Heap Roots: 0.05ms
[363.266s][info][gc,phases      ] GC(505)   Evacuate Collection Set: 11.69ms
[363.266s][info][gc,phases      ] GC(505)   Post Evacuate Collection Set: 0.48ms
[363.266s][info][gc,phases      ] GC(505)   Other: 0.05ms
[363.266s][info][gc,heap        ] GC(505) Eden regions: 243->0(165)
[363.266s][info][gc,heap        ] GC(505) Survivor regions: 20->33(33)
[363.266s][info][gc,heap        ] GC(505) Old regions: 311->419
[363.266s][info][gc,heap        ] GC(505) Humongous regions: 687->652
[363.266s][info][gc,metaspace   ] GC(505) Metaspace: 100504K(101504K)->100504K(101504K) NonClass: 78569K(78976K)->78569K(78976K) Class: 21934K(22528K)->21934K(22528K)
[363.266s][info][gc             ] GC(505) Pause Young (Mixed) (G1 Evacuation Pause) 2519M->2205M(2868M) 12.540ms
[363.266s][info][gc,cpu         ] GC(505) User=0.05s Sys=0.00s Real=0.02s
[363.402s][info][gc,start       ] GC(506) Pause Young (Concurrent Start) (G1 Evacuation Pause)
[363.402s][info][gc,task        ] GC(506) Using 4 workers of 4 for evacuation
[363.412s][info][gc,phases      ] GC(506)   Pre Evacuate Collection Set: 0.20ms
[363.412s][info][gc,phases      ] GC(506)   Merge Heap Roots: 0.05ms
[363.412s][info][gc,phases      ] GC(506)   Evacuate Collection Set: 9.27ms
[363.412s][info][gc,phases      ] GC(506)   Post Evacuate Collection Set: 0.35ms
[363.412s][info][gc,phases      ] GC(506)   Other: 0.06ms
[363.412s][info][gc,heap        ] GC(506) Eden regions: 165->0(120)
[363.412s][info][gc,heap        ] GC(506) Survivor regions: 33->25(25)
[363.412s][info][gc,heap        ] GC(506) Old regions: 419->510
[363.412s][info][gc,heap        ] GC(506) Humongous regions: 652->652
[363.412s][info][gc,metaspace   ] GC(506) Metaspace: 100504K(101504K)->100504K(101504K) NonClass: 78569K(78976K)->78569K(78976K) Class: 21934K(22528K)->21934K(22528K)
[363.412s][info][gc             ] GC(506) Pause Young (Concurrent Start) (G1 Evacuation Pause) 2535M->2372M(2868M) 10.028ms
[363.412s][info][gc,cpu         ] GC(506) User=0.04s Sys=0.00s Real=0.01s
[363.412s][info][gc             ] GC(507) Concurrent Mark Cycle
[363.412s][info][gc,marking     ] GC(507) Concurrent Scan Root Regions
[363.419s][info][gc,marking     ] GC(507) Concurrent Scan Root Regions 7.074ms
[363.419s][info][gc,marking     ] GC(507) Concurrent Mark
[363.419s][info][gc,marking     ] GC(507) Concurrent Mark From Roots
[363.419s][info][gc,task        ] GC(507) Using 1 workers of 1 for marking
[363.463s][info][gc,marking     ] GC(507) Concurrent Mark From Roots 43.431ms
[363.463s][info][gc,marking     ] GC(507) Concurrent Preclean
[363.463s][info][gc,marking     ] GC(507) Concurrent Preclean 0.106ms
[363.463s][info][gc,start       ] GC(507) Pause Remark
[363.467s][info][gc             ] GC(507) Pause Remark 2504M->1801M(2868M) 4.429ms
[363.467s][info][gc,cpu         ] GC(507) User=0.01s Sys=0.00s Real=0.01s
[363.469s][info][gc,marking     ] GC(507) Concurrent Mark 50.078ms
[363.469s][info][gc,marking     ] GC(507) Concurrent Rebuild Remembered Sets and Scrub Regions
[363.501s][info][gc,marking     ] GC(507) Concurrent Rebuild Remembered Sets and Scrub Regions 31.433ms
[363.502s][info][gc,start       ] GC(507) Pause Cleanup
[363.502s][info][gc             ] GC(507) Pause Cleanup 2225M->2225M(2868M) 0.100ms
[363.502s][info][gc,cpu         ] GC(507) User=0.00s Sys=0.00s Real=0.00s
[363.502s][info][gc,marking     ] GC(507) Concurrent Clear Claimed Marks
[363.502s][info][gc,marking     ] GC(507) Concurrent Clear Claimed Marks 0.171ms
[363.502s][info][gc,marking     ] GC(507) Concurrent Cleanup for Next Mark
[363.505s][info][gc,marking     ] GC(507) Concurrent Cleanup for Next Mark 3.123ms
[363.505s][info][gc             ] GC(507) Concurrent Mark Cycle 93.484ms
[363.538s][info][gc,start       ] GC(508) Pause Young (Prepare Mixed) (G1 Humongous Allocation)
[363.538s][info][gc,task        ] GC(508) Using 4 workers of 4 for evacuation
[363.543s][info][gc,phases      ] GC(508)   Pre Evacuate Collection Set: 0.21ms
[363.543s][info][gc,phases      ] GC(508)   Merge Heap Roots: 0.07ms
[363.543s][info][gc,phases      ] GC(508)   Evacuate Collection Set: 2.42ms
[363.543s][info][gc,phases      ] GC(508)   Post Evacuate Collection Set: 1.83ms
[363.543s][info][gc,phases      ] GC(508)   Other: 0.05ms
[363.543s][info][gc,heap        ] GC(508) Eden regions: 107->0(164)
[363.543s][info][gc,heap        ] GC(508) Survivor regions: 25->11(15)
[363.543s][info][gc,heap        ] GC(508) Old regions: 248->384
[363.543s][info][gc,heap        ] GC(508) Humongous regions: 1039->727
[363.543s][info][gc,metaspace   ] GC(508) Metaspace: 100506K(101504K)->100506K(101504K) NonClass: 78572K(78976K)->78572K(78976K) Class: 21934K(22528K)->21934K(22528K)
[363.543s][info][gc             ] GC(508) Pause Young (Prepare Mixed) (G1 Humongous Allocation) (Evacuation Failure: Allocation) 2836M->2242M(2868M) 4.659ms
[363.543s][info][gc,cpu         ] GC(508) User=0.01s Sys=0.00s Real=0.00s
[363.623s][info][gc,start       ] GC(509) Pause Young (Mixed) (G1 Humongous Allocation)
[363.623s][info][gc,task        ] GC(509) Using 4 workers of 4 for evacuation
[363.630s][info][gc,phases      ] GC(509)   Pre Evacuate Collection Set: 0.37ms
[363.630s][info][gc,phases      ] GC(509)   Merge Heap Roots: 0.09ms
[363.630s][info][gc,phases      ] GC(509)   Evacuate Collection Set: 4.34ms
[363.630s][info][gc,phases      ] GC(509)   Post Evacuate Collection Set: 2.63ms
[363.630s][info][gc,phases      ] GC(509)   Other: 0.06ms
[363.630s][info][gc,heap        ] GC(509) Eden regions: 40->0(115)
[363.630s][info][gc,heap        ] GC(509) Survivor regions: 11->18(22)
[363.630s][info][gc,heap        ] GC(509) Old regions: 384->442
[363.630s][info][gc,heap        ] GC(509) Humongous regions: 955->756
[363.630s][info][gc,metaspace   ] GC(509) Metaspace: 100508K(101504K)->100508K(101504K) NonClass: 78574K(78976K)->78574K(78976K) Class: 21934K(22528K)->21934K(22528K)
[363.630s][info][gc             ] GC(509) Pause Young (Mixed) (G1 Humongous Allocation) (Evacuation Failure: Allocation) 2778M->2431M(2868M) 7.587ms
[363.630s][info][gc,cpu         ] GC(509) User=0.03s Sys=0.00s Real=0.01s
[363.632s][info][gc,start       ] GC(510) Pause Young (Concurrent Start) (G1 Humongous Allocation)
[363.632s][info][gc,task        ] GC(510) Using 4 workers of 4 for evacuation
[363.636s][info][gc,phases      ] GC(510)   Pre Evacuate Collection Set: 0.36ms
[363.636s][info][gc,phases      ] GC(510)   Merge Heap Roots: 0.13ms
[363.636s][info][gc,phases      ] GC(510)   Evacuate Collection Set: 3.22ms
[363.636s][info][gc,phases      ] GC(510)   Post Evacuate Collection Set: 0.68ms
[363.636s][info][gc,phases      ] GC(510)   Other: 0.05ms
[363.636s][info][gc,heap        ] GC(510) Eden regions: 3->0(171)
[363.636s][info][gc,heap        ] GC(510) Survivor regions: 18->2(17)
[363.636s][info][gc,heap        ] GC(510) Old regions: 442->329
[363.636s][info][gc,heap        ] GC(510) Humongous regions: 765->760
[363.636s][info][gc,metaspace   ] GC(510) Metaspace: 100508K(101504K)->100508K(101504K) NonClass: 78574K(78976K)->78574K(78976K) Class: 21934K(22528K)->21934K(22528K)
[363.636s][info][gc             ] GC(510) Pause Young (Concurrent Start) (G1 Humongous Allocation) 2455M->2180M(2868M) 4.532ms
[363.636s][info][gc,cpu         ] GC(510) User=0.02s Sys=0.00s Real=0.01s
[363.637s][info][gc             ] GC(511) Concurrent Mark Cycle
[363.637s][info][gc,marking     ] GC(511) Concurrent Scan Root Regions
[363.641s][info][gc,marking     ] GC(511) Concurrent Scan Root Regions 4.726ms
[363.641s][info][gc,marking     ] GC(511) Concurrent Mark
[363.641s][info][gc,marking     ] GC(511) Concurrent Mark From Roots
[363.641s][info][gc,task        ] GC(511) Using 1 workers of 1 for marking
[363.693s][info][gc,marking     ] GC(511) Concurrent Mark From Roots 51.578ms
[363.693s][info][gc,marking     ] GC(511) Concurrent Preclean
[363.693s][info][gc,marking     ] GC(511) Concurrent Preclean 0.101ms
[363.693s][info][gc,start       ] GC(511) Pause Remark
[363.696s][info][gc             ] GC(511) Pause Remark 2374M->1962M(2868M) 3.333ms
[363.696s][info][gc,cpu         ] GC(511) User=0.01s Sys=0.00s Real=0.01s
[363.696s][info][gc,marking     ] GC(511) Concurrent Mark 55.157ms
[363.696s][info][gc,marking     ] GC(511) Concurrent Rebuild Remembered Sets and Scrub Regions
[363.724s][info][gc,marking     ] GC(511) Concurrent Rebuild Remembered Sets and Scrub Regions 27.778ms
[363.724s][info][gc,start       ] GC(511) Pause Cleanup
[363.724s][info][gc             ] GC(511) Pause Cleanup 1974M->1974M(2868M) 0.093ms
[363.724s][info][gc,cpu         ] GC(511) User=0.00s Sys=0.00s Real=0.00s
[363.724s][info][gc,marking     ] GC(511) Concurrent Clear Claimed Marks
[363.725s][info][gc,marking     ] GC(511) Concurrent Clear Claimed Marks 0.119ms
[363.725s][info][gc,marking     ] GC(511) Concurrent Cleanup for Next Mark
[363.726s][info][gc,marking     ] GC(511) Concurrent Cleanup for Next Mark 1.295ms
[363.726s][info][gc             ] GC(511) Concurrent Mark Cycle 89.379ms
[364.677s][info][gc,start       ] GC(512) Pause Young (Prepare Mixed) (G1 Humongous Allocation)
[364.677s][info][gc,task        ] GC(512) Using 4 workers of 4 for evacuation
[364.681s][info][gc,phases      ] GC(512)   Pre Evacuate Collection Set: 0.11ms
[364.681s][info][gc,phases      ] GC(512)   Merge Heap Roots: 0.07ms
[364.681s][info][gc,phases      ] GC(512)   Evacuate Collection Set: 3.25ms
[364.681s][info][gc,phases      ] GC(512)   Post Evacuate Collection Set: 0.84ms
[364.681s][info][gc,phases      ] GC(512)   Other: 0.04ms
[364.681s][info][gc,heap        ] GC(512) Eden regions: 99->0(194)
[364.681s][info][gc,heap        ] GC(512) Survivor regions: 2->22(22)
[364.681s][info][gc,heap        ] GC(512) Old regions: 321->387
[364.681s][info][gc,heap        ] GC(512) Humongous regions: 979->646
[364.681s][info][gc,metaspace   ] GC(512) Metaspace: 100521K(101504K)->100521K(101504K) NonClass: 78586K(78976K)->78586K(78976K) Class: 21934K(22528K)->21934K(22528K)
[364.681s][info][gc             ] GC(512) Pause Young (Prepare Mixed) (G1 Humongous Allocation) (Evacuation Failure: Allocation) 2799M->2109M(2868M) 4.400ms
[364.681s][info][gc,cpu         ] GC(512) User=0.02s Sys=0.00s Real=0.00s
[365.653s][info][gc,start       ] GC(513) Pause Young (Mixed) (G1 Evacuation Pause)
[365.653s][info][gc,task        ] GC(513) Using 4 workers of 4 for evacuation
[365.661s][info][gc,phases      ] GC(513)   Pre Evacuate Collection Set: 0.16ms
[365.661s][info][gc,phases      ] GC(513)   Merge Heap Roots: 0.10ms
[365.661s][info][gc,phases      ] GC(513)   Evacuate Collection Set: 5.13ms
[365.661s][info][gc,phases      ] GC(513)   Post Evacuate Collection Set: 2.92ms
[365.661s][info][gc,phases      ] GC(513)   Other: 0.07ms
[365.661s][info][gc,heap        ] GC(513) Eden regions: 194->0(106)
[365.661s][info][gc,heap        ] GC(513) Survivor regions: 22->27(27)
[365.661s][info][gc,heap        ] GC(513) Old regions: 387->577
[365.661s][info][gc,heap        ] GC(513) Humongous regions: 789->634
[365.661s][info][gc,metaspace   ] GC(513) Metaspace: 100521K(101504K)->100521K(101504K) NonClass: 78586K(78976K)->78586K(78976K) Class: 21934K(22528K)->21934K(22528K)
[365.661s][info][gc             ] GC(513) Pause Young (Mixed) (G1 Evacuation Pause) (Evacuation Failure: Allocation) 2783M->2475M(2868M) 8.481ms
[365.661s][info][gc,cpu         ] GC(513) User=0.03s Sys=0.00s Real=0.01s
[365.697s][info][gc,start       ] GC(514) Pause Young (Concurrent Start) (G1 Humongous Allocation)
[365.697s][info][gc,task        ] GC(514) Using 4 workers of 4 for evacuation
[365.706s][info][gc,phases      ] GC(514)   Pre Evacuate Collection Set: 0.22ms
[365.706s][info][gc,phases      ] GC(514)   Merge Heap Roots: 0.06ms
[365.706s][info][gc,phases      ] GC(514)   Evacuate Collection Set: 8.08ms
[365.706s][info][gc,phases      ] GC(514)   Post Evacuate Collection Set: 0.58ms
[365.706s][info][gc,phases      ] GC(514)   Other: 0.05ms
[365.706s][info][gc,heap        ] GC(514) Eden regions: 38->0(180)
[365.706s][info][gc,heap        ] GC(514) Survivor regions: 27->17(17)
[365.706s][info][gc,heap        ] GC(514) Old regions: 577->429
[365.706s][info][gc,heap        ] GC(514) Humongous regions: 634->634
[365.706s][info][gc,metaspace   ] GC(514) Metaspace: 100521K(101504K)->100521K(101504K) NonClass: 78586K(78976K)->78586K(78976K) Class: 21934K(22528K)->21934K(22528K)
[365.706s][info][gc             ] GC(514) Pause Young (Concurrent Start) (G1 Humongous Allocation) 2551M->2158M(2868M) 9.065ms
[365.706s][info][gc,cpu         ] GC(514) User=0.03s Sys=0.00s Real=0.01s
[365.706s][info][gc             ] GC(515) Concurrent Mark Cycle
[365.706s][info][gc,marking     ] GC(515) Concurrent Scan Root Regions
[365.714s][info][gc,marking     ] GC(515) Concurrent Scan Root Regions 7.126ms
[365.714s][info][gc,marking     ] GC(515) Concurrent Mark
[365.714s][info][gc,marking     ] GC(515) Concurrent Mark From Roots
[365.714s][info][gc,task        ] GC(515) Using 1 workers of 1 for marking
[365.753s][info][gc,marking     ] GC(515) Concurrent Mark From Roots 39.640ms
[365.753s][info][gc,marking     ] GC(515) Concurrent Preclean
[365.753s][info][gc,marking     ] GC(515) Concurrent Preclean 0.105ms
[365.754s][info][gc,start       ] GC(515) Pause Remark
[365.757s][info][gc             ] GC(515) Pause Remark 2262M->1760M(2868M) 3.408ms
[365.757s][info][gc,cpu         ] GC(515) User=0.01s Sys=0.00s Real=0.01s
[365.757s][info][gc,marking     ] GC(515) Concurrent Mark 43.878ms
[365.757s][info][gc,marking     ] GC(515) Concurrent Rebuild Remembered Sets and Scrub Regions
[365.781s][info][gc,marking     ] GC(515) Concurrent Rebuild Remembered Sets and Scrub Regions 23.217ms
[365.781s][info][gc,start       ] GC(515) Pause Cleanup
[365.781s][info][gc             ] GC(515) Pause Cleanup 1809M->1809M(2868M) 0.080ms
[365.781s][info][gc,cpu         ] GC(515) User=0.00s Sys=0.00s Real=0.00s
[365.781s][info][gc,marking     ] GC(515) Concurrent Clear Claimed Marks
[365.781s][info][gc,marking     ] GC(515) Concurrent Clear Claimed Marks 0.118ms
[365.781s][info][gc,marking     ] GC(515) Concurrent Cleanup for Next Mark
[365.783s][info][gc,marking     ] GC(515) Concurrent Cleanup for Next Mark 1.371ms
[365.783s][info][gc             ] GC(515) Concurrent Mark Cycle 76.186ms
[365.877s][info][gc,start       ] GC(516) Pause Young (Prepare Mixed) (G1 Evacuation Pause)
[365.877s][info][gc,task        ] GC(516) Using 4 workers of 4 for evacuation
[365.887s][info][gc,phases      ] GC(516)   Pre Evacuate Collection Set: 0.13ms
[365.887s][info][gc,phases      ] GC(516)   Merge Heap Roots: 0.06ms
[365.887s][info][gc,phases      ] GC(516)   Evacuate Collection Set: 9.02ms
[365.887s][info][gc,phases      ] GC(516)   Post Evacuate Collection Set: 0.40ms
[365.887s][info][gc,phases      ] GC(516)   Other: 0.06ms
[365.887s][info][gc,heap        ] GC(516) Eden regions: 180->0(250)
[365.887s][info][gc,heap        ] GC(516) Survivor regions: 17->25(25)
[365.887s][info][gc,heap        ] GC(516) Old regions: 250->332
[365.887s][info][gc,heap        ] GC(516) Humongous regions: 568->562
[365.887s][info][gc,metaspace   ] GC(516) Metaspace: 100521K(101504K)->100521K(101504K) NonClass: 78586K(78976K)->78586K(78976K) Class: 21934K(22528K)->21934K(22528K)
[365.887s][info][gc             ] GC(516) Pause Young (Prepare Mixed) (G1 Evacuation Pause) 2028M->1836M(2868M) 9.786ms
[365.887s][info][gc,cpu         ] GC(516) User=0.04s Sys=0.00s Real=0.01s
[365.995s][info][gc,start       ] GC(517) Pause Young (Mixed) (G1 Humongous Allocation)
[365.995s][info][gc,task        ] GC(517) Using 4 workers of 4 for evacuation
[366.000s][info][gc,phases      ] GC(517)   Pre Evacuate Collection Set: 0.16ms
[366.000s][info][gc,phases      ] GC(517)   Merge Heap Roots: 0.04ms
[366.000s][info][gc,phases      ] GC(517)   Evacuate Collection Set: 2.89ms
[366.000s][info][gc,phases      ] GC(517)   Post Evacuate Collection Set: 1.94ms
[366.000s][info][gc,phases      ] GC(517)   Other: 0.04ms
[366.000s][info][gc,heap        ] GC(517) Eden regions: 122->0(146)
[366.000s][info][gc,heap        ] GC(517) Survivor regions: 25->17(18)
[366.000s][info][gc,heap        ] GC(517) Old regions: 332->469
[366.000s][info][gc,heap        ] GC(517) Humongous regions: 937->665
[366.000s][info][gc,metaspace   ] GC(517) Metaspace: 100521K(101504K)->100521K(101504K) NonClass: 78586K(78976K)->78586K(78976K) Class: 21934K(22528K)->21934K(22528K)
[366.000s][info][gc             ] GC(517) Pause Young (Mixed) (G1 Humongous Allocation) (Evacuation Failure: Allocation) 2830M->2301M(2868M) 5.172ms
[366.000s][info][gc,cpu         ] GC(517) User=0.02s Sys=0.01s Real=0.01s
[366.001s][info][gc,start       ] GC(518) Pause Young (Concurrent Start) (G1 Humongous Allocation)
[366.001s][info][gc,task        ] GC(518) Using 4 workers of 4 for evacuation
[366.006s][info][gc,phases      ] GC(518)   Pre Evacuate Collection Set: 0.17ms
[366.006s][info][gc,phases      ] GC(518)   Merge Heap Roots: 0.04ms
[366.006s][info][gc,phases      ] GC(518)   Evacuate Collection Set: 4.19ms
[366.006s][info][gc,phases      ] GC(518)   Post Evacuate Collection Set: 0.45ms
[366.006s][info][gc,phases      ] GC(518)   Other: 0.04ms
[366.006s][info][gc,heap        ] GC(518) Eden regions: 3->0(199)
[366.006s][info][gc,heap        ] GC(518) Survivor regions: 17->2(21)
[366.006s][info][gc,heap        ] GC(518) Old regions: 469->400
[366.006s][info][gc,heap        ] GC(518) Humongous regions: 674->674
[366.006s][info][gc,metaspace   ] GC(518) Metaspace: 100521K(101504K)->100521K(101504K) NonClass: 78586K(78976K)->78586K(78976K) Class: 21934K(22528K)->21934K(22528K)
[366.006s][info][gc             ] GC(518) Pause Young (Concurrent Start) (G1 Humongous Allocation) 2323M->2149M(2868M) 4.977ms
[366.006s][info][gc             ] GC(519) Concurrent Mark Cycle
[366.006s][info][gc,marking     ] GC(519) Concurrent Scan Root Regions
[366.006s][info][gc,cpu         ] GC(518) User=0.02s Sys=0.00s Real=0.01s
[366.012s][info][gc,marking     ] GC(519) Concurrent Scan Root Regions 5.791ms
[366.012s][info][gc,marking     ] GC(519) Concurrent Mark
[366.012s][info][gc,marking     ] GC(519) Concurrent Mark From Roots
[366.012s][info][gc,task        ] GC(519) Using 1 workers of 1 for marking
[366.060s][info][gc,marking     ] GC(519) Concurrent Mark From Roots 48.357ms
[366.060s][info][gc,marking     ] GC(519) Concurrent Preclean
[366.060s][info][gc,marking     ] GC(519) Concurrent Preclean 0.118ms
[366.061s][info][gc,start       ] GC(519) Pause Remark
[366.063s][info][gc             ] GC(519) Pause Remark 2468M->2138M(2868M) 2.803ms
[366.063s][info][gc,cpu         ] GC(519) User=0.01s Sys=0.00s Real=0.00s
[366.063s][info][gc,marking     ] GC(519) Concurrent Mark 51.474ms
[366.063s][info][gc,marking     ] GC(519) Concurrent Rebuild Remembered Sets and Scrub Regions
[366.091s][info][gc,marking     ] GC(519) Concurrent Rebuild Remembered Sets and Scrub Regions 27.457ms
[366.091s][info][gc,start       ] GC(519) Pause Cleanup
[366.091s][info][gc             ] GC(519) Pause Cleanup 2223M->2223M(2868M) 0.110ms
[366.091s][info][gc,cpu         ] GC(519) User=0.00s Sys=0.00s Real=0.00s
[366.091s][info][gc,marking     ] GC(519) Concurrent Clear Claimed Marks
[366.091s][info][gc,marking     ] GC(519) Concurrent Clear Claimed Marks 0.110ms
[366.091s][info][gc,marking     ] GC(519) Concurrent Cleanup for Next Mark
[366.092s][info][gc,marking     ] GC(519) Concurrent Cleanup for Next Mark 1.146ms
[366.092s][info][gc             ] GC(519) Concurrent Mark Cycle 86.373ms
[366.135s][info][gc,start       ] GC(520) Pause Young (Prepare Mixed) (G1 Humongous Allocation)
[366.135s][info][gc,task        ] GC(520) Using 4 workers of 4 for evacuation
[366.138s][info][gc,phases      ] GC(520)   Pre Evacuate Collection Set: 0.11ms
[366.138s][info][gc,phases      ] GC(520)   Merge Heap Roots: 0.09ms
[366.138s][info][gc,phases      ] GC(520)   Evacuate Collection Set: 2.51ms
[366.138s][info][gc,phases      ] GC(520)   Post Evacuate Collection Set: 0.52ms
[366.138s][info][gc,phases      ] GC(520)   Other: 0.05ms
[366.138s][info][gc,heap        ] GC(520) Eden regions: 63->0(203)
[366.138s][info][gc,heap        ] GC(520) Survivor regions: 2->26(26)
[366.138s][info][gc,heap        ] GC(520) Old regions: 316->316
[366.138s][info][gc,heap        ] GC(520) Humongous regions: 1011->726
[366.138s][info][gc,metaspace   ] GC(520) Metaspace: 100521K(101504K)->100521K(101504K) NonClass: 78586K(78976K)->78586K(78976K) Class: 21934K(22528K)->21934K(22528K)
[366.138s][info][gc             ] GC(520) Pause Young (Prepare Mixed) (G1 Humongous Allocation) 2781M->2135M(2868M) 3.373ms
[366.138s][info][gc,cpu         ] GC(520) User=0.01s Sys=0.00s Real=0.01s
[366.990s][info][gc,start       ] GC(521) Pause Young (Mixed) (G1 Humongous Allocation)
[366.990s][info][gc,task        ] GC(521) Using 4 workers of 4 for evacuation
[366.995s][info][gc,phases      ] GC(521)   Pre Evacuate Collection Set: 0.13ms
[366.995s][info][gc,phases      ] GC(521)   Merge Heap Roots: 0.05ms
[366.995s][info][gc,phases      ] GC(521)   Evacuate Collection Set: 3.97ms
[366.995s][info][gc,phases      ] GC(521)   Post Evacuate Collection Set: 0.86ms
[366.995s][info][gc,phases      ] GC(521)   Other: 0.05ms
[366.995s][info][gc,heap        ] GC(521) Eden regions: 66->0(180)
[366.995s][info][gc,heap        ] GC(521) Survivor regions: 26->27(29)
[366.995s][info][gc,heap        ] GC(521) Old regions: 316->369
[366.995s][info][gc,heap        ] GC(521) Humongous regions: 979->709
[366.995s][info][gc,metaspace   ] GC(521) Metaspace: 100522K(101504K)->100522K(101504K) NonClass: 78587K(78976K)->78587K(78976K) Class: 21934K(22528K)->21934K(22528K)
[366.995s][info][gc             ] GC(521) Pause Young (Mixed) (G1 Humongous Allocation) (Evacuation Failure: Allocation) 2772M->2208M(2868M) 5.151ms
[366.995s][info][gc,cpu         ] GC(521) User=0.02s Sys=0.00s Real=0.00s
[366.996s][info][gc,start       ] GC(522) Pause Young (Concurrent Start) (G1 Humongous Allocation)
[366.996s][info][gc,task        ] GC(522) Using 4 workers of 4 for evacuation
[366.999s][info][gc,phases      ] GC(522)   Pre Evacuate Collection Set: 0.16ms
[366.999s][info][gc,phases      ] GC(522)   Merge Heap Roots: 0.04ms
[366.999s][info][gc,phases      ] GC(522)   Evacuate Collection Set: 2.32ms
[366.999s][info][gc,phases      ] GC(522)   Post Evacuate Collection Set: 0.34ms
[366.999s][info][gc,phases      ] GC(522)   Other: 0.04ms
[366.999s][info][gc,heap        ] GC(522) Eden regions: 2->0(208)
[366.999s][info][gc,heap        ] GC(522) Survivor regions: 27->2(26)
[366.999s][info][gc,heap        ] GC(522) Old regions: 369->364
[366.999s][info][gc,heap        ] GC(522) Humongous regions: 712->712
[366.999s][info][gc,metaspace   ] GC(522) Metaspace: 100522K(101504K)->100522K(101504K) NonClass: 78587K(78976K)->78587K(78976K) Class: 21934K(22528K)->21934K(22528K)
[366.999s][info][gc             ] GC(522) Pause Young (Concurrent Start) (G1 Humongous Allocation) 2217M->2154M(2868M) 2.975ms
[366.999s][info][gc             ] GC(523) Concurrent Mark Cycle
[366.999s][info][gc,marking     ] GC(523) Concurrent Scan Root Regions
[366.999s][info][gc,cpu         ] GC(522) User=0.01s Sys=0.00s Real=0.00s
[367.002s][info][gc,marking     ] GC(523) Concurrent Scan Root Regions 3.149ms
[367.002s][info][gc,marking     ] GC(523) Concurrent Mark
[367.002s][info][gc,marking     ] GC(523) Concurrent Mark From Roots
[367.002s][info][gc,task        ] GC(523) Using 1 workers of 1 for marking
[367.041s][info][gc,marking     ] GC(523) Concurrent Mark From Roots 38.405ms
[367.041s][info][gc,marking     ] GC(523) Concurrent Preclean
[367.041s][info][gc,marking     ] GC(523) Concurrent Preclean 0.093ms
[367.041s][info][gc,start       ] GC(523) Pause Remark
[367.043s][info][gc             ] GC(523) Pause Remark 2173M->1567M(2868M) 2.331ms
[367.043s][info][gc,cpu         ] GC(523) User=0.00s Sys=0.00s Real=0.00s
[367.043s][info][gc,marking     ] GC(523) Concurrent Mark 40.981ms
[367.043s][info][gc,marking     ] GC(523) Concurrent Rebuild Remembered Sets and Scrub Regions
[367.064s][info][gc,marking     ] GC(523) Concurrent Rebuild Remembered Sets and Scrub Regions 20.999ms
[367.065s][info][gc,start       ] GC(523) Pause Cleanup
[367.065s][info][gc             ] GC(523) Pause Cleanup 1608M->1608M(2868M) 0.093ms
[367.065s][info][gc,cpu         ] GC(523) User=0.00s Sys=0.00s Real=0.00s
[367.065s][info][gc,marking     ] GC(523) Concurrent Clear Claimed Marks
[367.065s][info][gc,marking     ] GC(523) Concurrent Clear Claimed Marks 0.114ms
[367.065s][info][gc,marking     ] GC(523) Concurrent Cleanup for Next Mark
[367.067s][info][gc,marking     ] GC(523) Concurrent Cleanup for Next Mark 2.096ms
[367.067s][info][gc             ] GC(523) Concurrent Mark Cycle 68.375ms
[368.051s][info][gc,start       ] GC(524) Pause Young (Prepare Mixed) (G1 Evacuation Pause)
[368.051s][info][gc,task        ] GC(524) Using 4 workers of 4 for evacuation
[368.060s][info][gc,phases      ] GC(524)   Pre Evacuate Collection Set: 0.18ms
[368.060s][info][gc,phases      ] GC(524)   Merge Heap Roots: 0.08ms
[368.060s][info][gc,phases      ] GC(524)   Evacuate Collection Set: 8.69ms
[368.060s][info][gc,phases      ] GC(524)   Post Evacuate Collection Set: 0.56ms
[368.060s][info][gc,phases      ] GC(524)   Other: 0.05ms
[368.060s][info][gc,heap        ] GC(524) Eden regions: 208->0(278)
[368.060s][info][gc,heap        ] GC(524) Survivor regions: 2->27(27)
[368.060s][info][gc,heap        ] GC(524) Old regions: 208->283
[368.060s][info][gc,heap        ] GC(524) Humongous regions: 794->610
[368.060s][info][gc,metaspace   ] GC(524) Metaspace: 100522K(101504K)->100522K(101504K) NonClass: 78587K(78976K)->78587K(78976K) Class: 21934K(22528K)->21934K(22528K)
[368.060s][info][gc             ] GC(524) Pause Young (Prepare Mixed) (G1 Evacuation Pause) 2422M->1838M(2868M) 9.675ms
[368.060s][info][gc,cpu         ] GC(524) User=0.03s Sys=0.00s Real=0.01s
[368.308s][info][gc,start       ] GC(525) Pause Young (Mixed) (G1 Evacuation Pause)
[368.308s][info][gc,task        ] GC(525) Using 4 workers of 4 for evacuation
[368.322s][info][gc,phases      ] GC(525)   Pre Evacuate Collection Set: 0.12ms
[368.322s][info][gc,phases      ] GC(525)   Merge Heap Roots: 0.06ms
[368.322s][info][gc,phases      ] GC(525)   Evacuate Collection Set: 13.23ms
[368.322s][info][gc,phases      ] GC(525)   Post Evacuate Collection Set: 0.65ms
[368.322s][info][gc,phases      ] GC(525)   Other: 0.09ms
[368.322s][info][gc,heap        ] GC(525) Eden regions: 278->0(216)
[368.322s][info][gc,heap        ] GC(525) Survivor regions: 27->39(39)
[368.322s][info][gc,heap        ] GC(525) Old regions: 283->392
[368.322s][info][gc,heap        ] GC(525) Humongous regions: 622->571
[368.322s][info][gc,metaspace   ] GC(525) Metaspace: 100522K(101504K)->100522K(101504K) NonClass: 78587K(78976K)->78587K(78976K) Class: 21934K(22528K)->21934K(22528K)
[368.322s][info][gc             ] GC(525) Pause Young (Mixed) (G1 Evacuation Pause) 2418M->2003M(2868M) 14.257ms
[368.322s][info][gc,cpu         ] GC(525) User=0.05s Sys=0.00s Real=0.01s
[368.351s][info][gc,start       ] GC(526) Pause Young (Concurrent Start) (G1 Humongous Allocation)
[368.351s][info][gc,task        ] GC(526) Using 4 workers of 4 for evacuation
[368.357s][info][gc,phases      ] GC(526)   Pre Evacuate Collection Set: 0.36ms
[368.357s][info][gc,phases      ] GC(526)   Merge Heap Roots: 0.05ms
[368.357s][info][gc,phases      ] GC(526)   Evacuate Collection Set: 4.61ms
[368.357s][info][gc,phases      ] GC(526)   Post Evacuate Collection Set: 0.41ms
[368.357s][info][gc,phases      ] GC(526)   Other: 0.05ms
[368.357s][info][gc,heap        ] GC(526) Eden regions: 48->0(196)
[368.357s][info][gc,heap        ] GC(526) Survivor regions: 39->25(32)
[368.357s][info][gc,heap        ] GC(526) Old regions: 392->432
[368.357s][info][gc,heap        ] GC(526) Humongous regions: 571->571
[368.357s][info][gc,metaspace   ] GC(526) Metaspace: 100522K(101504K)->100522K(101504K) NonClass: 78587K(78976K)->78587K(78976K) Class: 21934K(22528K)->21934K(22528K)
[368.357s][info][gc             ] GC(526) Pause Young (Concurrent Start) (G1 Humongous Allocation) 2099M->2055M(2868M) 5.571ms
[368.357s][info][gc,cpu         ] GC(526) User=0.02s Sys=0.00s Real=0.01s
[368.357s][info][gc             ] GC(527) Concurrent Mark Cycle
[368.357s][info][gc,marking     ] GC(527) Concurrent Scan Root Regions
[368.364s][info][gc,marking     ] GC(527) Concurrent Scan Root Regions 7.860ms
[368.365s][info][gc,marking     ] GC(527) Concurrent Mark
[368.365s][info][gc,marking     ] GC(527) Concurrent Mark From Roots
[368.365s][info][gc,task        ] GC(527) Using 1 workers of 1 for marking
[368.386s][info][gc,start       ] GC(528) Pause Young (Normal) (G1 Humongous Allocation)
[368.386s][info][gc,task        ] GC(528) Using 4 workers of 4 for evacuation
[368.388s][info][gc,phases      ] GC(528)   Pre Evacuate Collection Set: 0.13ms
[368.388s][info][gc,phases      ] GC(528)   Merge Heap Roots: 0.04ms
[368.388s][info][gc,phases      ] GC(528)   Evacuate Collection Set: 1.09ms
[368.388s][info][gc,phases      ] GC(528)   Post Evacuate Collection Set: 0.77ms
[368.388s][info][gc,phases      ] GC(528)   Other: 0.04ms
[368.388s][info][gc,heap        ] GC(528) Eden regions: 21->0(116)
[368.388s][info][gc,heap        ] GC(528) Survivor regions: 25->2(5)
[368.388s][info][gc,heap        ] GC(528) Old regions: 432->480
[368.388s][info][gc,heap        ] GC(528) Humongous regions: 951->715
[368.388s][info][gc,metaspace   ] GC(528) Metaspace: 100522K(101504K)->100522K(101504K) NonClass: 78587K(78976K)->78587K(78976K) Class: 21934K(22528K)->21934K(22528K)
[368.388s][info][gc             ] GC(528) Pause Young (Normal) (G1 Humongous Allocation) (Evacuation Failure: Allocation) 2857M->2393M(2868M) 2.152ms
[368.388s][info][gc,cpu         ] GC(528) User=0.01s Sys=0.00s Real=0.00s
[368.425s][info][gc,marking     ] GC(527) Concurrent Mark From Roots 60.164ms
[368.425s][info][gc,marking     ] GC(527) Concurrent Preclean
[368.425s][info][gc,marking     ] GC(527) Concurrent Preclean 0.101ms
[368.425s][info][gc,start       ] GC(527) Pause Remark
[368.427s][info][gc             ] GC(527) Pause Remark 2674M->2350M(2868M) 2.564ms
[368.427s][info][gc,cpu         ] GC(527) User=0.01s Sys=0.01s Real=0.01s
[368.427s][info][gc,marking     ] GC(527) Concurrent Mark 62.954ms
[368.427s][info][gc,marking     ] GC(527) Concurrent Rebuild Remembered Sets and Scrub Regions
[368.455s][info][gc,marking     ] GC(527) Concurrent Rebuild Remembered Sets and Scrub Regions 27.922ms
[368.455s][info][gc,start       ] GC(527) Pause Cleanup
[368.456s][info][gc             ] GC(527) Pause Cleanup 2443M->2443M(2868M) 0.114ms
[368.456s][info][gc,cpu         ] GC(527) User=0.00s Sys=0.00s Real=0.00s
[368.456s][info][gc,marking     ] GC(527) Concurrent Clear Claimed Marks
[368.456s][info][gc,marking     ] GC(527) Concurrent Clear Claimed Marks 0.161ms
[368.456s][info][gc,marking     ] GC(527) Concurrent Cleanup for Next Mark
[368.457s][info][gc,marking     ] GC(527) Concurrent Cleanup for Next Mark 1.258ms
[368.457s][info][gc             ] GC(527) Concurrent Mark Cycle 100.509ms
[368.515s][info][gc,start       ] GC(529) Pause Young (Prepare Mixed) (G1 Humongous Allocation)
[368.515s][info][gc,task        ] GC(529) Using 4 workers of 4 for evacuation
[368.519s][info][gc,phases      ] GC(529)   Pre Evacuate Collection Set: 0.14ms
[368.519s][info][gc,phases      ] GC(529)   Merge Heap Roots: 0.08ms
[368.519s][info][gc,phases      ] GC(529)   Evacuate Collection Set: 3.45ms
[368.519s][info][gc,phases      ] GC(529)   Post Evacuate Collection Set: 0.58ms
[368.519s][info][gc,phases      ] GC(529)   Other: 0.05ms
[368.519s][info][gc,heap        ] GC(529) Eden regions: 66->0(154)
[368.519s][info][gc,heap        ] GC(529) Survivor regions: 2->15(15)
[368.519s][info][gc,heap        ] GC(529) Old regions: 327->323
[368.519s][info][gc,heap        ] GC(529) Humongous regions: 932->776
[368.519s][info][gc,metaspace   ] GC(529) Metaspace: 100522K(101504K)->100522K(101504K) NonClass: 78587K(78976K)->78587K(78976K) Class: 21934K(22528K)->21934K(22528K)
[368.519s][info][gc             ] GC(529) Pause Young (Prepare Mixed) (G1 Humongous Allocation) 2653M->2227M(2868M) 4.382ms
[368.519s][info][gc,cpu         ] GC(529) User=0.02s Sys=0.00s Real=0.01s
[368.656s][info][gc,start       ] GC(530) Pause Young (Mixed) (G1 Humongous Allocation)
[368.656s][info][gc,task        ] GC(530) Using 4 workers of 4 for evacuation
[368.661s][info][gc,phases      ] GC(530)   Pre Evacuate Collection Set: 0.39ms
[368.662s][info][gc,phases      ] GC(530)   Merge Heap Roots: 0.12ms
[368.662s][info][gc,phases      ] GC(530)   Evacuate Collection Set: 3.84ms
[368.662s][info][gc,phases      ] GC(530)   Post Evacuate Collection Set: 0.65ms
[368.662s][info][gc,phases      ] GC(530)   Other: 0.10ms
[368.662s][info][gc,heap        ] GC(530) Eden regions: 32->0(164)
[368.662s][info][gc,heap        ] GC(530) Survivor regions: 15->14(22)
[368.662s][info][gc,heap        ] GC(530) Old regions: 323->330
[368.662s][info][gc,heap        ] GC(530) Humongous regions: 973->747
[368.662s][info][gc,metaspace   ] GC(530) Metaspace: 100522K(101504K)->100522K(101504K) NonClass: 78587K(78976K)->78587K(78976K) Class: 21934K(22528K)->21934K(22528K)
[368.662s][info][gc             ] GC(530) Pause Young (Mixed) (G1 Humongous Allocation) 2685M->2181M(2868M) 5.274ms
[368.662s][info][gc,cpu         ] GC(530) User=0.01s Sys=0.01s Real=0.00s
[368.663s][info][gc,start       ] GC(531) Pause Young (Concurrent Start) (G1 Humongous Allocation)
[368.663s][info][gc,task        ] GC(531) Using 4 workers of 4 for evacuation
[368.665s][info][gc,phases      ] GC(531)   Pre Evacuate Collection Set: 0.15ms
[368.665s][info][gc,phases      ] GC(531)   Merge Heap Roots: 0.03ms
[368.665s][info][gc,phases      ] GC(531)   Evacuate Collection Set: 1.03ms
[368.665s][info][gc,phases      ] GC(531)   Post Evacuate Collection Set: 0.26ms
[368.665s][info][gc,phases      ] GC(531)   Other: 0.03ms
[368.665s][info][gc,heap        ] GC(531) Eden regions: 2->0(174)
[368.665s][info][gc,heap        ] GC(531) Survivor regions: 14->2(23)
[368.665s][info][gc,heap        ] GC(531) Old regions: 330->344
[368.665s][info][gc,heap        ] GC(531) Humongous regions: 756->751
[368.665s][info][gc,metaspace   ] GC(531) Metaspace: 100522K(101504K)->100522K(101504K) NonClass: 78587K(78976K)->78587K(78976K) Class: 21934K(22528K)->21934K(22528K)
[368.665s][info][gc             ] GC(531) Pause Young (Concurrent Start) (G1 Humongous Allocation) 2203M->2193M(2868M) 1.567ms
[368.665s][info][gc,cpu         ] GC(531) User=0.00s Sys=0.00s Real=0.00s
[368.665s][info][gc             ] GC(532) Concurrent Mark Cycle
[368.665s][info][gc,marking     ] GC(532) Concurrent Scan Root Regions
[368.666s][info][gc,marking     ] GC(532) Concurrent Scan Root Regions 1.485ms
[368.666s][info][gc,marking     ] GC(532) Concurrent Mark
[368.666s][info][gc,marking     ] GC(532) Concurrent Mark From Roots
[368.666s][info][gc,task        ] GC(532) Using 1 workers of 1 for marking
[368.704s][info][gc,marking     ] GC(532) Concurrent Mark From Roots 37.338ms
[368.704s][info][gc,marking     ] GC(532) Concurrent Preclean
[368.704s][info][gc,marking     ] GC(532) Concurrent Preclean 0.081ms
[368.704s][info][gc,start       ] GC(532) Pause Remark
[368.706s][info][gc             ] GC(532) Pause Remark 2207M->1507M(2868M) 1.993ms
[368.706s][info][gc,cpu         ] GC(532) User=0.01s Sys=0.00s Real=0.00s
[368.706s][info][gc,marking     ] GC(532) Concurrent Mark 39.523ms
[368.706s][info][gc,marking     ] GC(532) Concurrent Rebuild Remembered Sets and Scrub Regions
[368.724s][info][gc,marking     ] GC(532) Concurrent Rebuild Remembered Sets and Scrub Regions 18.739ms
[368.725s][info][gc,start       ] GC(532) Pause Cleanup
[368.725s][info][gc             ] GC(532) Pause Cleanup 1509M->1509M(2868M) 0.086ms
[368.725s][info][gc,cpu         ] GC(532) User=0.00s Sys=0.00s Real=0.00s
[368.725s][info][gc,marking     ] GC(532) Concurrent Clear Claimed Marks
[368.725s][info][gc,marking     ] GC(532) Concurrent Clear Claimed Marks 0.121ms
[368.725s][info][gc,marking     ] GC(532) Concurrent Cleanup for Next Mark
[368.726s][info][gc,marking     ] GC(532) Concurrent Cleanup for Next Mark 1.309ms
[368.726s][info][gc             ] GC(532) Concurrent Mark Cycle 61.410ms
[370.338s][info][gc,start       ] GC(533) Pause Young (Prepare Mixed) (G1 Evacuation Pause)
[370.338s][info][gc,task        ] GC(533) Using 4 workers of 4 for evacuation
[370.344s][info][gc,phases      ] GC(533)   Pre Evacuate Collection Set: 0.17ms
[370.344s][info][gc,phases      ] GC(533)   Merge Heap Roots: 0.13ms
[370.344s][info][gc,phases      ] GC(533)   Evacuate Collection Set: 5.01ms
[370.344s][info][gc,phases      ] GC(533)   Post Evacuate Collection Set: 0.50ms
[370.344s][info][gc,phases      ] GC(533)   Other: 0.05ms
[370.344s][info][gc,heap        ] GC(533) Eden regions: 174->0(291)
[370.344s][info][gc,heap        ] GC(533) Survivor regions: 2->22(22)
[370.344s][info][gc,heap        ] GC(533) Old regions: 183->220
[370.344s][info][gc,heap        ] GC(533) Humongous regions: 1012->643
[370.344s][info][gc,metaspace   ] GC(533) Metaspace: 100537K(101504K)->100537K(101504K) NonClass: 78603K(78976K)->78603K(78976K) Class: 21934K(22528K)->21934K(22528K)
[370.344s][info][gc             ] GC(533) Pause Young (Prepare Mixed) (G1 Evacuation Pause) 2741M->1769M(2868M) 5.950ms
[370.344s][info][gc,cpu         ] GC(533) User=0.02s Sys=0.00s Real=0.00s
[370.667s][info][gc,start       ] GC(534) Pause Young (Mixed) (G1 Evacuation Pause)
[370.667s][info][gc,task        ] GC(534) Using 4 workers of 4 for evacuation
[370.681s][info][gc,phases      ] GC(534)   Pre Evacuate Collection Set: 0.16ms
[370.681s][info][gc,phases      ] GC(534)   Merge Heap Roots: 0.06ms
[370.681s][info][gc,phases      ] GC(534)   Evacuate Collection Set: 13.78ms
[370.681s][info][gc,phases      ] GC(534)   Post Evacuate Collection Set: 0.52ms
[370.681s][info][gc,phases      ] GC(534)   Other: 0.06ms
[370.681s][info][gc,heap        ] GC(534) Eden regions: 291->0(236)
[370.681s][info][gc,heap        ] GC(534) Survivor regions: 22->40(40)
[370.681s][info][gc,heap        ] GC(534) Old regions: 220->330
[370.681s][info][gc,heap        ] GC(534) Humongous regions: 655->589
[370.681s][info][gc,metaspace   ] GC(534) Metaspace: 100537K(101504K)->100537K(101504K) NonClass: 78603K(78976K)->78603K(78976K) Class: 21934K(22528K)->21934K(22528K)
[370.681s][info][gc             ] GC(534) Pause Young (Mixed) (G1 Evacuation Pause) 2375M->1917M(2868M) 14.670ms
[370.681s][info][gc,cpu         ] GC(534) User=0.06s Sys=0.00s Real=0.01s
[370.712s][info][gc,start       ] GC(535) Pause Young (Concurrent Start) (G1 Humongous Allocation)
[370.712s][info][gc,task        ] GC(535) Using 4 workers of 4 for evacuation
[370.718s][info][gc,phases      ] GC(535)   Pre Evacuate Collection Set: 0.22ms
[370.718s][info][gc,phases      ] GC(535)   Merge Heap Roots: 0.05ms
[370.718s][info][gc,phases      ] GC(535)   Evacuate Collection Set: 4.82ms
[370.718s][info][gc,phases      ] GC(535)   Post Evacuate Collection Set: 0.66ms
[370.718s][info][gc,phases      ] GC(535)   Other: 0.05ms
[370.718s][info][gc,heap        ] GC(535) Eden regions: 54->0(216)
[370.718s][info][gc,heap        ] GC(535) Survivor regions: 40->27(35)
[370.718s][info][gc,heap        ] GC(535) Old regions: 330->371
[370.718s][info][gc,heap        ] GC(535) Humongous regions: 589->589
[370.718s][info][gc,metaspace   ] GC(535) Metaspace: 100537K(101504K)->100537K(101504K) NonClass: 78603K(78976K)->78603K(78976K) Class: 21934K(22528K)->21934K(22528K)
[370.718s][info][gc             ] GC(535) Pause Young (Concurrent Start) (G1 Humongous Allocation) 2024M->1972M(2868M) 5.911ms
[370.718s][info][gc,cpu         ] GC(535) User=0.02s Sys=0.00s Real=0.01s
[370.718s][info][gc             ] GC(536) Concurrent Mark Cycle
[370.718s][info][gc,marking     ] GC(536) Concurrent Scan Root Regions
[370.723s][info][gc,marking     ] GC(536) Concurrent Scan Root Regions 4.785ms
[370.723s][info][gc,marking     ] GC(536) Concurrent Mark
[370.723s][info][gc,marking     ] GC(536) Concurrent Mark From Roots
[370.723s][info][gc,task        ] GC(536) Using 1 workers of 1 for marking
[370.774s][info][gc,start       ] GC(537) Pause Young (Normal) (G1 Humongous Allocation)
[370.774s][info][gc,task        ] GC(537) Using 4 workers of 4 for evacuation
[370.777s][info][gc,phases      ] GC(537)   Pre Evacuate Collection Set: 0.11ms
[370.777s][info][gc,phases      ] GC(537)   Merge Heap Roots: 0.05ms
[370.777s][info][gc,phases      ] GC(537)   Evacuate Collection Set: 1.73ms
[370.777s][info][gc,phases      ] GC(537)   Post Evacuate Collection Set: 0.98ms
[370.777s][info][gc,phases      ] GC(537)   Other: 0.04ms
[370.777s][info][gc,heap        ] GC(537) Eden regions: 56->0(117)
[370.777s][info][gc,heap        ] GC(537) Survivor regions: 27->5(9)
[370.777s][info][gc,heap        ] GC(537) Old regions: 371->457
[370.777s][info][gc,heap        ] GC(537) Humongous regions: 971->737
[370.777s][info][gc,metaspace   ] GC(537) Metaspace: 100537K(101504K)->100537K(101504K) NonClass: 78603K(78976K)->78603K(78976K) Class: 21934K(22528K)->21934K(22528K)
[370.777s][info][gc             ] GC(537) Pause Young (Normal) (G1 Humongous Allocation) (Evacuation Failure: Allocation) 2848M->2397M(2868M) 3.005ms
[370.777s][info][gc,cpu         ] GC(537) User=0.00s Sys=0.00s Real=0.01s
[370.781s][info][gc,marking     ] GC(536) Concurrent Mark From Roots 57.997ms
[370.781s][info][gc,marking     ] GC(536) Concurrent Preclean
[370.781s][info][gc,marking     ] GC(536) Concurrent Preclean 0.178ms
[370.782s][info][gc,start       ] GC(536) Pause Remark
[370.785s][info][gc             ] GC(536) Pause Remark 2423M->2111M(2868M) 3.136ms
[370.787s][info][gc,cpu         ] GC(536) User=0.01s Sys=0.00s Real=0.01s
[370.787s][info][gc,marking     ] GC(536) Concurrent Mark 63.957ms
[370.787s][info][gc,marking     ] GC(536) Concurrent Rebuild Remembered Sets and Scrub Regions
[370.818s][info][gc,marking     ] GC(536) Concurrent Rebuild Remembered Sets and Scrub Regions 31.490ms
[370.819s][info][gc,start       ] GC(536) Pause Cleanup
[370.819s][info][gc             ] GC(536) Pause Cleanup 2412M->2412M(2868M) 0.098ms
[370.819s][info][gc,cpu         ] GC(536) User=0.00s Sys=0.00s Real=0.00s
[370.819s][info][gc,marking     ] GC(536) Concurrent Clear Claimed Marks
[370.819s][info][gc,marking     ] GC(536) Concurrent Clear Claimed Marks 0.110ms
[370.819s][info][gc,marking     ] GC(536) Concurrent Cleanup for Next Mark
[370.820s][info][gc,marking     ] GC(536) Concurrent Cleanup for Next Mark 1.153ms
[370.820s][info][gc             ] GC(536) Concurrent Mark Cycle 101.761ms
[370.920s][info][gc,start       ] GC(538) Pause Young (Prepare Mixed) (G1 Humongous Allocation)
[370.920s][info][gc,task        ] GC(538) Using 4 workers of 4 for evacuation
[370.926s][info][gc,phases      ] GC(538)   Pre Evacuate Collection Set: 0.21ms
[370.926s][info][gc,phases      ] GC(538)   Merge Heap Roots: 0.09ms
[370.926s][info][gc,phases      ] GC(538)   Evacuate Collection Set: 5.27ms
[370.926s][info][gc,phases      ] GC(538)   Post Evacuate Collection Set: 0.54ms
[370.926s][info][gc,phases      ] GC(538)   Other: 0.08ms
[370.926s][info][gc,heap        ] GC(538) Eden regions: 77->0(175)
[370.926s][info][gc,heap        ] GC(538) Survivor regions: 5->16(16)
[370.926s][info][gc,heap        ] GC(538) Old regions: 328->309
[370.926s][info][gc,heap        ] GC(538) Humongous regions: 940->762
[370.926s][info][gc,metaspace   ] GC(538) Metaspace: 100537K(101504K)->100537K(101504K) NonClass: 78603K(78976K)->78603K(78976K) Class: 21934K(22528K)->21934K(22528K)
[370.926s][info][gc             ] GC(538) Pause Young (Prepare Mixed) (G1 Humongous Allocation) 2699M->2173M(2868M) 6.271ms
[370.926s][info][gc,cpu         ] GC(538) User=0.02s Sys=0.01s Real=0.01s
[371.230s][info][gc,start       ] GC(539) Pause Young (Mixed) (G1 Humongous Allocation)
[371.230s][info][gc,task        ] GC(539) Using 4 workers of 4 for evacuation
[371.233s][info][gc,phases      ] GC(539)   Pre Evacuate Collection Set: 0.13ms
[371.233s][info][gc,phases      ] GC(539)   Merge Heap Roots: 0.05ms
[371.233s][info][gc,phases      ] GC(539)   Evacuate Collection Set: 2.65ms
[371.233s][info][gc,phases      ] GC(539)   Post Evacuate Collection Set: 0.79ms
[371.233s][info][gc,phases      ] GC(539)   Other: 0.05ms
[371.233s][info][gc,heap        ] GC(539) Eden regions: 51->0(154)
[371.233s][info][gc,heap        ] GC(539) Survivor regions: 16->19(24)
[371.233s][info][gc,heap        ] GC(539) Old regions: 309->354
[371.233s][info][gc,heap        ] GC(539) Humongous regions: 1026->755
[371.233s][info][gc,metaspace   ] GC(539) Metaspace: 100537K(101504K)->100537K(101504K) NonClass: 78603K(78976K)->78603K(78976K) Class: 21934K(22528K)->21934K(22528K)
[371.233s][info][gc             ] GC(539) Pause Young (Mixed) (G1 Humongous Allocation) (Evacuation Failure: Allocation) 2802M->2255M(2868M) 3.768ms
[371.233s][info][gc,cpu         ] GC(539) User=0.01s Sys=0.00s Real=0.00s
[371.235s][info][gc,start       ] GC(540) Pause Young (Concurrent Start) (G1 Humongous Allocation)
[371.235s][info][gc,task        ] GC(540) Using 4 workers of 4 for evacuation
[371.237s][info][gc,phases      ] GC(540)   Pre Evacuate Collection Set: 0.23ms
[371.239s][info][gc,phases      ] GC(540)   Merge Heap Roots: 0.05ms
[371.239s][info][gc,phases      ] GC(540)   Evacuate Collection Set: 1.62ms
[371.239s][info][gc,phases      ] GC(540)   Post Evacuate Collection Set: 0.36ms
[371.239s][info][gc,phases      ] GC(540)   Other: 0.04ms
[371.239s][info][gc,heap        ] GC(540) Eden regions: 2->0(182)
[371.239s][info][gc,heap        ] GC(540) Survivor regions: 19->2(22)
[371.239s][info][gc,heap        ] GC(540) Old regions: 354->340
[371.239s][info][gc,heap        ] GC(540) Humongous regions: 763->759
[371.239s][info][gc,metaspace   ] GC(540) Metaspace: 100537K(101504K)->100537K(101504K) NonClass: 78603K(78976K)->78603K(78976K) Class: 21934K(22528K)->21934K(22528K)
[371.239s][info][gc             ] GC(540) Pause Young (Concurrent Start) (G1 Humongous Allocation) 2274M->2200M(2868M) 4.708ms
[371.239s][info][gc,cpu         ] GC(540) User=0.00s Sys=0.00s Real=0.01s
[371.239s][info][gc             ] GC(541) Concurrent Mark Cycle
[371.239s][info][gc,marking     ] GC(541) Concurrent Scan Root Regions
[371.242s][info][gc,marking     ] GC(541) Concurrent Scan Root Regions 2.484ms
[371.242s][info][gc,marking     ] GC(541) Concurrent Mark
[371.242s][info][gc,marking     ] GC(541) Concurrent Mark From Roots
[371.242s][info][gc,task        ] GC(541) Using 1 workers of 1 for marking
[371.284s][info][gc,marking     ] GC(541) Concurrent Mark From Roots 42.023ms
[371.285s][info][gc,marking     ] GC(541) Concurrent Preclean
[371.285s][info][gc,marking     ] GC(541) Concurrent Preclean 0.120ms
[371.285s][info][gc,start       ] GC(541) Pause Remark
[371.287s][info][gc             ] GC(541) Pause Remark 2375M->1823M(2868M) 2.329ms
[371.287s][info][gc,cpu         ] GC(541) User=0.00s Sys=0.00s Real=0.01s
[371.287s][info][gc,marking     ] GC(541) Concurrent Mark 45.476ms
[371.287s][info][gc,marking     ] GC(541) Concurrent Rebuild Remembered Sets and Scrub Regions
[371.308s][info][gc,marking     ] GC(541) Concurrent Rebuild Remembered Sets and Scrub Regions 20.631ms
[371.308s][info][gc,start       ] GC(541) Pause Cleanup
[371.308s][info][gc             ] GC(541) Pause Cleanup 1825M->1825M(2868M) 0.067ms
[371.308s][info][gc,cpu         ] GC(541) User=0.00s Sys=0.00s Real=0.00s
[371.308s][info][gc,marking     ] GC(541) Concurrent Clear Claimed Marks
[371.308s][info][gc,marking     ] GC(541) Concurrent Clear Claimed Marks 0.105ms
[371.308s][info][gc,marking     ] GC(541) Concurrent Cleanup for Next Mark
[371.309s][info][gc,marking     ] GC(541) Concurrent Cleanup for Next Mark 1.050ms
[371.309s][info][gc             ] GC(541) Concurrent Mark Cycle 69.950ms
[372.684s][info][gc,start       ] GC(542) Pause Young (Prepare Mixed) (G1 Humongous Allocation)
[372.684s][info][gc,task        ] GC(542) Using 4 workers of 4 for evacuation
[372.690s][info][gc,phases      ] GC(542)   Pre Evacuate Collection Set: 0.14ms
[372.690s][info][gc,phases      ] GC(542)   Merge Heap Roots: 0.09ms
[372.690s][info][gc,phases      ] GC(542)   Evacuate Collection Set: 4.54ms
[372.690s][info][gc,phases      ] GC(542)   Post Evacuate Collection Set: 0.68ms
[372.690s][info][gc,phases      ] GC(542)   Other: 0.05ms
[372.690s][info][gc,heap        ] GC(542) Eden regions: 138->0(257)
[372.690s][info][gc,heap        ] GC(542) Survivor regions: 2->23(23)
[372.690s][info][gc,heap        ] GC(542) Old regions: 253->280
[372.690s][info][gc,heap        ] GC(542) Humongous regions: 970->643
[372.690s][info][gc,metaspace   ] GC(542) Metaspace: 100540K(101504K)->100540K(101504K) NonClass: 78606K(78976K)->78606K(78976K) Class: 21934K(22528K)->21934K(22528K)
[372.690s][info][gc             ] GC(542) Pause Young (Prepare Mixed) (G1 Humongous Allocation) 2723M->1890M(2868M) 5.601ms
[372.690s][info][gc,cpu         ] GC(542) User=0.02s Sys=0.00s Real=0.01s
[373.049s][info][gc,start       ] GC(543) Pause Young (Mixed) (G1 Evacuation Pause)
[373.049s][info][gc,task        ] GC(543) Using 4 workers of 4 for evacuation
[373.063s][info][gc,phases      ] GC(543)   Pre Evacuate Collection Set: 0.12ms
[373.063s][info][gc,phases      ] GC(543)   Merge Heap Roots: 0.05ms
[373.063s][info][gc,phases      ] GC(543)   Evacuate Collection Set: 12.50ms
[373.063s][info][gc,phases      ] GC(543)   Post Evacuate Collection Set: 0.48ms
[373.063s][info][gc,phases      ] GC(543)   Other: 0.05ms
[373.063s][info][gc,heap        ] GC(543) Eden regions: 257->0(205)
[373.063s][info][gc,heap        ] GC(543) Survivor regions: 23->35(35)
[373.063s][info][gc,heap        ] GC(543) Old regions: 280->375
[373.063s][info][gc,heap        ] GC(543) Humongous regions: 678->614
[373.063s][info][gc,metaspace   ] GC(543) Metaspace: 100540K(101504K)->100540K(101504K) NonClass: 78606K(78976K)->78606K(78976K) Class: 21934K(22528K)->21934K(22528K)
[373.063s][info][gc             ] GC(543) Pause Young (Mixed) (G1 Evacuation Pause) 2474M->2046M(2868M) 13.295ms
[373.063s][info][gc,cpu         ] GC(543) User=0.05s Sys=0.00s Real=0.01s
[373.146s][info][gc,start       ] GC(544) Pause Young (Concurrent Start) (G1 Humongous Allocation)
[373.146s][info][gc,task        ] GC(544) Using 4 workers of 4 for evacuation
[373.154s][info][gc,phases      ] GC(544)   Pre Evacuate Collection Set: 0.15ms
[373.154s][info][gc,phases      ] GC(544)   Merge Heap Roots: 0.04ms
[373.154s][info][gc,phases      ] GC(544)   Evacuate Collection Set: 7.80ms
[373.154s][info][gc,phases      ] GC(544)   Post Evacuate Collection Set: 0.41ms
[373.154s][info][gc,phases      ] GC(544)   Other: 0.05ms
[373.154s][info][gc,heap        ] GC(544) Eden regions: 122->0(169)
[373.154s][info][gc,heap        ] GC(544) Survivor regions: 35->30(30)
[373.154s][info][gc,heap        ] GC(544) Old regions: 375->441
[373.154s][info][gc,heap        ] GC(544) Humongous regions: 614->614
[373.154s][info][gc,metaspace   ] GC(544) Metaspace: 100540K(101504K)->100540K(101504K) NonClass: 78606K(78976K)->78606K(78976K) Class: 21934K(22528K)->21934K(22528K)
[373.154s][info][gc             ] GC(544) Pause Young (Concurrent Start) (G1 Humongous Allocation) 2289M->2168M(2868M) 8.533ms
[373.154s][info][gc,cpu         ] GC(544) User=0.03s Sys=0.00s Real=0.01s
[373.154s][info][gc             ] GC(545) Concurrent Mark Cycle
[373.154s][info][gc,marking     ] GC(545) Concurrent Scan Root Regions
[373.161s][info][gc,marking     ] GC(545) Concurrent Scan Root Regions 6.360ms
[373.161s][info][gc,marking     ] GC(545) Concurrent Mark
[373.161s][info][gc,marking     ] GC(545) Concurrent Mark From Roots
[373.161s][info][gc,task        ] GC(545) Using 1 workers of 1 for marking
[373.199s][info][gc,start       ] GC(546) Pause Young (Normal) (G1 Humongous Allocation)
[373.199s][info][gc,task        ] GC(546) Using 4 workers of 4 for evacuation
[373.203s][info][gc,phases      ] GC(546)   Pre Evacuate Collection Set: 0.27ms
[373.203s][info][gc,phases      ] GC(546)   Merge Heap Roots: 0.10ms
[373.203s][info][gc,phases      ] GC(546)   Evacuate Collection Set: 2.20ms
[373.203s][info][gc,phases      ] GC(546)   Post Evacuate Collection Set: 1.19ms
[373.203s][info][gc,phases      ] GC(546)   Other: 0.05ms
[373.203s][info][gc,heap        ] GC(546) Eden regions: 38->0(85)
[373.203s][info][gc,heap        ] GC(546) Survivor regions: 30->7(20)
[373.203s][info][gc,heap        ] GC(546) Old regions: 441->520
[373.203s][info][gc,heap        ] GC(546) Humongous regions: 905->736
[373.203s][info][gc,metaspace   ] GC(546) Metaspace: 100544K(101504K)->100544K(101504K) NonClass: 78610K(78976K)->78610K(78976K) Class: 21934K(22528K)->21934K(22528K)
[373.203s][info][gc             ] GC(546) Pause Young (Normal) (G1 Humongous Allocation) (Evacuation Failure: Allocation) 2826M->2525M(2868M) 3.922ms
[373.203s][info][gc,cpu         ] GC(546) User=0.01s Sys=0.00s Real=0.00s
[373.211s][info][gc,start       ] GC(547) Pause Young (Normal) (G1 Humongous Allocation)
[373.211s][info][gc,task        ] GC(547) Using 4 workers of 4 for evacuation
[373.215s][info][gc,phases      ] GC(547)   Pre Evacuate Collection Set: 0.26ms
[373.215s][info][gc,phases      ] GC(547)   Merge Heap Roots: 0.10ms
[373.215s][info][gc,phases      ] GC(547)   Evacuate Collection Set: 2.45ms
[373.215s][info][gc,phases      ] GC(547)   Post Evacuate Collection Set: 0.45ms
[373.215s][info][gc,phases      ] GC(547)   Other: 0.05ms
[373.215s][info][gc,heap        ] GC(547) Eden regions: 9->0(86)
[373.215s][info][gc,heap        ] GC(547) Survivor regions: 7->3(12)
[373.215s][info][gc,heap        ] GC(547) Old regions: 520->487
[373.215s][info][gc,heap        ] GC(547) Humongous regions: 828->771
[373.215s][info][gc,metaspace   ] GC(547) Metaspace: 100544K(101504K)->100544K(101504K) NonClass: 78610K(78976K)->78610K(78976K) Class: 21934K(22528K)->21934K(22528K)
[373.215s][info][gc             ] GC(547) Pause Young (Normal) (G1 Humongous Allocation) 2726M->2520M(2868M) 3.425ms
[373.215s][info][gc,cpu         ] GC(547) User=0.01s Sys=0.00s Real=0.00s
[373.232s][info][gc,marking     ] GC(545) Concurrent Mark From Roots 71.404ms
[373.232s][info][gc,marking     ] GC(545) Concurrent Preclean
[373.232s][info][gc,marking     ] GC(545) Concurrent Preclean 0.134ms
[373.233s][info][gc,start       ] GC(545) Pause Remark
[373.236s][info][gc             ] GC(545) Pause Remark 2774M->2280M(2868M) 3.286ms
[373.236s][info][gc,cpu         ] GC(545) User=0.01s Sys=0.00s Real=0.01s
[373.236s][info][gc,marking     ] GC(545) Concurrent Mark 75.655ms
[373.236s][info][gc,marking     ] GC(545) Concurrent Rebuild Remembered Sets and Scrub Regions
[373.278s][info][gc,marking     ] GC(545) Concurrent Rebuild Remembered Sets and Scrub Regions 41.505ms
[373.278s][info][gc,start       ] GC(545) Pause Cleanup
[373.278s][info][gc             ] GC(545) Pause Cleanup 2363M->2363M(2868M) 0.106ms
[373.278s][info][gc,cpu         ] GC(545) User=0.00s Sys=0.00s Real=0.00s
[373.278s][info][gc,marking     ] GC(545) Concurrent Clear Claimed Marks
[373.278s][info][gc,marking     ] GC(545) Concurrent Clear Claimed Marks 0.113ms
[373.278s][info][gc,marking     ] GC(545) Concurrent Cleanup for Next Mark
[373.280s][info][gc,marking     ] GC(545) Concurrent Cleanup for Next Mark 1.365ms
[373.280s][info][gc             ] GC(545) Concurrent Mark Cycle 125.363ms
[373.373s][info][gc,start       ] GC(548) Pause Young (Prepare Mixed) (G1 Humongous Allocation)
[373.373s][info][gc,task        ] GC(548) Using 4 workers of 4 for evacuation
[373.377s][info][gc,phases      ] GC(548)   Pre Evacuate Collection Set: 0.19ms
[373.377s][info][gc,phases      ] GC(548)   Merge Heap Roots: 0.13ms
[373.377s][info][gc,phases      ] GC(548)   Evacuate Collection Set: 3.18ms
[373.377s][info][gc,phases      ] GC(548)   Post Evacuate Collection Set: 0.41ms
[373.377s][info][gc,phases      ] GC(548)   Other: 0.05ms
[373.377s][info][gc,heap        ] GC(548) Eden regions: 68->0(170)
[373.377s][info][gc,heap        ] GC(548) Survivor regions: 3->12(12)
[373.377s][info][gc,heap        ] GC(548) Old regions: 292->313
[373.377s][info][gc,heap        ] GC(548) Humongous regions: 950->772
[373.377s][info][gc,metaspace   ] GC(548) Metaspace: 100544K(101504K)->100544K(101504K) NonClass: 78610K(78976K)->78610K(78976K) Class: 21934K(22528K)->21934K(22528K)
[373.377s][info][gc             ] GC(548) Pause Young (Prepare Mixed) (G1 Humongous Allocation) 2624M->2192M(2868M) 4.061ms
[373.377s][info][gc,cpu         ] GC(548) User=0.01s Sys=0.00s Real=0.01s
[373.444s][info][gc,start       ] GC(549) Pause Young (Mixed) (G1 Humongous Allocation)
[373.444s][info][gc,task        ] GC(549) Using 4 workers of 4 for evacuation
[373.447s][info][gc,phases      ] GC(549)   Pre Evacuate Collection Set: 0.30ms
[373.447s][info][gc,phases      ] GC(549)   Merge Heap Roots: 0.04ms
[373.447s][info][gc,phases      ] GC(549)   Evacuate Collection Set: 2.16ms
[373.447s][info][gc,phases      ] GC(549)   Post Evacuate Collection Set: 0.51ms
[373.447s][info][gc,phases      ] GC(549)   Other: 0.05ms
[373.447s][info][gc,heap        ] GC(549) Eden regions: 32->0(173)
[373.447s][info][gc,heap        ] GC(549) Survivor regions: 12->23(23)
[373.447s][info][gc,heap        ] GC(549) Old regions: 313->310
[373.447s][info][gc,heap        ] GC(549) Humongous regions: 824->756
[373.447s][info][gc,metaspace   ] GC(549) Metaspace: 100544K(101504K)->100544K(101504K) NonClass: 78610K(78976K)->78610K(78976K) Class: 21934K(22528K)->21934K(22528K)
[373.447s][info][gc             ] GC(549) Pause Young (Mixed) (G1 Humongous Allocation) 2360M->2176M(2868M) 3.142ms
[373.447s][info][gc,cpu         ] GC(549) User=0.01s Sys=0.00s Real=0.01s
[373.449s][info][gc,start       ] GC(550) Pause Young (Concurrent Start) (G1 Humongous Allocation)
[373.449s][info][gc,task        ] GC(550) Using 4 workers of 4 for evacuation
[373.451s][info][gc,phases      ] GC(550)   Pre Evacuate Collection Set: 0.21ms
[373.451s][info][gc,phases      ] GC(550)   Merge Heap Roots: 0.03ms
[373.451s][info][gc,phases      ] GC(550)   Evacuate Collection Set: 1.94ms
[373.451s][info][gc,phases      ] GC(550)   Post Evacuate Collection Set: 0.35ms
[373.451s][info][gc,phases      ] GC(550)   Other: 0.04ms
[373.451s][info][gc,heap        ] GC(550) Eden regions: 2->0(175)
[373.451s][info][gc,heap        ] GC(550) Survivor regions: 23->2(25)
[373.451s][info][gc,heap        ] GC(550) Old regions: 310->334
[373.451s][info][gc,heap        ] GC(550) Humongous regions: 765->760
[373.451s][info][gc,metaspace   ] GC(550) Metaspace: 100544K(101504K)->100544K(101504K) NonClass: 78610K(78976K)->78610K(78976K) Class: 21934K(22528K)->21934K(22528K)
[373.451s][info][gc             ] GC(550) Pause Young (Concurrent Start) (G1 Humongous Allocation) 2198M->2190M(2868M) 2.663ms
[373.452s][info][gc             ] GC(551) Concurrent Mark Cycle
[373.452s][info][gc,marking     ] GC(551) Concurrent Scan Root Regions
[373.452s][info][gc,cpu         ] GC(550) User=0.01s Sys=0.00s Real=0.00s
[373.455s][info][gc,marking     ] GC(551) Concurrent Scan Root Regions 3.618ms
[373.455s][info][gc,marking     ] GC(551) Concurrent Mark
[373.455s][info][gc,marking     ] GC(551) Concurrent Mark From Roots
[373.455s][info][gc,task        ] GC(551) Using 1 workers of 1 for marking
[373.506s][info][gc,marking     ] GC(551) Concurrent Mark From Roots 50.271ms
[373.506s][info][gc,marking     ] GC(551) Concurrent Preclean
[373.506s][info][gc,marking     ] GC(551) Concurrent Preclean 0.153ms
[373.508s][info][gc,start       ] GC(551) Pause Remark
[373.512s][info][gc             ] GC(551) Pause Remark 2532M->1864M(2868M) 3.591ms
[373.512s][info][gc,cpu         ] GC(551) User=0.01s Sys=0.00s Real=0.00s
[373.515s][info][gc,marking     ] GC(551) Concurrent Mark 59.689ms
[373.515s][info][gc,marking     ] GC(551) Concurrent Rebuild Remembered Sets and Scrub Regions
[373.534s][info][gc,marking     ] GC(551) Concurrent Rebuild Remembered Sets and Scrub Regions 18.824ms
[373.534s][info][gc,start       ] GC(551) Pause Cleanup
[373.534s][info][gc             ] GC(551) Pause Cleanup 1879M->1879M(2868M) 0.083ms
[373.534s][info][gc,cpu         ] GC(551) User=0.00s Sys=0.00s Real=0.00s
[373.534s][info][gc,marking     ] GC(551) Concurrent Clear Claimed Marks
[373.534s][info][gc,marking     ] GC(551) Concurrent Clear Claimed Marks 0.101ms
[373.534s][info][gc,marking     ] GC(551) Concurrent Cleanup for Next Mark
[373.535s][info][gc,marking     ] GC(551) Concurrent Cleanup for Next Mark 1.005ms
[373.535s][info][gc             ] GC(551) Concurrent Mark Cycle 83.589ms
[374.510s][info][gc,start       ] GC(552) Pause Young (Prepare Mixed) (G1 Humongous Allocation)
[374.510s][info][gc,task        ] GC(552) Using 4 workers of 4 for evacuation
[374.513s][info][gc,phases      ] GC(552)   Pre Evacuate Collection Set: 0.19ms
[374.513s][info][gc,phases      ] GC(552)   Merge Heap Roots: 0.07ms
[374.513s][info][gc,phases      ] GC(552)   Evacuate Collection Set: 2.05ms
[374.513s][info][gc,phases      ] GC(552)   Post Evacuate Collection Set: 0.54ms
[374.513s][info][gc,phases      ] GC(552)   Other: 0.05ms
[374.513s][info][gc,heap        ] GC(552) Eden regions: 82->0(277)
[374.513s][info][gc,heap        ] GC(552) Survivor regions: 2->21(23)
[374.513s][info][gc,heap        ] GC(552) Old regions: 198->198
[374.513s][info][gc,heap        ] GC(552) Humongous regions: 1080->670
[374.513s][info][gc,metaspace   ] GC(552) Metaspace: 100545K(101504K)->100545K(101504K) NonClass: 78611K(78976K)->78611K(78976K) Class: 21934K(22528K)->21934K(22528K)
[374.513s][info][gc             ] GC(552) Pause Young (Prepare Mixed) (G1 Humongous Allocation) 2722M->1776M(2868M) 2.995ms
[374.513s][info][gc,cpu         ] GC(552) User=0.01s Sys=0.00s Real=0.00s
[375.406s][info][gc,start       ] GC(553) Pause Young (Mixed) (G1 Evacuation Pause)
[375.406s][info][gc,task        ] GC(553) Using 4 workers of 4 for evacuation
[375.417s][info][gc,phases      ] GC(553)   Pre Evacuate Collection Set: 0.15ms
[375.417s][info][gc,phases      ] GC(553)   Merge Heap Roots: 0.05ms
[375.417s][info][gc,phases      ] GC(553)   Evacuate Collection Set: 10.97ms
[375.417s][info][gc,phases      ] GC(553)   Post Evacuate Collection Set: 0.48ms
[375.417s][info][gc,phases      ] GC(553)   Other: 0.05ms
[375.417s][info][gc,heap        ] GC(553) Eden regions: 277->0(247)
[375.417s][info][gc,heap        ] GC(553) Survivor regions: 21->38(38)
[375.417s][info][gc,heap        ] GC(553) Old regions: 198->278
[375.417s][info][gc,heap        ] GC(553) Humongous regions: 790->616
[375.417s][info][gc,metaspace   ] GC(553) Metaspace: 100547K(101504K)->100547K(101504K) NonClass: 78612K(78976K)->78612K(78976K) Class: 21935K(22528K)->21935K(22528K)
[375.417s][info][gc             ] GC(553) Pause Young (Mixed) (G1 Evacuation Pause) 2570M->1863M(2868M) 11.808ms
[375.417s][info][gc,cpu         ] GC(553) User=0.04s Sys=0.00s Real=0.02s
[375.553s][info][gc,start       ] GC(554) Pause Young (Concurrent Start) (G1 Humongous Allocation)
[375.553s][info][gc,task        ] GC(554) Using 4 workers of 4 for evacuation
[375.564s][info][gc,phases      ] GC(554)   Pre Evacuate Collection Set: 0.23ms
[375.564s][info][gc,phases      ] GC(554)   Merge Heap Roots: 0.06ms
[375.564s][info][gc,phases      ] GC(554)   Evacuate Collection Set: 9.76ms
[375.564s][info][gc,phases      ] GC(554)   Post Evacuate Collection Set: 0.55ms
[375.564s][info][gc,phases      ] GC(554)   Other: 0.08ms
[375.564s][info][gc,heap        ] GC(554) Eden regions: 171->0(200)
[375.564s][info][gc,heap        ] GC(554) Survivor regions: 38->36(36)
[375.564s][info][gc,heap        ] GC(554) Old regions: 278->366
[375.564s][info][gc,heap        ] GC(554) Humongous regions: 616->616
[375.564s][info][gc,metaspace   ] GC(554) Metaspace: 100547K(101504K)->100547K(101504K) NonClass: 78612K(78976K)->78612K(78976K) Class: 21935K(22528K)->21935K(22528K)
[375.564s][info][gc             ] GC(554) Pause Young (Concurrent Start) (G1 Humongous Allocation) 2205M->2034M(2868M) 10.795ms
[375.564s][info][gc,cpu         ] GC(554) User=0.04s Sys=0.00s Real=0.01s
[375.564s][info][gc             ] GC(555) Concurrent Mark Cycle
[375.564s][info][gc,marking     ] GC(555) Concurrent Scan Root Regions
[375.572s][info][gc,marking     ] GC(555) Concurrent Scan Root Regions 8.249ms
[375.572s][info][gc,marking     ] GC(555) Concurrent Mark
[375.572s][info][gc,marking     ] GC(555) Concurrent Mark From Roots
[375.572s][info][gc,task        ] GC(555) Using 1 workers of 1 for marking
[375.614s][info][gc,start       ] GC(556) Pause Young (Normal) (G1 Humongous Allocation)
[375.614s][info][gc,task        ] GC(556) Using 4 workers of 4 for evacuation
[375.618s][info][gc,phases      ] GC(556)   Pre Evacuate Collection Set: 0.13ms
[375.618s][info][gc,phases      ] GC(556)   Merge Heap Roots: 0.05ms
[375.618s][info][gc,phases      ] GC(556)   Evacuate Collection Set: 2.36ms
[375.618s][info][gc,phases      ] GC(556)   Post Evacuate Collection Set: 1.49ms
[375.618s][info][gc,phases      ] GC(556)   Other: 0.05ms
[375.618s][info][gc,heap        ] GC(556) Eden regions: 52->0(107)
[375.618s][info][gc,heap        ] GC(556) Survivor regions: 36->5(21)
[375.618s][info][gc,heap        ] GC(556) Old regions: 366->463
[375.618s][info][gc,heap        ] GC(556) Humongous regions: 959->752
[375.618s][info][gc,metaspace   ] GC(556) Metaspace: 100548K(101504K)->100548K(101504K) NonClass: 78612K(78976K)->78612K(78976K) Class: 21935K(22528K)->21935K(22528K)
[375.618s][info][gc             ] GC(556) Pause Young (Normal) (G1 Humongous Allocation) (Evacuation Failure: Allocation) 2823M->2439M(2868M) 4.186ms
[375.618s][info][gc,cpu         ] GC(556) User=0.01s Sys=0.00s Real=0.01s
[375.636s][info][gc,marking     ] GC(555) Concurrent Mark From Roots 63.337ms
[375.636s][info][gc,marking     ] GC(555) Concurrent Preclean
[375.636s][info][gc,marking     ] GC(555) Concurrent Preclean 0.356ms
[375.637s][info][gc,start       ] GC(555) Pause Remark
[375.640s][info][gc             ] GC(555) Pause Remark 2774M->2404M(2868M) 3.261ms
[375.640s][info][gc,cpu         ] GC(555) User=0.01s Sys=0.00s Real=0.00s
[375.640s][info][gc,marking     ] GC(555) Concurrent Mark 67.975ms
[375.640s][info][gc,marking     ] GC(555) Concurrent Rebuild Remembered Sets and Scrub Regions
[375.669s][info][gc,marking     ] GC(555) Concurrent Rebuild Remembered Sets and Scrub Regions 28.352ms
[375.669s][info][gc,start       ] GC(555) Pause Cleanup
[375.669s][info][gc             ] GC(555) Pause Cleanup 2478M->2478M(2868M) 0.105ms
[375.669s][info][gc,cpu         ] GC(555) User=0.00s Sys=0.00s Real=0.00s
[375.669s][info][gc,marking     ] GC(555) Concurrent Clear Claimed Marks
[375.669s][info][gc,marking     ] GC(555) Concurrent Clear Claimed Marks 0.334ms
[375.669s][info][gc,marking     ] GC(555) Concurrent Cleanup for Next Mark
[375.671s][info][gc,marking     ] GC(555) Concurrent Cleanup for Next Mark 1.327ms
[375.671s][info][gc             ] GC(555) Concurrent Mark Cycle 106.535ms
[375.756s][info][gc,start       ] GC(557) Pause Young (Prepare Mixed) (G1 Humongous Allocation)
[375.756s][info][gc,task        ] GC(557) Using 4 workers of 4 for evacuation
[375.762s][info][gc,phases      ] GC(557)   Pre Evacuate Collection Set: 0.16ms
[375.762s][info][gc,phases      ] GC(557)   Merge Heap Roots: 0.07ms
[375.762s][info][gc,phases      ] GC(557)   Evacuate Collection Set: 4.43ms
[375.762s][info][gc,phases      ] GC(557)   Post Evacuate Collection Set: 0.65ms
[375.762s][info][gc,phases      ] GC(557)   Other: 0.05ms
[375.762s][info][gc,heap        ] GC(557) Eden regions: 63->0(180)
[375.762s][info][gc,heap        ] GC(557) Survivor regions: 5->14(14)
[375.762s][info][gc,heap        ] GC(557) Old regions: 332->305
[375.762s][info][gc,heap        ] GC(557) Humongous regions: 930->756
[375.762s][info][gc,metaspace   ] GC(557) Metaspace: 100548K(101504K)->100548K(101504K) NonClass: 78612K(78976K)->78612K(78976K) Class: 21935K(22528K)->21935K(22528K)
[375.762s][info][gc             ] GC(557) Pause Young (Prepare Mixed) (G1 Humongous Allocation) 2659M->2148M(2868M) 5.445ms
[375.762s][info][gc,cpu         ] GC(557) User=0.02s Sys=0.00s Real=0.00s
[375.894s][info][gc,start       ] GC(558) Pause Young (Mixed) (G1 Humongous Allocation)
[375.894s][info][gc,task        ] GC(558) Using 4 workers of 4 for evacuation
[375.899s][info][gc,phases      ] GC(558)   Pre Evacuate Collection Set: 0.21ms
[375.899s][info][gc,phases      ] GC(558)   Merge Heap Roots: 0.11ms
[375.899s][info][gc,phases      ] GC(558)   Evacuate Collection Set: 3.25ms
[375.899s][info][gc,phases      ] GC(558)   Post Evacuate Collection Set: 0.66ms
[375.899s][info][gc,phases      ] GC(558)   Other: 0.05ms
[375.899s][info][gc,heap        ] GC(558) Eden regions: 56->0(175)
[375.899s][info][gc,heap        ] GC(558) Survivor regions: 14->25(25)
[375.899s][info][gc,heap        ] GC(558) Old regions: 305->312
[375.899s][info][gc,heap        ] GC(558) Humongous regions: 977->747
[375.899s][info][gc,metaspace   ] GC(558) Metaspace: 100548K(101504K)->100548K(101504K) NonClass: 78612K(78976K)->78612K(78976K) Class: 21935K(22528K)->21935K(22528K)
[375.899s][info][gc             ] GC(558) Pause Young (Mixed) (G1 Humongous Allocation) 2702M->2167M(2868M) 4.376ms
[375.899s][info][gc,cpu         ] GC(558) User=0.01s Sys=0.00s Real=0.01s
[375.901s][info][gc,start       ] GC(559) Pause Young (Concurrent Start) (G1 Humongous Allocation)
[375.901s][info][gc,task        ] GC(559) Using 4 workers of 4 for evacuation
[375.904s][info][gc,phases      ] GC(559)   Pre Evacuate Collection Set: 0.33ms
[375.904s][info][gc,phases      ] GC(559)   Merge Heap Roots: 0.06ms
[375.904s][info][gc,phases      ] GC(559)   Evacuate Collection Set: 1.97ms
[375.904s][info][gc,phases      ] GC(559)   Post Evacuate Collection Set: 1.13ms
[375.904s][info][gc,phases      ] GC(559)   Other: 0.06ms
[375.904s][info][gc,heap        ] GC(559) Eden regions: 2->0(183)
[375.904s][info][gc,heap        ] GC(559) Survivor regions: 25->2(25)
[375.904s][info][gc,heap        ] GC(559) Old regions: 312->338
[375.904s][info][gc,heap        ] GC(559) Humongous regions: 756->751
[375.904s][info][gc,metaspace   ] GC(559) Metaspace: 100548K(101504K)->100548K(101504K) NonClass: 78612K(78976K)->78612K(78976K) Class: 21935K(22528K)->21935K(22528K)
[375.904s][info][gc             ] GC(559) Pause Young (Concurrent Start) (G1 Humongous Allocation) 2188M->2181M(2868M) 3.671ms
[375.904s][info][gc,cpu         ] GC(559) User=0.01s Sys=0.00s Real=0.00s
[375.904s][info][gc             ] GC(560) Concurrent Mark Cycle
[375.904s][info][gc,marking     ] GC(560) Concurrent Scan Root Regions
[375.907s][info][gc,marking     ] GC(560) Concurrent Scan Root Regions 2.899ms
[375.910s][info][gc,marking     ] GC(560) Concurrent Mark
[375.910s][info][gc,marking     ] GC(560) Concurrent Mark From Roots
[375.910s][info][gc,task        ] GC(560) Using 1 workers of 1 for marking
[375.954s][info][gc,marking     ] GC(560) Concurrent Mark From Roots 43.493ms
[375.954s][info][gc,marking     ] GC(560) Concurrent Preclean
[375.954s][info][gc,marking     ] GC(560) Concurrent Preclean 0.090ms
[375.954s][info][gc,start       ] GC(560) Pause Remark
[375.957s][info][gc             ] GC(560) Pause Remark 2202M->1634M(2868M) 2.806ms
[375.957s][info][gc,cpu         ] GC(560) User=0.01s Sys=0.00s Real=0.01s
[375.957s][info][gc,marking     ] GC(560) Concurrent Mark 46.552ms
[375.957s][info][gc,marking     ] GC(560) Concurrent Rebuild Remembered Sets and Scrub Regions
[375.976s][info][gc,marking     ] GC(560) Concurrent Rebuild Remembered Sets and Scrub Regions 19.692ms
[375.976s][info][gc,start       ] GC(560) Pause Cleanup
[375.976s][info][gc             ] GC(560) Pause Cleanup 1634M->1634M(2868M) 0.064ms
[375.976s][info][gc,cpu         ] GC(560) User=0.00s Sys=0.00s Real=0.00s
[375.976s][info][gc,marking     ] GC(560) Concurrent Clear Claimed Marks
[375.977s][info][gc,marking     ] GC(560) Concurrent Clear Claimed Marks 0.101ms
[375.977s][info][gc,marking     ] GC(560) Concurrent Cleanup for Next Mark
[375.978s][info][gc,marking     ] GC(560) Concurrent Cleanup for Next Mark 1.045ms
[375.978s][info][gc             ] GC(560) Concurrent Mark Cycle 73.249ms
[377.515s][info][gc,start       ] GC(561) Pause Young (Prepare Mixed) (G1 Humongous Allocation)
[377.515s][info][gc,task        ] GC(561) Using 4 workers of 4 for evacuation
[377.519s][info][gc,phases      ] GC(561)   Pre Evacuate Collection Set: 0.16ms
[377.520s][info][gc,phases      ] GC(561)   Merge Heap Roots: 0.10ms
[377.520s][info][gc,phases      ] GC(561)   Evacuate Collection Set: 3.57ms
[377.520s][info][gc,phases      ] GC(561)   Post Evacuate Collection Set: 0.62ms
[377.520s][info][gc,phases      ] GC(561)   Other: 0.05ms
[377.520s][info][gc,heap        ] GC(561) Eden regions: 116->0(284)
[377.520s][info][gc,heap        ] GC(561) Survivor regions: 2->24(24)
[377.520s][info][gc,heap        ] GC(561) Old regions: 243->258
[377.520s][info][gc,heap        ] GC(561) Humongous regions: 1009->636
[377.520s][info][gc,metaspace   ] GC(561) Metaspace: 100549K(101504K)->100549K(101504K) NonClass: 78613K(78976K)->78613K(78976K) Class: 21935K(22528K)->21935K(22528K)
[377.520s][info][gc             ] GC(561) Pause Young (Prepare Mixed) (G1 Humongous Allocation) 2738M->1834M(2868M) 4.599ms
[377.520s][info][gc,cpu         ] GC(561) User=0.01s Sys=0.00s Real=0.01s
[378.003s][info][gc,start       ] GC(562) Pause Young (Mixed) (G1 Evacuation Pause)
[378.003s][info][gc,task        ] GC(562) Using 4 workers of 4 for evacuation
[378.018s][info][gc,phases      ] GC(562)   Pre Evacuate Collection Set: 0.20ms
[378.018s][info][gc,phases      ] GC(562)   Merge Heap Roots: 0.07ms
[378.018s][info][gc,phases      ] GC(562)   Evacuate Collection Set: 14.18ms
[378.018s][info][gc,phases      ] GC(562)   Post Evacuate Collection Set: 0.75ms
[378.018s][info][gc,phases      ] GC(562)   Other: 0.06ms
[378.018s][info][gc,heap        ] GC(562) Eden regions: 284->0(219)
[378.018s][info][gc,heap        ] GC(562) Survivor regions: 24->39(39)
[378.018s][info][gc,heap        ] GC(562) Old regions: 258->350
[378.018s][info][gc,heap        ] GC(562) Humongous regions: 697->616
[378.018s][info][gc,metaspace   ] GC(562) Metaspace: 100549K(101504K)->100549K(101504K) NonClass: 78613K(78976K)->78613K(78976K) Class: 21935K(22528K)->21935K(22528K)
[378.018s][info][gc             ] GC(562) Pause Young (Mixed) (G1 Evacuation Pause) 2524M->2008M(2868M) 15.360ms
[378.018s][info][gc,cpu         ] GC(562) User=0.06s Sys=0.00s Real=0.02s
[378.121s][info][gc,start       ] GC(563) Pause Young (Concurrent Start) (G1 Humongous Allocation)
[378.121s][info][gc,task        ] GC(563) Using 4 workers of 4 for evacuation
[378.129s][info][gc,phases      ] GC(563)   Pre Evacuate Collection Set: 0.17ms
[378.130s][info][gc,phases      ] GC(563)   Merge Heap Roots: 0.06ms
[378.130s][info][gc,phases      ] GC(563)   Evacuate Collection Set: 7.64ms
[378.130s][info][gc,phases      ] GC(563)   Post Evacuate Collection Set: 0.55ms
[378.130s][info][gc,phases      ] GC(563)   Other: 0.05ms
[378.130s][info][gc,heap        ] GC(563) Eden regions: 125->0(180)
[378.130s][info][gc,heap        ] GC(563) Survivor regions: 39->33(33)
[378.130s][info][gc,heap        ] GC(563) Old regions: 350->418
[378.130s][info][gc,heap        ] GC(563) Humongous regions: 616->616
[378.130s][info][gc,metaspace   ] GC(563) Metaspace: 100549K(101504K)->100549K(101504K) NonClass: 78613K(78976K)->78613K(78976K) Class: 21935K(22528K)->21935K(22528K)
[378.130s][info][gc             ] GC(563) Pause Young (Concurrent Start) (G1 Humongous Allocation) 2258M->2133M(2868M) 8.884ms
[378.130s][info][gc,cpu         ] GC(563) User=0.03s Sys=0.00s Real=0.01s
[378.130s][info][gc             ] GC(564) Concurrent Mark Cycle
[378.130s][info][gc,marking     ] GC(564) Concurrent Scan Root Regions
[378.137s][info][gc,marking     ] GC(564) Concurrent Scan Root Regions 6.841ms
[378.137s][info][gc,marking     ] GC(564) Concurrent Mark
[378.137s][info][gc,marking     ] GC(564) Concurrent Mark From Roots
[378.137s][info][gc,task        ] GC(564) Using 1 workers of 1 for marking
[378.173s][info][gc,start       ] GC(565) Pause Young (Normal) (G1 Humongous Allocation)
[378.173s][info][gc,task        ] GC(565) Using 4 workers of 4 for evacuation
[378.176s][info][gc,phases      ] GC(565)   Pre Evacuate Collection Set: 0.17ms
[378.176s][info][gc,phases      ] GC(565)   Merge Heap Roots: 0.05ms
[378.176s][info][gc,phases      ] GC(565)   Evacuate Collection Set: 1.69ms
[378.176s][info][gc,phases      ] GC(565)   Post Evacuate Collection Set: 1.18ms
[378.176s][info][gc,phases      ] GC(565)   Other: 0.05ms
[378.176s][info][gc,heap        ] GC(565) Eden regions: 45->0(95)
[378.176s][info][gc,heap        ] GC(565) Survivor regions: 33->5(12)
[378.176s][info][gc,heap        ] GC(565) Old regions: 418->500
[378.176s][info][gc,heap        ] GC(565) Humongous regions: 926->740
[378.176s][info][gc,metaspace   ] GC(565) Metaspace: 100549K(101504K)->100549K(101504K) NonClass: 78613K(78976K)->78613K(78976K) Class: 21935K(22528K)->21935K(22528K)
[378.176s][info][gc             ] GC(565) Pause Young (Normal) (G1 Humongous Allocation) (Evacuation Failure: Allocation) 2843M->2489M(2868M) 3.225ms
[378.176s][info][gc,cpu         ] GC(565) User=0.01s Sys=0.00s Real=0.01s
[378.184s][info][gc,start       ] GC(566) Pause Young (Normal) (G1 Humongous Allocation)
[378.184s][info][gc,task        ] GC(566) Using 4 workers of 4 for evacuation
[378.187s][info][gc,phases      ] GC(566)   Pre Evacuate Collection Set: 0.13ms
[378.187s][info][gc,phases      ] GC(566)   Merge Heap Roots: 0.04ms
[378.187s][info][gc,phases      ] GC(566)   Evacuate Collection Set: 2.14ms
[378.187s][info][gc,phases      ] GC(566)   Post Evacuate Collection Set: 0.37ms
[378.187s][info][gc,phases      ] GC(566)   Other: 0.04ms
[378.187s][info][gc,heap        ] GC(566) Eden regions: 10->0(83)
[378.187s][info][gc,heap        ] GC(566) Survivor regions: 5->8(13)
[378.187s][info][gc,heap        ] GC(566) Old regions: 500->465
[378.187s][info][gc,heap        ] GC(566) Humongous regions: 856->797
[378.187s][info][gc,metaspace   ] GC(566) Metaspace: 100549K(101504K)->100549K(101504K) NonClass: 78613K(78976K)->78613K(78976K) Class: 21935K(22528K)->21935K(22528K)
[378.187s][info][gc             ] GC(566) Pause Young (Normal) (G1 Humongous Allocation) 2740M->2538M(2868M) 2.804ms
[378.187s][info][gc,cpu         ] GC(566) User=0.01s Sys=0.00s Real=0.01s
[378.205s][info][gc,marking     ] GC(564) Concurrent Mark From Roots 68.595ms
[378.205s][info][gc,marking     ] GC(564) Concurrent Preclean
[378.205s][info][gc,marking     ] GC(564) Concurrent Preclean 0.090ms
[378.205s][info][gc,start       ] GC(564) Pause Remark
[378.208s][info][gc             ] GC(564) Pause Remark 2759M->2285M(2868M) 2.829ms
[378.208s][info][gc,cpu         ] GC(564) User=0.01s Sys=0.00s Real=0.01s
[378.208s][info][gc,marking     ] GC(564) Concurrent Mark 71.643ms
[378.208s][info][gc,marking     ] GC(564) Concurrent Rebuild Remembered Sets and Scrub Regions
[378.234s][info][gc,marking     ] GC(564) Concurrent Rebuild Remembered Sets and Scrub Regions 25.614ms
[378.234s][info][gc,start       ] GC(564) Pause Cleanup
[378.234s][info][gc             ] GC(564) Pause Cleanup 2309M->2309M(2868M) 0.099ms
[378.234s][info][gc,cpu         ] GC(564) User=0.00s Sys=0.00s Real=0.00s
[378.234s][info][gc,marking     ] GC(564) Concurrent Clear Claimed Marks
[378.234s][info][gc,marking     ] GC(564) Concurrent Clear Claimed Marks 0.108ms
[378.234s][info][gc,marking     ] GC(564) Concurrent Cleanup for Next Mark
[378.235s][info][gc,marking     ] GC(564) Concurrent Cleanup for Next Mark 1.126ms
[378.235s][info][gc             ] GC(564) Concurrent Mark Cycle 105.575ms
[378.360s][info][gc,start       ] GC(567) Pause Young (Prepare Mixed) (G1 Evacuation Pause)
[378.360s][info][gc,task        ] GC(567) Using 4 workers of 4 for evacuation
[378.365s][info][gc,phases      ] GC(567)   Pre Evacuate Collection Set: 0.14ms
[378.365s][info][gc,phases      ] GC(567)   Merge Heap Roots: 0.11ms
[378.365s][info][gc,phases      ] GC(567)   Evacuate Collection Set: 4.06ms
[378.365s][info][gc,phases      ] GC(567)   Post Evacuate Collection Set: 0.41ms
[378.365s][info][gc,phases      ] GC(567)   Other: 0.05ms
[378.365s][info][gc,heap        ] GC(567) Eden regions: 83->0(165)
[378.365s][info][gc,heap        ] GC(567) Survivor regions: 8->12(12)
[378.365s][info][gc,heap        ] GC(567) Old regions: 282->317
[378.365s][info][gc,heap        ] GC(567) Humongous regions: 959->778
[378.365s][info][gc,metaspace   ] GC(567) Metaspace: 100549K(101504K)->100549K(101504K) NonClass: 78613K(78976K)->78613K(78976K) Class: 21935K(22528K)->21935K(22528K)
[378.365s][info][gc             ] GC(567) Pause Young (Prepare Mixed) (G1 Evacuation Pause) 2662M->2212M(2868M) 4.865ms
[378.365s][info][gc,cpu         ] GC(567) User=0.02s Sys=0.00s Real=0.00s
[378.546s][info][gc,start       ] GC(568) Pause Young (Mixed) (G1 Humongous Allocation)
[378.546s][info][gc,task        ] GC(568) Using 4 workers of 4 for evacuation
[378.549s][info][gc,phases      ] GC(568)   Pre Evacuate Collection Set: 0.13ms
[378.549s][info][gc,phases      ] GC(568)   Merge Heap Roots: 0.05ms
[378.549s][info][gc,phases      ] GC(568)   Evacuate Collection Set: 2.42ms
[378.549s][info][gc,phases      ] GC(568)   Post Evacuate Collection Set: 0.50ms
[378.549s][info][gc,phases      ] GC(568)   Other: 0.04ms
[378.549s][info][gc,heap        ] GC(568) Eden regions: 42->0(161)
[378.549s][info][gc,heap        ] GC(568) Survivor regions: 12->23(23)
[378.549s][info][gc,heap        ] GC(568) Old regions: 317->317
[378.549s][info][gc,heap        ] GC(568) Humongous regions: 971->774
[378.549s][info][gc,metaspace   ] GC(568) Metaspace: 100549K(101504K)->100549K(101504K) NonClass: 78613K(78976K)->78613K(78976K) Class: 21935K(22528K)->21935K(22528K)
[378.549s][info][gc             ] GC(568) Pause Young (Mixed) (G1 Humongous Allocation) 2681M->2227M(2868M) 3.237ms
[378.549s][info][gc,cpu         ] GC(568) User=0.01s Sys=0.00s Real=0.00s
[378.551s][info][gc,start       ] GC(569) Pause Young (Concurrent Start) (G1 Humongous Allocation)
[378.551s][info][gc,task        ] GC(569) Using 4 workers of 4 for evacuation
[378.553s][info][gc,phases      ] GC(569)   Pre Evacuate Collection Set: 0.17ms
[378.553s][info][gc,phases      ] GC(569)   Merge Heap Roots: 0.05ms
[378.553s][info][gc,phases      ] GC(569)   Evacuate Collection Set: 1.51ms
[378.553s][info][gc,phases      ] GC(569)   Post Evacuate Collection Set: 0.33ms
[378.553s][info][gc,phases      ] GC(569)   Other: 0.04ms
[378.553s][info][gc,heap        ] GC(569) Eden regions: 2->0(171)
[378.553s][info][gc,heap        ] GC(569) Survivor regions: 23->2(23)
[378.553s][info][gc,heap        ] GC(569) Old regions: 317->341
[378.553s][info][gc,heap        ] GC(569) Humongous regions: 783->778
[378.553s][info][gc,metaspace   ] GC(569) Metaspace: 100549K(101504K)->100549K(101504K) NonClass: 78613K(78976K)->78613K(78976K) Class: 21935K(22528K)->21935K(22528K)
[378.553s][info][gc             ] GC(569) Pause Young (Concurrent Start) (G1 Humongous Allocation) 2248M->2240M(2868M) 2.152ms
[378.553s][info][gc,cpu         ] GC(569) User=0.00s Sys=0.00s Real=0.00s
[378.553s][info][gc             ] GC(570) Concurrent Mark Cycle
[378.553s][info][gc,marking     ] GC(570) Concurrent Scan Root Regions
[378.555s][info][gc,marking     ] GC(570) Concurrent Scan Root Regions 2.293ms
[378.555s][info][gc,marking     ] GC(570) Concurrent Mark
[378.555s][info][gc,marking     ] GC(570) Concurrent Mark From Roots
[378.555s][info][gc,task        ] GC(570) Using 1 workers of 1 for marking
[378.595s][info][gc,marking     ] GC(570) Concurrent Mark From Roots 39.946ms
[378.595s][info][gc,marking     ] GC(570) Concurrent Preclean
[378.596s][info][gc,marking     ] GC(570) Concurrent Preclean 0.143ms
[378.596s][info][gc,start       ] GC(570) Pause Remark
[378.599s][info][gc             ] GC(570) Pause Remark 2303M->1597M(2868M) 3.458ms
[378.599s][info][gc,cpu         ] GC(570) User=0.01s Sys=0.00s Real=0.00s
[378.600s][info][gc,marking     ] GC(570) Concurrent Mark 44.157ms
[378.600s][info][gc,marking     ] GC(570) Concurrent Rebuild Remembered Sets and Scrub Regions
[378.620s][info][gc,marking     ] GC(570) Concurrent Rebuild Remembered Sets and Scrub Regions 20.299ms
[378.620s][info][gc,start       ] GC(570) Pause Cleanup
[378.620s][info][gc             ] GC(570) Pause Cleanup 1717M->1717M(2868M) 0.074ms
[378.620s][info][gc,cpu         ] GC(570) User=0.00s Sys=0.00s Real=0.00s
[378.620s][info][gc,marking     ] GC(570) Concurrent Clear Claimed Marks
[378.620s][info][gc,marking     ] GC(570) Concurrent Clear Claimed Marks 0.104ms
[378.620s][info][gc,marking     ] GC(570) Concurrent Cleanup for Next Mark
[378.621s][info][gc,marking     ] GC(570) Concurrent Cleanup for Next Mark 1.059ms
[378.621s][info][gc             ] GC(570) Concurrent Mark Cycle 68.125ms
[380.068s][info][gc,start       ] GC(571) Pause Young (Prepare Mixed) (G1 Evacuation Pause)
[380.068s][info][gc,task        ] GC(571) Using 4 workers of 4 for evacuation
[380.073s][info][gc,phases      ] GC(571)   Pre Evacuate Collection Set: 0.11ms
[380.073s][info][gc,phases      ] GC(571)   Merge Heap Roots: 0.08ms
[380.073s][info][gc,phases      ] GC(571)   Evacuate Collection Set: 4.94ms
[380.073s][info][gc,phases      ] GC(571)   Post Evacuate Collection Set: 0.49ms
[380.073s][info][gc,phases      ] GC(571)   Other: 0.05ms
[380.073s][info][gc,heap        ] GC(571) Eden regions: 171->0(299)
[380.073s][info][gc,heap        ] GC(571) Survivor regions: 2->22(22)
[380.073s][info][gc,heap        ] GC(571) Old regions: 204->240
[380.073s][info][gc,heap        ] GC(571) Humongous regions: 986->634
[380.073s][info][gc,metaspace   ] GC(571) Metaspace: 100561K(101504K)->100561K(101504K) NonClass: 78626K(78976K)->78626K(78976K) Class: 21935K(22528K)->21935K(22528K)
[380.073s][info][gc             ] GC(571) Pause Young (Prepare Mixed) (G1 Evacuation Pause) 2724M->1791M(2868M) 5.757ms
[380.073s][info][gc,cpu         ] GC(571) User=0.02s Sys=0.00s Real=0.00s
[380.405s][info][gc,start       ] GC(572) Pause Young (Mixed) (G1 Evacuation Pause)
[380.405s][info][gc,task        ] GC(572) Using 4 workers of 4 for evacuation
[380.420s][info][gc,phases      ] GC(572)   Pre Evacuate Collection Set: 0.15ms
[380.420s][info][gc,phases      ] GC(572)   Merge Heap Roots: 0.08ms
[380.420s][info][gc,phases      ] GC(572)   Evacuate Collection Set: 14.52ms
[380.420s][info][gc,phases      ] GC(572)   Post Evacuate Collection Set: 0.53ms
[380.420s][info][gc,phases      ] GC(572)   Other: 0.05ms
[380.420s][info][gc,heap        ] GC(572) Eden regions: 299->0(223)
[380.420s][info][gc,heap        ] GC(572) Survivor regions: 22->41(41)
[380.420s][info][gc,heap        ] GC(572) Old regions: 240->347
[380.420s][info][gc,heap        ] GC(572) Humongous regions: 646->607
[380.420s][info][gc,metaspace   ] GC(572) Metaspace: 100565K(101568K)->100565K(101568K) NonClass: 78630K(79040K)->78630K(79040K) Class: 21935K(22528K)->21935K(22528K)
[380.420s][info][gc             ] GC(572) Pause Young (Mixed) (G1 Evacuation Pause) 2413M->1989M(2868M) 15.440ms
[380.420s][info][gc,cpu         ] GC(572) User=0.06s Sys=0.00s Real=0.02s
[380.437s][info][gc,start       ] GC(573) Pause Young (Concurrent Start) (G1 Humongous Allocation)
[380.437s][info][gc,task        ] GC(573) Using 4 workers of 4 for evacuation
[380.442s][info][gc,phases      ] GC(573)   Pre Evacuate Collection Set: 0.18ms
[380.442s][info][gc,phases      ] GC(573)   Merge Heap Roots: 0.05ms
[380.442s][info][gc,phases      ] GC(573)   Evacuate Collection Set: 3.99ms
[380.442s][info][gc,phases      ] GC(573)   Post Evacuate Collection Set: 0.44ms
[380.442s][info][gc,phases      ] GC(573)   Other: 0.05ms
[380.442s][info][gc,heap        ] GC(573) Eden regions: 30->0(207)
[380.442s][info][gc,heap        ] GC(573) Survivor regions: 41->15(33)
[380.442s][info][gc,heap        ] GC(573) Old regions: 347->389
[380.442s][info][gc,heap        ] GC(573) Humongous regions: 607->607
[380.442s][info][gc,metaspace   ] GC(573) Metaspace: 100567K(101568K)->100567K(101568K) NonClass: 78632K(79040K)->78632K(79040K) Class: 21935K(22528K)->21935K(22528K)
[380.442s][info][gc             ] GC(573) Pause Young (Concurrent Start) (G1 Humongous Allocation) 2049M->2021M(2868M) 4.798ms
[380.442s][info][gc             ] GC(574) Concurrent Mark Cycle
[380.442s][info][gc,marking     ] GC(574) Concurrent Scan Root Regions
[380.442s][info][gc,cpu         ] GC(573) User=0.02s Sys=0.00s Real=0.00s
[380.446s][info][gc,marking     ] GC(574) Concurrent Scan Root Regions 4.519ms
[380.447s][info][gc,marking     ] GC(574) Concurrent Mark
[380.447s][info][gc,marking     ] GC(574) Concurrent Mark From Roots
[380.447s][info][gc,task        ] GC(574) Using 1 workers of 1 for marking
[380.496s][info][gc,marking     ] GC(574) Concurrent Mark From Roots 48.458ms
[380.496s][info][gc,marking     ] GC(574) Concurrent Preclean
[380.496s][info][gc,marking     ] GC(574) Concurrent Preclean 0.123ms
[380.496s][info][gc,start       ] GC(574) Pause Remark
[380.498s][info][gc             ] GC(574) Pause Remark 2407M->2041M(2868M) 2.314ms
[380.498s][info][gc,cpu         ] GC(574) User=0.01s Sys=0.00s Real=0.00s
[380.498s][info][gc,marking     ] GC(574) Concurrent Mark 51.041ms
[380.498s][info][gc,marking     ] GC(574) Concurrent Rebuild Remembered Sets and Scrub Regions
[380.528s][info][gc,start       ] GC(575) Pause Young (Normal) (G1 Humongous Allocation)
[380.528s][info][gc,task        ] GC(575) Using 4 workers of 4 for evacuation
[380.533s][info][gc,phases      ] GC(575)   Pre Evacuate Collection Set: 0.11ms
[380.533s][info][gc,phases      ] GC(575)   Merge Heap Roots: 0.06ms
[380.533s][info][gc,phases      ] GC(575)   Evacuate Collection Set: 3.45ms
[380.533s][info][gc,phases      ] GC(575)   Post Evacuate Collection Set: 1.06ms
[380.533s][info][gc,phases      ] GC(575)   Other: 0.04ms
[380.533s][info][gc,heap        ] GC(575) Eden regions: 74->0(161)
[380.533s][info][gc,heap        ] GC(575) Survivor regions: 15->26(28)
[380.533s][info][gc,heap        ] GC(575) Old regions: 251->342
[380.533s][info][gc,heap        ] GC(575) Humongous regions: 1056->739
[380.533s][info][gc,metaspace   ] GC(575) Metaspace: 100567K(101568K)->100567K(101568K) NonClass: 78632K(79040K)->78632K(79040K) Class: 21935K(22528K)->21935K(22528K)
[380.533s][info][gc             ] GC(575) Pause Young (Normal) (G1 Humongous Allocation) (Evacuation Failure: Allocation) 2791M->2213M(2868M) 4.801ms
[380.533s][info][gc,cpu         ] GC(575) User=0.02s Sys=0.00s Real=0.00s
[380.539s][info][gc,marking     ] GC(574) Concurrent Rebuild Remembered Sets and Scrub Regions 40.243ms
[380.540s][info][gc,start       ] GC(574) Pause Cleanup
[380.540s][info][gc             ] GC(574) Pause Cleanup 2326M->2326M(2868M) 0.106ms
[380.540s][info][gc,cpu         ] GC(574) User=0.00s Sys=0.00s Real=0.00s
[380.540s][info][gc,marking     ] GC(574) Concurrent Clear Claimed Marks
[380.540s][info][gc,marking     ] GC(574) Concurrent Clear Claimed Marks 0.150ms
[380.540s][info][gc,marking     ] GC(574) Concurrent Cleanup for Next Mark
[380.542s][info][gc,marking     ] GC(574) Concurrent Cleanup for Next Mark 1.624ms
[380.542s][info][gc             ] GC(574) Concurrent Mark Cycle 100.181ms
[380.719s][info][gc,start       ] GC(576) Pause Young (Prepare Mixed) (G1 Humongous Allocation)
[380.719s][info][gc,task        ] GC(576) Using 4 workers of 4 for evacuation
[380.727s][info][gc,phases      ] GC(576)   Pre Evacuate Collection Set: 0.20ms
[380.727s][info][gc,phases      ] GC(576)   Merge Heap Roots: 0.07ms
[380.727s][info][gc,phases      ] GC(576)   Evacuate Collection Set: 5.08ms
[380.727s][info][gc,phases      ] GC(576)   Post Evacuate Collection Set: 1.73ms
[380.727s][info][gc,phases      ] GC(576)   Other: 0.05ms
[380.727s][info][gc,heap        ] GC(576) Eden regions: 90->0(108)
[380.727s][info][gc,heap        ] GC(576) Survivor regions: 26->24(24)
[380.727s][info][gc,heap        ] GC(576) Old regions: 342->411
[380.727s][info][gc,heap        ] GC(576) Humongous regions: 917->783
[380.727s][info][gc,metaspace   ] GC(576) Metaspace: 100567K(101568K)->100567K(101568K) NonClass: 78632K(79040K)->78632K(79040K) Class: 21935K(22528K)->21935K(22528K)
[380.727s][info][gc             ] GC(576) Pause Young (Prepare Mixed) (G1 Humongous Allocation) (Evacuation Failure: Allocation) 2748M->2435M(2868M) 7.219ms
[380.727s][info][gc,cpu         ] GC(576) User=0.03s Sys=0.00s Real=0.01s
[380.750s][info][gc,start       ] GC(577) Pause Young (Mixed) (G1 Humongous Allocation)
[380.750s][info][gc,task        ] GC(577) Using 4 workers of 4 for evacuation
[380.754s][info][gc,phases      ] GC(577)   Pre Evacuate Collection Set: 0.15ms
[380.754s][info][gc,phases      ] GC(577)   Merge Heap Roots: 0.06ms
[380.754s][info][gc,phases      ] GC(577)   Evacuate Collection Set: 3.41ms
[380.754s][info][gc,phases      ] GC(577)   Post Evacuate Collection Set: 0.51ms
[380.754s][info][gc,phases      ] GC(577)   Other: 0.05ms
[380.754s][info][gc,heap        ] GC(577) Eden regions: 12->0(155)
[380.754s][info][gc,heap        ] GC(577) Survivor regions: 24->5(17)
[380.754s][info][gc,heap        ] GC(577) Old regions: 411->332
[380.754s][info][gc,heap        ] GC(577) Humongous regions: 913->789
[380.754s][info][gc,metaspace   ] GC(577) Metaspace: 100567K(101568K)->100567K(101568K) NonClass: 78632K(79040K)->78632K(79040K) Class: 21935K(22528K)->21935K(22528K)
[380.754s][info][gc             ] GC(577) Pause Young (Mixed) (G1 Humongous Allocation) 2719M->2251M(2868M) 4.278ms
[380.754s][info][gc,cpu         ] GC(577) User=0.02s Sys=0.00s Real=0.00s
[380.756s][info][gc,start       ] GC(578) Pause Young (Concurrent Start) (G1 Humongous Allocation)
[380.756s][info][gc,task        ] GC(578) Using 4 workers of 4 for evacuation
[380.758s][info][gc,phases      ] GC(578)   Pre Evacuate Collection Set: 0.15ms
[380.758s][info][gc,phases      ] GC(578)   Merge Heap Roots: 0.03ms
[380.758s][info][gc,phases      ] GC(578)   Evacuate Collection Set: 0.90ms
[380.758s][info][gc,phases      ] GC(578)   Post Evacuate Collection Set: 0.37ms
[380.758s][info][gc,phases      ] GC(578)   Other: 0.04ms
[380.758s][info][gc,heap        ] GC(578) Eden regions: 2->0(163)
[380.758s][info][gc,heap        ] GC(578) Survivor regions: 5->5(20)
[380.758s][info][gc,heap        ] GC(578) Old regions: 332->332
[380.758s][info][gc,heap        ] GC(578) Humongous regions: 798->787
[380.758s][info][gc,metaspace   ] GC(578) Metaspace: 100567K(101568K)->100567K(101568K) NonClass: 78632K(79040K)->78632K(79040K) Class: 21935K(22528K)->21935K(22528K)
[380.758s][info][gc             ] GC(578) Pause Young (Concurrent Start) (G1 Humongous Allocation) 2273M->2247M(2868M) 1.584ms
[380.758s][info][gc,cpu         ] GC(578) User=0.00s Sys=0.00s Real=0.00s
[380.758s][info][gc             ] GC(579) Concurrent Mark Cycle
[380.758s][info][gc,marking     ] GC(579) Concurrent Scan Root Regions
[380.760s][info][gc,marking     ] GC(579) Concurrent Scan Root Regions 1.664ms
[380.760s][info][gc,marking     ] GC(579) Concurrent Mark
[380.760s][info][gc,marking     ] GC(579) Concurrent Mark From Roots
[380.760s][info][gc,task        ] GC(579) Using 1 workers of 1 for marking
[380.801s][info][gc,marking     ] GC(579) Concurrent Mark From Roots 41.602ms
[380.804s][info][gc,marking     ] GC(579) Concurrent Preclean
[380.804s][info][gc,marking     ] GC(579) Concurrent Preclean 0.127ms
[380.804s][info][gc,start       ] GC(579) Pause Remark
[380.807s][info][gc             ] GC(579) Pause Remark 2317M->1557M(2868M) 2.766ms
[380.807s][info][gc,cpu         ] GC(579) User=0.01s Sys=0.00s Real=0.01s
[380.807s][info][gc,marking     ] GC(579) Concurrent Mark 47.608ms
[380.807s][info][gc,marking     ] GC(579) Concurrent Rebuild Remembered Sets and Scrub Regions
[380.825s][info][gc,marking     ] GC(579) Concurrent Rebuild Remembered Sets and Scrub Regions 17.302ms
[380.825s][info][gc,start       ] GC(579) Pause Cleanup
[380.825s][info][gc             ] GC(579) Pause Cleanup 1558M->1558M(2868M) 0.055ms
[380.825s][info][gc,cpu         ] GC(579) User=0.00s Sys=0.00s Real=0.00s
[380.825s][info][gc,marking     ] GC(579) Concurrent Clear Claimed Marks
[380.825s][info][gc,marking     ] GC(579) Concurrent Clear Claimed Marks 0.092ms
[380.825s][info][gc,marking     ] GC(579) Concurrent Cleanup for Next Mark
[380.826s][info][gc,marking     ] GC(579) Concurrent Cleanup for Next Mark 1.035ms
[380.826s][info][gc             ] GC(579) Concurrent Mark Cycle 67.888ms
[382.421s][info][gc,start       ] GC(580) Pause Young (Prepare Mixed) (G1 Evacuation Pause)
[382.421s][info][gc,task        ] GC(580) Using 4 workers of 4 for evacuation
[382.426s][info][gc,phases      ] GC(580)   Pre Evacuate Collection Set: 0.13ms
[382.426s][info][gc,phases      ] GC(580)   Merge Heap Roots: 0.09ms
[382.426s][info][gc,phases      ] GC(580)   Evacuate Collection Set: 4.27ms
[382.426s][info][gc,phases      ] GC(580)   Post Evacuate Collection Set: 0.52ms
[382.426s][info][gc,phases      ] GC(580)   Other: 0.05ms
[382.426s][info][gc,heap        ] GC(580) Eden regions: 163->0(308)
[382.426s][info][gc,heap        ] GC(580) Survivor regions: 5->21(21)
[382.426s][info][gc,heap        ] GC(580) Old regions: 177->206
[382.426s][info][gc,heap        ] GC(580) Humongous regions: 1038->652
[382.426s][info][gc,metaspace   ] GC(580) Metaspace: 100567K(101568K)->100567K(101568K) NonClass: 78632K(79040K)->78632K(79040K) Class: 21935K(22528K)->21935K(22528K)
[382.426s][info][gc             ] GC(580) Pause Young (Prepare Mixed) (G1 Evacuation Pause) 2765M->1757M(2868M) 5.158ms
[382.426s][info][gc,cpu         ] GC(580) User=0.02s Sys=0.00s Real=0.00s
[382.816s][info][gc,start       ] GC(581) Pause Young (Mixed) (G1 Evacuation Pause)
[382.816s][info][gc,task        ] GC(581) Using 4 workers of 4 for evacuation
[382.832s][info][gc,phases      ] GC(581)   Pre Evacuate Collection Set: 0.11ms
[382.832s][info][gc,phases      ] GC(581)   Merge Heap Roots: 0.05ms
[382.832s][info][gc,phases      ] GC(581)   Evacuate Collection Set: 14.87ms
[382.832s][info][gc,phases      ] GC(581)   Post Evacuate Collection Set: 0.50ms
[382.832s][info][gc,phases      ] GC(581)   Other: 0.06ms
[382.832s][info][gc,heap        ] GC(581) Eden regions: 308->0(250)
[382.832s][info][gc,heap        ] GC(581) Survivor regions: 21->42(42)
[382.832s][info][gc,heap        ] GC(581) Old regions: 206->322
[382.832s][info][gc,heap        ] GC(581) Humongous regions: 664->580
[382.832s][info][gc,metaspace   ] GC(581) Metaspace: 100571K(101632K)->100571K(101632K) NonClass: 78635K(79104K)->78635K(79104K) Class: 21935K(22528K)->21935K(22528K)
[382.832s][info][gc             ] GC(581) Pause Young (Mixed) (G1 Evacuation Pause) 2397M->1886M(2868M) 15.694ms
[382.832s][info][gc,cpu         ] GC(581) User=0.06s Sys=0.00s Real=0.01s
[382.867s][info][gc,start       ] GC(582) Pause Young (Concurrent Start) (G1 Humongous Allocation)
[382.867s][info][gc,task        ] GC(582) Using 4 workers of 4 for evacuation
[382.872s][info][gc,phases      ] GC(582)   Pre Evacuate Collection Set: 0.18ms
[382.872s][info][gc,phases      ] GC(582)   Merge Heap Roots: 0.05ms
[382.872s][info][gc,phases      ] GC(582)   Evacuate Collection Set: 4.72ms
[382.872s][info][gc,phases      ] GC(582)   Post Evacuate Collection Set: 0.54ms
[382.872s][info][gc,phases      ] GC(582)   Other: 0.05ms
[382.872s][info][gc,heap        ] GC(582) Eden regions: 47->0(228)
[382.872s][info][gc,heap        ] GC(582) Survivor regions: 42->24(37)
[382.872s][info][gc,heap        ] GC(582) Old regions: 322->365
[382.872s][info][gc,heap        ] GC(582) Humongous regions: 580->580
[382.872s][info][gc,metaspace   ] GC(582) Metaspace: 100571K(101632K)->100571K(101632K) NonClass: 78635K(79104K)->78635K(79104K) Class: 21935K(22528K)->21935K(22528K)
[382.872s][info][gc             ] GC(582) Pause Young (Concurrent Start) (G1 Humongous Allocation) 1980M->1936M(2868M) 5.654ms
[382.872s][info][gc,cpu         ] GC(582) User=0.02s Sys=0.00s Real=0.00s
[382.872s][info][gc             ] GC(583) Concurrent Mark Cycle
[382.872s][info][gc,marking     ] GC(583) Concurrent Scan Root Regions
[382.877s][info][gc,marking     ] GC(583) Concurrent Scan Root Regions 5.224ms
[382.877s][info][gc,marking     ] GC(583) Concurrent Mark
[382.877s][info][gc,marking     ] GC(583) Concurrent Mark From Roots
[382.877s][info][gc,task        ] GC(583) Using 1 workers of 1 for marking
[382.931s][info][gc,marking     ] GC(583) Concurrent Mark From Roots 53.505ms
[382.931s][info][gc,marking     ] GC(583) Concurrent Preclean
[382.931s][info][gc,marking     ] GC(583) Concurrent Preclean 0.397ms
[382.932s][info][gc,start       ] GC(583) Pause Remark
[382.935s][info][gc             ] GC(583) Pause Remark 2521M->2321M(2868M) 2.781ms
[382.935s][info][gc,cpu         ] GC(583) User=0.01s Sys=0.00s Real=0.00s
[382.935s][info][gc,marking     ] GC(583) Concurrent Mark 57.471ms
[382.935s][info][gc,marking     ] GC(583) Concurrent Rebuild Remembered Sets and Scrub Regions
[382.952s][info][gc,start       ] GC(584) Pause Young (Normal) (G1 Humongous Allocation)
[382.952s][info][gc,task        ] GC(584) Using 4 workers of 4 for evacuation
[382.957s][info][gc,phases      ] GC(584)   Pre Evacuate Collection Set: 0.14ms
[382.957s][info][gc,phases      ] GC(584)   Merge Heap Roots: 0.07ms
[382.957s][info][gc,phases      ] GC(584)   Evacuate Collection Set: 4.06ms
[382.957s][info][gc,phases      ] GC(584)   Post Evacuate Collection Set: 0.50ms
[382.957s][info][gc,phases      ] GC(584)   Other: 0.05ms
[382.957s][info][gc,heap        ] GC(584) Eden regions: 66->0(190)
[382.957s][info][gc,heap        ] GC(584) Survivor regions: 24->28(32)
[382.957s][info][gc,heap        ] GC(584) Old regions: 283->306
[382.957s][info][gc,heap        ] GC(584) Humongous regions: 993->712
[382.957s][info][gc,metaspace   ] GC(584) Metaspace: 100571K(101632K)->100571K(101632K) NonClass: 78635K(79104K)->78635K(79104K) Class: 21935K(22528K)->21935K(22528K)
[382.957s][info][gc             ] GC(584) Pause Young (Normal) (G1 Humongous Allocation) 2729M->2090M(2868M) 4.918ms
[382.957s][info][gc,cpu         ] GC(584) User=0.02s Sys=0.00s Real=0.01s
[382.976s][info][gc,marking     ] GC(583) Concurrent Rebuild Remembered Sets and Scrub Regions 41.213ms
[382.976s][info][gc,start       ] GC(583) Pause Cleanup
[382.976s][info][gc             ] GC(583) Pause Cleanup 2390M->2390M(2868M) 0.129ms
[382.976s][info][gc,cpu         ] GC(583) User=0.00s Sys=0.00s Real=0.00s
[382.976s][info][gc,marking     ] GC(583) Concurrent Clear Claimed Marks
[382.977s][info][gc,marking     ] GC(583) Concurrent Clear Claimed Marks 0.113ms
[382.977s][info][gc,marking     ] GC(583) Concurrent Cleanup for Next Mark
[382.978s][info][gc,marking     ] GC(583) Concurrent Cleanup for Next Mark 1.272ms
[382.978s][info][gc             ] GC(583) Concurrent Mark Cycle 105.684ms
[383.153s][info][gc,start       ] GC(585) Pause Young (Prepare Mixed) (G1 Humongous Allocation)
[383.153s][info][gc,task        ] GC(585) Using 4 workers of 4 for evacuation
[383.158s][info][gc,phases      ] GC(585)   Pre Evacuate Collection Set: 0.12ms
[383.158s][info][gc,phases      ] GC(585)   Merge Heap Roots: 0.06ms
[383.158s][info][gc,phases      ] GC(585)   Evacuate Collection Set: 3.53ms
[383.158s][info][gc,phases      ] GC(585)   Post Evacuate Collection Set: 1.34ms
[383.158s][info][gc,phases      ] GC(585)   Other: 0.05ms
[383.158s][info][gc,heap        ] GC(585) Eden regions: 90->0(99)
[383.158s][info][gc,heap        ] GC(585) Survivor regions: 28->21(28)
[383.158s][info][gc,heap        ] GC(585) Old regions: 306->437
[383.158s][info][gc,heap        ] GC(585) Humongous regions: 973->783
[383.158s][info][gc,metaspace   ] GC(585) Metaspace: 100571K(101632K)->100571K(101632K) NonClass: 78635K(79104K)->78635K(79104K) Class: 21935K(22528K)->21935K(22528K)
[383.158s][info][gc             ] GC(585) Pause Young (Prepare Mixed) (G1 Humongous Allocation) (Evacuation Failure: Allocation) 2791M->2481M(2868M) 5.185ms
[383.158s][info][gc,cpu         ] GC(585) User=0.02s Sys=0.00s Real=0.01s
[383.177s][info][gc,start       ] GC(586) Pause Young (Mixed) (G1 Humongous Allocation)
[383.177s][info][gc,task        ] GC(586) Using 4 workers of 4 for evacuation
[383.182s][info][gc,phases      ] GC(586)   Pre Evacuate Collection Set: 0.15ms
[383.182s][info][gc,phases      ] GC(586)   Merge Heap Roots: 0.05ms
[383.182s][info][gc,phases      ] GC(586)   Evacuate Collection Set: 3.86ms
[383.182s][info][gc,phases      ] GC(586)   Post Evacuate Collection Set: 0.57ms
[383.182s][info][gc,phases      ] GC(586)   Other: 0.05ms
[383.182s][info][gc,heap        ] GC(586) Eden regions: 10->0(194)
[383.182s][info][gc,heap        ] GC(586) Survivor regions: 21->5(15)
[383.182s][info][gc,heap        ] GC(586) Old regions: 437->363
[383.182s][info][gc,heap        ] GC(586) Humongous regions: 881->684
[383.182s][info][gc,metaspace   ] GC(586) Metaspace: 100571K(101632K)->100571K(101632K) NonClass: 78635K(79104K)->78635K(79104K) Class: 21935K(22528K)->21935K(22528K)
[383.182s][info][gc             ] GC(586) Pause Young (Mixed) (G1 Humongous Allocation) 2697M->2101M(2868M) 4.769ms
[383.182s][info][gc,cpu         ] GC(586) User=0.02s Sys=0.00s Real=0.00s
[383.183s][info][gc,start       ] GC(587) Pause Young (Concurrent Start) (G1 Humongous Allocation)
[383.183s][info][gc,task        ] GC(587) Using 4 workers of 4 for evacuation
[383.184s][info][gc,phases      ] GC(587)   Pre Evacuate Collection Set: 0.23ms
[383.184s][info][gc,phases      ] GC(587)   Merge Heap Roots: 0.04ms
[383.184s][info][gc,phases      ] GC(587)   Evacuate Collection Set: 0.74ms
[383.184s][info][gc,phases      ] GC(587)   Post Evacuate Collection Set: 0.26ms
[383.184s][info][gc,phases      ] GC(587)   Other: 0.04ms
[383.184s][info][gc,heap        ] GC(587) Eden regions: 2->0(207)
[383.184s][info][gc,heap        ] GC(587) Survivor regions: 5->5(25)
[383.184s][info][gc,heap        ] GC(587) Old regions: 363->363
[383.184s][info][gc,heap        ] GC(587) Humongous regions: 693->688
[383.184s][info][gc,metaspace   ] GC(587) Metaspace: 100571K(101632K)->100571K(101632K) NonClass: 78635K(79104K)->78635K(79104K) Class: 21935K(22528K)->21935K(22528K)
[383.184s][info][gc             ] GC(587) Pause Young (Concurrent Start) (G1 Humongous Allocation) 2123M->2110M(2868M) 1.385ms
[383.184s][info][gc,cpu         ] GC(587) User=0.01s Sys=0.00s Real=0.00s
[383.184s][info][gc             ] GC(588) Concurrent Mark Cycle
[383.184s][info][gc,marking     ] GC(588) Concurrent Scan Root Regions
[383.186s][info][gc,marking     ] GC(588) Concurrent Scan Root Regions 1.567ms
[383.186s][info][gc,marking     ] GC(588) Concurrent Mark
[383.186s][info][gc,marking     ] GC(588) Concurrent Mark From Roots
[383.186s][info][gc,task        ] GC(588) Using 1 workers of 1 for marking
[383.231s][info][gc,marking     ] GC(588) Concurrent Mark From Roots 44.620ms
[383.231s][info][gc,marking     ] GC(588) Concurrent Preclean
[383.231s][info][gc,marking     ] GC(588) Concurrent Preclean 0.084ms
[383.231s][info][gc,start       ] GC(588) Pause Remark
[383.233s][info][gc             ] GC(588) Pause Remark 2259M->1667M(2868M) 2.515ms
[383.233s][info][gc,cpu         ] GC(588) User=0.01s Sys=0.00s Real=0.00s
[383.233s][info][gc,marking     ] GC(588) Concurrent Mark 47.346ms
[383.233s][info][gc,marking     ] GC(588) Concurrent Rebuild Remembered Sets and Scrub Regions
[383.250s][info][gc,marking     ] GC(588) Concurrent Rebuild Remembered Sets and Scrub Regions 17.024ms
[383.250s][info][gc,start       ] GC(588) Pause Cleanup
[383.250s][info][gc             ] GC(588) Pause Cleanup 1667M->1667M(2868M) 0.058ms
[383.250s][info][gc,cpu         ] GC(588) User=0.00s Sys=0.00s Real=0.00s
[383.250s][info][gc,marking     ] GC(588) Concurrent Clear Claimed Marks
[383.251s][info][gc,marking     ] GC(588) Concurrent Clear Claimed Marks 0.095ms
[383.251s][info][gc,marking     ] GC(588) Concurrent Cleanup for Next Mark
[383.252s][info][gc,marking     ] GC(588) Concurrent Cleanup for Next Mark 1.014ms
[383.252s][info][gc             ] GC(588) Concurrent Mark Cycle 67.231ms
[384.767s][info][gc,start       ] GC(589) Pause Young (Prepare Mixed) (G1 Humongous Allocation)
[384.767s][info][gc,task        ] GC(589) Using 4 workers of 4 for evacuation
[384.771s][info][gc,phases      ] GC(589)   Pre Evacuate Collection Set: 0.13ms
[384.771s][info][gc,phases      ] GC(589)   Merge Heap Roots: 0.10ms
[384.771s][info][gc,phases      ] GC(589)   Evacuate Collection Set: 3.60ms
[384.771s][info][gc,phases      ] GC(589)   Post Evacuate Collection Set: 0.55ms
[384.771s][info][gc,phases      ] GC(589)   Other: 0.05ms
[384.771s][info][gc,heap        ] GC(589) Eden regions: 131->0(306)
[384.771s][info][gc,heap        ] GC(589) Survivor regions: 5->27(27)
[384.771s][info][gc,heap        ] GC(589) Old regions: 184->198
[384.771s][info][gc,heap        ] GC(589) Humongous regions: 1056->663
[384.771s][info][gc,metaspace   ] GC(589) Metaspace: 100574K(101632K)->100574K(101632K) NonClass: 78638K(79104K)->78638K(79104K) Class: 21935K(22528K)->21935K(22528K)
[384.771s][info][gc             ] GC(589) Pause Young (Prepare Mixed) (G1 Humongous Allocation) 2750M->1775M(2868M) 4.526ms
[384.771s][info][gc,cpu         ] GC(589) User=0.02s Sys=0.00s Real=0.00s
[385.164s][info][gc,start       ] GC(590) Pause Young (Mixed) (G1 Evacuation Pause)
[385.165s][info][gc,task        ] GC(590) Using 4 workers of 4 for evacuation
[385.180s][info][gc,phases      ] GC(590)   Pre Evacuate Collection Set: 0.14ms
[385.180s][info][gc,phases      ] GC(590)   Merge Heap Roots: 0.07ms
[385.180s][info][gc,phases      ] GC(590)   Evacuate Collection Set: 14.72ms
[385.180s][info][gc,phases      ] GC(590)   Post Evacuate Collection Set: 0.65ms
[385.180s][info][gc,phases      ] GC(590)   Other: 0.05ms
[385.180s][info][gc,heap        ] GC(590) Eden regions: 306->0(246)
[385.180s][info][gc,heap        ] GC(590) Survivor regions: 27->42(42)
[385.180s][info][gc,heap        ] GC(590) Old regions: 198->315
[385.180s][info][gc,heap        ] GC(590) Humongous regions: 698->598
[385.180s][info][gc,metaspace   ] GC(590) Metaspace: 100574K(101632K)->100574K(101632K) NonClass: 78638K(79104K)->78638K(79104K) Class: 21935K(22528K)->21935K(22528K)
[385.180s][info][gc             ] GC(590) Pause Young (Mixed) (G1 Evacuation Pause) 2457M->1908M(2868M) 15.722ms
[385.180s][info][gc,cpu         ] GC(590) User=0.05s Sys=0.00s Real=0.02s
[385.227s][info][gc,start       ] GC(591) Pause Young (Concurrent Start) (G1 Humongous Allocation)
[385.227s][info][gc,task        ] GC(591) Using 4 workers of 4 for evacuation
[385.233s][info][gc,phases      ] GC(591)   Pre Evacuate Collection Set: 0.25ms
[385.233s][info][gc,phases      ] GC(591)   Merge Heap Roots: 0.04ms
[385.233s][info][gc,phases      ] GC(591)   Evacuate Collection Set: 5.60ms
[385.233s][info][gc,phases      ] GC(591)   Post Evacuate Collection Set: 0.44ms
[385.233s][info][gc,phases      ] GC(591)   Other: 0.05ms
[385.233s][info][gc,heap        ] GC(591) Eden regions: 72->0(218)
[385.233s][info][gc,heap        ] GC(591) Survivor regions: 42->36(36)
[385.233s][info][gc,heap        ] GC(591) Old regions: 315->358
[385.233s][info][gc,heap        ] GC(591) Humongous regions: 598->598
[385.233s][info][gc,metaspace   ] GC(591) Metaspace: 100574K(101632K)->100574K(101632K) NonClass: 78638K(79104K)->78638K(79104K) Class: 21935K(22528K)->21935K(22528K)
[385.233s][info][gc             ] GC(591) Pause Young (Concurrent Start) (G1 Humongous Allocation) 2052M->1982M(2868M) 6.471ms
[385.233s][info][gc,cpu         ] GC(591) User=0.03s Sys=0.00s Real=0.00s
[385.233s][info][gc             ] GC(592) Concurrent Mark Cycle
[385.233s][info][gc,marking     ] GC(592) Concurrent Scan Root Regions
[385.239s][info][gc,marking     ] GC(592) Concurrent Scan Root Regions 5.394ms
[385.239s][info][gc,marking     ] GC(592) Concurrent Mark
[385.239s][info][gc,marking     ] GC(592) Concurrent Mark From Roots
[385.239s][info][gc,task        ] GC(592) Using 1 workers of 1 for marking
[385.287s][info][gc,marking     ] GC(592) Concurrent Mark From Roots 47.819ms
[385.287s][info][gc,marking     ] GC(592) Concurrent Preclean
[385.287s][info][gc,marking     ] GC(592) Concurrent Preclean 0.098ms
[385.287s][info][gc,start       ] GC(592) Pause Remark
[385.290s][info][gc             ] GC(592) Pause Remark 2372M->2034M(2868M) 3.300ms
[385.290s][info][gc,cpu         ] GC(592) User=0.01s Sys=0.01s Real=0.00s
[385.290s][info][gc,marking     ] GC(592) Concurrent Mark 51.617ms
[385.290s][info][gc,marking     ] GC(592) Concurrent Rebuild Remembered Sets and Scrub Regions
[385.319s][info][gc,marking     ] GC(592) Concurrent Rebuild Remembered Sets and Scrub Regions 28.679ms
[385.320s][info][gc,start       ] GC(592) Pause Cleanup
[385.320s][info][gc             ] GC(592) Pause Cleanup 2551M->2551M(2868M) 0.092ms
[385.320s][info][gc,cpu         ] GC(592) User=0.00s Sys=0.00s Real=0.00s
[385.320s][info][gc,marking     ] GC(592) Concurrent Clear Claimed Marks
[385.320s][info][gc,marking     ] GC(592) Concurrent Clear Claimed Marks 0.125ms
[385.320s][info][gc,marking     ] GC(592) Concurrent Cleanup for Next Mark
[385.321s][info][gc,marking     ] GC(592) Concurrent Cleanup for Next Mark 1.269ms
[385.322s][info][gc             ] GC(592) Concurrent Mark Cycle 88.222ms
[385.344s][info][gc,start       ] GC(593) Pause Young (Prepare Mixed) (G1 Humongous Allocation)
[385.344s][info][gc,task        ] GC(593) Using 4 workers of 4 for evacuation
[385.350s][info][gc,phases      ] GC(593)   Pre Evacuate Collection Set: 0.16ms
[385.350s][info][gc,phases      ] GC(593)   Merge Heap Roots: 0.07ms
[385.350s][info][gc,phases      ] GC(593)   Evacuate Collection Set: 4.44ms
[385.350s][info][gc,phases      ] GC(593)   Post Evacuate Collection Set: 1.61ms
[385.350s][info][gc,phases      ] GC(593)   Other: 0.04ms
[385.350s][info][gc,heap        ] GC(593) Eden regions: 96->0(160)
[385.350s][info][gc,heap        ] GC(593) Survivor regions: 36->28(32)
[385.350s][info][gc,heap        ] GC(593) Old regions: 225->367
[385.350s][info][gc,heap        ] GC(593) Humongous regions: 1027->727
[385.350s][info][gc,metaspace   ] GC(593) Metaspace: 100574K(101632K)->100574K(101632K) NonClass: 78638K(79104K)->78638K(79104K) Class: 21935K(22528K)->21935K(22528K)
[385.350s][info][gc             ] GC(593) Pause Young (Prepare Mixed) (G1 Humongous Allocation) (Evacuation Failure: Allocation) 2766M->2243M(2868M) 6.420ms
[385.350s][info][gc,cpu         ] GC(593) User=0.02s Sys=0.00s Real=0.01s
[385.496s][info][gc,start       ] GC(594) Pause Young (Mixed) (G1 Humongous Allocation)
[385.496s][info][gc,task        ] GC(594) Using 4 workers of 4 for evacuation
[385.503s][info][gc,phases      ] GC(594)   Pre Evacuate Collection Set: 0.16ms
[385.503s][info][gc,phases      ] GC(594)   Merge Heap Roots: 0.05ms
[385.503s][info][gc,phases      ] GC(594)   Evacuate Collection Set: 4.67ms
[385.503s][info][gc,phases      ] GC(594)   Post Evacuate Collection Set: 2.41ms
[385.503s][info][gc,phases      ] GC(594)   Other: 0.05ms
[385.503s][info][gc,heap        ] GC(594) Eden regions: 68->0(141)
[385.503s][info][gc,heap        ] GC(594) Survivor regions: 28->20(24)
[385.503s][info][gc,heap        ] GC(594) Old regions: 367->458
[385.503s][info][gc,heap        ] GC(594) Humongous regions: 915->684
[385.503s][info][gc,metaspace   ] GC(594) Metaspace: 100574K(101632K)->100574K(101632K) NonClass: 78638K(79104K)->78638K(79104K) Class: 21935K(22528K)->21935K(22528K)
[385.503s][info][gc             ] GC(594) Pause Young (Mixed) (G1 Humongous Allocation) (Evacuation Failure: Allocation) 2755M->2323M(2868M) 7.424ms
[385.503s][info][gc,cpu         ] GC(594) User=0.03s Sys=0.00s Real=0.00s
[385.506s][info][gc,start       ] GC(595) Pause Young (Concurrent Start) (G1 Humongous Allocation)
[385.506s][info][gc,task        ] GC(595) Using 4 workers of 4 for evacuation
[385.510s][info][gc,phases      ] GC(595)   Pre Evacuate Collection Set: 0.23ms
[385.510s][info][gc,phases      ] GC(595)   Merge Heap Roots: 0.05ms
[385.510s][info][gc,phases      ] GC(595)   Evacuate Collection Set: 3.54ms
[385.510s][info][gc,phases      ] GC(595)   Post Evacuate Collection Set: 0.46ms
[385.510s][info][gc,phases      ] GC(595)   Other: 0.05ms
[385.510s][info][gc,heap        ] GC(595) Eden regions: 5->0(207)
[385.510s][info][gc,heap        ] GC(595) Survivor regions: 20->3(21)
[385.510s][info][gc,heap        ] GC(595) Old regions: 458->326
[385.510s][info][gc,heap        ] GC(595) Humongous regions: 693->688
[385.510s][info][gc,metaspace   ] GC(595) Metaspace: 100574K(101632K)->100574K(101632K) NonClass: 78638K(79104K)->78638K(79104K) Class: 21935K(22528K)->21935K(22528K)
[385.510s][info][gc             ] GC(595) Pause Young (Concurrent Start) (G1 Humongous Allocation) 2351M->2033M(2868M) 4.450ms
[385.510s][info][gc,cpu         ] GC(595) User=0.02s Sys=0.00s Real=0.01s
[385.510s][info][gc             ] GC(596) Concurrent Mark Cycle
[385.510s][info][gc,marking     ] GC(596) Concurrent Scan Root Regions
[385.515s][info][gc,marking     ] GC(596) Concurrent Scan Root Regions 5.039ms
[385.515s][info][gc,marking     ] GC(596) Concurrent Mark
[385.515s][info][gc,marking     ] GC(596) Concurrent Mark From Roots
[385.515s][info][gc,task        ] GC(596) Using 1 workers of 1 for marking
[385.560s][info][gc,marking     ] GC(596) Concurrent Mark From Roots 45.339ms
[385.560s][info][gc,marking     ] GC(596) Concurrent Preclean
[385.561s][info][gc,marking     ] GC(596) Concurrent Preclean 0.105ms
[385.561s][info][gc,start       ] GC(596) Pause Remark
[385.563s][info][gc             ] GC(596) Pause Remark 2392M->2032M(2868M) 2.697ms
[385.563s][info][gc,cpu         ] GC(596) User=0.01s Sys=0.00s Real=0.00s
[385.563s][info][gc,marking     ] GC(596) Concurrent Mark 48.268ms
[385.563s][info][gc,marking     ] GC(596) Concurrent Rebuild Remembered Sets and Scrub Regions
[385.589s][info][gc,marking     ] GC(596) Concurrent Rebuild Remembered Sets and Scrub Regions 25.258ms
[385.589s][info][gc,start       ] GC(596) Pause Cleanup
[385.589s][info][gc             ] GC(596) Pause Cleanup 2093M->2093M(2868M) 0.100ms
[385.589s][info][gc,cpu         ] GC(596) User=0.00s Sys=0.00s Real=0.00s
[385.589s][info][gc,marking     ] GC(596) Concurrent Clear Claimed Marks
[385.589s][info][gc,marking     ] GC(596) Concurrent Clear Claimed Marks 0.131ms
[385.589s][info][gc,marking     ] GC(596) Concurrent Cleanup for Next Mark
[385.590s][info][gc,marking     ] GC(596) Concurrent Cleanup for Next Mark 1.327ms
[385.590s][info][gc             ] GC(596) Concurrent Mark Cycle 80.382ms
[386.440s][info][gc,start       ] GC(597) Pause Young (Prepare Mixed) (G1 Humongous Allocation)
[386.440s][info][gc,task        ] GC(597) Using 4 workers of 4 for evacuation
[386.445s][info][gc,phases      ] GC(597)   Pre Evacuate Collection Set: 0.16ms
[386.445s][info][gc,phases      ] GC(597)   Merge Heap Roots: 0.08ms
[386.445s][info][gc,phases      ] GC(597)   Evacuate Collection Set: 3.45ms
[386.445s][info][gc,phases      ] GC(597)   Post Evacuate Collection Set: 0.49ms
[386.445s][info][gc,phases      ] GC(597)   Other: 0.05ms
[386.445s][info][gc,heap        ] GC(597) Eden regions: 81->0(222)
[386.445s][info][gc,heap        ] GC(597) Survivor regions: 3->27(27)
[386.445s][info][gc,heap        ] GC(597) Old regions: 272->284
[386.445s][info][gc,heap        ] GC(597) Humongous regions: 1028->667
[386.445s][info][gc,metaspace   ] GC(597) Metaspace: 100579K(101632K)->100579K(101632K) NonClass: 78643K(79104K)->78643K(79104K) Class: 21935K(22528K)->21935K(22528K)
[386.445s][info][gc             ] GC(597) Pause Young (Prepare Mixed) (G1 Humongous Allocation) 2766M->1955M(2868M) 4.330ms
[386.445s][info][gc,cpu         ] GC(597) User=0.01s Sys=0.00s Real=0.00s
[387.403s][info][gc,start       ] GC(598) Pause Young (Mixed) (G1 Evacuation Pause)
[387.403s][info][gc,task        ] GC(598) Using 4 workers of 4 for evacuation
[387.413s][info][gc,phases      ] GC(598)   Pre Evacuate Collection Set: 0.17ms
[387.413s][info][gc,phases      ] GC(598)   Merge Heap Roots: 0.06ms
[387.413s][info][gc,phases      ] GC(598)   Evacuate Collection Set: 7.65ms
[387.413s][info][gc,phases      ] GC(598)   Post Evacuate Collection Set: 2.57ms
[387.413s][info][gc,phases      ] GC(598)   Other: 0.05ms
[387.413s][info][gc,heap        ] GC(598) Eden regions: 222->0(97)
[387.413s][info][gc,heap        ] GC(598) Survivor regions: 27->32(32)
[387.413s][info][gc,heap        ] GC(598) Old regions: 284->547
[387.413s][info][gc,heap        ] GC(598) Humongous regions: 819->661
[387.413s][info][gc,metaspace   ] GC(598) Metaspace: 100579K(101632K)->100579K(101632K) NonClass: 78643K(79104K)->78643K(79104K) Class: 21935K(22528K)->21935K(22528K)
[387.414s][info][gc             ] GC(598) Pause Young (Mixed) (G1 Evacuation Pause) (Evacuation Failure: Allocation) 2703M->2479M(2868M) 10.592ms
[387.414s][info][gc,cpu         ] GC(598) User=0.04s Sys=0.01s Real=0.01s
[387.504s][info][gc,start       ] GC(599) Pause Young (Concurrent Start) (G1 Evacuation Pause)
[387.504s][info][gc,task        ] GC(599) Using 4 workers of 4 for evacuation
[387.516s][info][gc,phases      ] GC(599)   Pre Evacuate Collection Set: 0.45ms
[387.516s][info][gc,phases      ] GC(599)   Merge Heap Roots: 0.09ms
[387.516s][info][gc,phases      ] GC(599)   Evacuate Collection Set: 8.20ms
[387.516s][info][gc,phases      ] GC(599)   Post Evacuate Collection Set: 3.29ms
[387.516s][info][gc,phases      ] GC(599)   Other: 0.05ms
[387.516s][info][gc,heap        ] GC(599) Eden regions: 97->0(54)
[387.516s][info][gc,heap        ] GC(599) Survivor regions: 32->17(17)
[387.516s][info][gc,heap        ] GC(599) Old regions: 547->648
[387.516s][info][gc,heap        ] GC(599) Humongous regions: 661->661
[387.516s][info][gc,metaspace   ] GC(599) Metaspace: 100580K(101632K)->100580K(101632K) NonClass: 78643K(79104K)->78643K(79104K) Class: 21936K(22528K)->21936K(22528K)
[387.516s][info][gc             ] GC(599) Pause Young (Concurrent Start) (G1 Evacuation Pause) (Evacuation Failure: Allocation) 2673M->2651M(2868M) 12.204ms
[387.516s][info][gc,cpu         ] GC(599) User=0.06s Sys=0.00s Real=0.02s
[387.516s][info][gc             ] GC(600) Concurrent Mark Cycle
[387.516s][info][gc,marking     ] GC(600) Concurrent Scan Root Regions
[387.524s][info][gc,marking     ] GC(600) Concurrent Scan Root Regions 8.002ms
[387.524s][info][gc,marking     ] GC(600) Concurrent Mark
[387.524s][info][gc,marking     ] GC(600) Concurrent Mark From Roots
[387.524s][info][gc,task        ] GC(600) Using 1 workers of 1 for marking
[387.556s][info][gc,start       ] GC(601) Pause Young (Normal) (G1 Evacuation Pause)
[387.556s][info][gc,task        ] GC(601) Using 4 workers of 4 for evacuation
[387.563s][info][gc,phases      ] GC(601)   Pre Evacuate Collection Set: 0.24ms
[387.563s][info][gc,phases      ] GC(601)   Merge Heap Roots: 0.08ms
[387.563s][info][gc,phases      ] GC(601)   Evacuate Collection Set: 4.45ms
[387.563s][info][gc,phases      ] GC(601)   Post Evacuate Collection Set: 1.87ms
[387.563s][info][gc,phases      ] GC(601)   Other: 0.05ms
[387.563s][info][gc,heap        ] GC(601) Eden regions: 54->0(102)
[387.563s][info][gc,heap        ] GC(601) Survivor regions: 17->9(9)
[387.563s][info][gc,heap        ] GC(601) Old regions: 648->558
[387.563s][info][gc,heap        ] GC(601) Humongous regions: 661->661
[387.563s][info][gc,metaspace   ] GC(601) Metaspace: 100580K(101632K)->100580K(101632K) NonClass: 78643K(79104K)->78643K(79104K) Class: 21936K(22528K)->21936K(22528K)
[387.563s][info][gc             ] GC(601) Pause Young (Normal) (G1 Evacuation Pause) (Evacuation Failure: Allocation) 2759M->2455M(2868M) 6.781ms
[387.563s][info][gc,cpu         ] GC(601) User=0.03s Sys=0.00s Real=0.00s
[387.576s][info][gc,marking     ] GC(600) Concurrent Mark From Roots 52.029ms
[387.576s][info][gc,marking     ] GC(600) Concurrent Preclean
[387.576s][info][gc,marking     ] GC(600) Concurrent Preclean 0.140ms
[387.576s][info][gc,start       ] GC(600) Pause Remark
[387.580s][info][gc             ] GC(600) Pause Remark 2495M->2033M(2868M) 3.629ms
[387.580s][info][gc,cpu         ] GC(600) User=0.01s Sys=0.00s Real=0.00s
[387.580s][info][gc,marking     ] GC(600) Concurrent Mark 55.960ms
[387.580s][info][gc,marking     ] GC(600) Concurrent Rebuild Remembered Sets and Scrub Regions
[387.609s][info][gc,marking     ] GC(600) Concurrent Rebuild Remembered Sets and Scrub Regions 28.432ms
[387.609s][info][gc,start       ] GC(600) Pause Cleanup
[387.609s][info][gc             ] GC(600) Pause Cleanup 2115M->2115M(2868M) 0.096ms
[387.609s][info][gc,cpu         ] GC(600) User=0.00s Sys=0.00s Real=0.00s
[387.609s][info][gc,marking     ] GC(600) Concurrent Clear Claimed Marks
[387.609s][info][gc,marking     ] GC(600) Concurrent Clear Claimed Marks 0.128ms
[387.609s][info][gc,marking     ] GC(600) Concurrent Cleanup for Next Mark
[387.610s][info][gc,marking     ] GC(600) Concurrent Cleanup for Next Mark 1.280ms
[387.610s][info][gc             ] GC(600) Concurrent Mark Cycle 94.099ms
[387.646s][info][gc,start       ] GC(602) Pause Young (Prepare Mixed) (G1 Evacuation Pause)
[387.646s][info][gc,task        ] GC(602) Using 4 workers of 4 for evacuation
[387.653s][info][gc,phases      ] GC(602)   Pre Evacuate Collection Set: 0.15ms
[387.653s][info][gc,phases      ] GC(602)   Merge Heap Roots: 0.08ms
[387.653s][info][gc,phases      ] GC(602)   Evacuate Collection Set: 5.70ms
[387.653s][info][gc,phases      ] GC(602)   Post Evacuate Collection Set: 0.47ms
[387.653s][info][gc,phases      ] GC(602)   Other: 0.05ms
[387.653s][info][gc,heap        ] GC(602) Eden regions: 102->0(237)
[387.653s][info][gc,heap        ] GC(602) Survivor regions: 9->14(14)
[387.653s][info][gc,heap        ] GC(602) Old regions: 426->365
[387.653s][info][gc,heap        ] GC(602) Humongous regions: 568->562
[387.653s][info][gc,metaspace   ] GC(602) Metaspace: 100580K(101632K)->100580K(101632K) NonClass: 78643K(79104K)->78643K(79104K) Class: 21936K(22528K)->21936K(22528K)
[387.653s][info][gc             ] GC(602) Pause Young (Prepare Mixed) (G1 Evacuation Pause) 2209M->1880M(2868M) 6.536ms
[387.653s][info][gc,cpu         ] GC(602) User=0.03s Sys=0.00s Real=0.00s
[387.707s][info][gc,start       ] GC(603) Pause Young (Mixed) (G1 Humongous Allocation)
[387.707s][info][gc,task        ] GC(603) Using 4 workers of 4 for evacuation
[387.710s][info][gc,phases      ] GC(603)   Pre Evacuate Collection Set: 0.11ms
[387.710s][info][gc,phases      ] GC(603)   Merge Heap Roots: 0.04ms
[387.710s][info][gc,phases      ] GC(603)   Evacuate Collection Set: 2.79ms
[387.710s][info][gc,phases      ] GC(603)   Post Evacuate Collection Set: 0.65ms
[387.710s][info][gc,phases      ] GC(603)   Other: 0.05ms
[387.710s][info][gc,heap        ] GC(603) Eden regions: 51->0(177)
[387.710s][info][gc,heap        ] GC(603) Survivor regions: 14->32(32)
[387.710s][info][gc,heap        ] GC(603) Old regions: 365->353
[387.710s][info][gc,heap        ] GC(603) Humongous regions: 938->682
[387.710s][info][gc,metaspace   ] GC(603) Metaspace: 100580K(101632K)->100580K(101632K) NonClass: 78643K(79104K)->78643K(79104K) Class: 21936K(22528K)->21936K(22528K)
[387.710s][info][gc             ] GC(603) Pause Young (Mixed) (G1 Humongous Allocation) 2734M->2133M(2868M) 3.727ms
[387.710s][info][gc,cpu         ] GC(603) User=0.01s Sys=0.00s Real=0.00s
[387.711s][info][gc,start       ] GC(604) Pause Young (Concurrent Start) (G1 Humongous Allocation)
[387.711s][info][gc,task        ] GC(604) Using 4 workers of 4 for evacuation
[387.714s][info][gc,phases      ] GC(604)   Pre Evacuate Collection Set: 0.20ms
[387.714s][info][gc,phases      ] GC(604)   Merge Heap Roots: 0.04ms
[387.714s][info][gc,phases      ] GC(604)   Evacuate Collection Set: 2.13ms
[387.714s][info][gc,phases      ] GC(604)   Post Evacuate Collection Set: 0.30ms
[387.714s][info][gc,phases      ] GC(604)   Other: 0.04ms
[387.714s][info][gc,heap        ] GC(604) Eden regions: 2->0(184)
[387.714s][info][gc,heap        ] GC(604) Survivor regions: 32->2(27)
[387.714s][info][gc,heap        ] GC(604) Old regions: 353->386
[387.714s][info][gc,heap        ] GC(604) Humongous regions: 687->684
[387.714s][info][gc,metaspace   ] GC(604) Metaspace: 100580K(101632K)->100580K(101632K) NonClass: 78643K(79104K)->78643K(79104K) Class: 21936K(22528K)->21936K(22528K)
[387.714s][info][gc             ] GC(604) Pause Young (Concurrent Start) (G1 Humongous Allocation) 2145M->2143M(2868M) 2.756ms
[387.714s][info][gc,cpu         ] GC(604) User=0.01s Sys=0.00s Real=0.00s
[387.714s][info][gc             ] GC(605) Concurrent Mark Cycle
[387.714s][info][gc,marking     ] GC(605) Concurrent Scan Root Regions
[387.717s][info][gc,marking     ] GC(605) Concurrent Scan Root Regions 3.792ms
[387.717s][info][gc,marking     ] GC(605) Concurrent Mark
[387.717s][info][gc,marking     ] GC(605) Concurrent Mark From Roots
[387.717s][info][gc,task        ] GC(605) Using 1 workers of 1 for marking
[387.769s][info][gc,marking     ] GC(605) Concurrent Mark From Roots 51.202ms
[387.769s][info][gc,marking     ] GC(605) Concurrent Preclean
[387.769s][info][gc,marking     ] GC(605) Concurrent Preclean 0.098ms
[387.769s][info][gc,start       ] GC(605) Pause Remark
[387.772s][info][gc             ] GC(605) Pause Remark 2640M->2216M(2868M) 3.489ms
[387.772s][info][gc,cpu         ] GC(605) User=0.01s Sys=0.00s Real=0.00s
[387.772s][info][gc,marking     ] GC(605) Concurrent Mark 54.923ms
[387.772s][info][gc,marking     ] GC(605) Concurrent Rebuild Remembered Sets and Scrub Regions
[387.800s][info][gc,marking     ] GC(605) Concurrent Rebuild Remembered Sets and Scrub Regions 28.068ms
[387.801s][info][gc,start       ] GC(605) Pause Cleanup
[387.801s][info][gc             ] GC(605) Pause Cleanup 2304M->2304M(2868M) 0.098ms
[387.801s][info][gc,cpu         ] GC(605) User=0.00s Sys=0.00s Real=0.00s
[387.801s][info][gc,marking     ] GC(605) Concurrent Clear Claimed Marks
[387.801s][info][gc,marking     ] GC(605) Concurrent Clear Claimed Marks 0.114ms
[387.801s][info][gc,marking     ] GC(605) Concurrent Cleanup for Next Mark
[387.802s][info][gc,marking     ] GC(605) Concurrent Cleanup for Next Mark 1.179ms
[387.802s][info][gc             ] GC(605) Concurrent Mark Cycle 88.351ms
[387.926s][info][gc,start       ] GC(606) Pause Young (Prepare Mixed) (G1 Humongous Allocation)
[387.926s][info][gc,task        ] GC(606) Using 4 workers of 4 for evacuation
[387.930s][info][gc,phases      ] GC(606)   Pre Evacuate Collection Set: 0.19ms
[387.930s][info][gc,phases      ] GC(606)   Merge Heap Roots: 0.11ms
[387.930s][info][gc,phases      ] GC(606)   Evacuate Collection Set: 3.61ms
[387.930s][info][gc,phases      ] GC(606)   Post Evacuate Collection Set: 0.57ms
[387.930s][info][gc,phases      ] GC(606)   Other: 0.05ms
[387.930s][info][gc,heap        ] GC(606) Eden regions: 90->0(204)
[387.930s][info][gc,heap        ] GC(606) Survivor regions: 2->24(24)
[387.930s][info][gc,heap        ] GC(606) Old regions: 291->308
[387.930s][info][gc,heap        ] GC(606) Humongous regions: 962->690
[387.930s][info][gc,metaspace   ] GC(606) Metaspace: 100580K(101632K)->100580K(101632K) NonClass: 78643K(79104K)->78643K(79104K) Class: 21936K(22528K)->21936K(22528K)
[387.930s][info][gc             ] GC(606) Pause Young (Prepare Mixed) (G1 Humongous Allocation) 2688M->2043M(2868M) 4.626ms
[387.930s][info][gc,cpu         ] GC(606) User=0.02s Sys=0.00s Real=0.01s
[388.597s][info][gc,start       ] GC(607) Pause Young (Mixed) (G1 Humongous Allocation)
[388.597s][info][gc,task        ] GC(607) Using 4 workers of 4 for evacuation
[388.600s][info][gc,phases      ] GC(607)   Pre Evacuate Collection Set: 0.10ms
[388.600s][info][gc,phases      ] GC(607)   Merge Heap Roots: 0.04ms
[388.600s][info][gc,phases      ] GC(607)   Evacuate Collection Set: 3.09ms
[388.600s][info][gc,phases      ] GC(607)   Post Evacuate Collection Set: 0.47ms
[388.600s][info][gc,phases      ] GC(607)   Other: 0.04ms
[388.600s][info][gc,heap        ] GC(607) Eden regions: 42->0(207)
[388.600s][info][gc,heap        ] GC(607) Survivor regions: 24->20(29)
[388.600s][info][gc,heap        ] GC(607) Old regions: 308->324
[388.600s][info][gc,heap        ] GC(607) Humongous regions: 995->670
[388.600s][info][gc,metaspace   ] GC(607) Metaspace: 100580K(101632K)->100580K(101632K) NonClass: 78643K(79104K)->78643K(79104K) Class: 21936K(22528K)->21936K(22528K)
[388.600s][info][gc             ] GC(607) Pause Young (Mixed) (G1 Humongous Allocation) 2737M->2026M(2868M) 3.810ms
[388.600s][info][gc,cpu         ] GC(607) User=0.01s Sys=0.00s Real=0.00s
[388.601s][info][gc,start       ] GC(608) Pause Young (Concurrent Start) (G1 Humongous Allocation)
[388.601s][info][gc,task        ] GC(608) Using 4 workers of 4 for evacuation
[388.603s][info][gc,phases      ] GC(608)   Pre Evacuate Collection Set: 0.14ms
[388.603s][info][gc,phases      ] GC(608)   Merge Heap Roots: 0.04ms
[388.603s][info][gc,phases      ] GC(608)   Evacuate Collection Set: 1.62ms
[388.603s][info][gc,phases      ] GC(608)   Post Evacuate Collection Set: 0.36ms
[388.603s][info][gc,phases      ] GC(608)   Other: 0.04ms
[388.603s][info][gc,heap        ] GC(608) Eden regions: 3->0(219)
[388.603s][info][gc,heap        ] GC(608) Survivor regions: 20->2(29)
[388.603s][info][gc,heap        ] GC(608) Old regions: 324->343
[388.603s][info][gc,heap        ] GC(608) Humongous regions: 676->676
[388.603s][info][gc,metaspace   ] GC(608) Metaspace: 100580K(101632K)->100580K(101632K) NonClass: 78643K(79104K)->78643K(79104K) Class: 21936K(22528K)->21936K(22528K)
[388.603s][info][gc             ] GC(608) Pause Young (Concurrent Start) (G1 Humongous Allocation) 2042M->2041M(2868M) 2.271ms
[388.603s][info][gc,cpu         ] GC(608) User=0.00s Sys=0.00s Real=0.00s
[388.603s][info][gc             ] GC(609) Concurrent Mark Cycle
[388.603s][info][gc,marking     ] GC(609) Concurrent Scan Root Regions
[388.605s][info][gc,marking     ] GC(609) Concurrent Scan Root Regions 2.157ms
[388.605s][info][gc,marking     ] GC(609) Concurrent Mark
[388.605s][info][gc,marking     ] GC(609) Concurrent Mark From Roots
[388.605s][info][gc,task        ] GC(609) Using 1 workers of 1 for marking
[388.643s][info][gc,marking     ] GC(609) Concurrent Mark From Roots 37.826ms
[388.643s][info][gc,marking     ] GC(609) Concurrent Preclean
[388.643s][info][gc,marking     ] GC(609) Concurrent Preclean 0.099ms
[388.643s][info][gc,start       ] GC(609) Pause Remark
[388.646s][info][gc             ] GC(609) Pause Remark 2065M->1475M(2868M) 2.720ms
[388.646s][info][gc,cpu         ] GC(609) User=0.01s Sys=0.00s Real=0.01s
[388.646s][info][gc,marking     ] GC(609) Concurrent Mark 40.763ms
[388.646s][info][gc,marking     ] GC(609) Concurrent Rebuild Remembered Sets and Scrub Regions
[388.665s][info][gc,marking     ] GC(609) Concurrent Rebuild Remembered Sets and Scrub Regions 19.188ms
[388.665s][info][gc,start       ] GC(609) Pause Cleanup
[388.666s][info][gc             ] GC(609) Pause Cleanup 1492M->1492M(2868M) 0.073ms
[388.666s][info][gc,cpu         ] GC(609) User=0.00s Sys=0.00s Real=0.00s
[388.666s][info][gc,marking     ] GC(609) Concurrent Clear Claimed Marks
[388.666s][info][gc,marking     ] GC(609) Concurrent Clear Claimed Marks 0.242ms
[388.666s][info][gc,marking     ] GC(609) Concurrent Cleanup for Next Mark
[388.667s][info][gc,marking     ] GC(609) Concurrent Cleanup for Next Mark 1.414ms
[388.667s][info][gc             ] GC(609) Concurrent Mark Cycle 64.053ms
[389.732s][info][gc,start       ] GC(610) Pause Young (Prepare Mixed) (G1 Evacuation Pause)
[389.732s][info][gc,task        ] GC(610) Using 4 workers of 4 for evacuation
[389.741s][info][gc,phases      ] GC(610)   Pre Evacuate Collection Set: 0.13ms
[389.741s][info][gc,phases      ] GC(610)   Merge Heap Roots: 0.07ms
[389.741s][info][gc,phases      ] GC(610)   Evacuate Collection Set: 8.35ms
[389.741s][info][gc,phases      ] GC(610)   Post Evacuate Collection Set: 0.53ms
[389.741s][info][gc,phases      ] GC(610)   Other: 0.05ms
[389.741s][info][gc,heap        ] GC(610) Eden regions: 219->0(300)
[389.741s][info][gc,heap        ] GC(610) Survivor regions: 2->28(28)
[389.741s][info][gc,heap        ] GC(610) Old regions: 156->228
[389.741s][info][gc,heap        ] GC(610) Humongous regions: 782->607
[389.741s][info][gc,metaspace   ] GC(610) Metaspace: 100606K(101632K)->100606K(101632K) NonClass: 78668K(79104K)->78668K(79104K) Class: 21937K(22528K)->21937K(22528K)
[389.741s][info][gc             ] GC(610) Pause Young (Prepare Mixed) (G1 Evacuation Pause) 2317M->1725M(2868M) 9.243ms
[389.741s][info][gc,cpu         ] GC(610) User=0.03s Sys=0.00s Real=0.01s
[390.007s][info][gc,start       ] GC(611) Pause Young (Mixed) (G1 Evacuation Pause)
[390.007s][info][gc,task        ] GC(611) Using 4 workers of 4 for evacuation
[390.022s][info][gc,phases      ] GC(611)   Pre Evacuate Collection Set: 0.23ms
[390.022s][info][gc,phases      ] GC(611)   Merge Heap Roots: 0.06ms
[390.022s][info][gc,phases      ] GC(611)   Evacuate Collection Set: 14.29ms
[390.022s][info][gc,phases      ] GC(611)   Post Evacuate Collection Set: 0.46ms
[390.022s][info][gc,phases      ] GC(611)   Other: 0.05ms
[390.022s][info][gc,heap        ] GC(611) Eden regions: 300->0(222)
[390.022s][info][gc,heap        ] GC(611) Survivor regions: 28->41(41)
[390.022s][info][gc,heap        ] GC(611) Old regions: 228->351
[390.022s][info][gc,heap        ] GC(611) Humongous regions: 619->589
[390.022s][info][gc,metaspace   ] GC(611) Metaspace: 100606K(101632K)->100606K(101632K) NonClass: 78668K(79104K)->78668K(79104K) Class: 21937K(22528K)->21937K(22528K)
[390.022s][info][gc             ] GC(611) Pause Young (Mixed) (G1 Evacuation Pause) 2349M->1961M(2868M) 15.182ms
[390.022s][info][gc,cpu         ] GC(611) User=0.06s Sys=0.00s Real=0.01s
[390.025s][info][gc,start       ] GC(612) Pause Young (Concurrent Start) (G1 Humongous Allocation)
[390.025s][info][gc,task        ] GC(612) Using 4 workers of 4 for evacuation
[390.029s][info][gc,phases      ] GC(612)   Pre Evacuate Collection Set: 0.21ms
[390.029s][info][gc,phases      ] GC(612)   Merge Heap Roots: 0.05ms
[390.029s][info][gc,phases      ] GC(612)   Evacuate Collection Set: 3.35ms
[390.029s][info][gc,phases      ] GC(612)   Post Evacuate Collection Set: 0.40ms
[390.029s][info][gc,phases      ] GC(612)   Other: 0.04ms
[390.029s][info][gc,heap        ] GC(612) Eden regions: 15->0(213)
[390.029s][info][gc,heap        ] GC(612) Survivor regions: 41->8(33)
[390.029s][info][gc,heap        ] GC(612) Old regions: 351->393
[390.029s][info][gc,heap        ] GC(612) Humongous regions: 589->589
[390.029s][info][gc,metaspace   ] GC(612) Metaspace: 100606K(101632K)->100606K(101632K) NonClass: 78668K(79104K)->78668K(79104K) Class: 21937K(22528K)->21937K(22528K)
[390.029s][info][gc             ] GC(612) Pause Young (Concurrent Start) (G1 Humongous Allocation) 1991M->1978M(2868M) 4.128ms
[390.029s][info][gc,cpu         ] GC(612) User=0.01s Sys=0.00s Real=0.01s
[390.029s][info][gc             ] GC(613) Concurrent Mark Cycle
[390.029s][info][gc,marking     ] GC(613) Concurrent Scan Root Regions
[390.033s][info][gc,marking     ] GC(613) Concurrent Scan Root Regions 4.353ms
[390.033s][info][gc,marking     ] GC(613) Concurrent Mark
[390.033s][info][gc,marking     ] GC(613) Concurrent Mark From Roots
[390.033s][info][gc,task        ] GC(613) Using 1 workers of 1 for marking
[390.072s][info][gc,start       ] GC(614) Pause Young (Normal) (G1 Humongous Allocation)
[390.072s][info][gc,task        ] GC(614) Using 4 workers of 4 for evacuation
[390.075s][info][gc,phases      ] GC(614)   Pre Evacuate Collection Set: 0.26ms
[390.075s][info][gc,phases      ] GC(614)   Merge Heap Roots: 0.06ms
[390.075s][info][gc,phases      ] GC(614)   Evacuate Collection Set: 1.10ms
[390.075s][info][gc,phases      ] GC(614)   Post Evacuate Collection Set: 0.83ms
[390.075s][info][gc,phases      ] GC(614)   Other: 0.05ms
[390.075s][info][gc,heap        ] GC(614) Eden regions: 32->0(131)
[390.075s][info][gc,heap        ] GC(614) Survivor regions: 8->6(6)
[390.075s][info][gc,heap        ] GC(614) Old regions: 393->432
[390.075s][info][gc,heap        ] GC(614) Humongous regions: 995->726
[390.075s][info][gc,metaspace   ] GC(614) Metaspace: 100606K(101632K)->100606K(101632K) NonClass: 78668K(79104K)->78668K(79104K) Class: 21937K(22528K)->21937K(22528K)
[390.075s][info][gc             ] GC(614) Pause Young (Normal) (G1 Humongous Allocation) (Evacuation Failure: Allocation) 2854M->2326M(2868M) 2.406ms
[390.075s][info][gc,cpu         ] GC(614) User=0.00s Sys=0.00s Real=0.00s
[390.100s][info][gc,marking     ] GC(613) Concurrent Mark From Roots 67.093ms
[390.100s][info][gc,marking     ] GC(613) Concurrent Preclean
[390.100s][info][gc,marking     ] GC(613) Concurrent Preclean 0.096ms
[390.100s][info][gc,start       ] GC(613) Pause Remark
[390.103s][info][gc             ] GC(613) Pause Remark 2770M->2530M(2868M) 2.486ms
[390.103s][info][gc,cpu         ] GC(613) User=0.01s Sys=0.00s Real=0.00s
[390.103s][info][gc,marking     ] GC(613) Concurrent Mark 69.837ms
[390.103s][info][gc,marking     ] GC(613) Concurrent Rebuild Remembered Sets and Scrub Regions
[390.131s][info][gc,marking     ] GC(613) Concurrent Rebuild Remembered Sets and Scrub Regions 28.399ms
[390.131s][info][gc,start       ] GC(613) Pause Cleanup
[390.132s][info][gc             ] GC(613) Pause Cleanup 2615M->2615M(2868M) 0.088ms
[390.132s][info][gc,cpu         ] GC(613) User=0.00s Sys=0.00s Real=0.00s
[390.132s][info][gc,marking     ] GC(613) Concurrent Clear Claimed Marks
[390.132s][info][gc,marking     ] GC(613) Concurrent Clear Claimed Marks 0.100ms
[390.132s][info][gc,marking     ] GC(613) Concurrent Cleanup for Next Mark
[390.133s][info][gc,marking     ] GC(613) Concurrent Cleanup for Next Mark 1.171ms
[390.133s][info][gc             ] GC(613) Concurrent Mark Cycle 104.098ms
[390.234s][info][gc,start       ] GC(615) Pause Young (Prepare Mixed) (G1 Humongous Allocation)
[390.234s][info][gc,task        ] GC(615) Using 4 workers of 4 for evacuation
[390.239s][info][gc,phases      ] GC(615)   Pre Evacuate Collection Set: 0.15ms
[390.239s][info][gc,phases      ] GC(615)   Merge Heap Roots: 0.08ms
[390.239s][info][gc,phases      ] GC(615)   Evacuate Collection Set: 4.11ms
[390.239s][info][gc,phases      ] GC(615)   Post Evacuate Collection Set: 0.71ms
[390.239s][info][gc,phases      ] GC(615)   Other: 0.05ms
[390.239s][info][gc,heap        ] GC(615) Eden regions: 66->0(151)
[390.239s][info][gc,heap        ] GC(615) Survivor regions: 6->18(18)
[390.239s][info][gc,heap        ] GC(615) Old regions: 339->330
[390.239s][info][gc,heap        ] GC(615) Humongous regions: 949->782
[390.239s][info][gc,metaspace   ] GC(615) Metaspace: 100606K(101632K)->100606K(101632K) NonClass: 78668K(79104K)->78668K(79104K) Class: 21937K(22528K)->21937K(22528K)
[390.239s][info][gc             ] GC(615) Pause Young (Prepare Mixed) (G1 Humongous Allocation) 2717M->2258M(2868M) 5.198ms
[390.239s][info][gc,cpu         ] GC(615) User=0.01s Sys=0.00s Real=0.01s
[390.308s][info][gc,start       ] GC(616) Pause Young (Mixed) (G1 Humongous Allocation)
[390.308s][info][gc,task        ] GC(616) Using 4 workers of 4 for evacuation
[390.311s][info][gc,phases      ] GC(616)   Pre Evacuate Collection Set: 0.22ms
[390.311s][info][gc,phases      ] GC(616)   Merge Heap Roots: 0.06ms
[390.311s][info][gc,phases      ] GC(616)   Evacuate Collection Set: 2.50ms
[390.311s][info][gc,phases      ] GC(616)   Post Evacuate Collection Set: 0.44ms
[390.311s][info][gc,phases      ] GC(616)   Other: 0.05ms
[390.312s][info][gc,heap        ] GC(616) Eden regions: 23->0(159)
[390.312s][info][gc,heap        ] GC(616) Survivor regions: 18->10(22)
[390.312s][info][gc,heap        ] GC(616) Old regions: 330->339
[390.312s][info][gc,heap        ] GC(616) Humongous regions: 988->765
[390.312s][info][gc,metaspace   ] GC(616) Metaspace: 100606K(101632K)->100606K(101632K) NonClass: 78668K(79104K)->78668K(79104K) Class: 21937K(22528K)->21937K(22528K)
[390.312s][info][gc             ] GC(616) Pause Young (Mixed) (G1 Humongous Allocation) 2716M->2226M(2868M) 3.364ms
[390.312s][info][gc,cpu         ] GC(616) User=0.02s Sys=0.00s Real=0.00s
[390.314s][info][gc,start       ] GC(617) Pause Young (Concurrent Start) (G1 Humongous Allocation)
[390.314s][info][gc,task        ] GC(617) Using 4 workers of 4 for evacuation
[390.315s][info][gc,phases      ] GC(617)   Pre Evacuate Collection Set: 0.15ms
[390.315s][info][gc,phases      ] GC(617)   Merge Heap Roots: 0.04ms
[390.315s][info][gc,phases      ] GC(617)   Evacuate Collection Set: 0.89ms
[390.315s][info][gc,phases      ] GC(617)   Post Evacuate Collection Set: 0.30ms
[390.315s][info][gc,phases      ] GC(617)   Other: 0.04ms
[390.315s][info][gc,heap        ] GC(617) Eden regions: 2->0(167)
[390.315s][info][gc,heap        ] GC(617) Survivor regions: 10->10(22)
[390.315s][info][gc,heap        ] GC(617) Old regions: 339->339
[390.315s][info][gc,heap        ] GC(617) Humongous regions: 774->769
[390.315s][info][gc,metaspace   ] GC(617) Metaspace: 100606K(101632K)->100606K(101632K) NonClass: 78668K(79104K)->78668K(79104K) Class: 21937K(22528K)->21937K(22528K)
[390.316s][info][gc             ] GC(617) Pause Young (Concurrent Start) (G1 Humongous Allocation) 2248M->2235M(2868M) 1.494ms
[390.316s][info][gc,cpu         ] GC(617) User=0.00s Sys=0.00s Real=0.00s
[390.316s][info][gc             ] GC(618) Concurrent Mark Cycle
[390.316s][info][gc,marking     ] GC(618) Concurrent Scan Root Regions
[390.318s][info][gc,marking     ] GC(618) Concurrent Scan Root Regions 2.031ms
[390.318s][info][gc,marking     ] GC(618) Concurrent Mark
[390.318s][info][gc,marking     ] GC(618) Concurrent Mark From Roots
[390.318s][info][gc,task        ] GC(618) Using 1 workers of 1 for marking
[390.359s][info][gc,marking     ] GC(618) Concurrent Mark From Roots 41.309ms
[390.361s][info][gc,marking     ] GC(618) Concurrent Preclean
[390.361s][info][gc,marking     ] GC(618) Concurrent Preclean 0.100ms
[390.361s][info][gc,start       ] GC(618) Pause Remark
[390.364s][info][gc             ] GC(618) Pause Remark 2255M->1525M(2868M) 2.530ms
[390.364s][info][gc,cpu         ] GC(618) User=0.01s Sys=0.00s Real=0.00s
[390.364s][info][gc,marking     ] GC(618) Concurrent Mark 46.327ms
[390.364s][info][gc,marking     ] GC(618) Concurrent Rebuild Remembered Sets and Scrub Regions
[390.383s][info][gc,marking     ] GC(618) Concurrent Rebuild Remembered Sets and Scrub Regions 19.397ms
[390.383s][info][gc,start       ] GC(618) Pause Cleanup
[390.383s][info][gc             ] GC(618) Pause Cleanup 1527M->1527M(2868M) 0.065ms
[390.383s][info][gc,cpu         ] GC(618) User=0.00s Sys=0.00s Real=0.00s
[390.384s][info][gc,marking     ] GC(618) Concurrent Clear Claimed Marks
[390.384s][info][gc,marking     ] GC(618) Concurrent Clear Claimed Marks 0.108ms
[390.384s][info][gc,marking     ] GC(618) Concurrent Cleanup for Next Mark
[390.385s][info][gc,marking     ] GC(618) Concurrent Cleanup for Next Mark 1.116ms
[390.385s][info][gc             ] GC(618) Concurrent Mark Cycle 69.196ms
[392.011s][info][gc,start       ] GC(619) Pause Young (Prepare Mixed) (G1 Evacuation Pause)
[392.011s][info][gc,task        ] GC(619) Using 4 workers of 4 for evacuation
[392.017s][info][gc,phases      ] GC(619)   Pre Evacuate Collection Set: 0.13ms
[392.017s][info][gc,phases      ] GC(619)   Merge Heap Roots: 0.06ms
[392.017s][info][gc,phases      ] GC(619)   Evacuate Collection Set: 5.23ms
[392.017s][info][gc,phases      ] GC(619)   Post Evacuate Collection Set: 0.52ms
[392.017s][info][gc,phases      ] GC(619)   Other: 0.05ms
[392.017s][info][gc,heap        ] GC(619) Eden regions: 167->0(316)
[392.017s][info][gc,heap        ] GC(619) Survivor regions: 10->23(23)
[392.017s][info][gc,heap        ] GC(619) Old regions: 181->220
[392.017s][info][gc,heap        ] GC(619) Humongous regions: 996->621
[392.017s][info][gc,metaspace   ] GC(619) Metaspace: 100607K(101632K)->100607K(101632K) NonClass: 78670K(79104K)->78670K(79104K) Class: 21937K(22528K)->21937K(22528K)
[392.017s][info][gc             ] GC(619) Pause Young (Prepare Mixed) (G1 Evacuation Pause) 2707M->1726M(2868M) 6.078ms
[392.017s][info][gc,cpu         ] GC(619) User=0.02s Sys=0.00s Real=0.01s
[392.437s][info][gc,start       ] GC(620) Pause Young (Mixed) (G1 Evacuation Pause)
[392.437s][info][gc,task        ] GC(620) Using 4 workers of 4 for evacuation
[392.447s][info][gc,phases      ] GC(620)   Pre Evacuate Collection Set: 0.23ms
[392.447s][info][gc,phases      ] GC(620)   Merge Heap Roots: 0.09ms
[392.447s][info][gc,phases      ] GC(620)   Evacuate Collection Set: 3.64ms
[392.447s][info][gc,phases      ] GC(620)   Post Evacuate Collection Set: 6.27ms
[392.447s][info][gc,phases      ] GC(620)   Other: 0.06ms
[392.447s][info][gc,heap        ] GC(620) Eden regions: 310->0(165)
[392.447s][info][gc,heap        ] GC(620) Survivor regions: 23->0(0)
[392.447s][info][gc,heap        ] GC(620) Old regions: 220->550
[392.447s][info][gc,heap        ] GC(620) Humongous regions: 881->598
[392.447s][info][gc,metaspace   ] GC(620) Metaspace: 100609K(101632K)->100609K(101632K) NonClass: 78671K(79104K)->78671K(79104K) Class: 21937K(22528K)->21937K(22528K)
[392.447s][info][gc             ] GC(620) Pause Young (Mixed) (G1 Evacuation Pause) (Evacuation Failure: Allocation) 2866M->2295M(2868M) 10.393ms
[392.447s][info][gc,cpu         ] GC(620) User=0.04s Sys=0.01s Real=0.01s
[392.458s][info][gc,start       ] GC(621) Pause Young (Concurrent Start) (G1 Humongous Allocation)
[392.458s][info][gc,task        ] GC(621) Using 4 workers of 4 for evacuation
[392.475s][info][gc,phases      ] GC(621)   Pre Evacuate Collection Set: 0.73ms
[392.475s][info][gc,phases      ] GC(621)   Merge Heap Roots: 0.21ms
[392.475s][info][gc,phases      ] GC(621)   Evacuate Collection Set: 15.36ms
[392.475s][info][gc,phases      ] GC(621)   Post Evacuate Collection Set: 1.14ms
[392.475s][info][gc,phases      ] GC(621)   Other: 0.10ms
[392.475s][info][gc,heap        ] GC(621) Eden regions: 17->0(248)
[392.475s][info][gc,heap        ] GC(621) Survivor regions: 0->9(21)
[392.475s][info][gc,heap        ] GC(621) Old regions: 550->363
[392.475s][info][gc,heap        ] GC(621) Humongous regions: 598->598
[392.475s][info][gc,metaspace   ] GC(621) Metaspace: 100609K(101632K)->100609K(101632K) NonClass: 78671K(79104K)->78671K(79104K) Class: 21937K(22528K)->21937K(22528K)
[392.475s][info][gc             ] GC(621) Pause Young (Concurrent Start) (G1 Humongous Allocation) 2329M->1937M(2868M) 17.675ms
[392.475s][info][gc,cpu         ] GC(621) User=0.06s Sys=0.00s Real=0.01s
[392.475s][info][gc             ] GC(622) Concurrent Mark Cycle
[392.475s][info][gc,marking     ] GC(622) Concurrent Scan Root Regions
[392.489s][info][gc,marking     ] GC(622) Concurrent Scan Root Regions 13.505ms
[392.490s][info][gc,marking     ] GC(622) Concurrent Mark
[392.490s][info][gc,marking     ] GC(622) Concurrent Mark From Roots
[392.490s][info][gc,task        ] GC(622) Using 1 workers of 1 for marking
[392.549s][info][gc,marking     ] GC(622) Concurrent Mark From Roots 58.917ms
[392.549s][info][gc,marking     ] GC(622) Concurrent Preclean
[392.549s][info][gc,marking     ] GC(622) Concurrent Preclean 0.129ms
[392.550s][info][gc,start       ] GC(622) Pause Remark
[392.556s][info][gc             ] GC(622) Pause Remark 2593M->2177M(2868M) 6.108ms
[392.557s][info][gc,cpu         ] GC(622) User=0.02s Sys=0.00s Real=0.01s
[392.557s][info][gc,marking     ] GC(622) Concurrent Mark 66.999ms
[392.557s][info][gc,marking     ] GC(622) Concurrent Rebuild Remembered Sets and Scrub Regions
[392.588s][info][gc,marking     ] GC(622) Concurrent Rebuild Remembered Sets and Scrub Regions 31.680ms
[392.589s][info][gc,start       ] GC(622) Pause Cleanup
[392.589s][info][gc             ] GC(622) Pause Cleanup 2515M->2515M(2868M) 0.105ms
[392.589s][info][gc,cpu         ] GC(622) User=0.00s Sys=0.00s Real=0.00s
[392.589s][info][gc,marking     ] GC(622) Concurrent Clear Claimed Marks
[392.589s][info][gc,marking     ] GC(622) Concurrent Clear Claimed Marks 0.161ms
[392.589s][info][gc,marking     ] GC(622) Concurrent Cleanup for Next Mark
[392.590s][info][gc,marking     ] GC(622) Concurrent Cleanup for Next Mark 1.472ms
[392.590s][info][gc             ] GC(622) Concurrent Mark Cycle 114.990ms
[392.823s][info][gc,start       ] GC(623) Pause Young (Prepare Mixed) (G1 Humongous Allocation)
[392.823s][info][gc,task        ] GC(623) Using 4 workers of 4 for evacuation
[392.830s][info][gc,phases      ] GC(623)   Pre Evacuate Collection Set: 0.17ms
[392.830s][info][gc,phases      ] GC(623)   Merge Heap Roots: 0.09ms
[392.830s][info][gc,phases      ] GC(623)   Evacuate Collection Set: 4.10ms
[392.830s][info][gc,phases      ] GC(623)   Post Evacuate Collection Set: 1.78ms
[392.830s][info][gc,phases      ] GC(623)   Other: 0.08ms
[392.830s][info][gc,heap        ] GC(623) Eden regions: 95->0(204)
[392.830s][info][gc,heap        ] GC(623) Survivor regions: 9->33(33)
[392.830s][info][gc,heap        ] GC(623) Old regions: 251->313
[392.830s][info][gc,heap        ] GC(623) Humongous regions: 1034->685
[392.830s][info][gc,metaspace   ] GC(623) Metaspace: 100609K(101632K)->100609K(101632K) NonClass: 78671K(79104K)->78671K(79104K) Class: 21937K(22528K)->21937K(22528K)
[392.830s][info][gc             ] GC(623) Pause Young (Prepare Mixed) (G1 Humongous Allocation) (Evacuation Failure: Allocation) 2774M->2061M(2868M) 6.397ms
[392.830s][info][gc,cpu         ] GC(623) User=0.02s Sys=0.00s Real=0.01s
[393.480s][info][gc,start       ] GC(624) Pause Young (Mixed) (G1 Humongous Allocation)
[393.480s][info][gc,task        ] GC(624) Using 4 workers of 4 for evacuation
[393.484s][info][gc,phases      ] GC(624)   Pre Evacuate Collection Set: 0.23ms
[393.484s][info][gc,phases      ] GC(624)   Merge Heap Roots: 0.05ms
[393.484s][info][gc,phases      ] GC(624)   Evacuate Collection Set: 3.59ms
[393.484s][info][gc,phases      ] GC(624)   Post Evacuate Collection Set: 0.61ms
[393.484s][info][gc,phases      ] GC(624)   Other: 0.05ms
[393.484s][info][gc,heap        ] GC(624) Eden regions: 45->0(244)
[393.484s][info][gc,heap        ] GC(624) Survivor regions: 33->15(30)
[393.484s][info][gc,heap        ] GC(624) Old regions: 313->302
[393.484s][info][gc,heap        ] GC(624) Humongous regions: 998->639
[393.484s][info][gc,metaspace   ] GC(624) Metaspace: 100609K(101632K)->100609K(101632K) NonClass: 78672K(79104K)->78672K(79104K) Class: 21937K(22528K)->21937K(22528K)
[393.484s][info][gc             ] GC(624) Pause Young (Mixed) (G1 Humongous Allocation) (Evacuation Failure: Allocation) 2777M->1911M(2868M) 4.622ms
[393.485s][info][gc,cpu         ] GC(624) User=0.01s Sys=0.00s Real=0.00s
[393.486s][info][gc,start       ] GC(625) Pause Young (Concurrent Start) (G1 Humongous Allocation)
[393.486s][info][gc,task        ] GC(625) Using 4 workers of 4 for evacuation
[393.487s][info][gc,phases      ] GC(625)   Pre Evacuate Collection Set: 0.16ms
[393.487s][info][gc,phases      ] GC(625)   Merge Heap Roots: 0.03ms
[393.487s][info][gc,phases      ] GC(625)   Evacuate Collection Set: 1.16ms
[393.487s][info][gc,phases      ] GC(625)   Post Evacuate Collection Set: 0.30ms
[393.487s][info][gc,phases      ] GC(625)   Other: 0.04ms
[393.487s][info][gc,heap        ] GC(625) Eden regions: 2->0(274)
[393.487s][info][gc,heap        ] GC(625) Survivor regions: 15->12(33)
[393.487s][info][gc,heap        ] GC(625) Old regions: 302->292
[393.487s][info][gc,heap        ] GC(625) Humongous regions: 644->638
[393.487s][info][gc,metaspace   ] GC(625) Metaspace: 100609K(101632K)->100609K(101632K) NonClass: 78672K(79104K)->78672K(79104K) Class: 21937K(22528K)->21937K(22528K)
[393.487s][info][gc             ] GC(625) Pause Young (Concurrent Start) (G1 Humongous Allocation) 1925M->1883M(2868M) 1.749ms
[393.487s][info][gc,cpu         ] GC(625) User=0.01s Sys=0.00s Real=0.01s
[393.487s][info][gc             ] GC(626) Concurrent Mark Cycle
[393.487s][info][gc,marking     ] GC(626) Concurrent Scan Root Regions
[393.490s][info][gc,marking     ] GC(626) Concurrent Scan Root Regions 2.197ms
[393.490s][info][gc,marking     ] GC(626) Concurrent Mark
[393.490s][info][gc,marking     ] GC(626) Concurrent Mark From Roots
[393.490s][info][gc,task        ] GC(626) Using 1 workers of 1 for marking
[393.527s][info][gc,marking     ] GC(626) Concurrent Mark From Roots 37.765ms
[393.527s][info][gc,marking     ] GC(626) Concurrent Preclean
[393.528s][info][gc,marking     ] GC(626) Concurrent Preclean 0.090ms
[393.528s][info][gc,start       ] GC(626) Pause Remark
[393.530s][info][gc             ] GC(626) Pause Remark 1925M->1319M(2868M) 2.283ms
[393.530s][info][gc,cpu         ] GC(626) User=0.00s Sys=0.00s Real=0.00s
[393.530s][info][gc,marking     ] GC(626) Concurrent Mark 40.251ms
[393.530s][info][gc,marking     ] GC(626) Concurrent Rebuild Remembered Sets and Scrub Regions
[393.549s][info][gc,marking     ] GC(626) Concurrent Rebuild Remembered Sets and Scrub Regions 19.463ms
[393.549s][info][gc,start       ] GC(626) Pause Cleanup
[393.550s][info][gc             ] GC(626) Pause Cleanup 1367M->1367M(2868M) 0.082ms
[393.550s][info][gc,cpu         ] GC(626) User=0.00s Sys=0.00s Real=0.00s
[393.550s][info][gc,marking     ] GC(626) Concurrent Clear Claimed Marks
[393.550s][info][gc,marking     ] GC(626) Concurrent Clear Claimed Marks 0.112ms
[393.550s][info][gc,marking     ] GC(626) Concurrent Cleanup for Next Mark
[393.551s][info][gc,marking     ] GC(626) Concurrent Cleanup for Next Mark 1.294ms
[393.551s][info][gc             ] GC(626) Concurrent Mark Cycle 63.910ms
[394.660s][info][gc,start       ] GC(627) Pause Young (Prepare Mixed) (G1 Humongous Allocation)
[394.660s][info][gc,task        ] GC(627) Using 4 workers of 4 for evacuation
[394.662s][info][gc,phases      ] GC(627)   Pre Evacuate Collection Set: 0.14ms
[394.662s][info][gc,phases      ] GC(627)   Merge Heap Roots: 0.09ms
[394.662s][info][gc,phases      ] GC(627)   Evacuate Collection Set: 1.19ms
[394.662s][info][gc,phases      ] GC(627)   Post Evacuate Collection Set: 0.60ms
[394.662s][info][gc,phases      ] GC(627)   Other: 0.06ms
[394.662s][info][gc,heap        ] GC(627) Eden regions: 241->0(449)
[394.662s][info][gc,heap        ] GC(627) Survivor regions: 12->13(23)
[394.662s][info][gc,heap        ] GC(627) Old regions: 173->173
[394.662s][info][gc,heap        ] GC(627) Humongous regions: 985->513
[394.662s][info][gc,metaspace   ] GC(627) Metaspace: 100611K(101632K)->100611K(101632K) NonClass: 78673K(79104K)->78673K(79104K) Class: 21937K(22528K)->21937K(22528K)
[394.662s][info][gc             ] GC(627) Pause Young (Prepare Mixed) (G1 Humongous Allocation) 2821M->1397M(2868M) 2.169ms
[394.662s][info][gc,cpu         ] GC(627) User=0.01s Sys=0.00s Real=0.00s
